size_bytes	age_days	path
8196	0.04	/Users/lordjef/Desktop/abraxasos/.DS_Store
8196	0.04	/Users/lordjef/Desktop/abraxasos/VAV_CONTINUITY_HUB/.DS_Store
6536512	0.04	/Users/lordjef/Desktop/abraxasos/VAV_CONTINUITY_HUB/CHAT_PRO_UPLOADS/VAV_CHAT_PRO_HANDOFF_LIVE_20260828_121921.zip
3005553	0.04	/Users/lordjef/Desktop/abraxasos/VAV_CONTINUITY_HUB/CHAT_PRO_UPLOADS/VAV_CHAT_PRO_HANDOFF_LIVE_20260828_121921/01_LIVE_REPO/VAV_LIVE_REPO_HANDOFF_20260828_121918.zip
2986118	0.04	/Users/lordjef/Desktop/abraxasos/VAV_CONTINUITY_HUB/CHAT_PRO_UPLOADS/VAV_CHAT_PRO_HANDOFF_LIVE_20260828_121921/02_STATIC_CORE/VAV_ECOSYSTEM_COMBINED_PRO_CHAT_CORE_V1.zip
653265	0.04	/Users/lordjef/Desktop/abraxasos/VAV_CONTINUITY_HUB/CHAT_PRO_UPLOADS/VAV_CHAT_PRO_HANDOFF_LIVE_20260828_121921/02_STATIC_CORE/VAVMOTIONS_STANDALONE_ANY_CHAT_CORE_V1.zip
5937374	0.04	/Users/lordjef/Desktop/abraxasos/VAV_CONTINUITY_HUB/LIVE_HANDOFFS.zip
184	0.04	/Users/lordjef/Desktop/abraxasos/VAV_CONTINUITY_HUB/LIVE_HANDOFFS/LATEST_LIVE_HANDOFF.txt
3005553	0.04	/Users/lordjef/Desktop/abraxasos/VAV_CONTINUITY_HUB/LIVE_HANDOFFS/VAV_LIVE_REPO_HANDOFF_20260828_121918.zip
339	0.04	/Users/lordjef/Desktop/abraxasos/VAV_CONTINUITY_HUB/LIVE_HANDOFFS/VAV_LIVE_REPO_HANDOFF_20260828_121918/00_READ_ME_FIRST.txt
299	0.78	/Users/lordjef/Desktop/abraxasos/VAV_CONTINUITY_HUB/LIVE_HANDOFFS/VAV_LIVE_REPO_HANDOFF_20260828_121918/repo/apps/captions-desktop/index.html
1142	0.00	/Users/lordjef/Desktop/abraxasos/VAV_CONTINUITY_HUB/LIVE_HANDOFFS/VAV_LIVE_REPO_HANDOFF_20260828_121918/repo/apps/captions-desktop/package.json
1263	0.74	/Users/lordjef/Desktop/abraxasos/VAV_CONTINUITY_HUB/LIVE_HANDOFFS/VAV_LIVE_REPO_HANDOFF_20260828_121918/repo/apps/captions-desktop/src/CaptionDocumentPanel.tsx
303	0.78	/Users/lordjef/Desktop/abraxasos/VAV_CONTINUITY_HUB/LIVE_HANDOFFS/VAV_LIVE_REPO_HANDOFF_20260828_121918/repo/apps/captions-desktop/vite.config.ts
2224	0.00	/Users/lordjef/Desktop/abraxasos/VAV_CONTINUITY_HUB/LIVE_HANDOFFS/VAV_LIVE_REPO_HANDOFF_20260828_121918/repo/docs/abraxas/ABRAXAS_IMPORT_AND_GRAMMAR_V12.md
416	0.78	/Users/lordjef/Desktop/abraxasos/VAV_CONTINUITY_HUB/LIVE_HANDOFFS/VAV_LIVE_REPO_HANDOFF_20260828_121918/repo/docs/architecture/CAPTION_DOCUMENT_VIEW_DECISION.md
825	0.78	/Users/lordjef/Desktop/abraxasos/VAV_CONTINUITY_HUB/LIVE_HANDOFFS/VAV_LIVE_REPO_HANDOFF_20260828_121918/repo/docs/content-motion-bridge/00_READ_ME_FIRST.md
5988	0.78	/Users/lordjef/Desktop/abraxasos/VAV_CONTINUITY_HUB/LIVE_HANDOFFS/VAV_LIVE_REPO_HANDOFF_20260828_121918/repo/docs/content-motion-bridge/01_TARGET_REPO_TREE.md
977	0.78	/Users/lordjef/Desktop/abraxasos/VAV_CONTINUITY_HUB/LIVE_HANDOFFS/VAV_LIVE_REPO_HANDOFF_20260828_121918/repo/docs/content-motion-bridge/02_CORE_ARCHITECTURAL_RULES.md
921	0.78	/Users/lordjef/Desktop/abraxasos/VAV_CONTINUITY_HUB/LIVE_HANDOFFS/VAV_LIVE_REPO_HANDOFF_20260828_121918/repo/docs/content-motion-bridge/03_FICHA_CONTENT_OS_BRIDGE.md
789	0.78	/Users/lordjef/Desktop/abraxasos/VAV_CONTINUITY_HUB/LIVE_HANDOFFS/VAV_LIVE_REPO_HANDOFF_20260828_121918/repo/docs/content-motion-bridge/04_VISUAL_MOTION_VS_CAPTION_MOTION.md
1153	0.78	/Users/lordjef/Desktop/abraxasos/VAV_CONTINUITY_HUB/LIVE_HANDOFFS/VAV_LIVE_REPO_HANDOFF_20260828_121918/repo/docs/content-motion-bridge/05_MOTION_CONTEXT_CONTRACT.md
2360	0.78	/Users/lordjef/Desktop/abraxasos/VAV_CONTINUITY_HUB/LIVE_HANDOFFS/VAV_LIVE_REPO_HANDOFF_20260828_121918/repo/docs/content-motion-bridge/06_CAPTION_RESPONSE_POLICIES_BY_MOTION.md
1117	0.78	/Users/lordjef/Desktop/abraxasos/VAV_CONTINUITY_HUB/LIVE_HANDOFFS/VAV_LIVE_REPO_HANDOFF_20260828_121918/repo/docs/content-motion-bridge/07_CONTENT_INTENT_IMPORT.md
748	0.78	/Users/lordjef/Desktop/abraxasos/VAV_CONTINUITY_HUB/LIVE_HANDOFFS/VAV_LIVE_REPO_HANDOFF_20260828_121918/repo/docs/content-motion-bridge/08_SOURCE_TIMELINE_TIME_MAP.md
1098	0.78	/Users/lordjef/Desktop/abraxasos/VAV_CONTINUITY_HUB/LIVE_HANDOFFS/VAV_LIVE_REPO_HANDOFF_20260828_121918/repo/docs/content-motion-bridge/09_DUAL_AND_TRIPLE_WORKFLOW.md
793	0.78	/Users/lordjef/Desktop/abraxasos/VAV_CONTINUITY_HUB/LIVE_HANDOFFS/VAV_LIVE_REPO_HANDOFF_20260828_121918/repo/docs/content-motion-bridge/10_CAPTION_COMPILER_PIPELINE.md
743	0.78	/Users/lordjef/Desktop/abraxasos/VAV_CONTINUITY_HUB/LIVE_HANDOFFS/VAV_LIVE_REPO_HANDOFF_20260828_121918/repo/docs/content-motion-bridge/11_MODULE_GRAPH_AND_INVALIDATION.md
771	0.78	/Users/lordjef/Desktop/abraxasos/VAV_CONTINUITY_HUB/LIVE_HANDOFFS/VAV_LIVE_REPO_HANDOFF_20260828_121918/repo/docs/content-motion-bridge/12_INTERCHANGE_CONTRACTS.md
1448	0.78	/Users/lordjef/Desktop/abraxasos/VAV_CONTINUITY_HUB/LIVE_HANDOFFS/VAV_LIVE_REPO_HANDOFF_20260828_121918/repo/docs/content-motion-bridge/13_MOTION_MANIFEST_EXAMPLE.json
877	0.78	/Users/lordjef/Desktop/abraxasos/VAV_CONTINUITY_HUB/LIVE_HANDOFFS/VAV_LIVE_REPO_HANDOFF_20260828_121918/repo/docs/content-motion-bridge/14_CONTENT_INTENT_EXAMPLE.json
821	0.78	/Users/lordjef/Desktop/abraxasos/VAV_CONTINUITY_HUB/LIVE_HANDOFFS/VAV_LIVE_REPO_HANDOFF_20260828_121918/repo/docs/content-motion-bridge/15_RECOMMENDED_DEFAULT_WORKFLOW.md
610	0.78	/Users/lordjef/Desktop/abraxasos/VAV_CONTINUITY_HUB/LIVE_HANDOFFS/VAV_LIVE_REPO_HANDOFF_20260828_121918/repo/docs/content-motion-bridge/16_SCOPE_BOUNDARIES.md
748	0.78	/Users/lordjef/Desktop/abraxasos/VAV_CONTINUITY_HUB/LIVE_HANDOFFS/VAV_LIVE_REPO_HANDOFF_20260828_121918/repo/docs/content-motion-bridge/17_ROADMAP_V10.md
555	0.78	/Users/lordjef/Desktop/abraxasos/VAV_CONTINUITY_HUB/LIVE_HANDOFFS/VAV_LIVE_REPO_HANDOFF_20260828_121918/repo/docs/content-motion-bridge/ARCHITECTURE_MANIFEST.json
633	0.74	/Users/lordjef/Desktop/abraxasos/VAV_CONTINUITY_HUB/LIVE_HANDOFFS/VAV_LIVE_REPO_HANDOFF_20260828_121918/repo/docs/continuity/C01_5_INTERACTIVE_UI.md
9503	0.70	/Users/lordjef/Desktop/abraxasos/VAV_CONTINUITY_HUB/LIVE_HANDOFFS/VAV_LIVE_REPO_HANDOFF_20260828_121918/repo/docs/full-alpha/VAV_CAPTIONS_FULL_UPGRADE_MASTER_PROMPT.txt
424	0.78	/Users/lordjef/Desktop/abraxasos/VAV_CONTINUITY_HUB/LIVE_HANDOFFS/VAV_LIVE_REPO_HANDOFF_20260828_121918/repo/docs/pro-editor-foundation/07_CAPTION_TRACKS_AND_IMPORT_EXPORT.md
693	0.78	/Users/lordjef/Desktop/abraxasos/VAV_CONTINUITY_HUB/LIVE_HANDOFFS/VAV_LIVE_REPO_HANDOFF_20260828_121918/repo/docs/pro-editor-foundation/10_FUTURE_VAV_TOOLS_OUT_OF_SCOPE.md
693	0.78	/Users/lordjef/Desktop/abraxasos/VAV_CONTINUITY_HUB/LIVE_HANDOFFS/VAV_LIVE_REPO_HANDOFF_20260828_121918/repo/docs/product/FUTURE_VAV_TOOLS_OUT_OF_SCOPE.md
2450	0.00	/Users/lordjef/Desktop/abraxasos/VAV_CONTINUITY_HUB/LIVE_HANDOFFS/VAV_LIVE_REPO_HANDOFF_20260828_121918/repo/docs/roadmap/VAV_ROADMAP_V12.md
529	0.78	/Users/lordjef/Desktop/abraxasos/VAV_CONTINUITY_HUB/LIVE_HANDOFFS/VAV_LIVE_REPO_HANDOFF_20260828_121918/repo/docs/ui-canon/06_MOTION_INTERACTION.md
568	0.78	/Users/lordjef/Desktop/abraxasos/VAV_CONTINUITY_HUB/LIVE_HANDOFFS/VAV_LIVE_REPO_HANDOFF_20260828_121918/repo/docs/ui-canon/10_ABRAXAS_ADAPTATION.md
1297	0.78	/Users/lordjef/Desktop/abraxasos/VAV_CONTINUITY_HUB/LIVE_HANDOFFS/VAV_LIVE_REPO_HANDOFF_20260828_121918/repo/docs/ui-canon/12_CAPTION_DOCUMENT_VIEW.md
43596	0.78	/Users/lordjef/Desktop/abraxasos/VAV_CONTINUITY_HUB/LIVE_HANDOFFS/VAV_LIVE_REPO_HANDOFF_20260828_121918/repo/docs/ui-canon/source-materials/ABRAXAS_HTML_WORKFLOW_v4.3.4_FINAL (1)(1).zip
2207	0.00	/Users/lordjef/Desktop/abraxasos/VAV_CONTINUITY_HUB/LIVE_HANDOFFS/VAV_LIVE_REPO_HANDOFF_20260828_121918/repo/docs/vision/VAV_VISION_SPATIAL_ROADMAP_V12.md
286	0.00	/Users/lordjef/Desktop/abraxasos/VAV_CONTINUITY_HUB/LIVE_HANDOFFS/VAV_LIVE_REPO_HANDOFF_20260828_121918/repo/native/vav-vision-macos/BUILD.command
700	0.00	/Users/lordjef/Desktop/abraxasos/VAV_CONTINUITY_HUB/LIVE_HANDOFFS/VAV_LIVE_REPO_HANDOFF_20260828_121918/repo/native/vav-vision-macos/README.md
132	0.00	/Users/lordjef/Desktop/abraxasos/VAV_CONTINUITY_HUB/LIVE_HANDOFFS/VAV_LIVE_REPO_HANDOFF_20260828_121918/repo/packages/abraxas-import/package.json
205	0.78	/Users/lordjef/Desktop/abraxasos/VAV_CONTINUITY_HUB/LIVE_HANDOFFS/VAV_LIVE_REPO_HANDOFF_20260828_121918/repo/packages/caption-compiler/package.json
131	0.78	/Users/lordjef/Desktop/abraxasos/VAV_CONTINUITY_HUB/LIVE_HANDOFFS/VAV_LIVE_REPO_HANDOFF_20260828_121918/repo/packages/caption-domain/package.json
135	0.00	/Users/lordjef/Desktop/abraxasos/VAV_CONTINUITY_HUB/LIVE_HANDOFFS/VAV_LIVE_REPO_HANDOFF_20260828_121918/repo/packages/caption-hierarchy/package.json
131	0.78	/Users/lordjef/Desktop/abraxasos/VAV_CONTINUITY_HUB/LIVE_HANDOFFS/VAV_LIVE_REPO_HANDOFF_20260828_121918/repo/packages/caption-layout/package.json
198	0.00	/Users/lordjef/Desktop/abraxasos/VAV_CONTINUITY_HUB/LIVE_HANDOFFS/VAV_LIVE_REPO_HANDOFF_20260828_121918/repo/packages/caption-motion/package.json
198	0.00	/Users/lordjef/Desktop/abraxasos/VAV_CONTINUITY_HUB/LIVE_HANDOFFS/VAV_LIVE_REPO_HANDOFF_20260828_121918/repo/packages/caption-styles/package.json
131	0.78	/Users/lordjef/Desktop/abraxasos/VAV_CONTINUITY_HUB/LIVE_HANDOFFS/VAV_LIVE_REPO_HANDOFF_20260828_121918/repo/packages/caption-tracks/package.json
210	0.78	/Users/lordjef/Desktop/abraxasos/VAV_CONTINUITY_HUB/LIVE_HANDOFFS/VAV_LIVE_REPO_HANDOFF_20260828_121918/repo/packages/motion-caption-policy/package.json
668	0.00	/Users/lordjef/Desktop/abraxasos/VAV_CONTINUITY_HUB/LIVE_HANDOFFS/VAV_LIVE_REPO_HANDOFF_20260828_121918/repo/packages/remotion-composition/package.json
1428	0.78	/Users/lordjef/Desktop/abraxasos/VAV_CONTINUITY_HUB/LIVE_HANDOFFS/VAV_LIVE_REPO_HANDOFF_20260828_121918/repo/packages/remotion-composition/src/CaptionDemoComposition.tsx
9106	0.00	/Users/lordjef/Desktop/abraxasos/VAV_CONTINUITY_HUB/LIVE_HANDOFFS/VAV_LIVE_REPO_HANDOFF_20260828_121918/repo/packages/remotion-composition/src/VavCaptionComposition.tsx
171	0.78	/Users/lordjef/Desktop/abraxasos/VAV_CONTINUITY_HUB/LIVE_HANDOFFS/VAV_LIVE_REPO_HANDOFF_20260828_121918/repo/packages/vav-schema/package.json
134	0.00	/Users/lordjef/Desktop/abraxasos/VAV_CONTINUITY_HUB/LIVE_HANDOFFS/VAV_LIVE_REPO_HANDOFF_20260828_121918/repo/packages/vision-contracts/package.json
202	0.77	/Users/lordjef/Desktop/abraxasos/VAV_CONTINUITY_HUB/LIVE_HANDOFFS/VAV_LIVE_REPO_HANDOFF_20260828_121918/repo/packages/visual-motion-domain/package.json
2063	0.00	/Users/lordjef/Desktop/abraxasos/VAV_CONTINUITY_HUB/LIVE_HANDOFFS/VAV_LIVE_REPO_HANDOFF_20260828_121918/repo/README_VAV_PROGRESS.md
167	0.78	/Users/lordjef/Desktop/abraxasos/VAV_CONTINUITY_HUB/LIVE_HANDOFFS/VAV_LIVE_REPO_HANDOFF_20260828_121918/repo/RUN_VAV_DEV.command
1448	0.78	/Users/lordjef/Desktop/abraxasos/VAV_CONTINUITY_HUB/LIVE_HANDOFFS/VAV_LIVE_REPO_HANDOFF_20260828_121918/repo/schemas/interchange/vav-motion-manifest.example.json
1198	0.78	/Users/lordjef/Desktop/abraxasos/VAV_CONTINUITY_HUB/LIVE_HANDOFFS/VAV_LIVE_REPO_HANDOFF_20260828_121918/repo/scripts/check-content-motion-bridge.mjs
8670	0.00	/Users/lordjef/Desktop/abraxasos/VAV_CONTINUITY_HUB/LIVE_HANDOFFS/VAV_LIVE_REPO_HANDOFF_20260828_121918/repo/scripts/providers/install-vision-providers-macos.command
684	0.00	/Users/lordjef/Desktop/abraxasos/VAV_CONTINUITY_HUB/LIVE_HANDOFFS/VAV_LIVE_REPO_HANDOFF_20260828_121918/repo/services/local-engine/src/abraxas-registry.test.ts
4834	0.00	/Users/lordjef/Desktop/abraxasos/VAV_CONTINUITY_HUB/LIVE_HANDOFFS/VAV_LIVE_REPO_HANDOFF_20260828_121918/repo/services/local-engine/src/abraxas-registry.ts
4884	0.00	/Users/lordjef/Desktop/abraxasos/VAV_CONTINUITY_HUB/LIVE_HANDOFFS/VAV_LIVE_REPO_HANDOFF_20260828_121918/repo/services/local-engine/src/vision-capabilities.ts
1318	0.00	/Users/lordjef/Desktop/abraxasos/VAV_CONTINUITY_HUB/LIVE_HANDOFFS/VAV_LIVE_REPO_HANDOFF_20260828_121918/repo/VAV_CONTINUITY_STATE.json
1593	0.00	/Users/lordjef/Desktop/abraxasos/VAV_CONTINUITY_HUB/V13_READY/02_ANY_CHAT_PRO/02_VAVMOTIONS_IMPLEMENTATION_START.txt
2986118	0.00	/Users/lordjef/Desktop/abraxasos/VAV_CONTINUITY_HUB/V13_READY/03_VAVMOTIONS/VAV_ECOSYSTEM_COMBINED_PRO_CHAT_CORE_V1.zip
66154344	0.00	/Users/lordjef/Desktop/abraxasos/VAV_CONTINUITY_HUB/V13_READY/03_VAVMOTIONS/VAVMOTIONS_OFFICIAL_REFERENCE_REPO_V1_2026-08-28.zip
653265	0.00	/Users/lordjef/Desktop/abraxasos/VAV_CONTINUITY_HUB/V13_READY/03_VAVMOTIONS/VAVMOTIONS_STANDALONE_ANY_CHAT_CORE_V1.zip
436	0.00	/Users/lordjef/Desktop/abraxasos/VAV_CONTINUITY_HUB/V13_READY/04_VAVCAPTIONS/00_READ_ME_CURRENT_CONTEXT.txt
2954	0.00	/Users/lordjef/Desktop/abraxasos/VAV_CONTINUITY_HUB/V13_READY/04_VAVCAPTIONS/MACHINE_STATE_20260827_214022(1).txt
1054	0.00	/Users/lordjef/Desktop/abraxasos/VAV_CONTINUITY_HUB/V13_READY/04_VAVCAPTIONS/PROVIDER_DISCOVERY_20260827_214022(1).json
8862	0.00	/Users/lordjef/Desktop/abraxasos/VAV_CONTINUITY_HUB/V13_READY/04_VAVCAPTIONS/VAV_CAPTIONS_ANY_CHAT_PRO_MASTER_PROMPT_V9(2).txt
13087	0.00	/Users/lordjef/Desktop/abraxasos/VAV_CONTINUITY_HUB/V13_READY/04_VAVCAPTIONS/VAV_CAPTIONS_INTERNAL_REPO_ARCHITECTURE_V1 (1)(1).zip
21186	0.00	/Users/lordjef/Desktop/abraxasos/VAV_CONTINUITY_HUB/V13_READY/04_VAVCAPTIONS/VAV_CAPTIONS_ROADMAP_EXECUTION_PROMPT_V10(2).txt
2645503	0.00	/Users/lordjef/Desktop/abraxasos/VAV_CONTINUITY_HUB/V13_READY/04_VAVCAPTIONS/VAV_CAPTIONS_UI_UX_REFERENCE_CANON_V3_DOCKABLE_DESKTOP(1).zip
2898035	0.00	/Users/lordjef/Desktop/abraxasos/VAV_CONTINUITY_HUB/V13_READY/04_VAVCAPTIONS/VAV_CURRENT_REPO_HANDOFF_20260827_212113(3).zip
12754	0.00	/Users/lordjef/Desktop/abraxasos/VAV_CONTINUITY_HUB/V13_READY/04_VAVCAPTIONS/VAV_HOTFIX_V7_2_VERIFY_20260827_210557(1).txt
2873993	0.00	/Users/lordjef/Desktop/abraxasos/VAV_CONTINUITY_HUB/V13_READY/04_VAVCAPTIONS/VAV_REPO_ACTUAL_CODIGO_20260827_214022(1).zip
1470	0.00	/Users/lordjef/Desktop/abraxasos/VAV_CONTINUITY_HUB/V13_READY/05_SHARED_VAV_CORE/00_UNIFIED_LOGIC_SUMMARY.txt
1034	0.00	/Users/lordjef/Desktop/abraxasos/VAV_CONTINUITY_HUB/V13_READY/05_SHARED_VAV_CORE/01_PRODUCT__00_PRODUCT_DEFINITION.txt
944	0.00	/Users/lordjef/Desktop/abraxasos/VAV_CONTINUITY_HUB/V13_READY/05_SHARED_VAV_CORE/02_ARCHITECTURE__00_SYSTEM_ARCHITECTURE.txt
880	0.00	/Users/lordjef/Desktop/abraxasos/VAV_CONTINUITY_HUB/V13_READY/05_SHARED_VAV_CORE/02_ARCHITECTURE__01_MONOREPO_TARGET.txt
877	0.00	/Users/lordjef/Desktop/abraxasos/VAV_CONTINUITY_HUB/V13_READY/05_SHARED_VAV_CORE/02_ARCHITECTURE__02_STANDALONE_REPO_MODE.txt
671	0.00	/Users/lordjef/Desktop/abraxasos/VAV_CONTINUITY_HUB/V13_READY/05_SHARED_VAV_CORE/02_ARCHITECTURE__03_PORTS_AND_ADAPTERS.txt
507	0.00	/Users/lordjef/Desktop/abraxasos/VAV_CONTINUITY_HUB/V13_READY/05_SHARED_VAV_CORE/03_DOMAIN_MODEL__00_VAV_PROJECT_GRAPH.txt
375	0.00	/Users/lordjef/Desktop/abraxasos/VAV_CONTINUITY_HUB/V13_READY/05_SHARED_VAV_CORE/03_DOMAIN_MODEL__10_VISUAL_OWNERSHIP.txt
628	0.00	/Users/lordjef/Desktop/abraxasos/VAV_CONTINUITY_HUB/V13_READY/05_SHARED_VAV_CORE/03_DOMAIN_MODEL__11_DEPENDENCY_GRAPH.txt
456	0.00	/Users/lordjef/Desktop/abraxasos/VAV_CONTINUITY_HUB/V13_READY/05_SHARED_VAV_CORE/03_DOMAIN_MODEL__12_PROVENANCE_LOCKS_HISTORY.txt
462	0.00	/Users/lordjef/Desktop/abraxasos/VAV_CONTINUITY_HUB/V13_READY/05_SHARED_VAV_CORE/04_PORTABLE_TXT__00_VPTC_OVERVIEW.txt
678	0.00	/Users/lordjef/Desktop/abraxasos/VAV_CONTINUITY_HUB/V13_READY/05_SHARED_VAV_CORE/04_PORTABLE_TXT__01_TXT_CLASSES.txt
514	0.00	/Users/lordjef/Desktop/abraxasos/VAV_CONTINUITY_HUB/V13_READY/05_SHARED_VAV_CORE/04_PORTABLE_TXT__03_DECLARATIVE_OPERATIONS.txt
554	0.00	/Users/lordjef/Desktop/abraxasos/VAV_CONTINUITY_HUB/V13_READY/05_SHARED_VAV_CORE/04_PORTABLE_TXT__21_TXT_TYPE_REGISTRY.txt
491	0.00	/Users/lordjef/Desktop/abraxasos/VAV_CONTINUITY_HUB/V13_READY/05_SHARED_VAV_CORE/05_MOTION_SYSTEM__00_MOTION_ENGINE_OVERVIEW.txt
647	0.00	/Users/lordjef/Desktop/abraxasos/VAV_CONTINUITY_HUB/V13_READY/05_SHARED_VAV_CORE/05_MOTION_SYSTEM__04_MOTION_PLUGIN_SYSTEM.txt
538	0.00	/Users/lordjef/Desktop/abraxasos/VAV_CONTINUITY_HUB/V13_READY/05_SHARED_VAV_CORE/05_MOTION_SYSTEM__06_SCENE_PARAMETRIC_EDITING.txt
459	0.00	/Users/lordjef/Desktop/abraxasos/VAV_CONTINUITY_HUB/V13_READY/05_SHARED_VAV_CORE/05_MOTION_SYSTEM__12_TIMELINE_PREVIEW_CONTEXT.txt
463	0.00	/Users/lordjef/Desktop/abraxasos/VAV_CONTINUITY_HUB/V13_READY/05_SHARED_VAV_CORE/06_VAVCAPTIONS_LEGO_BRIDGE__00_LEGO_PRINCIPLE.txt
563	0.00	/Users/lordjef/Desktop/abraxasos/VAV_CONTINUITY_HUB/V13_READY/05_SHARED_VAV_CORE/06_VAVCAPTIONS_LEGO_BRIDGE__03_CAPTION_POLICY_BY_MOTION.txt
542	0.00	/Users/lordjef/Desktop/abraxasos/VAV_CONTINUITY_HUB/V13_READY/05_SHARED_VAV_CORE/06_VAVCAPTIONS_LEGO_BRIDGE__06_COLLISION_RESOLUTION.txt
466	0.00	/Users/lordjef/Desktop/abraxasos/VAV_CONTINUITY_HUB/V13_READY/05_SHARED_VAV_CORE/06_VAVCAPTIONS_LEGO_BRIDGE__07_SHARED_SCENEMAP_ANALYSIS.txt
510	0.00	/Users/lordjef/Desktop/abraxasos/VAV_CONTINUITY_HUB/V13_READY/05_SHARED_VAV_CORE/07_APPLE_PLATFORM__00_APPLE_FIRST_PORTABLE_CORE.txt
816	0.00	/Users/lordjef/Desktop/abraxasos/VAV_CONTINUITY_HUB/V13_READY/05_SHARED_VAV_CORE/07_APPLE_PLATFORM__08_APPLE_CAPABILITY_PRIORITY_MATRIX.txt
344	0.00	/Users/lordjef/Desktop/abraxasos/VAV_CONTINUITY_HUB/V13_READY/05_SHARED_VAV_CORE/10_EXTERNAL_AI_BRIDGE__00_EXTERNAL_AI_MODE.txt
618	0.00	/Users/lordjef/Desktop/abraxasos/VAV_CONTINUITY_HUB/V13_READY/05_SHARED_VAV_CORE/11_AI_PROVIDER_V2__00_AI_PROVIDER_ARCHITECTURE.txt
9919488	0.00	/Users/lordjef/Desktop/abraxasos/VAV_CONTINUITY_HUB/V13_READY/06_REFERENCES/ABRAXAS_QVR_DEEP_REBUILD_V3_1(3).zip
666983	0.00	/Users/lordjef/Desktop/abraxasos/VAV_CONTINUITY_HUB/V13_READY/06_REFERENCES/ABRAXAS_R4_TXT_LIBRARY_ORGANIZED.zip
11274	0.00	/Users/lordjef/Desktop/abraxasos/VAV_CONTINUITY_HUB/V13_READY/06_REFERENCES/ABRAXAS_SPATIAL_MOTION_CAMERA_GRAMMAR_V3(3).zip
26839266	0.00	/Users/lordjef/Desktop/abraxasos/VAV_CONTINUITY_HUB/V13_READY/06_REFERENCES/VAV_ABRAXAS_STYLE_MINING_SYSTEM_V2_MERGED(2).zip
15952	0.00	/Users/lordjef/Desktop/abraxasos/VAV_CONTINUITY_HUB/V13_READY/06_REFERENCES/VAV_ABRAXAS_VIDEO_GRAMMAR_PREFERENCE_SYSTEM_V2(2).zip
15497	0.00	/Users/lordjef/Desktop/abraxasos/VAV_CONTINUITY_HUB/V13_READY/06_REFERENCES/VAV_CAPTION_MOTION_CRITERIA_FICHAS_V1(4).zip
2743	0.00	/Users/lordjef/Desktop/abraxasos/VAV_CONTINUITY_HUB/V13_READY/07_COMMANDS/01_CAPTURE_CURRENT_VAV_STATE.command
627	0.00	/Users/lordjef/Desktop/abraxasos/VAV_CONTINUITY_HUB/V13_READY/07_COMMANDS/03_VERIFY_HANDOFF.command
705	0.00	/Users/lordjef/Desktop/abraxasos/VAV_CONTINUITY_HUB/V13_READY/08_NEXT_CHAT_OUTPUT/01_CONTINUITY_UPDATE_RULE.txt
134	0.00	/Users/lordjef/Desktop/abraxasos/VAV_CONTINUITY_HUB/V14_UNIVERSAL/CHAT_PRO_UPLOADS/LATEST_CAPTIONS_PACK.txt
133	0.00	/Users/lordjef/Desktop/abraxasos/VAV_CONTINUITY_HUB/V14_UNIVERSAL/CHAT_PRO_UPLOADS/LATEST_MOTIONS_PACK.txt
9415800	0.03	/Users/lordjef/Desktop/abraxasos/VAV_CONTINUITY_HUB/V14_UNIVERSAL/CHAT_PRO_UPLOADS/VAV_CAPTIONS_CHAT_PRO_CORE_V14_20260828_123821.zip
3009254	0.03	/Users/lordjef/Desktop/abraxasos/VAV_CONTINUITY_HUB/V14_UNIVERSAL/CHAT_PRO_UPLOADS/VAV_CAPTIONS_CHAT_PRO_CORE_V14_20260828_123821/01_LIVE_REPO/VAV_LIVE_REPO_HANDOFF_V14_20260828_123804.zip
691	0.00	/Users/lordjef/Desktop/abraxasos/VAV_CONTINUITY_HUB/V14_UNIVERSAL/CHAT_PRO_UPLOADS/VAV_CAPTIONS_CHAT_PRO_CORE_V14_20260828_123821/02_LOGIC/00_VAV_CORE_PRINCIPLES.txt
968	0.00	/Users/lordjef/Desktop/abraxasos/VAV_CONTINUITY_HUB/V14_UNIVERSAL/CHAT_PRO_UPLOADS/VAV_CAPTIONS_CHAT_PRO_CORE_V14_20260828_123821/02_LOGIC/04_ABRAXAS_VISUAL_GRAMMAR.txt
676	0.00	/Users/lordjef/Desktop/abraxasos/VAV_CONTINUITY_HUB/V14_UNIVERSAL/CHAT_PRO_UPLOADS/VAV_CAPTIONS_CHAT_PRO_CORE_V14_20260828_123821/02_LOGIC/05_CAPTION_HIERARCHY_AND_STYLE.txt
642	0.00	/Users/lordjef/Desktop/abraxasos/VAV_CONTINUITY_HUB/V14_UNIVERSAL/CHAT_PRO_UPLOADS/VAV_CAPTIONS_CHAT_PRO_CORE_V14_20260828_123821/02_LOGIC/06_MOTION_GRAMMAR.txt
1104	0.00	/Users/lordjef/Desktop/abraxasos/VAV_CONTINUITY_HUB/V14_UNIVERSAL/CHAT_PRO_UPLOADS/VAV_CAPTIONS_CHAT_PRO_CORE_V14_20260828_123821/02_LOGIC/07_VISION_SPATIAL_APPLE_STRATEGY.txt
614	0.00	/Users/lordjef/Desktop/abraxasos/VAV_CONTINUITY_HUB/V14_UNIVERSAL/CHAT_PRO_UPLOADS/VAV_CAPTIONS_CHAT_PRO_CORE_V14_20260828_123821/02_LOGIC/09_CAPTIONS_MOTIONS_OWNERSHIP.txt
539	0.00	/Users/lordjef/Desktop/abraxasos/VAV_CONTINUITY_HUB/V14_UNIVERSAL/CHAT_PRO_UPLOADS/VAV_CAPTIONS_CHAT_PRO_CORE_V14_20260828_123821/02_LOGIC/10_REMOTION_PARITY_GATE.txt
6491542	0.00	/Users/lordjef/Desktop/abraxasos/VAV_CONTINUITY_HUB/V14_UNIVERSAL/CHAT_PRO_UPLOADS/VAV_CAPTIONS_CHAT_PRO_CORE_V14_20260828_123821/03_REFERENCE_PACKS/VAV_PRO_CHAT_UPLOAD_STATIC_CORE_V13_READY.zip
9415800	0.03	/Users/lordjef/Desktop/abraxasos/VAV_CONTINUITY_HUB/V14_UNIVERSAL/CHAT_PRO_UPLOADS/VAV_CAPTIONS_CHAT_PRO_CORE_V14_20260828_123844.zip
3009254	0.03	/Users/lordjef/Desktop/abraxasos/VAV_CONTINUITY_HUB/V14_UNIVERSAL/CHAT_PRO_UPLOADS/VAV_CAPTIONS_CHAT_PRO_CORE_V14_20260828_123844/01_LIVE_REPO/VAV_LIVE_REPO_HANDOFF_V14_20260828_123804.zip
691	0.00	/Users/lordjef/Desktop/abraxasos/VAV_CONTINUITY_HUB/V14_UNIVERSAL/CHAT_PRO_UPLOADS/VAV_CAPTIONS_CHAT_PRO_CORE_V14_20260828_123844/02_LOGIC/00_VAV_CORE_PRINCIPLES.txt
968	0.00	/Users/lordjef/Desktop/abraxasos/VAV_CONTINUITY_HUB/V14_UNIVERSAL/CHAT_PRO_UPLOADS/VAV_CAPTIONS_CHAT_PRO_CORE_V14_20260828_123844/02_LOGIC/04_ABRAXAS_VISUAL_GRAMMAR.txt
676	0.00	/Users/lordjef/Desktop/abraxasos/VAV_CONTINUITY_HUB/V14_UNIVERSAL/CHAT_PRO_UPLOADS/VAV_CAPTIONS_CHAT_PRO_CORE_V14_20260828_123844/02_LOGIC/05_CAPTION_HIERARCHY_AND_STYLE.txt
642	0.00	/Users/lordjef/Desktop/abraxasos/VAV_CONTINUITY_HUB/V14_UNIVERSAL/CHAT_PRO_UPLOADS/VAV_CAPTIONS_CHAT_PRO_CORE_V14_20260828_123844/02_LOGIC/06_MOTION_GRAMMAR.txt
1104	0.00	/Users/lordjef/Desktop/abraxasos/VAV_CONTINUITY_HUB/V14_UNIVERSAL/CHAT_PRO_UPLOADS/VAV_CAPTIONS_CHAT_PRO_CORE_V14_20260828_123844/02_LOGIC/07_VISION_SPATIAL_APPLE_STRATEGY.txt
614	0.00	/Users/lordjef/Desktop/abraxasos/VAV_CONTINUITY_HUB/V14_UNIVERSAL/CHAT_PRO_UPLOADS/VAV_CAPTIONS_CHAT_PRO_CORE_V14_20260828_123844/02_LOGIC/09_CAPTIONS_MOTIONS_OWNERSHIP.txt
539	0.00	/Users/lordjef/Desktop/abraxasos/VAV_CONTINUITY_HUB/V14_UNIVERSAL/CHAT_PRO_UPLOADS/VAV_CAPTIONS_CHAT_PRO_CORE_V14_20260828_123844/02_LOGIC/10_REMOTION_PARITY_GATE.txt
6491542	0.00	/Users/lordjef/Desktop/abraxasos/VAV_CONTINUITY_HUB/V14_UNIVERSAL/CHAT_PRO_UPLOADS/VAV_CAPTIONS_CHAT_PRO_CORE_V14_20260828_123844/03_REFERENCE_PACKS/VAV_PRO_CHAT_UPLOAD_STATIC_CORE_V13_READY.zip
9421586	0.00	/Users/lordjef/Desktop/abraxasos/VAV_CONTINUITY_HUB/V14_UNIVERSAL/CHAT_PRO_UPLOADS/VAV_CAPTIONS_CHAT_PRO_CORE_V14_20260828_131635.zip
3010300	0.00	/Users/lordjef/Desktop/abraxasos/VAV_CONTINUITY_HUB/V14_UNIVERSAL/CHAT_PRO_UPLOADS/VAV_CAPTIONS_CHAT_PRO_CORE_V14_20260828_131635/01_LIVE_REPO/VAV_LIVE_REPO_HANDOFF_V14_20260828_131633.zip
691	0.00	/Users/lordjef/Desktop/abraxasos/VAV_CONTINUITY_HUB/V14_UNIVERSAL/CHAT_PRO_UPLOADS/VAV_CAPTIONS_CHAT_PRO_CORE_V14_20260828_131635/02_LOGIC/00_VAV_CORE_PRINCIPLES.txt
968	0.00	/Users/lordjef/Desktop/abraxasos/VAV_CONTINUITY_HUB/V14_UNIVERSAL/CHAT_PRO_UPLOADS/VAV_CAPTIONS_CHAT_PRO_CORE_V14_20260828_131635/02_LOGIC/04_ABRAXAS_VISUAL_GRAMMAR.txt
676	0.00	/Users/lordjef/Desktop/abraxasos/VAV_CONTINUITY_HUB/V14_UNIVERSAL/CHAT_PRO_UPLOADS/VAV_CAPTIONS_CHAT_PRO_CORE_V14_20260828_131635/02_LOGIC/05_CAPTION_HIERARCHY_AND_STYLE.txt
642	0.00	/Users/lordjef/Desktop/abraxasos/VAV_CONTINUITY_HUB/V14_UNIVERSAL/CHAT_PRO_UPLOADS/VAV_CAPTIONS_CHAT_PRO_CORE_V14_20260828_131635/02_LOGIC/06_MOTION_GRAMMAR.txt
1104	0.00	/Users/lordjef/Desktop/abraxasos/VAV_CONTINUITY_HUB/V14_UNIVERSAL/CHAT_PRO_UPLOADS/VAV_CAPTIONS_CHAT_PRO_CORE_V14_20260828_131635/02_LOGIC/07_VISION_SPATIAL_APPLE_STRATEGY.txt
614	0.00	/Users/lordjef/Desktop/abraxasos/VAV_CONTINUITY_HUB/V14_UNIVERSAL/CHAT_PRO_UPLOADS/VAV_CAPTIONS_CHAT_PRO_CORE_V14_20260828_131635/02_LOGIC/09_CAPTIONS_MOTIONS_OWNERSHIP.txt
539	0.00	/Users/lordjef/Desktop/abraxasos/VAV_CONTINUITY_HUB/V14_UNIVERSAL/CHAT_PRO_UPLOADS/VAV_CAPTIONS_CHAT_PRO_CORE_V14_20260828_131635/02_LOGIC/10_REMOTION_PARITY_GATE.txt
6491542	0.00	/Users/lordjef/Desktop/abraxasos/VAV_CONTINUITY_HUB/V14_UNIVERSAL/CHAT_PRO_UPLOADS/VAV_CAPTIONS_CHAT_PRO_CORE_V14_20260828_131635/03_REFERENCE_PACKS/VAV_PRO_CHAT_UPLOAD_STATIC_CORE_V13_READY.zip
78946109	0.03	/Users/lordjef/Desktop/abraxasos/VAV_CONTINUITY_HUB/V14_UNIVERSAL/CHAT_PRO_UPLOADS/VAV_ECOSYSTEM_CHAT_PRO_CORE_V14_20260828_123837.zip
3009254	0.03	/Users/lordjef/Desktop/abraxasos/VAV_CONTINUITY_HUB/V14_UNIVERSAL/CHAT_PRO_UPLOADS/VAV_ECOSYSTEM_CHAT_PRO_CORE_V14_20260828_123837/01_LIVE_REPO/VAV_LIVE_REPO_HANDOFF_V14_20260828_123804.zip
691	0.00	/Users/lordjef/Desktop/abraxasos/VAV_CONTINUITY_HUB/V14_UNIVERSAL/CHAT_PRO_UPLOADS/VAV_ECOSYSTEM_CHAT_PRO_CORE_V14_20260828_123837/02_LOGIC/00_VAV_CORE_PRINCIPLES.txt
968	0.00	/Users/lordjef/Desktop/abraxasos/VAV_CONTINUITY_HUB/V14_UNIVERSAL/CHAT_PRO_UPLOADS/VAV_ECOSYSTEM_CHAT_PRO_CORE_V14_20260828_123837/02_LOGIC/04_ABRAXAS_VISUAL_GRAMMAR.txt
676	0.00	/Users/lordjef/Desktop/abraxasos/VAV_CONTINUITY_HUB/V14_UNIVERSAL/CHAT_PRO_UPLOADS/VAV_ECOSYSTEM_CHAT_PRO_CORE_V14_20260828_123837/02_LOGIC/05_CAPTION_HIERARCHY_AND_STYLE.txt
642	0.00	/Users/lordjef/Desktop/abraxasos/VAV_CONTINUITY_HUB/V14_UNIVERSAL/CHAT_PRO_UPLOADS/VAV_ECOSYSTEM_CHAT_PRO_CORE_V14_20260828_123837/02_LOGIC/06_MOTION_GRAMMAR.txt
1104	0.00	/Users/lordjef/Desktop/abraxasos/VAV_CONTINUITY_HUB/V14_UNIVERSAL/CHAT_PRO_UPLOADS/VAV_ECOSYSTEM_CHAT_PRO_CORE_V14_20260828_123837/02_LOGIC/07_VISION_SPATIAL_APPLE_STRATEGY.txt
614	0.00	/Users/lordjef/Desktop/abraxasos/VAV_CONTINUITY_HUB/V14_UNIVERSAL/CHAT_PRO_UPLOADS/VAV_ECOSYSTEM_CHAT_PRO_CORE_V14_20260828_123837/02_LOGIC/09_CAPTIONS_MOTIONS_OWNERSHIP.txt
539	0.00	/Users/lordjef/Desktop/abraxasos/VAV_CONTINUITY_HUB/V14_UNIVERSAL/CHAT_PRO_UPLOADS/VAV_ECOSYSTEM_CHAT_PRO_CORE_V14_20260828_123837/02_LOGIC/10_REMOTION_PARITY_GATE.txt
2986118	0.00	/Users/lordjef/Desktop/abraxasos/VAV_CONTINUITY_HUB/V14_UNIVERSAL/CHAT_PRO_UPLOADS/VAV_ECOSYSTEM_CHAT_PRO_CORE_V14_20260828_123837/03_REFERENCE_PACKS/VAV_ECOSYSTEM_COMBINED_PRO_CHAT_CORE_V1.zip
6491542	0.00	/Users/lordjef/Desktop/abraxasos/VAV_CONTINUITY_HUB/V14_UNIVERSAL/CHAT_PRO_UPLOADS/VAV_ECOSYSTEM_CHAT_PRO_CORE_V14_20260828_123837/03_REFERENCE_PACKS/VAV_PRO_CHAT_UPLOAD_STATIC_CORE_V13_READY.zip
66154344	0.00	/Users/lordjef/Desktop/abraxasos/VAV_CONTINUITY_HUB/V14_UNIVERSAL/CHAT_PRO_UPLOADS/VAV_ECOSYSTEM_CHAT_PRO_CORE_V14_20260828_123837/03_REFERENCE_PACKS/VAVMOTIONS_OFFICIAL_REFERENCE_REPO_V1_2026-08-28.zip
619	0.00	/Users/lordjef/Desktop/abraxasos/VAV_CONTINUITY_HUB/V14_UNIVERSAL/CHAT_PRO_UPLOADS/VAV_ECOSYSTEM_CHAT_PRO_CORE_V14_20260828_123837/03_REFERENCE_PACKS/VAVMOTIONS_OFFICIAL_VERIFICATION_REPORT.txt
653265	0.00	/Users/lordjef/Desktop/abraxasos/VAV_CONTINUITY_HUB/V14_UNIVERSAL/CHAT_PRO_UPLOADS/VAV_ECOSYSTEM_CHAT_PRO_CORE_V14_20260828_123837/03_REFERENCE_PACKS/VAVMOTIONS_STANDALONE_ANY_CHAT_CORE_V1.zip
78946109	0.03	/Users/lordjef/Desktop/abraxasos/VAV_CONTINUITY_HUB/V14_UNIVERSAL/CHAT_PRO_UPLOADS/VAV_ECOSYSTEM_CHAT_PRO_CORE_V14_20260828_123846.zip
3009254	0.03	/Users/lordjef/Desktop/abraxasos/VAV_CONTINUITY_HUB/V14_UNIVERSAL/CHAT_PRO_UPLOADS/VAV_ECOSYSTEM_CHAT_PRO_CORE_V14_20260828_123846/01_LIVE_REPO/VAV_LIVE_REPO_HANDOFF_V14_20260828_123804.zip
691	0.00	/Users/lordjef/Desktop/abraxasos/VAV_CONTINUITY_HUB/V14_UNIVERSAL/CHAT_PRO_UPLOADS/VAV_ECOSYSTEM_CHAT_PRO_CORE_V14_20260828_123846/02_LOGIC/00_VAV_CORE_PRINCIPLES.txt
968	0.00	/Users/lordjef/Desktop/abraxasos/VAV_CONTINUITY_HUB/V14_UNIVERSAL/CHAT_PRO_UPLOADS/VAV_ECOSYSTEM_CHAT_PRO_CORE_V14_20260828_123846/02_LOGIC/04_ABRAXAS_VISUAL_GRAMMAR.txt
676	0.00	/Users/lordjef/Desktop/abraxasos/VAV_CONTINUITY_HUB/V14_UNIVERSAL/CHAT_PRO_UPLOADS/VAV_ECOSYSTEM_CHAT_PRO_CORE_V14_20260828_123846/02_LOGIC/05_CAPTION_HIERARCHY_AND_STYLE.txt
642	0.00	/Users/lordjef/Desktop/abraxasos/VAV_CONTINUITY_HUB/V14_UNIVERSAL/CHAT_PRO_UPLOADS/VAV_ECOSYSTEM_CHAT_PRO_CORE_V14_20260828_123846/02_LOGIC/06_MOTION_GRAMMAR.txt
1104	0.00	/Users/lordjef/Desktop/abraxasos/VAV_CONTINUITY_HUB/V14_UNIVERSAL/CHAT_PRO_UPLOADS/VAV_ECOSYSTEM_CHAT_PRO_CORE_V14_20260828_123846/02_LOGIC/07_VISION_SPATIAL_APPLE_STRATEGY.txt
614	0.00	/Users/lordjef/Desktop/abraxasos/VAV_CONTINUITY_HUB/V14_UNIVERSAL/CHAT_PRO_UPLOADS/VAV_ECOSYSTEM_CHAT_PRO_CORE_V14_20260828_123846/02_LOGIC/09_CAPTIONS_MOTIONS_OWNERSHIP.txt
539	0.00	/Users/lordjef/Desktop/abraxasos/VAV_CONTINUITY_HUB/V14_UNIVERSAL/CHAT_PRO_UPLOADS/VAV_ECOSYSTEM_CHAT_PRO_CORE_V14_20260828_123846/02_LOGIC/10_REMOTION_PARITY_GATE.txt
2986118	0.00	/Users/lordjef/Desktop/abraxasos/VAV_CONTINUITY_HUB/V14_UNIVERSAL/CHAT_PRO_UPLOADS/VAV_ECOSYSTEM_CHAT_PRO_CORE_V14_20260828_123846/03_REFERENCE_PACKS/VAV_ECOSYSTEM_COMBINED_PRO_CHAT_CORE_V1.zip
6491542	0.00	/Users/lordjef/Desktop/abraxasos/VAV_CONTINUITY_HUB/V14_UNIVERSAL/CHAT_PRO_UPLOADS/VAV_ECOSYSTEM_CHAT_PRO_CORE_V14_20260828_123846/03_REFERENCE_PACKS/VAV_PRO_CHAT_UPLOAD_STATIC_CORE_V13_READY.zip
66154344	0.00	/Users/lordjef/Desktop/abraxasos/VAV_CONTINUITY_HUB/V14_UNIVERSAL/CHAT_PRO_UPLOADS/VAV_ECOSYSTEM_CHAT_PRO_CORE_V14_20260828_123846/03_REFERENCE_PACKS/VAVMOTIONS_OFFICIAL_REFERENCE_REPO_V1_2026-08-28.zip
619	0.00	/Users/lordjef/Desktop/abraxasos/VAV_CONTINUITY_HUB/V14_UNIVERSAL/CHAT_PRO_UPLOADS/VAV_ECOSYSTEM_CHAT_PRO_CORE_V14_20260828_123846/03_REFERENCE_PACKS/VAVMOTIONS_OFFICIAL_VERIFICATION_REPORT.txt
653265	0.00	/Users/lordjef/Desktop/abraxasos/VAV_CONTINUITY_HUB/V14_UNIVERSAL/CHAT_PRO_UPLOADS/VAV_ECOSYSTEM_CHAT_PRO_CORE_V14_20260828_123846/03_REFERENCE_PACKS/VAVMOTIONS_STANDALONE_ANY_CHAT_CORE_V1.zip
78946119	0.03	/Users/lordjef/Desktop/abraxasos/VAV_CONTINUITY_HUB/V14_UNIVERSAL/CHAT_PRO_UPLOADS/VAV_ECOSYSTEM_CHAT_PRO_CORE_V14_20260828_123902.zip
3009254	0.03	/Users/lordjef/Desktop/abraxasos/VAV_CONTINUITY_HUB/V14_UNIVERSAL/CHAT_PRO_UPLOADS/VAV_ECOSYSTEM_CHAT_PRO_CORE_V14_20260828_123902/01_LIVE_REPO/VAV_LIVE_REPO_HANDOFF_V14_20260828_123900.zip
691	0.00	/Users/lordjef/Desktop/abraxasos/VAV_CONTINUITY_HUB/V14_UNIVERSAL/CHAT_PRO_UPLOADS/VAV_ECOSYSTEM_CHAT_PRO_CORE_V14_20260828_123902/02_LOGIC/00_VAV_CORE_PRINCIPLES.txt
968	0.00	/Users/lordjef/Desktop/abraxasos/VAV_CONTINUITY_HUB/V14_UNIVERSAL/CHAT_PRO_UPLOADS/VAV_ECOSYSTEM_CHAT_PRO_CORE_V14_20260828_123902/02_LOGIC/04_ABRAXAS_VISUAL_GRAMMAR.txt
676	0.00	/Users/lordjef/Desktop/abraxasos/VAV_CONTINUITY_HUB/V14_UNIVERSAL/CHAT_PRO_UPLOADS/VAV_ECOSYSTEM_CHAT_PRO_CORE_V14_20260828_123902/02_LOGIC/05_CAPTION_HIERARCHY_AND_STYLE.txt
642	0.00	/Users/lordjef/Desktop/abraxasos/VAV_CONTINUITY_HUB/V14_UNIVERSAL/CHAT_PRO_UPLOADS/VAV_ECOSYSTEM_CHAT_PRO_CORE_V14_20260828_123902/02_LOGIC/06_MOTION_GRAMMAR.txt
1104	0.00	/Users/lordjef/Desktop/abraxasos/VAV_CONTINUITY_HUB/V14_UNIVERSAL/CHAT_PRO_UPLOADS/VAV_ECOSYSTEM_CHAT_PRO_CORE_V14_20260828_123902/02_LOGIC/07_VISION_SPATIAL_APPLE_STRATEGY.txt
614	0.00	/Users/lordjef/Desktop/abraxasos/VAV_CONTINUITY_HUB/V14_UNIVERSAL/CHAT_PRO_UPLOADS/VAV_ECOSYSTEM_CHAT_PRO_CORE_V14_20260828_123902/02_LOGIC/09_CAPTIONS_MOTIONS_OWNERSHIP.txt
539	0.00	/Users/lordjef/Desktop/abraxasos/VAV_CONTINUITY_HUB/V14_UNIVERSAL/CHAT_PRO_UPLOADS/VAV_ECOSYSTEM_CHAT_PRO_CORE_V14_20260828_123902/02_LOGIC/10_REMOTION_PARITY_GATE.txt
2986118	0.00	/Users/lordjef/Desktop/abraxasos/VAV_CONTINUITY_HUB/V14_UNIVERSAL/CHAT_PRO_UPLOADS/VAV_ECOSYSTEM_CHAT_PRO_CORE_V14_20260828_123902/03_REFERENCE_PACKS/VAV_ECOSYSTEM_COMBINED_PRO_CHAT_CORE_V1.zip
6491542	0.00	/Users/lordjef/Desktop/abraxasos/VAV_CONTINUITY_HUB/V14_UNIVERSAL/CHAT_PRO_UPLOADS/VAV_ECOSYSTEM_CHAT_PRO_CORE_V14_20260828_123902/03_REFERENCE_PACKS/VAV_PRO_CHAT_UPLOAD_STATIC_CORE_V13_READY.zip
66154344	0.00	/Users/lordjef/Desktop/abraxasos/VAV_CONTINUITY_HUB/V14_UNIVERSAL/CHAT_PRO_UPLOADS/VAV_ECOSYSTEM_CHAT_PRO_CORE_V14_20260828_123902/03_REFERENCE_PACKS/VAVMOTIONS_OFFICIAL_REFERENCE_REPO_V1_2026-08-28.zip
619	0.00	/Users/lordjef/Desktop/abraxasos/VAV_CONTINUITY_HUB/V14_UNIVERSAL/CHAT_PRO_UPLOADS/VAV_ECOSYSTEM_CHAT_PRO_CORE_V14_20260828_123902/03_REFERENCE_PACKS/VAVMOTIONS_OFFICIAL_VERIFICATION_REPORT.txt
653265	0.00	/Users/lordjef/Desktop/abraxasos/VAV_CONTINUITY_HUB/V14_UNIVERSAL/CHAT_PRO_UPLOADS/VAV_ECOSYSTEM_CHAT_PRO_CORE_V14_20260828_123902/03_REFERENCE_PACKS/VAVMOTIONS_STANDALONE_ANY_CHAT_CORE_V1.zip
78951903	0.00	/Users/lordjef/Desktop/abraxasos/VAV_CONTINUITY_HUB/V14_UNIVERSAL/CHAT_PRO_UPLOADS/VAV_ECOSYSTEM_CHAT_PRO_CORE_V14_20260828_131637.zip
3010300	0.00	/Users/lordjef/Desktop/abraxasos/VAV_CONTINUITY_HUB/V14_UNIVERSAL/CHAT_PRO_UPLOADS/VAV_ECOSYSTEM_CHAT_PRO_CORE_V14_20260828_131637/01_LIVE_REPO/VAV_LIVE_REPO_HANDOFF_V14_20260828_131633.zip
691	0.00	/Users/lordjef/Desktop/abraxasos/VAV_CONTINUITY_HUB/V14_UNIVERSAL/CHAT_PRO_UPLOADS/VAV_ECOSYSTEM_CHAT_PRO_CORE_V14_20260828_131637/02_LOGIC/00_VAV_CORE_PRINCIPLES.txt
968	0.00	/Users/lordjef/Desktop/abraxasos/VAV_CONTINUITY_HUB/V14_UNIVERSAL/CHAT_PRO_UPLOADS/VAV_ECOSYSTEM_CHAT_PRO_CORE_V14_20260828_131637/02_LOGIC/04_ABRAXAS_VISUAL_GRAMMAR.txt
676	0.00	/Users/lordjef/Desktop/abraxasos/VAV_CONTINUITY_HUB/V14_UNIVERSAL/CHAT_PRO_UPLOADS/VAV_ECOSYSTEM_CHAT_PRO_CORE_V14_20260828_131637/02_LOGIC/05_CAPTION_HIERARCHY_AND_STYLE.txt
642	0.00	/Users/lordjef/Desktop/abraxasos/VAV_CONTINUITY_HUB/V14_UNIVERSAL/CHAT_PRO_UPLOADS/VAV_ECOSYSTEM_CHAT_PRO_CORE_V14_20260828_131637/02_LOGIC/06_MOTION_GRAMMAR.txt
1104	0.00	/Users/lordjef/Desktop/abraxasos/VAV_CONTINUITY_HUB/V14_UNIVERSAL/CHAT_PRO_UPLOADS/VAV_ECOSYSTEM_CHAT_PRO_CORE_V14_20260828_131637/02_LOGIC/07_VISION_SPATIAL_APPLE_STRATEGY.txt
614	0.00	/Users/lordjef/Desktop/abraxasos/VAV_CONTINUITY_HUB/V14_UNIVERSAL/CHAT_PRO_UPLOADS/VAV_ECOSYSTEM_CHAT_PRO_CORE_V14_20260828_131637/02_LOGIC/09_CAPTIONS_MOTIONS_OWNERSHIP.txt
539	0.00	/Users/lordjef/Desktop/abraxasos/VAV_CONTINUITY_HUB/V14_UNIVERSAL/CHAT_PRO_UPLOADS/VAV_ECOSYSTEM_CHAT_PRO_CORE_V14_20260828_131637/02_LOGIC/10_REMOTION_PARITY_GATE.txt
2986118	0.00	/Users/lordjef/Desktop/abraxasos/VAV_CONTINUITY_HUB/V14_UNIVERSAL/CHAT_PRO_UPLOADS/VAV_ECOSYSTEM_CHAT_PRO_CORE_V14_20260828_131637/03_REFERENCE_PACKS/VAV_ECOSYSTEM_COMBINED_PRO_CHAT_CORE_V1.zip
6491542	0.00	/Users/lordjef/Desktop/abraxasos/VAV_CONTINUITY_HUB/V14_UNIVERSAL/CHAT_PRO_UPLOADS/VAV_ECOSYSTEM_CHAT_PRO_CORE_V14_20260828_131637/03_REFERENCE_PACKS/VAV_PRO_CHAT_UPLOAD_STATIC_CORE_V13_READY.zip
66154344	0.00	/Users/lordjef/Desktop/abraxasos/VAV_CONTINUITY_HUB/V14_UNIVERSAL/CHAT_PRO_UPLOADS/VAV_ECOSYSTEM_CHAT_PRO_CORE_V14_20260828_131637/03_REFERENCE_PACKS/VAVMOTIONS_OFFICIAL_REFERENCE_REPO_V1_2026-08-28.zip
619	0.00	/Users/lordjef/Desktop/abraxasos/VAV_CONTINUITY_HUB/V14_UNIVERSAL/CHAT_PRO_UPLOADS/VAV_ECOSYSTEM_CHAT_PRO_CORE_V14_20260828_131637/03_REFERENCE_PACKS/VAVMOTIONS_OFFICIAL_VERIFICATION_REPORT.txt
653265	0.00	/Users/lordjef/Desktop/abraxasos/VAV_CONTINUITY_HUB/V14_UNIVERSAL/CHAT_PRO_UPLOADS/VAV_ECOSYSTEM_CHAT_PRO_CORE_V14_20260828_131637/03_REFERENCE_PACKS/VAVMOTIONS_STANDALONE_ANY_CHAT_CORE_V1.zip
66571552	0.03	/Users/lordjef/Desktop/abraxasos/VAV_CONTINUITY_HUB/V14_UNIVERSAL/CHAT_PRO_UPLOADS/VAV_MOTIONS_CHAT_PRO_CORE_V14_20260828_123828.zip
691	0.00	/Users/lordjef/Desktop/abraxasos/VAV_CONTINUITY_HUB/V14_UNIVERSAL/CHAT_PRO_UPLOADS/VAV_MOTIONS_CHAT_PRO_CORE_V14_20260828_123828/02_LOGIC/00_VAV_CORE_PRINCIPLES.txt
968	0.00	/Users/lordjef/Desktop/abraxasos/VAV_CONTINUITY_HUB/V14_UNIVERSAL/CHAT_PRO_UPLOADS/VAV_MOTIONS_CHAT_PRO_CORE_V14_20260828_123828/02_LOGIC/04_ABRAXAS_VISUAL_GRAMMAR.txt
676	0.00	/Users/lordjef/Desktop/abraxasos/VAV_CONTINUITY_HUB/V14_UNIVERSAL/CHAT_PRO_UPLOADS/VAV_MOTIONS_CHAT_PRO_CORE_V14_20260828_123828/02_LOGIC/05_CAPTION_HIERARCHY_AND_STYLE.txt
642	0.00	/Users/lordjef/Desktop/abraxasos/VAV_CONTINUITY_HUB/V14_UNIVERSAL/CHAT_PRO_UPLOADS/VAV_MOTIONS_CHAT_PRO_CORE_V14_20260828_123828/02_LOGIC/06_MOTION_GRAMMAR.txt
1104	0.00	/Users/lordjef/Desktop/abraxasos/VAV_CONTINUITY_HUB/V14_UNIVERSAL/CHAT_PRO_UPLOADS/VAV_MOTIONS_CHAT_PRO_CORE_V14_20260828_123828/02_LOGIC/07_VISION_SPATIAL_APPLE_STRATEGY.txt
614	0.00	/Users/lordjef/Desktop/abraxasos/VAV_CONTINUITY_HUB/V14_UNIVERSAL/CHAT_PRO_UPLOADS/VAV_MOTIONS_CHAT_PRO_CORE_V14_20260828_123828/02_LOGIC/09_CAPTIONS_MOTIONS_OWNERSHIP.txt
539	0.00	/Users/lordjef/Desktop/abraxasos/VAV_CONTINUITY_HUB/V14_UNIVERSAL/CHAT_PRO_UPLOADS/VAV_MOTIONS_CHAT_PRO_CORE_V14_20260828_123828/02_LOGIC/10_REMOTION_PARITY_GATE.txt
66154344	0.00	/Users/lordjef/Desktop/abraxasos/VAV_CONTINUITY_HUB/V14_UNIVERSAL/CHAT_PRO_UPLOADS/VAV_MOTIONS_CHAT_PRO_CORE_V14_20260828_123828/03_REFERENCE_PACKS/VAVMOTIONS_OFFICIAL_REFERENCE_REPO_V1_2026-08-28.zip
619	0.00	/Users/lordjef/Desktop/abraxasos/VAV_CONTINUITY_HUB/V14_UNIVERSAL/CHAT_PRO_UPLOADS/VAV_MOTIONS_CHAT_PRO_CORE_V14_20260828_123828/03_REFERENCE_PACKS/VAVMOTIONS_OFFICIAL_VERIFICATION_REPORT.txt
653265	0.00	/Users/lordjef/Desktop/abraxasos/VAV_CONTINUITY_HUB/V14_UNIVERSAL/CHAT_PRO_UPLOADS/VAV_MOTIONS_CHAT_PRO_CORE_V14_20260828_123828/03_REFERENCE_PACKS/VAVMOTIONS_STANDALONE_ANY_CHAT_CORE_V1.zip
66571552	0.03	/Users/lordjef/Desktop/abraxasos/VAV_CONTINUITY_HUB/V14_UNIVERSAL/CHAT_PRO_UPLOADS/VAV_MOTIONS_CHAT_PRO_CORE_V14_20260828_123844.zip
691	0.00	/Users/lordjef/Desktop/abraxasos/VAV_CONTINUITY_HUB/V14_UNIVERSAL/CHAT_PRO_UPLOADS/VAV_MOTIONS_CHAT_PRO_CORE_V14_20260828_123844/02_LOGIC/00_VAV_CORE_PRINCIPLES.txt
968	0.00	/Users/lordjef/Desktop/abraxasos/VAV_CONTINUITY_HUB/V14_UNIVERSAL/CHAT_PRO_UPLOADS/VAV_MOTIONS_CHAT_PRO_CORE_V14_20260828_123844/02_LOGIC/04_ABRAXAS_VISUAL_GRAMMAR.txt
676	0.00	/Users/lordjef/Desktop/abraxasos/VAV_CONTINUITY_HUB/V14_UNIVERSAL/CHAT_PRO_UPLOADS/VAV_MOTIONS_CHAT_PRO_CORE_V14_20260828_123844/02_LOGIC/05_CAPTION_HIERARCHY_AND_STYLE.txt
642	0.00	/Users/lordjef/Desktop/abraxasos/VAV_CONTINUITY_HUB/V14_UNIVERSAL/CHAT_PRO_UPLOADS/VAV_MOTIONS_CHAT_PRO_CORE_V14_20260828_123844/02_LOGIC/06_MOTION_GRAMMAR.txt
1104	0.00	/Users/lordjef/Desktop/abraxasos/VAV_CONTINUITY_HUB/V14_UNIVERSAL/CHAT_PRO_UPLOADS/VAV_MOTIONS_CHAT_PRO_CORE_V14_20260828_123844/02_LOGIC/07_VISION_SPATIAL_APPLE_STRATEGY.txt
614	0.00	/Users/lordjef/Desktop/abraxasos/VAV_CONTINUITY_HUB/V14_UNIVERSAL/CHAT_PRO_UPLOADS/VAV_MOTIONS_CHAT_PRO_CORE_V14_20260828_123844/02_LOGIC/09_CAPTIONS_MOTIONS_OWNERSHIP.txt
539	0.00	/Users/lordjef/Desktop/abraxasos/VAV_CONTINUITY_HUB/V14_UNIVERSAL/CHAT_PRO_UPLOADS/VAV_MOTIONS_CHAT_PRO_CORE_V14_20260828_123844/02_LOGIC/10_REMOTION_PARITY_GATE.txt
66154344	0.00	/Users/lordjef/Desktop/abraxasos/VAV_CONTINUITY_HUB/V14_UNIVERSAL/CHAT_PRO_UPLOADS/VAV_MOTIONS_CHAT_PRO_CORE_V14_20260828_123844/03_REFERENCE_PACKS/VAVMOTIONS_OFFICIAL_REFERENCE_REPO_V1_2026-08-28.zip
619	0.00	/Users/lordjef/Desktop/abraxasos/VAV_CONTINUITY_HUB/V14_UNIVERSAL/CHAT_PRO_UPLOADS/VAV_MOTIONS_CHAT_PRO_CORE_V14_20260828_123844/03_REFERENCE_PACKS/VAVMOTIONS_OFFICIAL_VERIFICATION_REPORT.txt
653265	0.00	/Users/lordjef/Desktop/abraxasos/VAV_CONTINUITY_HUB/V14_UNIVERSAL/CHAT_PRO_UPLOADS/VAV_MOTIONS_CHAT_PRO_CORE_V14_20260828_123844/03_REFERENCE_PACKS/VAVMOTIONS_STANDALONE_ANY_CHAT_CORE_V1.zip
66576201	0.00	/Users/lordjef/Desktop/abraxasos/VAV_CONTINUITY_HUB/V14_UNIVERSAL/CHAT_PRO_UPLOADS/VAV_MOTIONS_CHAT_PRO_CORE_V14_20260828_131635.zip
691	0.00	/Users/lordjef/Desktop/abraxasos/VAV_CONTINUITY_HUB/V14_UNIVERSAL/CHAT_PRO_UPLOADS/VAV_MOTIONS_CHAT_PRO_CORE_V14_20260828_131635/02_LOGIC/00_VAV_CORE_PRINCIPLES.txt
968	0.00	/Users/lordjef/Desktop/abraxasos/VAV_CONTINUITY_HUB/V14_UNIVERSAL/CHAT_PRO_UPLOADS/VAV_MOTIONS_CHAT_PRO_CORE_V14_20260828_131635/02_LOGIC/04_ABRAXAS_VISUAL_GRAMMAR.txt
676	0.00	/Users/lordjef/Desktop/abraxasos/VAV_CONTINUITY_HUB/V14_UNIVERSAL/CHAT_PRO_UPLOADS/VAV_MOTIONS_CHAT_PRO_CORE_V14_20260828_131635/02_LOGIC/05_CAPTION_HIERARCHY_AND_STYLE.txt
642	0.00	/Users/lordjef/Desktop/abraxasos/VAV_CONTINUITY_HUB/V14_UNIVERSAL/CHAT_PRO_UPLOADS/VAV_MOTIONS_CHAT_PRO_CORE_V14_20260828_131635/02_LOGIC/06_MOTION_GRAMMAR.txt
1104	0.00	/Users/lordjef/Desktop/abraxasos/VAV_CONTINUITY_HUB/V14_UNIVERSAL/CHAT_PRO_UPLOADS/VAV_MOTIONS_CHAT_PRO_CORE_V14_20260828_131635/02_LOGIC/07_VISION_SPATIAL_APPLE_STRATEGY.txt
614	0.00	/Users/lordjef/Desktop/abraxasos/VAV_CONTINUITY_HUB/V14_UNIVERSAL/CHAT_PRO_UPLOADS/VAV_MOTIONS_CHAT_PRO_CORE_V14_20260828_131635/02_LOGIC/09_CAPTIONS_MOTIONS_OWNERSHIP.txt
539	0.00	/Users/lordjef/Desktop/abraxasos/VAV_CONTINUITY_HUB/V14_UNIVERSAL/CHAT_PRO_UPLOADS/VAV_MOTIONS_CHAT_PRO_CORE_V14_20260828_131635/02_LOGIC/10_REMOTION_PARITY_GATE.txt
66154344	0.00	/Users/lordjef/Desktop/abraxasos/VAV_CONTINUITY_HUB/V14_UNIVERSAL/CHAT_PRO_UPLOADS/VAV_MOTIONS_CHAT_PRO_CORE_V14_20260828_131635/03_REFERENCE_PACKS/VAVMOTIONS_OFFICIAL_REFERENCE_REPO_V1_2026-08-28.zip
619	0.00	/Users/lordjef/Desktop/abraxasos/VAV_CONTINUITY_HUB/V14_UNIVERSAL/CHAT_PRO_UPLOADS/VAV_MOTIONS_CHAT_PRO_CORE_V14_20260828_131635/03_REFERENCE_PACKS/VAVMOTIONS_OFFICIAL_VERIFICATION_REPORT.txt
653265	0.00	/Users/lordjef/Desktop/abraxasos/VAV_CONTINUITY_HUB/V14_UNIVERSAL/CHAT_PRO_UPLOADS/VAV_MOTIONS_CHAT_PRO_CORE_V14_20260828_131635/03_REFERENCE_PACKS/VAVMOTIONS_STANDALONE_ANY_CHAT_CORE_V1.zip
126	0.00	/Users/lordjef/Desktop/abraxasos/VAV_CONTINUITY_HUB/V14_UNIVERSAL/LIVE_HANDOFFS/LATEST_LIVE_HANDOFF.txt
3009254	0.03	/Users/lordjef/Desktop/abraxasos/VAV_CONTINUITY_HUB/V14_UNIVERSAL/LIVE_HANDOFFS/VAV_LIVE_REPO_HANDOFF_V14_20260828_123804.zip
148	0.03	/Users/lordjef/Desktop/abraxasos/VAV_CONTINUITY_HUB/V14_UNIVERSAL/LIVE_HANDOFFS/VAV_LIVE_REPO_HANDOFF_V14_20260828_123804/00_READ_ME_FIRST.txt
299	0.78	/Users/lordjef/Desktop/abraxasos/VAV_CONTINUITY_HUB/V14_UNIVERSAL/LIVE_HANDOFFS/VAV_LIVE_REPO_HANDOFF_V14_20260828_123804/repo/apps/captions-desktop/index.html
1142	0.00	/Users/lordjef/Desktop/abraxasos/VAV_CONTINUITY_HUB/V14_UNIVERSAL/LIVE_HANDOFFS/VAV_LIVE_REPO_HANDOFF_V14_20260828_123804/repo/apps/captions-desktop/package.json
1263	0.74	/Users/lordjef/Desktop/abraxasos/VAV_CONTINUITY_HUB/V14_UNIVERSAL/LIVE_HANDOFFS/VAV_LIVE_REPO_HANDOFF_V14_20260828_123804/repo/apps/captions-desktop/src/CaptionDocumentPanel.tsx
303	0.78	/Users/lordjef/Desktop/abraxasos/VAV_CONTINUITY_HUB/V14_UNIVERSAL/LIVE_HANDOFFS/VAV_LIVE_REPO_HANDOFF_V14_20260828_123804/repo/apps/captions-desktop/vite.config.ts
2224	0.00	/Users/lordjef/Desktop/abraxasos/VAV_CONTINUITY_HUB/V14_UNIVERSAL/LIVE_HANDOFFS/VAV_LIVE_REPO_HANDOFF_V14_20260828_123804/repo/docs/abraxas/ABRAXAS_IMPORT_AND_GRAMMAR_V12.md
416	0.78	/Users/lordjef/Desktop/abraxasos/VAV_CONTINUITY_HUB/V14_UNIVERSAL/LIVE_HANDOFFS/VAV_LIVE_REPO_HANDOFF_V14_20260828_123804/repo/docs/architecture/CAPTION_DOCUMENT_VIEW_DECISION.md
825	0.78	/Users/lordjef/Desktop/abraxasos/VAV_CONTINUITY_HUB/V14_UNIVERSAL/LIVE_HANDOFFS/VAV_LIVE_REPO_HANDOFF_V14_20260828_123804/repo/docs/content-motion-bridge/00_READ_ME_FIRST.md
5988	0.78	/Users/lordjef/Desktop/abraxasos/VAV_CONTINUITY_HUB/V14_UNIVERSAL/LIVE_HANDOFFS/VAV_LIVE_REPO_HANDOFF_V14_20260828_123804/repo/docs/content-motion-bridge/01_TARGET_REPO_TREE.md
977	0.78	/Users/lordjef/Desktop/abraxasos/VAV_CONTINUITY_HUB/V14_UNIVERSAL/LIVE_HANDOFFS/VAV_LIVE_REPO_HANDOFF_V14_20260828_123804/repo/docs/content-motion-bridge/02_CORE_ARCHITECTURAL_RULES.md
921	0.78	/Users/lordjef/Desktop/abraxasos/VAV_CONTINUITY_HUB/V14_UNIVERSAL/LIVE_HANDOFFS/VAV_LIVE_REPO_HANDOFF_V14_20260828_123804/repo/docs/content-motion-bridge/03_FICHA_CONTENT_OS_BRIDGE.md
789	0.78	/Users/lordjef/Desktop/abraxasos/VAV_CONTINUITY_HUB/V14_UNIVERSAL/LIVE_HANDOFFS/VAV_LIVE_REPO_HANDOFF_V14_20260828_123804/repo/docs/content-motion-bridge/04_VISUAL_MOTION_VS_CAPTION_MOTION.md
1153	0.78	/Users/lordjef/Desktop/abraxasos/VAV_CONTINUITY_HUB/V14_UNIVERSAL/LIVE_HANDOFFS/VAV_LIVE_REPO_HANDOFF_V14_20260828_123804/repo/docs/content-motion-bridge/05_MOTION_CONTEXT_CONTRACT.md
2360	0.78	/Users/lordjef/Desktop/abraxasos/VAV_CONTINUITY_HUB/V14_UNIVERSAL/LIVE_HANDOFFS/VAV_LIVE_REPO_HANDOFF_V14_20260828_123804/repo/docs/content-motion-bridge/06_CAPTION_RESPONSE_POLICIES_BY_MOTION.md
1117	0.78	/Users/lordjef/Desktop/abraxasos/VAV_CONTINUITY_HUB/V14_UNIVERSAL/LIVE_HANDOFFS/VAV_LIVE_REPO_HANDOFF_V14_20260828_123804/repo/docs/content-motion-bridge/07_CONTENT_INTENT_IMPORT.md
748	0.78	/Users/lordjef/Desktop/abraxasos/VAV_CONTINUITY_HUB/V14_UNIVERSAL/LIVE_HANDOFFS/VAV_LIVE_REPO_HANDOFF_V14_20260828_123804/repo/docs/content-motion-bridge/08_SOURCE_TIMELINE_TIME_MAP.md
1098	0.78	/Users/lordjef/Desktop/abraxasos/VAV_CONTINUITY_HUB/V14_UNIVERSAL/LIVE_HANDOFFS/VAV_LIVE_REPO_HANDOFF_V14_20260828_123804/repo/docs/content-motion-bridge/09_DUAL_AND_TRIPLE_WORKFLOW.md
793	0.78	/Users/lordjef/Desktop/abraxasos/VAV_CONTINUITY_HUB/V14_UNIVERSAL/LIVE_HANDOFFS/VAV_LIVE_REPO_HANDOFF_V14_20260828_123804/repo/docs/content-motion-bridge/10_CAPTION_COMPILER_PIPELINE.md
743	0.78	/Users/lordjef/Desktop/abraxasos/VAV_CONTINUITY_HUB/V14_UNIVERSAL/LIVE_HANDOFFS/VAV_LIVE_REPO_HANDOFF_V14_20260828_123804/repo/docs/content-motion-bridge/11_MODULE_GRAPH_AND_INVALIDATION.md
771	0.78	/Users/lordjef/Desktop/abraxasos/VAV_CONTINUITY_HUB/V14_UNIVERSAL/LIVE_HANDOFFS/VAV_LIVE_REPO_HANDOFF_V14_20260828_123804/repo/docs/content-motion-bridge/12_INTERCHANGE_CONTRACTS.md
1448	0.78	/Users/lordjef/Desktop/abraxasos/VAV_CONTINUITY_HUB/V14_UNIVERSAL/LIVE_HANDOFFS/VAV_LIVE_REPO_HANDOFF_V14_20260828_123804/repo/docs/content-motion-bridge/13_MOTION_MANIFEST_EXAMPLE.json
877	0.78	/Users/lordjef/Desktop/abraxasos/VAV_CONTINUITY_HUB/V14_UNIVERSAL/LIVE_HANDOFFS/VAV_LIVE_REPO_HANDOFF_V14_20260828_123804/repo/docs/content-motion-bridge/14_CONTENT_INTENT_EXAMPLE.json
821	0.78	/Users/lordjef/Desktop/abraxasos/VAV_CONTINUITY_HUB/V14_UNIVERSAL/LIVE_HANDOFFS/VAV_LIVE_REPO_HANDOFF_V14_20260828_123804/repo/docs/content-motion-bridge/15_RECOMMENDED_DEFAULT_WORKFLOW.md
610	0.78	/Users/lordjef/Desktop/abraxasos/VAV_CONTINUITY_HUB/V14_UNIVERSAL/LIVE_HANDOFFS/VAV_LIVE_REPO_HANDOFF_V14_20260828_123804/repo/docs/content-motion-bridge/16_SCOPE_BOUNDARIES.md
748	0.78	/Users/lordjef/Desktop/abraxasos/VAV_CONTINUITY_HUB/V14_UNIVERSAL/LIVE_HANDOFFS/VAV_LIVE_REPO_HANDOFF_V14_20260828_123804/repo/docs/content-motion-bridge/17_ROADMAP_V10.md
555	0.78	/Users/lordjef/Desktop/abraxasos/VAV_CONTINUITY_HUB/V14_UNIVERSAL/LIVE_HANDOFFS/VAV_LIVE_REPO_HANDOFF_V14_20260828_123804/repo/docs/content-motion-bridge/ARCHITECTURE_MANIFEST.json
633	0.74	/Users/lordjef/Desktop/abraxasos/VAV_CONTINUITY_HUB/V14_UNIVERSAL/LIVE_HANDOFFS/VAV_LIVE_REPO_HANDOFF_V14_20260828_123804/repo/docs/continuity/C01_5_INTERACTIVE_UI.md
9503	0.70	/Users/lordjef/Desktop/abraxasos/VAV_CONTINUITY_HUB/V14_UNIVERSAL/LIVE_HANDOFFS/VAV_LIVE_REPO_HANDOFF_V14_20260828_123804/repo/docs/full-alpha/VAV_CAPTIONS_FULL_UPGRADE_MASTER_PROMPT.txt
424	0.78	/Users/lordjef/Desktop/abraxasos/VAV_CONTINUITY_HUB/V14_UNIVERSAL/LIVE_HANDOFFS/VAV_LIVE_REPO_HANDOFF_V14_20260828_123804/repo/docs/pro-editor-foundation/07_CAPTION_TRACKS_AND_IMPORT_EXPORT.md
693	0.78	/Users/lordjef/Desktop/abraxasos/VAV_CONTINUITY_HUB/V14_UNIVERSAL/LIVE_HANDOFFS/VAV_LIVE_REPO_HANDOFF_V14_20260828_123804/repo/docs/pro-editor-foundation/10_FUTURE_VAV_TOOLS_OUT_OF_SCOPE.md
693	0.78	/Users/lordjef/Desktop/abraxasos/VAV_CONTINUITY_HUB/V14_UNIVERSAL/LIVE_HANDOFFS/VAV_LIVE_REPO_HANDOFF_V14_20260828_123804/repo/docs/product/FUTURE_VAV_TOOLS_OUT_OF_SCOPE.md
2450	0.00	/Users/lordjef/Desktop/abraxasos/VAV_CONTINUITY_HUB/V14_UNIVERSAL/LIVE_HANDOFFS/VAV_LIVE_REPO_HANDOFF_V14_20260828_123804/repo/docs/roadmap/VAV_ROADMAP_V12.md
529	0.78	/Users/lordjef/Desktop/abraxasos/VAV_CONTINUITY_HUB/V14_UNIVERSAL/LIVE_HANDOFFS/VAV_LIVE_REPO_HANDOFF_V14_20260828_123804/repo/docs/ui-canon/06_MOTION_INTERACTION.md
568	0.78	/Users/lordjef/Desktop/abraxasos/VAV_CONTINUITY_HUB/V14_UNIVERSAL/LIVE_HANDOFFS/VAV_LIVE_REPO_HANDOFF_V14_20260828_123804/repo/docs/ui-canon/10_ABRAXAS_ADAPTATION.md
1297	0.78	/Users/lordjef/Desktop/abraxasos/VAV_CONTINUITY_HUB/V14_UNIVERSAL/LIVE_HANDOFFS/VAV_LIVE_REPO_HANDOFF_V14_20260828_123804/repo/docs/ui-canon/12_CAPTION_DOCUMENT_VIEW.md
43596	0.78	/Users/lordjef/Desktop/abraxasos/VAV_CONTINUITY_HUB/V14_UNIVERSAL/LIVE_HANDOFFS/VAV_LIVE_REPO_HANDOFF_V14_20260828_123804/repo/docs/ui-canon/source-materials/ABRAXAS_HTML_WORKFLOW_v4.3.4_FINAL (1)(1).zip
2207	0.00	/Users/lordjef/Desktop/abraxasos/VAV_CONTINUITY_HUB/V14_UNIVERSAL/LIVE_HANDOFFS/VAV_LIVE_REPO_HANDOFF_V14_20260828_123804/repo/docs/vision/VAV_VISION_SPATIAL_ROADMAP_V12.md
286	0.00	/Users/lordjef/Desktop/abraxasos/VAV_CONTINUITY_HUB/V14_UNIVERSAL/LIVE_HANDOFFS/VAV_LIVE_REPO_HANDOFF_V14_20260828_123804/repo/native/vav-vision-macos/BUILD.command
700	0.00	/Users/lordjef/Desktop/abraxasos/VAV_CONTINUITY_HUB/V14_UNIVERSAL/LIVE_HANDOFFS/VAV_LIVE_REPO_HANDOFF_V14_20260828_123804/repo/native/vav-vision-macos/README.md
132	0.00	/Users/lordjef/Desktop/abraxasos/VAV_CONTINUITY_HUB/V14_UNIVERSAL/LIVE_HANDOFFS/VAV_LIVE_REPO_HANDOFF_V14_20260828_123804/repo/packages/abraxas-import/package.json
205	0.78	/Users/lordjef/Desktop/abraxasos/VAV_CONTINUITY_HUB/V14_UNIVERSAL/LIVE_HANDOFFS/VAV_LIVE_REPO_HANDOFF_V14_20260828_123804/repo/packages/caption-compiler/package.json
131	0.78	/Users/lordjef/Desktop/abraxasos/VAV_CONTINUITY_HUB/V14_UNIVERSAL/LIVE_HANDOFFS/VAV_LIVE_REPO_HANDOFF_V14_20260828_123804/repo/packages/caption-domain/package.json
135	0.00	/Users/lordjef/Desktop/abraxasos/VAV_CONTINUITY_HUB/V14_UNIVERSAL/LIVE_HANDOFFS/VAV_LIVE_REPO_HANDOFF_V14_20260828_123804/repo/packages/caption-hierarchy/package.json
131	0.78	/Users/lordjef/Desktop/abraxasos/VAV_CONTINUITY_HUB/V14_UNIVERSAL/LIVE_HANDOFFS/VAV_LIVE_REPO_HANDOFF_V14_20260828_123804/repo/packages/caption-layout/package.json
198	0.00	/Users/lordjef/Desktop/abraxasos/VAV_CONTINUITY_HUB/V14_UNIVERSAL/LIVE_HANDOFFS/VAV_LIVE_REPO_HANDOFF_V14_20260828_123804/repo/packages/caption-motion/package.json
198	0.00	/Users/lordjef/Desktop/abraxasos/VAV_CONTINUITY_HUB/V14_UNIVERSAL/LIVE_HANDOFFS/VAV_LIVE_REPO_HANDOFF_V14_20260828_123804/repo/packages/caption-styles/package.json
131	0.78	/Users/lordjef/Desktop/abraxasos/VAV_CONTINUITY_HUB/V14_UNIVERSAL/LIVE_HANDOFFS/VAV_LIVE_REPO_HANDOFF_V14_20260828_123804/repo/packages/caption-tracks/package.json
210	0.78	/Users/lordjef/Desktop/abraxasos/VAV_CONTINUITY_HUB/V14_UNIVERSAL/LIVE_HANDOFFS/VAV_LIVE_REPO_HANDOFF_V14_20260828_123804/repo/packages/motion-caption-policy/package.json
668	0.00	/Users/lordjef/Desktop/abraxasos/VAV_CONTINUITY_HUB/V14_UNIVERSAL/LIVE_HANDOFFS/VAV_LIVE_REPO_HANDOFF_V14_20260828_123804/repo/packages/remotion-composition/package.json
1428	0.78	/Users/lordjef/Desktop/abraxasos/VAV_CONTINUITY_HUB/V14_UNIVERSAL/LIVE_HANDOFFS/VAV_LIVE_REPO_HANDOFF_V14_20260828_123804/repo/packages/remotion-composition/src/CaptionDemoComposition.tsx
9106	0.00	/Users/lordjef/Desktop/abraxasos/VAV_CONTINUITY_HUB/V14_UNIVERSAL/LIVE_HANDOFFS/VAV_LIVE_REPO_HANDOFF_V14_20260828_123804/repo/packages/remotion-composition/src/VavCaptionComposition.tsx
171	0.78	/Users/lordjef/Desktop/abraxasos/VAV_CONTINUITY_HUB/V14_UNIVERSAL/LIVE_HANDOFFS/VAV_LIVE_REPO_HANDOFF_V14_20260828_123804/repo/packages/vav-schema/package.json
134	0.00	/Users/lordjef/Desktop/abraxasos/VAV_CONTINUITY_HUB/V14_UNIVERSAL/LIVE_HANDOFFS/VAV_LIVE_REPO_HANDOFF_V14_20260828_123804/repo/packages/vision-contracts/package.json
202	0.77	/Users/lordjef/Desktop/abraxasos/VAV_CONTINUITY_HUB/V14_UNIVERSAL/LIVE_HANDOFFS/VAV_LIVE_REPO_HANDOFF_V14_20260828_123804/repo/packages/visual-motion-domain/package.json
2063	0.00	/Users/lordjef/Desktop/abraxasos/VAV_CONTINUITY_HUB/V14_UNIVERSAL/LIVE_HANDOFFS/VAV_LIVE_REPO_HANDOFF_V14_20260828_123804/repo/README_VAV_PROGRESS.md
167	0.78	/Users/lordjef/Desktop/abraxasos/VAV_CONTINUITY_HUB/V14_UNIVERSAL/LIVE_HANDOFFS/VAV_LIVE_REPO_HANDOFF_V14_20260828_123804/repo/RUN_VAV_DEV.command
1448	0.78	/Users/lordjef/Desktop/abraxasos/VAV_CONTINUITY_HUB/V14_UNIVERSAL/LIVE_HANDOFFS/VAV_LIVE_REPO_HANDOFF_V14_20260828_123804/repo/schemas/interchange/vav-motion-manifest.example.json
1198	0.78	/Users/lordjef/Desktop/abraxasos/VAV_CONTINUITY_HUB/V14_UNIVERSAL/LIVE_HANDOFFS/VAV_LIVE_REPO_HANDOFF_V14_20260828_123804/repo/scripts/check-content-motion-bridge.mjs
8670	0.00	/Users/lordjef/Desktop/abraxasos/VAV_CONTINUITY_HUB/V14_UNIVERSAL/LIVE_HANDOFFS/VAV_LIVE_REPO_HANDOFF_V14_20260828_123804/repo/scripts/providers/install-vision-providers-macos.command
684	0.00	/Users/lordjef/Desktop/abraxasos/VAV_CONTINUITY_HUB/V14_UNIVERSAL/LIVE_HANDOFFS/VAV_LIVE_REPO_HANDOFF_V14_20260828_123804/repo/services/local-engine/src/abraxas-registry.test.ts
4834	0.00	/Users/lordjef/Desktop/abraxasos/VAV_CONTINUITY_HUB/V14_UNIVERSAL/LIVE_HANDOFFS/VAV_LIVE_REPO_HANDOFF_V14_20260828_123804/repo/services/local-engine/src/abraxas-registry.ts
4884	0.00	/Users/lordjef/Desktop/abraxasos/VAV_CONTINUITY_HUB/V14_UNIVERSAL/LIVE_HANDOFFS/VAV_LIVE_REPO_HANDOFF_V14_20260828_123804/repo/services/local-engine/src/vision-capabilities.ts
1318	0.00	/Users/lordjef/Desktop/abraxasos/VAV_CONTINUITY_HUB/V14_UNIVERSAL/LIVE_HANDOFFS/VAV_LIVE_REPO_HANDOFF_V14_20260828_123804/repo/VAV_CONTINUITY_STATE.json
3009254	0.03	/Users/lordjef/Desktop/abraxasos/VAV_CONTINUITY_HUB/V14_UNIVERSAL/LIVE_HANDOFFS/VAV_LIVE_REPO_HANDOFF_V14_20260828_123900.zip
148	0.03	/Users/lordjef/Desktop/abraxasos/VAV_CONTINUITY_HUB/V14_UNIVERSAL/LIVE_HANDOFFS/VAV_LIVE_REPO_HANDOFF_V14_20260828_123900/00_READ_ME_FIRST.txt
299	0.78	/Users/lordjef/Desktop/abraxasos/VAV_CONTINUITY_HUB/V14_UNIVERSAL/LIVE_HANDOFFS/VAV_LIVE_REPO_HANDOFF_V14_20260828_123900/repo/apps/captions-desktop/index.html
1142	0.00	/Users/lordjef/Desktop/abraxasos/VAV_CONTINUITY_HUB/V14_UNIVERSAL/LIVE_HANDOFFS/VAV_LIVE_REPO_HANDOFF_V14_20260828_123900/repo/apps/captions-desktop/package.json
1263	0.74	/Users/lordjef/Desktop/abraxasos/VAV_CONTINUITY_HUB/V14_UNIVERSAL/LIVE_HANDOFFS/VAV_LIVE_REPO_HANDOFF_V14_20260828_123900/repo/apps/captions-desktop/src/CaptionDocumentPanel.tsx
303	0.78	/Users/lordjef/Desktop/abraxasos/VAV_CONTINUITY_HUB/V14_UNIVERSAL/LIVE_HANDOFFS/VAV_LIVE_REPO_HANDOFF_V14_20260828_123900/repo/apps/captions-desktop/vite.config.ts
2224	0.00	/Users/lordjef/Desktop/abraxasos/VAV_CONTINUITY_HUB/V14_UNIVERSAL/LIVE_HANDOFFS/VAV_LIVE_REPO_HANDOFF_V14_20260828_123900/repo/docs/abraxas/ABRAXAS_IMPORT_AND_GRAMMAR_V12.md
416	0.78	/Users/lordjef/Desktop/abraxasos/VAV_CONTINUITY_HUB/V14_UNIVERSAL/LIVE_HANDOFFS/VAV_LIVE_REPO_HANDOFF_V14_20260828_123900/repo/docs/architecture/CAPTION_DOCUMENT_VIEW_DECISION.md
825	0.78	/Users/lordjef/Desktop/abraxasos/VAV_CONTINUITY_HUB/V14_UNIVERSAL/LIVE_HANDOFFS/VAV_LIVE_REPO_HANDOFF_V14_20260828_123900/repo/docs/content-motion-bridge/00_READ_ME_FIRST.md
5988	0.78	/Users/lordjef/Desktop/abraxasos/VAV_CONTINUITY_HUB/V14_UNIVERSAL/LIVE_HANDOFFS/VAV_LIVE_REPO_HANDOFF_V14_20260828_123900/repo/docs/content-motion-bridge/01_TARGET_REPO_TREE.md
977	0.78	/Users/lordjef/Desktop/abraxasos/VAV_CONTINUITY_HUB/V14_UNIVERSAL/LIVE_HANDOFFS/VAV_LIVE_REPO_HANDOFF_V14_20260828_123900/repo/docs/content-motion-bridge/02_CORE_ARCHITECTURAL_RULES.md
921	0.78	/Users/lordjef/Desktop/abraxasos/VAV_CONTINUITY_HUB/V14_UNIVERSAL/LIVE_HANDOFFS/VAV_LIVE_REPO_HANDOFF_V14_20260828_123900/repo/docs/content-motion-bridge/03_FICHA_CONTENT_OS_BRIDGE.md
789	0.78	/Users/lordjef/Desktop/abraxasos/VAV_CONTINUITY_HUB/V14_UNIVERSAL/LIVE_HANDOFFS/VAV_LIVE_REPO_HANDOFF_V14_20260828_123900/repo/docs/content-motion-bridge/04_VISUAL_MOTION_VS_CAPTION_MOTION.md
1153	0.78	/Users/lordjef/Desktop/abraxasos/VAV_CONTINUITY_HUB/V14_UNIVERSAL/LIVE_HANDOFFS/VAV_LIVE_REPO_HANDOFF_V14_20260828_123900/repo/docs/content-motion-bridge/05_MOTION_CONTEXT_CONTRACT.md
2360	0.78	/Users/lordjef/Desktop/abraxasos/VAV_CONTINUITY_HUB/V14_UNIVERSAL/LIVE_HANDOFFS/VAV_LIVE_REPO_HANDOFF_V14_20260828_123900/repo/docs/content-motion-bridge/06_CAPTION_RESPONSE_POLICIES_BY_MOTION.md
1117	0.78	/Users/lordjef/Desktop/abraxasos/VAV_CONTINUITY_HUB/V14_UNIVERSAL/LIVE_HANDOFFS/VAV_LIVE_REPO_HANDOFF_V14_20260828_123900/repo/docs/content-motion-bridge/07_CONTENT_INTENT_IMPORT.md
748	0.78	/Users/lordjef/Desktop/abraxasos/VAV_CONTINUITY_HUB/V14_UNIVERSAL/LIVE_HANDOFFS/VAV_LIVE_REPO_HANDOFF_V14_20260828_123900/repo/docs/content-motion-bridge/08_SOURCE_TIMELINE_TIME_MAP.md
1098	0.78	/Users/lordjef/Desktop/abraxasos/VAV_CONTINUITY_HUB/V14_UNIVERSAL/LIVE_HANDOFFS/VAV_LIVE_REPO_HANDOFF_V14_20260828_123900/repo/docs/content-motion-bridge/09_DUAL_AND_TRIPLE_WORKFLOW.md
793	0.78	/Users/lordjef/Desktop/abraxasos/VAV_CONTINUITY_HUB/V14_UNIVERSAL/LIVE_HANDOFFS/VAV_LIVE_REPO_HANDOFF_V14_20260828_123900/repo/docs/content-motion-bridge/10_CAPTION_COMPILER_PIPELINE.md
743	0.78	/Users/lordjef/Desktop/abraxasos/VAV_CONTINUITY_HUB/V14_UNIVERSAL/LIVE_HANDOFFS/VAV_LIVE_REPO_HANDOFF_V14_20260828_123900/repo/docs/content-motion-bridge/11_MODULE_GRAPH_AND_INVALIDATION.md
771	0.78	/Users/lordjef/Desktop/abraxasos/VAV_CONTINUITY_HUB/V14_UNIVERSAL/LIVE_HANDOFFS/VAV_LIVE_REPO_HANDOFF_V14_20260828_123900/repo/docs/content-motion-bridge/12_INTERCHANGE_CONTRACTS.md
1448	0.78	/Users/lordjef/Desktop/abraxasos/VAV_CONTINUITY_HUB/V14_UNIVERSAL/LIVE_HANDOFFS/VAV_LIVE_REPO_HANDOFF_V14_20260828_123900/repo/docs/content-motion-bridge/13_MOTION_MANIFEST_EXAMPLE.json
877	0.78	/Users/lordjef/Desktop/abraxasos/VAV_CONTINUITY_HUB/V14_UNIVERSAL/LIVE_HANDOFFS/VAV_LIVE_REPO_HANDOFF_V14_20260828_123900/repo/docs/content-motion-bridge/14_CONTENT_INTENT_EXAMPLE.json
821	0.78	/Users/lordjef/Desktop/abraxasos/VAV_CONTINUITY_HUB/V14_UNIVERSAL/LIVE_HANDOFFS/VAV_LIVE_REPO_HANDOFF_V14_20260828_123900/repo/docs/content-motion-bridge/15_RECOMMENDED_DEFAULT_WORKFLOW.md
610	0.78	/Users/lordjef/Desktop/abraxasos/VAV_CONTINUITY_HUB/V14_UNIVERSAL/LIVE_HANDOFFS/VAV_LIVE_REPO_HANDOFF_V14_20260828_123900/repo/docs/content-motion-bridge/16_SCOPE_BOUNDARIES.md
748	0.78	/Users/lordjef/Desktop/abraxasos/VAV_CONTINUITY_HUB/V14_UNIVERSAL/LIVE_HANDOFFS/VAV_LIVE_REPO_HANDOFF_V14_20260828_123900/repo/docs/content-motion-bridge/17_ROADMAP_V10.md
555	0.78	/Users/lordjef/Desktop/abraxasos/VAV_CONTINUITY_HUB/V14_UNIVERSAL/LIVE_HANDOFFS/VAV_LIVE_REPO_HANDOFF_V14_20260828_123900/repo/docs/content-motion-bridge/ARCHITECTURE_MANIFEST.json
633	0.74	/Users/lordjef/Desktop/abraxasos/VAV_CONTINUITY_HUB/V14_UNIVERSAL/LIVE_HANDOFFS/VAV_LIVE_REPO_HANDOFF_V14_20260828_123900/repo/docs/continuity/C01_5_INTERACTIVE_UI.md
9503	0.70	/Users/lordjef/Desktop/abraxasos/VAV_CONTINUITY_HUB/V14_UNIVERSAL/LIVE_HANDOFFS/VAV_LIVE_REPO_HANDOFF_V14_20260828_123900/repo/docs/full-alpha/VAV_CAPTIONS_FULL_UPGRADE_MASTER_PROMPT.txt
424	0.78	/Users/lordjef/Desktop/abraxasos/VAV_CONTINUITY_HUB/V14_UNIVERSAL/LIVE_HANDOFFS/VAV_LIVE_REPO_HANDOFF_V14_20260828_123900/repo/docs/pro-editor-foundation/07_CAPTION_TRACKS_AND_IMPORT_EXPORT.md
693	0.78	/Users/lordjef/Desktop/abraxasos/VAV_CONTINUITY_HUB/V14_UNIVERSAL/LIVE_HANDOFFS/VAV_LIVE_REPO_HANDOFF_V14_20260828_123900/repo/docs/pro-editor-foundation/10_FUTURE_VAV_TOOLS_OUT_OF_SCOPE.md
693	0.78	/Users/lordjef/Desktop/abraxasos/VAV_CONTINUITY_HUB/V14_UNIVERSAL/LIVE_HANDOFFS/VAV_LIVE_REPO_HANDOFF_V14_20260828_123900/repo/docs/product/FUTURE_VAV_TOOLS_OUT_OF_SCOPE.md
2450	0.00	/Users/lordjef/Desktop/abraxasos/VAV_CONTINUITY_HUB/V14_UNIVERSAL/LIVE_HANDOFFS/VAV_LIVE_REPO_HANDOFF_V14_20260828_123900/repo/docs/roadmap/VAV_ROADMAP_V12.md
529	0.78	/Users/lordjef/Desktop/abraxasos/VAV_CONTINUITY_HUB/V14_UNIVERSAL/LIVE_HANDOFFS/VAV_LIVE_REPO_HANDOFF_V14_20260828_123900/repo/docs/ui-canon/06_MOTION_INTERACTION.md
568	0.78	/Users/lordjef/Desktop/abraxasos/VAV_CONTINUITY_HUB/V14_UNIVERSAL/LIVE_HANDOFFS/VAV_LIVE_REPO_HANDOFF_V14_20260828_123900/repo/docs/ui-canon/10_ABRAXAS_ADAPTATION.md
1297	0.78	/Users/lordjef/Desktop/abraxasos/VAV_CONTINUITY_HUB/V14_UNIVERSAL/LIVE_HANDOFFS/VAV_LIVE_REPO_HANDOFF_V14_20260828_123900/repo/docs/ui-canon/12_CAPTION_DOCUMENT_VIEW.md
43596	0.78	/Users/lordjef/Desktop/abraxasos/VAV_CONTINUITY_HUB/V14_UNIVERSAL/LIVE_HANDOFFS/VAV_LIVE_REPO_HANDOFF_V14_20260828_123900/repo/docs/ui-canon/source-materials/ABRAXAS_HTML_WORKFLOW_v4.3.4_FINAL (1)(1).zip
2207	0.00	/Users/lordjef/Desktop/abraxasos/VAV_CONTINUITY_HUB/V14_UNIVERSAL/LIVE_HANDOFFS/VAV_LIVE_REPO_HANDOFF_V14_20260828_123900/repo/docs/vision/VAV_VISION_SPATIAL_ROADMAP_V12.md
286	0.00	/Users/lordjef/Desktop/abraxasos/VAV_CONTINUITY_HUB/V14_UNIVERSAL/LIVE_HANDOFFS/VAV_LIVE_REPO_HANDOFF_V14_20260828_123900/repo/native/vav-vision-macos/BUILD.command
700	0.00	/Users/lordjef/Desktop/abraxasos/VAV_CONTINUITY_HUB/V14_UNIVERSAL/LIVE_HANDOFFS/VAV_LIVE_REPO_HANDOFF_V14_20260828_123900/repo/native/vav-vision-macos/README.md
132	0.00	/Users/lordjef/Desktop/abraxasos/VAV_CONTINUITY_HUB/V14_UNIVERSAL/LIVE_HANDOFFS/VAV_LIVE_REPO_HANDOFF_V14_20260828_123900/repo/packages/abraxas-import/package.json
205	0.78	/Users/lordjef/Desktop/abraxasos/VAV_CONTINUITY_HUB/V14_UNIVERSAL/LIVE_HANDOFFS/VAV_LIVE_REPO_HANDOFF_V14_20260828_123900/repo/packages/caption-compiler/package.json
131	0.78	/Users/lordjef/Desktop/abraxasos/VAV_CONTINUITY_HUB/V14_UNIVERSAL/LIVE_HANDOFFS/VAV_LIVE_REPO_HANDOFF_V14_20260828_123900/repo/packages/caption-domain/package.json
135	0.00	/Users/lordjef/Desktop/abraxasos/VAV_CONTINUITY_HUB/V14_UNIVERSAL/LIVE_HANDOFFS/VAV_LIVE_REPO_HANDOFF_V14_20260828_123900/repo/packages/caption-hierarchy/package.json
131	0.78	/Users/lordjef/Desktop/abraxasos/VAV_CONTINUITY_HUB/V14_UNIVERSAL/LIVE_HANDOFFS/VAV_LIVE_REPO_HANDOFF_V14_20260828_123900/repo/packages/caption-layout/package.json
198	0.00	/Users/lordjef/Desktop/abraxasos/VAV_CONTINUITY_HUB/V14_UNIVERSAL/LIVE_HANDOFFS/VAV_LIVE_REPO_HANDOFF_V14_20260828_123900/repo/packages/caption-motion/package.json
198	0.00	/Users/lordjef/Desktop/abraxasos/VAV_CONTINUITY_HUB/V14_UNIVERSAL/LIVE_HANDOFFS/VAV_LIVE_REPO_HANDOFF_V14_20260828_123900/repo/packages/caption-styles/package.json
131	0.78	/Users/lordjef/Desktop/abraxasos/VAV_CONTINUITY_HUB/V14_UNIVERSAL/LIVE_HANDOFFS/VAV_LIVE_REPO_HANDOFF_V14_20260828_123900/repo/packages/caption-tracks/package.json
210	0.78	/Users/lordjef/Desktop/abraxasos/VAV_CONTINUITY_HUB/V14_UNIVERSAL/LIVE_HANDOFFS/VAV_LIVE_REPO_HANDOFF_V14_20260828_123900/repo/packages/motion-caption-policy/package.json
668	0.00	/Users/lordjef/Desktop/abraxasos/VAV_CONTINUITY_HUB/V14_UNIVERSAL/LIVE_HANDOFFS/VAV_LIVE_REPO_HANDOFF_V14_20260828_123900/repo/packages/remotion-composition/package.json
1428	0.78	/Users/lordjef/Desktop/abraxasos/VAV_CONTINUITY_HUB/V14_UNIVERSAL/LIVE_HANDOFFS/VAV_LIVE_REPO_HANDOFF_V14_20260828_123900/repo/packages/remotion-composition/src/CaptionDemoComposition.tsx
9106	0.00	/Users/lordjef/Desktop/abraxasos/VAV_CONTINUITY_HUB/V14_UNIVERSAL/LIVE_HANDOFFS/VAV_LIVE_REPO_HANDOFF_V14_20260828_123900/repo/packages/remotion-composition/src/VavCaptionComposition.tsx
171	0.78	/Users/lordjef/Desktop/abraxasos/VAV_CONTINUITY_HUB/V14_UNIVERSAL/LIVE_HANDOFFS/VAV_LIVE_REPO_HANDOFF_V14_20260828_123900/repo/packages/vav-schema/package.json
134	0.00	/Users/lordjef/Desktop/abraxasos/VAV_CONTINUITY_HUB/V14_UNIVERSAL/LIVE_HANDOFFS/VAV_LIVE_REPO_HANDOFF_V14_20260828_123900/repo/packages/vision-contracts/package.json
202	0.77	/Users/lordjef/Desktop/abraxasos/VAV_CONTINUITY_HUB/V14_UNIVERSAL/LIVE_HANDOFFS/VAV_LIVE_REPO_HANDOFF_V14_20260828_123900/repo/packages/visual-motion-domain/package.json
2063	0.00	/Users/lordjef/Desktop/abraxasos/VAV_CONTINUITY_HUB/V14_UNIVERSAL/LIVE_HANDOFFS/VAV_LIVE_REPO_HANDOFF_V14_20260828_123900/repo/README_VAV_PROGRESS.md
167	0.78	/Users/lordjef/Desktop/abraxasos/VAV_CONTINUITY_HUB/V14_UNIVERSAL/LIVE_HANDOFFS/VAV_LIVE_REPO_HANDOFF_V14_20260828_123900/repo/RUN_VAV_DEV.command
1448	0.78	/Users/lordjef/Desktop/abraxasos/VAV_CONTINUITY_HUB/V14_UNIVERSAL/LIVE_HANDOFFS/VAV_LIVE_REPO_HANDOFF_V14_20260828_123900/repo/schemas/interchange/vav-motion-manifest.example.json
1198	0.78	/Users/lordjef/Desktop/abraxasos/VAV_CONTINUITY_HUB/V14_UNIVERSAL/LIVE_HANDOFFS/VAV_LIVE_REPO_HANDOFF_V14_20260828_123900/repo/scripts/check-content-motion-bridge.mjs
8670	0.00	/Users/lordjef/Desktop/abraxasos/VAV_CONTINUITY_HUB/V14_UNIVERSAL/LIVE_HANDOFFS/VAV_LIVE_REPO_HANDOFF_V14_20260828_123900/repo/scripts/providers/install-vision-providers-macos.command
684	0.00	/Users/lordjef/Desktop/abraxasos/VAV_CONTINUITY_HUB/V14_UNIVERSAL/LIVE_HANDOFFS/VAV_LIVE_REPO_HANDOFF_V14_20260828_123900/repo/services/local-engine/src/abraxas-registry.test.ts
4834	0.00	/Users/lordjef/Desktop/abraxasos/VAV_CONTINUITY_HUB/V14_UNIVERSAL/LIVE_HANDOFFS/VAV_LIVE_REPO_HANDOFF_V14_20260828_123900/repo/services/local-engine/src/abraxas-registry.ts
4884	0.00	/Users/lordjef/Desktop/abraxasos/VAV_CONTINUITY_HUB/V14_UNIVERSAL/LIVE_HANDOFFS/VAV_LIVE_REPO_HANDOFF_V14_20260828_123900/repo/services/local-engine/src/vision-capabilities.ts
1318	0.00	/Users/lordjef/Desktop/abraxasos/VAV_CONTINUITY_HUB/V14_UNIVERSAL/LIVE_HANDOFFS/VAV_LIVE_REPO_HANDOFF_V14_20260828_123900/repo/VAV_CONTINUITY_STATE.json
3010300	0.00	/Users/lordjef/Desktop/abraxasos/VAV_CONTINUITY_HUB/V14_UNIVERSAL/LIVE_HANDOFFS/VAV_LIVE_REPO_HANDOFF_V14_20260828_131633.zip
148	0.00	/Users/lordjef/Desktop/abraxasos/VAV_CONTINUITY_HUB/V14_UNIVERSAL/LIVE_HANDOFFS/VAV_LIVE_REPO_HANDOFF_V14_20260828_131633/00_READ_ME_FIRST.txt
299	0.78	/Users/lordjef/Desktop/abraxasos/VAV_CONTINUITY_HUB/V14_UNIVERSAL/LIVE_HANDOFFS/VAV_LIVE_REPO_HANDOFF_V14_20260828_131633/repo/apps/captions-desktop/index.html
1142	0.00	/Users/lordjef/Desktop/abraxasos/VAV_CONTINUITY_HUB/V14_UNIVERSAL/LIVE_HANDOFFS/VAV_LIVE_REPO_HANDOFF_V14_20260828_131633/repo/apps/captions-desktop/package.json
1263	0.74	/Users/lordjef/Desktop/abraxasos/VAV_CONTINUITY_HUB/V14_UNIVERSAL/LIVE_HANDOFFS/VAV_LIVE_REPO_HANDOFF_V14_20260828_131633/repo/apps/captions-desktop/src/CaptionDocumentPanel.tsx
303	0.78	/Users/lordjef/Desktop/abraxasos/VAV_CONTINUITY_HUB/V14_UNIVERSAL/LIVE_HANDOFFS/VAV_LIVE_REPO_HANDOFF_V14_20260828_131633/repo/apps/captions-desktop/vite.config.ts
2224	0.00	/Users/lordjef/Desktop/abraxasos/VAV_CONTINUITY_HUB/V14_UNIVERSAL/LIVE_HANDOFFS/VAV_LIVE_REPO_HANDOFF_V14_20260828_131633/repo/docs/abraxas/ABRAXAS_IMPORT_AND_GRAMMAR_V12.md
416	0.78	/Users/lordjef/Desktop/abraxasos/VAV_CONTINUITY_HUB/V14_UNIVERSAL/LIVE_HANDOFFS/VAV_LIVE_REPO_HANDOFF_V14_20260828_131633/repo/docs/architecture/CAPTION_DOCUMENT_VIEW_DECISION.md
825	0.78	/Users/lordjef/Desktop/abraxasos/VAV_CONTINUITY_HUB/V14_UNIVERSAL/LIVE_HANDOFFS/VAV_LIVE_REPO_HANDOFF_V14_20260828_131633/repo/docs/content-motion-bridge/00_READ_ME_FIRST.md
5988	0.78	/Users/lordjef/Desktop/abraxasos/VAV_CONTINUITY_HUB/V14_UNIVERSAL/LIVE_HANDOFFS/VAV_LIVE_REPO_HANDOFF_V14_20260828_131633/repo/docs/content-motion-bridge/01_TARGET_REPO_TREE.md
977	0.78	/Users/lordjef/Desktop/abraxasos/VAV_CONTINUITY_HUB/V14_UNIVERSAL/LIVE_HANDOFFS/VAV_LIVE_REPO_HANDOFF_V14_20260828_131633/repo/docs/content-motion-bridge/02_CORE_ARCHITECTURAL_RULES.md
921	0.78	/Users/lordjef/Desktop/abraxasos/VAV_CONTINUITY_HUB/V14_UNIVERSAL/LIVE_HANDOFFS/VAV_LIVE_REPO_HANDOFF_V14_20260828_131633/repo/docs/content-motion-bridge/03_FICHA_CONTENT_OS_BRIDGE.md
789	0.78	/Users/lordjef/Desktop/abraxasos/VAV_CONTINUITY_HUB/V14_UNIVERSAL/LIVE_HANDOFFS/VAV_LIVE_REPO_HANDOFF_V14_20260828_131633/repo/docs/content-motion-bridge/04_VISUAL_MOTION_VS_CAPTION_MOTION.md
1153	0.78	/Users/lordjef/Desktop/abraxasos/VAV_CONTINUITY_HUB/V14_UNIVERSAL/LIVE_HANDOFFS/VAV_LIVE_REPO_HANDOFF_V14_20260828_131633/repo/docs/content-motion-bridge/05_MOTION_CONTEXT_CONTRACT.md
2360	0.78	/Users/lordjef/Desktop/abraxasos/VAV_CONTINUITY_HUB/V14_UNIVERSAL/LIVE_HANDOFFS/VAV_LIVE_REPO_HANDOFF_V14_20260828_131633/repo/docs/content-motion-bridge/06_CAPTION_RESPONSE_POLICIES_BY_MOTION.md
1117	0.78	/Users/lordjef/Desktop/abraxasos/VAV_CONTINUITY_HUB/V14_UNIVERSAL/LIVE_HANDOFFS/VAV_LIVE_REPO_HANDOFF_V14_20260828_131633/repo/docs/content-motion-bridge/07_CONTENT_INTENT_IMPORT.md
748	0.78	/Users/lordjef/Desktop/abraxasos/VAV_CONTINUITY_HUB/V14_UNIVERSAL/LIVE_HANDOFFS/VAV_LIVE_REPO_HANDOFF_V14_20260828_131633/repo/docs/content-motion-bridge/08_SOURCE_TIMELINE_TIME_MAP.md
1098	0.78	/Users/lordjef/Desktop/abraxasos/VAV_CONTINUITY_HUB/V14_UNIVERSAL/LIVE_HANDOFFS/VAV_LIVE_REPO_HANDOFF_V14_20260828_131633/repo/docs/content-motion-bridge/09_DUAL_AND_TRIPLE_WORKFLOW.md
793	0.78	/Users/lordjef/Desktop/abraxasos/VAV_CONTINUITY_HUB/V14_UNIVERSAL/LIVE_HANDOFFS/VAV_LIVE_REPO_HANDOFF_V14_20260828_131633/repo/docs/content-motion-bridge/10_CAPTION_COMPILER_PIPELINE.md
743	0.78	/Users/lordjef/Desktop/abraxasos/VAV_CONTINUITY_HUB/V14_UNIVERSAL/LIVE_HANDOFFS/VAV_LIVE_REPO_HANDOFF_V14_20260828_131633/repo/docs/content-motion-bridge/11_MODULE_GRAPH_AND_INVALIDATION.md
771	0.78	/Users/lordjef/Desktop/abraxasos/VAV_CONTINUITY_HUB/V14_UNIVERSAL/LIVE_HANDOFFS/VAV_LIVE_REPO_HANDOFF_V14_20260828_131633/repo/docs/content-motion-bridge/12_INTERCHANGE_CONTRACTS.md
1448	0.78	/Users/lordjef/Desktop/abraxasos/VAV_CONTINUITY_HUB/V14_UNIVERSAL/LIVE_HANDOFFS/VAV_LIVE_REPO_HANDOFF_V14_20260828_131633/repo/docs/content-motion-bridge/13_MOTION_MANIFEST_EXAMPLE.json
877	0.78	/Users/lordjef/Desktop/abraxasos/VAV_CONTINUITY_HUB/V14_UNIVERSAL/LIVE_HANDOFFS/VAV_LIVE_REPO_HANDOFF_V14_20260828_131633/repo/docs/content-motion-bridge/14_CONTENT_INTENT_EXAMPLE.json
821	0.78	/Users/lordjef/Desktop/abraxasos/VAV_CONTINUITY_HUB/V14_UNIVERSAL/LIVE_HANDOFFS/VAV_LIVE_REPO_HANDOFF_V14_20260828_131633/repo/docs/content-motion-bridge/15_RECOMMENDED_DEFAULT_WORKFLOW.md
610	0.78	/Users/lordjef/Desktop/abraxasos/VAV_CONTINUITY_HUB/V14_UNIVERSAL/LIVE_HANDOFFS/VAV_LIVE_REPO_HANDOFF_V14_20260828_131633/repo/docs/content-motion-bridge/16_SCOPE_BOUNDARIES.md
748	0.78	/Users/lordjef/Desktop/abraxasos/VAV_CONTINUITY_HUB/V14_UNIVERSAL/LIVE_HANDOFFS/VAV_LIVE_REPO_HANDOFF_V14_20260828_131633/repo/docs/content-motion-bridge/17_ROADMAP_V10.md
555	0.78	/Users/lordjef/Desktop/abraxasos/VAV_CONTINUITY_HUB/V14_UNIVERSAL/LIVE_HANDOFFS/VAV_LIVE_REPO_HANDOFF_V14_20260828_131633/repo/docs/content-motion-bridge/ARCHITECTURE_MANIFEST.json
633	0.74	/Users/lordjef/Desktop/abraxasos/VAV_CONTINUITY_HUB/V14_UNIVERSAL/LIVE_HANDOFFS/VAV_LIVE_REPO_HANDOFF_V14_20260828_131633/repo/docs/continuity/C01_5_INTERACTIVE_UI.md
9503	0.70	/Users/lordjef/Desktop/abraxasos/VAV_CONTINUITY_HUB/V14_UNIVERSAL/LIVE_HANDOFFS/VAV_LIVE_REPO_HANDOFF_V14_20260828_131633/repo/docs/full-alpha/VAV_CAPTIONS_FULL_UPGRADE_MASTER_PROMPT.txt
424	0.78	/Users/lordjef/Desktop/abraxasos/VAV_CONTINUITY_HUB/V14_UNIVERSAL/LIVE_HANDOFFS/VAV_LIVE_REPO_HANDOFF_V14_20260828_131633/repo/docs/pro-editor-foundation/07_CAPTION_TRACKS_AND_IMPORT_EXPORT.md
693	0.78	/Users/lordjef/Desktop/abraxasos/VAV_CONTINUITY_HUB/V14_UNIVERSAL/LIVE_HANDOFFS/VAV_LIVE_REPO_HANDOFF_V14_20260828_131633/repo/docs/pro-editor-foundation/10_FUTURE_VAV_TOOLS_OUT_OF_SCOPE.md
693	0.78	/Users/lordjef/Desktop/abraxasos/VAV_CONTINUITY_HUB/V14_UNIVERSAL/LIVE_HANDOFFS/VAV_LIVE_REPO_HANDOFF_V14_20260828_131633/repo/docs/product/FUTURE_VAV_TOOLS_OUT_OF_SCOPE.md
2450	0.00	/Users/lordjef/Desktop/abraxasos/VAV_CONTINUITY_HUB/V14_UNIVERSAL/LIVE_HANDOFFS/VAV_LIVE_REPO_HANDOFF_V14_20260828_131633/repo/docs/roadmap/VAV_ROADMAP_V12.md
529	0.78	/Users/lordjef/Desktop/abraxasos/VAV_CONTINUITY_HUB/V14_UNIVERSAL/LIVE_HANDOFFS/VAV_LIVE_REPO_HANDOFF_V14_20260828_131633/repo/docs/ui-canon/06_MOTION_INTERACTION.md
568	0.78	/Users/lordjef/Desktop/abraxasos/VAV_CONTINUITY_HUB/V14_UNIVERSAL/LIVE_HANDOFFS/VAV_LIVE_REPO_HANDOFF_V14_20260828_131633/repo/docs/ui-canon/10_ABRAXAS_ADAPTATION.md
1297	0.78	/Users/lordjef/Desktop/abraxasos/VAV_CONTINUITY_HUB/V14_UNIVERSAL/LIVE_HANDOFFS/VAV_LIVE_REPO_HANDOFF_V14_20260828_131633/repo/docs/ui-canon/12_CAPTION_DOCUMENT_VIEW.md
43596	0.78	/Users/lordjef/Desktop/abraxasos/VAV_CONTINUITY_HUB/V14_UNIVERSAL/LIVE_HANDOFFS/VAV_LIVE_REPO_HANDOFF_V14_20260828_131633/repo/docs/ui-canon/source-materials/ABRAXAS_HTML_WORKFLOW_v4.3.4_FINAL (1)(1).zip
2207	0.00	/Users/lordjef/Desktop/abraxasos/VAV_CONTINUITY_HUB/V14_UNIVERSAL/LIVE_HANDOFFS/VAV_LIVE_REPO_HANDOFF_V14_20260828_131633/repo/docs/vision/VAV_VISION_SPATIAL_ROADMAP_V12.md
286	0.00	/Users/lordjef/Desktop/abraxasos/VAV_CONTINUITY_HUB/V14_UNIVERSAL/LIVE_HANDOFFS/VAV_LIVE_REPO_HANDOFF_V14_20260828_131633/repo/native/vav-vision-macos/BUILD.command
700	0.00	/Users/lordjef/Desktop/abraxasos/VAV_CONTINUITY_HUB/V14_UNIVERSAL/LIVE_HANDOFFS/VAV_LIVE_REPO_HANDOFF_V14_20260828_131633/repo/native/vav-vision-macos/README.md
132	0.00	/Users/lordjef/Desktop/abraxasos/VAV_CONTINUITY_HUB/V14_UNIVERSAL/LIVE_HANDOFFS/VAV_LIVE_REPO_HANDOFF_V14_20260828_131633/repo/packages/abraxas-import/package.json
205	0.78	/Users/lordjef/Desktop/abraxasos/VAV_CONTINUITY_HUB/V14_UNIVERSAL/LIVE_HANDOFFS/VAV_LIVE_REPO_HANDOFF_V14_20260828_131633/repo/packages/caption-compiler/package.json
131	0.78	/Users/lordjef/Desktop/abraxasos/VAV_CONTINUITY_HUB/V14_UNIVERSAL/LIVE_HANDOFFS/VAV_LIVE_REPO_HANDOFF_V14_20260828_131633/repo/packages/caption-domain/package.json
135	0.00	/Users/lordjef/Desktop/abraxasos/VAV_CONTINUITY_HUB/V14_UNIVERSAL/LIVE_HANDOFFS/VAV_LIVE_REPO_HANDOFF_V14_20260828_131633/repo/packages/caption-hierarchy/package.json
131	0.78	/Users/lordjef/Desktop/abraxasos/VAV_CONTINUITY_HUB/V14_UNIVERSAL/LIVE_HANDOFFS/VAV_LIVE_REPO_HANDOFF_V14_20260828_131633/repo/packages/caption-layout/package.json
198	0.00	/Users/lordjef/Desktop/abraxasos/VAV_CONTINUITY_HUB/V14_UNIVERSAL/LIVE_HANDOFFS/VAV_LIVE_REPO_HANDOFF_V14_20260828_131633/repo/packages/caption-motion/package.json
198	0.00	/Users/lordjef/Desktop/abraxasos/VAV_CONTINUITY_HUB/V14_UNIVERSAL/LIVE_HANDOFFS/VAV_LIVE_REPO_HANDOFF_V14_20260828_131633/repo/packages/caption-styles/package.json
131	0.78	/Users/lordjef/Desktop/abraxasos/VAV_CONTINUITY_HUB/V14_UNIVERSAL/LIVE_HANDOFFS/VAV_LIVE_REPO_HANDOFF_V14_20260828_131633/repo/packages/caption-tracks/package.json
210	0.78	/Users/lordjef/Desktop/abraxasos/VAV_CONTINUITY_HUB/V14_UNIVERSAL/LIVE_HANDOFFS/VAV_LIVE_REPO_HANDOFF_V14_20260828_131633/repo/packages/motion-caption-policy/package.json
668	0.00	/Users/lordjef/Desktop/abraxasos/VAV_CONTINUITY_HUB/V14_UNIVERSAL/LIVE_HANDOFFS/VAV_LIVE_REPO_HANDOFF_V14_20260828_131633/repo/packages/remotion-composition/package.json
1428	0.78	/Users/lordjef/Desktop/abraxasos/VAV_CONTINUITY_HUB/V14_UNIVERSAL/LIVE_HANDOFFS/VAV_LIVE_REPO_HANDOFF_V14_20260828_131633/repo/packages/remotion-composition/src/CaptionDemoComposition.tsx
9106	0.00	/Users/lordjef/Desktop/abraxasos/VAV_CONTINUITY_HUB/V14_UNIVERSAL/LIVE_HANDOFFS/VAV_LIVE_REPO_HANDOFF_V14_20260828_131633/repo/packages/remotion-composition/src/VavCaptionComposition.tsx
171	0.78	/Users/lordjef/Desktop/abraxasos/VAV_CONTINUITY_HUB/V14_UNIVERSAL/LIVE_HANDOFFS/VAV_LIVE_REPO_HANDOFF_V14_20260828_131633/repo/packages/vav-schema/package.json
134	0.00	/Users/lordjef/Desktop/abraxasos/VAV_CONTINUITY_HUB/V14_UNIVERSAL/LIVE_HANDOFFS/VAV_LIVE_REPO_HANDOFF_V14_20260828_131633/repo/packages/vision-contracts/package.json
202	0.77	/Users/lordjef/Desktop/abraxasos/VAV_CONTINUITY_HUB/V14_UNIVERSAL/LIVE_HANDOFFS/VAV_LIVE_REPO_HANDOFF_V14_20260828_131633/repo/packages/visual-motion-domain/package.json
2063	0.00	/Users/lordjef/Desktop/abraxasos/VAV_CONTINUITY_HUB/V14_UNIVERSAL/LIVE_HANDOFFS/VAV_LIVE_REPO_HANDOFF_V14_20260828_131633/repo/README_VAV_PROGRESS.md
167	0.78	/Users/lordjef/Desktop/abraxasos/VAV_CONTINUITY_HUB/V14_UNIVERSAL/LIVE_HANDOFFS/VAV_LIVE_REPO_HANDOFF_V14_20260828_131633/repo/RUN_VAV_DEV.command
1448	0.78	/Users/lordjef/Desktop/abraxasos/VAV_CONTINUITY_HUB/V14_UNIVERSAL/LIVE_HANDOFFS/VAV_LIVE_REPO_HANDOFF_V14_20260828_131633/repo/schemas/interchange/vav-motion-manifest.example.json
1198	0.78	/Users/lordjef/Desktop/abraxasos/VAV_CONTINUITY_HUB/V14_UNIVERSAL/LIVE_HANDOFFS/VAV_LIVE_REPO_HANDOFF_V14_20260828_131633/repo/scripts/check-content-motion-bridge.mjs
9576	0.00	/Users/lordjef/Desktop/abraxasos/VAV_CONTINUITY_HUB/V14_UNIVERSAL/LIVE_HANDOFFS/VAV_LIVE_REPO_HANDOFF_V14_20260828_131633/repo/scripts/providers/install-vision-providers-macos.command
684	0.00	/Users/lordjef/Desktop/abraxasos/VAV_CONTINUITY_HUB/V14_UNIVERSAL/LIVE_HANDOFFS/VAV_LIVE_REPO_HANDOFF_V14_20260828_131633/repo/services/local-engine/src/abraxas-registry.test.ts
4834	0.00	/Users/lordjef/Desktop/abraxasos/VAV_CONTINUITY_HUB/V14_UNIVERSAL/LIVE_HANDOFFS/VAV_LIVE_REPO_HANDOFF_V14_20260828_131633/repo/services/local-engine/src/abraxas-registry.ts
4884	0.00	/Users/lordjef/Desktop/abraxasos/VAV_CONTINUITY_HUB/V14_UNIVERSAL/LIVE_HANDOFFS/VAV_LIVE_REPO_HANDOFF_V14_20260828_131633/repo/services/local-engine/src/vision-capabilities.ts
1318	0.00	/Users/lordjef/Desktop/abraxasos/VAV_CONTINUITY_HUB/V14_UNIVERSAL/LIVE_HANDOFFS/VAV_LIVE_REPO_HANDOFF_V14_20260828_131633/repo/VAV_CONTINUITY_STATE.json
1560	0.03	/Users/lordjef/Desktop/abraxasos/VAV_CONTINUITY_HUB/V14_UNIVERSAL/REPORTS/VERIFY_CONTINUITY_20260828_123848.txt
1560	0.03	/Users/lordjef/Desktop/abraxasos/VAV_CONTINUITY_HUB/V14_UNIVERSAL/REPORTS/VERIFY_CONTINUITY_20260828_123904.txt
1560	0.00	/Users/lordjef/Desktop/abraxasos/VAV_CONTINUITY_HUB/V14_UNIVERSAL/REPORTS/VERIFY_CONTINUITY_20260828_131639.txt
2129145561	0.65	/Users/lordjef/Desktop/abraxasos/vavcaptions.zip
6148	0.08	/Users/lordjef/Desktop/abraxasos/vavcaptions/.DS_Store
299	0.78	/Users/lordjef/Desktop/abraxasos/vavcaptions/00_APLICACION_ACTUAL/REPO_ACTUAL_CODIGO_20260827_214022/apps/captions-desktop/index.html
927	0.70	/Users/lordjef/Desktop/abraxasos/vavcaptions/00_APLICACION_ACTUAL/REPO_ACTUAL_CODIGO_20260827_214022/apps/captions-desktop/package.json
1263	0.74	/Users/lordjef/Desktop/abraxasos/vavcaptions/00_APLICACION_ACTUAL/REPO_ACTUAL_CODIGO_20260827_214022/apps/captions-desktop/src/CaptionDocumentPanel.tsx
303	0.78	/Users/lordjef/Desktop/abraxasos/vavcaptions/00_APLICACION_ACTUAL/REPO_ACTUAL_CODIGO_20260827_214022/apps/captions-desktop/vite.config.ts
416	0.78	/Users/lordjef/Desktop/abraxasos/vavcaptions/00_APLICACION_ACTUAL/REPO_ACTUAL_CODIGO_20260827_214022/docs/architecture/CAPTION_DOCUMENT_VIEW_DECISION.md
825	0.78	/Users/lordjef/Desktop/abraxasos/vavcaptions/00_APLICACION_ACTUAL/REPO_ACTUAL_CODIGO_20260827_214022/docs/content-motion-bridge/00_READ_ME_FIRST.md
5988	0.78	/Users/lordjef/Desktop/abraxasos/vavcaptions/00_APLICACION_ACTUAL/REPO_ACTUAL_CODIGO_20260827_214022/docs/content-motion-bridge/01_TARGET_REPO_TREE.md
977	0.78	/Users/lordjef/Desktop/abraxasos/vavcaptions/00_APLICACION_ACTUAL/REPO_ACTUAL_CODIGO_20260827_214022/docs/content-motion-bridge/02_CORE_ARCHITECTURAL_RULES.md
921	0.78	/Users/lordjef/Desktop/abraxasos/vavcaptions/00_APLICACION_ACTUAL/REPO_ACTUAL_CODIGO_20260827_214022/docs/content-motion-bridge/03_FICHA_CONTENT_OS_BRIDGE.md
789	0.78	/Users/lordjef/Desktop/abraxasos/vavcaptions/00_APLICACION_ACTUAL/REPO_ACTUAL_CODIGO_20260827_214022/docs/content-motion-bridge/04_VISUAL_MOTION_VS_CAPTION_MOTION.md
1153	0.78	/Users/lordjef/Desktop/abraxasos/vavcaptions/00_APLICACION_ACTUAL/REPO_ACTUAL_CODIGO_20260827_214022/docs/content-motion-bridge/05_MOTION_CONTEXT_CONTRACT.md
2360	0.78	/Users/lordjef/Desktop/abraxasos/vavcaptions/00_APLICACION_ACTUAL/REPO_ACTUAL_CODIGO_20260827_214022/docs/content-motion-bridge/06_CAPTION_RESPONSE_POLICIES_BY_MOTION.md
1117	0.78	/Users/lordjef/Desktop/abraxasos/vavcaptions/00_APLICACION_ACTUAL/REPO_ACTUAL_CODIGO_20260827_214022/docs/content-motion-bridge/07_CONTENT_INTENT_IMPORT.md
748	0.78	/Users/lordjef/Desktop/abraxasos/vavcaptions/00_APLICACION_ACTUAL/REPO_ACTUAL_CODIGO_20260827_214022/docs/content-motion-bridge/08_SOURCE_TIMELINE_TIME_MAP.md
1098	0.78	/Users/lordjef/Desktop/abraxasos/vavcaptions/00_APLICACION_ACTUAL/REPO_ACTUAL_CODIGO_20260827_214022/docs/content-motion-bridge/09_DUAL_AND_TRIPLE_WORKFLOW.md
793	0.78	/Users/lordjef/Desktop/abraxasos/vavcaptions/00_APLICACION_ACTUAL/REPO_ACTUAL_CODIGO_20260827_214022/docs/content-motion-bridge/10_CAPTION_COMPILER_PIPELINE.md
743	0.78	/Users/lordjef/Desktop/abraxasos/vavcaptions/00_APLICACION_ACTUAL/REPO_ACTUAL_CODIGO_20260827_214022/docs/content-motion-bridge/11_MODULE_GRAPH_AND_INVALIDATION.md
771	0.78	/Users/lordjef/Desktop/abraxasos/vavcaptions/00_APLICACION_ACTUAL/REPO_ACTUAL_CODIGO_20260827_214022/docs/content-motion-bridge/12_INTERCHANGE_CONTRACTS.md
1448	0.78	/Users/lordjef/Desktop/abraxasos/vavcaptions/00_APLICACION_ACTUAL/REPO_ACTUAL_CODIGO_20260827_214022/docs/content-motion-bridge/13_MOTION_MANIFEST_EXAMPLE.json
877	0.78	/Users/lordjef/Desktop/abraxasos/vavcaptions/00_APLICACION_ACTUAL/REPO_ACTUAL_CODIGO_20260827_214022/docs/content-motion-bridge/14_CONTENT_INTENT_EXAMPLE.json
821	0.78	/Users/lordjef/Desktop/abraxasos/vavcaptions/00_APLICACION_ACTUAL/REPO_ACTUAL_CODIGO_20260827_214022/docs/content-motion-bridge/15_RECOMMENDED_DEFAULT_WORKFLOW.md
610	0.78	/Users/lordjef/Desktop/abraxasos/vavcaptions/00_APLICACION_ACTUAL/REPO_ACTUAL_CODIGO_20260827_214022/docs/content-motion-bridge/16_SCOPE_BOUNDARIES.md
748	0.78	/Users/lordjef/Desktop/abraxasos/vavcaptions/00_APLICACION_ACTUAL/REPO_ACTUAL_CODIGO_20260827_214022/docs/content-motion-bridge/17_ROADMAP_V10.md
555	0.78	/Users/lordjef/Desktop/abraxasos/vavcaptions/00_APLICACION_ACTUAL/REPO_ACTUAL_CODIGO_20260827_214022/docs/content-motion-bridge/ARCHITECTURE_MANIFEST.json
633	0.74	/Users/lordjef/Desktop/abraxasos/vavcaptions/00_APLICACION_ACTUAL/REPO_ACTUAL_CODIGO_20260827_214022/docs/continuity/C01_5_INTERACTIVE_UI.md
9503	0.70	/Users/lordjef/Desktop/abraxasos/vavcaptions/00_APLICACION_ACTUAL/REPO_ACTUAL_CODIGO_20260827_214022/docs/full-alpha/VAV_CAPTIONS_FULL_UPGRADE_MASTER_PROMPT.txt
424	0.78	/Users/lordjef/Desktop/abraxasos/vavcaptions/00_APLICACION_ACTUAL/REPO_ACTUAL_CODIGO_20260827_214022/docs/pro-editor-foundation/07_CAPTION_TRACKS_AND_IMPORT_EXPORT.md
693	0.78	/Users/lordjef/Desktop/abraxasos/vavcaptions/00_APLICACION_ACTUAL/REPO_ACTUAL_CODIGO_20260827_214022/docs/pro-editor-foundation/10_FUTURE_VAV_TOOLS_OUT_OF_SCOPE.md
693	0.78	/Users/lordjef/Desktop/abraxasos/vavcaptions/00_APLICACION_ACTUAL/REPO_ACTUAL_CODIGO_20260827_214022/docs/product/FUTURE_VAV_TOOLS_OUT_OF_SCOPE.md
529	0.78	/Users/lordjef/Desktop/abraxasos/vavcaptions/00_APLICACION_ACTUAL/REPO_ACTUAL_CODIGO_20260827_214022/docs/ui-canon/06_MOTION_INTERACTION.md
568	0.78	/Users/lordjef/Desktop/abraxasos/vavcaptions/00_APLICACION_ACTUAL/REPO_ACTUAL_CODIGO_20260827_214022/docs/ui-canon/10_ABRAXAS_ADAPTATION.md
1297	0.78	/Users/lordjef/Desktop/abraxasos/vavcaptions/00_APLICACION_ACTUAL/REPO_ACTUAL_CODIGO_20260827_214022/docs/ui-canon/12_CAPTION_DOCUMENT_VIEW.md
43596	0.78	/Users/lordjef/Desktop/abraxasos/vavcaptions/00_APLICACION_ACTUAL/REPO_ACTUAL_CODIGO_20260827_214022/docs/ui-canon/source-materials/ABRAXAS_HTML_WORKFLOW_v4.3.4_FINAL (1)(1).zip
205	0.78	/Users/lordjef/Desktop/abraxasos/vavcaptions/00_APLICACION_ACTUAL/REPO_ACTUAL_CODIGO_20260827_214022/packages/caption-compiler/package.json
131	0.78	/Users/lordjef/Desktop/abraxasos/vavcaptions/00_APLICACION_ACTUAL/REPO_ACTUAL_CODIGO_20260827_214022/packages/caption-domain/package.json
131	0.78	/Users/lordjef/Desktop/abraxasos/vavcaptions/00_APLICACION_ACTUAL/REPO_ACTUAL_CODIGO_20260827_214022/packages/caption-layout/package.json
131	0.78	/Users/lordjef/Desktop/abraxasos/vavcaptions/00_APLICACION_ACTUAL/REPO_ACTUAL_CODIGO_20260827_214022/packages/caption-motion/package.json
131	0.78	/Users/lordjef/Desktop/abraxasos/vavcaptions/00_APLICACION_ACTUAL/REPO_ACTUAL_CODIGO_20260827_214022/packages/caption-styles/package.json
131	0.78	/Users/lordjef/Desktop/abraxasos/vavcaptions/00_APLICACION_ACTUAL/REPO_ACTUAL_CODIGO_20260827_214022/packages/caption-tracks/package.json
210	0.78	/Users/lordjef/Desktop/abraxasos/vavcaptions/00_APLICACION_ACTUAL/REPO_ACTUAL_CODIGO_20260827_214022/packages/motion-caption-policy/package.json
496	0.78	/Users/lordjef/Desktop/abraxasos/vavcaptions/00_APLICACION_ACTUAL/REPO_ACTUAL_CODIGO_20260827_214022/packages/remotion-composition/package.json
1428	0.78	/Users/lordjef/Desktop/abraxasos/vavcaptions/00_APLICACION_ACTUAL/REPO_ACTUAL_CODIGO_20260827_214022/packages/remotion-composition/src/CaptionDemoComposition.tsx
171	0.78	/Users/lordjef/Desktop/abraxasos/vavcaptions/00_APLICACION_ACTUAL/REPO_ACTUAL_CODIGO_20260827_214022/packages/vav-schema/package.json
202	0.77	/Users/lordjef/Desktop/abraxasos/vavcaptions/00_APLICACION_ACTUAL/REPO_ACTUAL_CODIGO_20260827_214022/packages/visual-motion-domain/package.json
2761	0.78	/Users/lordjef/Desktop/abraxasos/vavcaptions/00_APLICACION_ACTUAL/REPO_ACTUAL_CODIGO_20260827_214022/README_VAV_PROGRESS.md
167	0.78	/Users/lordjef/Desktop/abraxasos/vavcaptions/00_APLICACION_ACTUAL/REPO_ACTUAL_CODIGO_20260827_214022/RUN_VAV_DEV.command
1448	0.78	/Users/lordjef/Desktop/abraxasos/vavcaptions/00_APLICACION_ACTUAL/REPO_ACTUAL_CODIGO_20260827_214022/schemas/interchange/vav-motion-manifest.example.json
1198	0.78	/Users/lordjef/Desktop/abraxasos/vavcaptions/00_APLICACION_ACTUAL/REPO_ACTUAL_CODIGO_20260827_214022/scripts/check-content-motion-bridge.mjs
2546	0.78	/Users/lordjef/Desktop/abraxasos/vavcaptions/00_APLICACION_ACTUAL/REPO_ACTUAL_CODIGO_20260827_214022/VAV_CONTINUITY_STATE.json
9116	0.66	/Users/lordjef/Desktop/abraxasos/vavcaptions/00_START_HERE/VAV_CAPTIONS_ANY_CHAT_PRO_MASTER_PROMPT_V8_RENDER_PARITY.txt
299	0.78	/Users/lordjef/Desktop/abraxasos/vavcaptions/01_CURRENT_REPO/repo_source_20260827_213010/apps/captions-desktop/index.html
927	0.70	/Users/lordjef/Desktop/abraxasos/vavcaptions/01_CURRENT_REPO/repo_source_20260827_213010/apps/captions-desktop/package.json
1263	0.74	/Users/lordjef/Desktop/abraxasos/vavcaptions/01_CURRENT_REPO/repo_source_20260827_213010/apps/captions-desktop/src/CaptionDocumentPanel.tsx
303	0.78	/Users/lordjef/Desktop/abraxasos/vavcaptions/01_CURRENT_REPO/repo_source_20260827_213010/apps/captions-desktop/vite.config.ts
416	0.78	/Users/lordjef/Desktop/abraxasos/vavcaptions/01_CURRENT_REPO/repo_source_20260827_213010/docs/architecture/CAPTION_DOCUMENT_VIEW_DECISION.md
825	0.78	/Users/lordjef/Desktop/abraxasos/vavcaptions/01_CURRENT_REPO/repo_source_20260827_213010/docs/content-motion-bridge/00_READ_ME_FIRST.md
5988	0.78	/Users/lordjef/Desktop/abraxasos/vavcaptions/01_CURRENT_REPO/repo_source_20260827_213010/docs/content-motion-bridge/01_TARGET_REPO_TREE.md
977	0.78	/Users/lordjef/Desktop/abraxasos/vavcaptions/01_CURRENT_REPO/repo_source_20260827_213010/docs/content-motion-bridge/02_CORE_ARCHITECTURAL_RULES.md
921	0.78	/Users/lordjef/Desktop/abraxasos/vavcaptions/01_CURRENT_REPO/repo_source_20260827_213010/docs/content-motion-bridge/03_FICHA_CONTENT_OS_BRIDGE.md
789	0.78	/Users/lordjef/Desktop/abraxasos/vavcaptions/01_CURRENT_REPO/repo_source_20260827_213010/docs/content-motion-bridge/04_VISUAL_MOTION_VS_CAPTION_MOTION.md
1153	0.78	/Users/lordjef/Desktop/abraxasos/vavcaptions/01_CURRENT_REPO/repo_source_20260827_213010/docs/content-motion-bridge/05_MOTION_CONTEXT_CONTRACT.md
2360	0.78	/Users/lordjef/Desktop/abraxasos/vavcaptions/01_CURRENT_REPO/repo_source_20260827_213010/docs/content-motion-bridge/06_CAPTION_RESPONSE_POLICIES_BY_MOTION.md
1117	0.78	/Users/lordjef/Desktop/abraxasos/vavcaptions/01_CURRENT_REPO/repo_source_20260827_213010/docs/content-motion-bridge/07_CONTENT_INTENT_IMPORT.md
748	0.78	/Users/lordjef/Desktop/abraxasos/vavcaptions/01_CURRENT_REPO/repo_source_20260827_213010/docs/content-motion-bridge/08_SOURCE_TIMELINE_TIME_MAP.md
1098	0.78	/Users/lordjef/Desktop/abraxasos/vavcaptions/01_CURRENT_REPO/repo_source_20260827_213010/docs/content-motion-bridge/09_DUAL_AND_TRIPLE_WORKFLOW.md
793	0.78	/Users/lordjef/Desktop/abraxasos/vavcaptions/01_CURRENT_REPO/repo_source_20260827_213010/docs/content-motion-bridge/10_CAPTION_COMPILER_PIPELINE.md
743	0.78	/Users/lordjef/Desktop/abraxasos/vavcaptions/01_CURRENT_REPO/repo_source_20260827_213010/docs/content-motion-bridge/11_MODULE_GRAPH_AND_INVALIDATION.md
771	0.78	/Users/lordjef/Desktop/abraxasos/vavcaptions/01_CURRENT_REPO/repo_source_20260827_213010/docs/content-motion-bridge/12_INTERCHANGE_CONTRACTS.md
1448	0.78	/Users/lordjef/Desktop/abraxasos/vavcaptions/01_CURRENT_REPO/repo_source_20260827_213010/docs/content-motion-bridge/13_MOTION_MANIFEST_EXAMPLE.json
877	0.78	/Users/lordjef/Desktop/abraxasos/vavcaptions/01_CURRENT_REPO/repo_source_20260827_213010/docs/content-motion-bridge/14_CONTENT_INTENT_EXAMPLE.json
821	0.78	/Users/lordjef/Desktop/abraxasos/vavcaptions/01_CURRENT_REPO/repo_source_20260827_213010/docs/content-motion-bridge/15_RECOMMENDED_DEFAULT_WORKFLOW.md
610	0.78	/Users/lordjef/Desktop/abraxasos/vavcaptions/01_CURRENT_REPO/repo_source_20260827_213010/docs/content-motion-bridge/16_SCOPE_BOUNDARIES.md
748	0.78	/Users/lordjef/Desktop/abraxasos/vavcaptions/01_CURRENT_REPO/repo_source_20260827_213010/docs/content-motion-bridge/17_ROADMAP_V10.md
555	0.78	/Users/lordjef/Desktop/abraxasos/vavcaptions/01_CURRENT_REPO/repo_source_20260827_213010/docs/content-motion-bridge/ARCHITECTURE_MANIFEST.json
633	0.74	/Users/lordjef/Desktop/abraxasos/vavcaptions/01_CURRENT_REPO/repo_source_20260827_213010/docs/continuity/C01_5_INTERACTIVE_UI.md
9503	0.70	/Users/lordjef/Desktop/abraxasos/vavcaptions/01_CURRENT_REPO/repo_source_20260827_213010/docs/full-alpha/VAV_CAPTIONS_FULL_UPGRADE_MASTER_PROMPT.txt
424	0.78	/Users/lordjef/Desktop/abraxasos/vavcaptions/01_CURRENT_REPO/repo_source_20260827_213010/docs/pro-editor-foundation/07_CAPTION_TRACKS_AND_IMPORT_EXPORT.md
693	0.78	/Users/lordjef/Desktop/abraxasos/vavcaptions/01_CURRENT_REPO/repo_source_20260827_213010/docs/pro-editor-foundation/10_FUTURE_VAV_TOOLS_OUT_OF_SCOPE.md
693	0.78	/Users/lordjef/Desktop/abraxasos/vavcaptions/01_CURRENT_REPO/repo_source_20260827_213010/docs/product/FUTURE_VAV_TOOLS_OUT_OF_SCOPE.md
529	0.78	/Users/lordjef/Desktop/abraxasos/vavcaptions/01_CURRENT_REPO/repo_source_20260827_213010/docs/ui-canon/06_MOTION_INTERACTION.md
568	0.78	/Users/lordjef/Desktop/abraxasos/vavcaptions/01_CURRENT_REPO/repo_source_20260827_213010/docs/ui-canon/10_ABRAXAS_ADAPTATION.md
1297	0.78	/Users/lordjef/Desktop/abraxasos/vavcaptions/01_CURRENT_REPO/repo_source_20260827_213010/docs/ui-canon/12_CAPTION_DOCUMENT_VIEW.md
43596	0.78	/Users/lordjef/Desktop/abraxasos/vavcaptions/01_CURRENT_REPO/repo_source_20260827_213010/docs/ui-canon/source-materials/ABRAXAS_HTML_WORKFLOW_v4.3.4_FINAL (1)(1).zip
205	0.78	/Users/lordjef/Desktop/abraxasos/vavcaptions/01_CURRENT_REPO/repo_source_20260827_213010/packages/caption-compiler/package.json
131	0.78	/Users/lordjef/Desktop/abraxasos/vavcaptions/01_CURRENT_REPO/repo_source_20260827_213010/packages/caption-domain/package.json
131	0.78	/Users/lordjef/Desktop/abraxasos/vavcaptions/01_CURRENT_REPO/repo_source_20260827_213010/packages/caption-layout/package.json
131	0.78	/Users/lordjef/Desktop/abraxasos/vavcaptions/01_CURRENT_REPO/repo_source_20260827_213010/packages/caption-motion/package.json
131	0.78	/Users/lordjef/Desktop/abraxasos/vavcaptions/01_CURRENT_REPO/repo_source_20260827_213010/packages/caption-styles/package.json
131	0.78	/Users/lordjef/Desktop/abraxasos/vavcaptions/01_CURRENT_REPO/repo_source_20260827_213010/packages/caption-tracks/package.json
210	0.78	/Users/lordjef/Desktop/abraxasos/vavcaptions/01_CURRENT_REPO/repo_source_20260827_213010/packages/motion-caption-policy/package.json
496	0.78	/Users/lordjef/Desktop/abraxasos/vavcaptions/01_CURRENT_REPO/repo_source_20260827_213010/packages/remotion-composition/package.json
1428	0.78	/Users/lordjef/Desktop/abraxasos/vavcaptions/01_CURRENT_REPO/repo_source_20260827_213010/packages/remotion-composition/src/CaptionDemoComposition.tsx
171	0.78	/Users/lordjef/Desktop/abraxasos/vavcaptions/01_CURRENT_REPO/repo_source_20260827_213010/packages/vav-schema/package.json
202	0.77	/Users/lordjef/Desktop/abraxasos/vavcaptions/01_CURRENT_REPO/repo_source_20260827_213010/packages/visual-motion-domain/package.json
2761	0.78	/Users/lordjef/Desktop/abraxasos/vavcaptions/01_CURRENT_REPO/repo_source_20260827_213010/README_VAV_PROGRESS.md
167	0.78	/Users/lordjef/Desktop/abraxasos/vavcaptions/01_CURRENT_REPO/repo_source_20260827_213010/RUN_VAV_DEV.command
1448	0.78	/Users/lordjef/Desktop/abraxasos/vavcaptions/01_CURRENT_REPO/repo_source_20260827_213010/schemas/interchange/vav-motion-manifest.example.json
1198	0.78	/Users/lordjef/Desktop/abraxasos/vavcaptions/01_CURRENT_REPO/repo_source_20260827_213010/scripts/check-content-motion-bridge.mjs
2546	0.78	/Users/lordjef/Desktop/abraxasos/vavcaptions/01_CURRENT_REPO/repo_source_20260827_213010/VAV_CONTINUITY_STATE.json
2898035	0.66	/Users/lordjef/Desktop/abraxasos/vavcaptions/01_CURRENT_REPO/VAV_CURRENT_REPO_HANDOFF_20260827_212113.zip
2873994	0.66	/Users/lordjef/Desktop/abraxasos/vavcaptions/01_CURRENT_REPO/VAV_REPO_SOURCE_20260827_213010.zip
2898035	0.67	/Users/lordjef/Desktop/abraxasos/vavcaptions/01_REPOS_Y_HANDOFFS/VAV_CURRENT_REPO_HANDOFF_20260827_212113.zip
2873993	0.65	/Users/lordjef/Desktop/abraxasos/vavcaptions/01_REPOS_Y_HANDOFFS/VAV_REPO_ACTUAL_CODIGO_20260827_214022.zip
5703891	0.67	/Users/lordjef/Desktop/abraxasos/vavcaptions/02_BACKUPS_LOCAL/VAV_LOCAL_RECOVERY_20260827_212121.zip
2761	0.78	/Users/lordjef/Desktop/abraxasos/vavcaptions/03_REPORTES_Y_VERIFICACION/README_VAV_PROGRESS.md
2546	0.78	/Users/lordjef/Desktop/abraxasos/vavcaptions/03_REPORTES_Y_VERIFICACION/VAV_CONTINUITY_STATE.json
4468	0.68	/Users/lordjef/Desktop/abraxasos/vavcaptions/03_REPORTES_Y_VERIFICACION/VAV_HOTFIX_V7_1_APPLY_20260827_210222.txt
5275	0.68	/Users/lordjef/Desktop/abraxasos/vavcaptions/03_REPORTES_Y_VERIFICACION/VAV_HOTFIX_V7_1_VERIFY_20260827_210254.txt
2875	0.68	/Users/lordjef/Desktop/abraxasos/vavcaptions/03_REPORTES_Y_VERIFICACION/VAV_HOTFIX_V7_2_APPLY_20260827_210543.txt
12754	0.68	/Users/lordjef/Desktop/abraxasos/vavcaptions/03_REPORTES_Y_VERIFICACION/VAV_HOTFIX_V7_2_VERIFY_20260827_210557.txt
11793	0.00	/Users/lordjef/Desktop/abraxasos/vavcaptions/03_REPORTES_Y_VERIFICACION/VAV_V12_1_VERIFY_20260828_131604.txt
10920	0.02	/Users/lordjef/Desktop/abraxasos/vavcaptions/03_REPORTES_Y_VERIFICACION/VAV_V12_VERIFY_20260828_125620.txt
4027	0.69	/Users/lordjef/Desktop/abraxasos/vavcaptions/03_REPORTES_Y_VERIFICACION/VAV_VERIFY_CURRENT_20260827_205349.txt
4027	0.69	/Users/lordjef/Desktop/abraxasos/vavcaptions/03_REPORTES_Y_VERIFICACION/VAV_VERIFY_CURRENT_20260827_205544.txt
2761	0.66	/Users/lordjef/Desktop/abraxasos/vavcaptions/03_REPORTS/README_VAV_PROGRESS.md
2546	0.66	/Users/lordjef/Desktop/abraxasos/vavcaptions/03_REPORTS/VAV_CONTINUITY_STATE.json
4468	0.68	/Users/lordjef/Desktop/abraxasos/vavcaptions/03_REPORTS/VAV_HOTFIX_V7_1_APPLY_20260827_210222.txt
5275	0.68	/Users/lordjef/Desktop/abraxasos/vavcaptions/03_REPORTS/VAV_HOTFIX_V7_1_VERIFY_20260827_210254.txt
2875	0.68	/Users/lordjef/Desktop/abraxasos/vavcaptions/03_REPORTS/VAV_HOTFIX_V7_2_APPLY_20260827_210543.txt
12754	0.68	/Users/lordjef/Desktop/abraxasos/vavcaptions/03_REPORTS/VAV_HOTFIX_V7_2_VERIFY_20260827_210557.txt
4027	0.69	/Users/lordjef/Desktop/abraxasos/vavcaptions/03_REPORTS/VAV_VERIFY_CURRENT_20260827_205349.txt
4027	0.69	/Users/lordjef/Desktop/abraxasos/vavcaptions/03_REPORTS/VAV_VERIFY_CURRENT_20260827_205544.txt
13170	0.69	/Users/lordjef/Desktop/abraxasos/vavcaptions/04_PROMPTS/VAV_CAPTIONS_ANY_CHAT_PRO_MASTER_PROMPT_V7.txt
14606	0.68	/Users/lordjef/Desktop/abraxasos/vavcaptions/04_PROMPTS/VAV_CAPTIONS_ANY_CHAT_PRO_MASTER_PROMPT_V7_1 (1).txt
14606	0.68	/Users/lordjef/Desktop/abraxasos/vavcaptions/04_PROMPTS/VAV_CAPTIONS_ANY_CHAT_PRO_MASTER_PROMPT_V7_1.txt
16054	0.68	/Users/lordjef/Desktop/abraxasos/vavcaptions/04_PROMPTS/VAV_CAPTIONS_ANY_CHAT_PRO_MASTER_PROMPT_V7_2.txt
9116	0.66	/Users/lordjef/Desktop/abraxasos/vavcaptions/04_PROMPTS/VAV_CAPTIONS_ANY_CHAT_PRO_MASTER_PROMPT_V8_RENDER_PARITY.txt
9503	0.71	/Users/lordjef/Desktop/abraxasos/vavcaptions/04_PROMPTS/VAV_CAPTIONS_FULL_UPGRADE_MASTER_PROMPT.txt
20750	0.78	/Users/lordjef/Desktop/abraxasos/vavcaptions/04_PROMPTS/VAV_CAPTIONS_NEW_CHAT_MASTER_PROMPT_V10_CONTENT_MOTION_BRIDGE (1).txt
20750	0.79	/Users/lordjef/Desktop/abraxasos/vavcaptions/04_PROMPTS/VAV_CAPTIONS_NEW_CHAT_MASTER_PROMPT_V10_CONTENT_MOTION_BRIDGE.txt
12251	0.83	/Users/lordjef/Desktop/abraxasos/vavcaptions/04_PROMPTS/VAV_CAPTIONS_NEW_CHAT_MASTER_PROMPT_V5.txt
18003	0.80	/Users/lordjef/Desktop/abraxasos/vavcaptions/04_PROMPTS/VAV_CAPTIONS_NEW_CHAT_MASTER_PROMPT_V9_PRO_EDITOR_FOUNDATION.txt
13170	0.69	/Users/lordjef/Desktop/abraxasos/vavcaptions/04_PROMPTS_Y_CONTINUIDAD/VAV_CAPTIONS_ANY_CHAT_PRO_MASTER_PROMPT_V7.txt
14606	0.68	/Users/lordjef/Desktop/abraxasos/vavcaptions/04_PROMPTS_Y_CONTINUIDAD/VAV_CAPTIONS_ANY_CHAT_PRO_MASTER_PROMPT_V7_1 (1).txt
14606	0.68	/Users/lordjef/Desktop/abraxasos/vavcaptions/04_PROMPTS_Y_CONTINUIDAD/VAV_CAPTIONS_ANY_CHAT_PRO_MASTER_PROMPT_V7_1.txt
16054	0.68	/Users/lordjef/Desktop/abraxasos/vavcaptions/04_PROMPTS_Y_CONTINUIDAD/VAV_CAPTIONS_ANY_CHAT_PRO_MASTER_PROMPT_V7_2.txt
9116	0.66	/Users/lordjef/Desktop/abraxasos/vavcaptions/04_PROMPTS_Y_CONTINUIDAD/VAV_CAPTIONS_ANY_CHAT_PRO_MASTER_PROMPT_V8_RENDER_PARITY.txt
8862	0.66	/Users/lordjef/Desktop/abraxasos/vavcaptions/04_PROMPTS_Y_CONTINUIDAD/VAV_CAPTIONS_ANY_CHAT_PRO_MASTER_PROMPT_V9.txt
9503	0.71	/Users/lordjef/Desktop/abraxasos/vavcaptions/04_PROMPTS_Y_CONTINUIDAD/VAV_CAPTIONS_FULL_UPGRADE_MASTER_PROMPT.txt
20750	0.78	/Users/lordjef/Desktop/abraxasos/vavcaptions/04_PROMPTS_Y_CONTINUIDAD/VAV_CAPTIONS_NEW_CHAT_MASTER_PROMPT_V10_CONTENT_MOTION_BRIDGE (1).txt
20750	0.79	/Users/lordjef/Desktop/abraxasos/vavcaptions/04_PROMPTS_Y_CONTINUIDAD/VAV_CAPTIONS_NEW_CHAT_MASTER_PROMPT_V10_CONTENT_MOTION_BRIDGE.txt
12251	0.83	/Users/lordjef/Desktop/abraxasos/vavcaptions/04_PROMPTS_Y_CONTINUIDAD/VAV_CAPTIONS_NEW_CHAT_MASTER_PROMPT_V5.txt
18003	0.80	/Users/lordjef/Desktop/abraxasos/vavcaptions/04_PROMPTS_Y_CONTINUIDAD/VAV_CAPTIONS_NEW_CHAT_MASTER_PROMPT_V9_PRO_EDITOR_FOUNDATION.txt
14869	0.69	/Users/lordjef/Desktop/abraxasos/vavcaptions/05_PACKAGES_HISTORY/VAV_CAPTIONS_AUDIT_HANDOFF_REPO_V6.zip
36786	0.83	/Users/lordjef/Desktop/abraxasos/vavcaptions/05_PACKAGES_HISTORY/VAV_CAPTIONS_BOOTSTRAP_CORRIDA_01_MAC.zip
5358213	0.81	/Users/lordjef/Desktop/abraxasos/vavcaptions/05_PACKAGES_HISTORY/VAV_CAPTIONS_BOOTSTRAP_CORRIDA_01_UI_CANON_V8_DOCKABLE_DESKTOP.zip
5447127	0.78	/Users/lordjef/Desktop/abraxasos/vavcaptions/05_PACKAGES_HISTORY/VAV_CAPTIONS_BOOTSTRAP_CORRIDA_01_V10_1_ENGINE_REGISTRY_FIX.zip
5446658	0.78	/Users/lordjef/Desktop/abraxasos/vavcaptions/05_PACKAGES_HISTORY/VAV_CAPTIONS_BOOTSTRAP_CORRIDA_01_V10_CONTENT_MOTION_BRIDGE (1).zip
5446658	0.79	/Users/lordjef/Desktop/abraxasos/vavcaptions/05_PACKAGES_HISTORY/VAV_CAPTIONS_BOOTSTRAP_CORRIDA_01_V10_CONTENT_MOTION_BRIDGE.zip
5397897	0.80	/Users/lordjef/Desktop/abraxasos/vavcaptions/05_PACKAGES_HISTORY/VAV_CAPTIONS_BOOTSTRAP_CORRIDA_01_V9_PRO_EDITOR_FOUNDATION.zip
20638	0.74	/Users/lordjef/Desktop/abraxasos/vavcaptions/05_PACKAGES_HISTORY/VAV_CAPTIONS_C01_5_INTERACTIVE_UI_COMMANDS.zip
11516	0.74	/Users/lordjef/Desktop/abraxasos/vavcaptions/05_PACKAGES_HISTORY/VAV_CAPTIONS_C01_6_GUIDED_WORKFLOW_COMMANDS.zip
31581	0.72	/Users/lordjef/Desktop/abraxasos/vavcaptions/05_PACKAGES_HISTORY/VAV_CAPTIONS_C02A_REAL_IMPORT_TRANSCRIPTION_COMMANDS.zip
1336	0.77	/Users/lordjef/Desktop/abraxasos/vavcaptions/05_PACKAGES_HISTORY/VAV_CAPTIONS_CONTINUITY_PATCH_C01_V10_2_FIXES.zip
8202	0.83	/Users/lordjef/Desktop/abraxasos/vavcaptions/05_PACKAGES_HISTORY/VAV_CAPTIONS_CONTINUITY_PATCH_PRE_C01.zip
47431	0.79	/Users/lordjef/Desktop/abraxasos/vavcaptions/05_PACKAGES_HISTORY/VAV_CAPTIONS_CONTINUITY_PATCH_PRE_C01_V10_CONTENT_MOTION_BRIDGE.zip
29180	0.81	/Users/lordjef/Desktop/abraxasos/vavcaptions/05_PACKAGES_HISTORY/VAV_CAPTIONS_CONTINUITY_PATCH_PRE_C01_V8_DOCKABLE_DESKTOP.zip
37850	0.80	/Users/lordjef/Desktop/abraxasos/vavcaptions/05_PACKAGES_HISTORY/VAV_CAPTIONS_CONTINUITY_PATCH_PRE_C01_V9_PRO_EDITOR_FOUNDATION.zip
49153	0.71	/Users/lordjef/Desktop/abraxasos/vavcaptions/05_PACKAGES_HISTORY/VAV_CAPTIONS_FULL_ALPHA_END_TO_END_COMMANDS.zip
12568	0.68	/Users/lordjef/Desktop/abraxasos/vavcaptions/05_PACKAGES_HISTORY/VAV_CAPTIONS_HOTFIX_TYPECHECK_V7_1.zip
11169	0.68	/Users/lordjef/Desktop/abraxasos/vavcaptions/05_PACKAGES_HISTORY/VAV_CAPTIONS_HOTFIX_VITEST_BACKUPS_V7_2.zip
13087	0.78	/Users/lordjef/Desktop/abraxasos/vavcaptions/05_PACKAGES_HISTORY/VAV_CAPTIONS_INTERNAL_REPO_ARCHITECTURE_V1 (1).zip
13087	0.79	/Users/lordjef/Desktop/abraxasos/vavcaptions/05_PACKAGES_HISTORY/VAV_CAPTIONS_INTERNAL_REPO_ARCHITECTURE_V1.zip
26634	0.90	/Users/lordjef/Desktop/abraxasos/vavcaptions/05_PACKAGES_HISTORY/VAV_CAPTIONS_MASTER_CONTEXT_2026-08-27.zip
50482	0.88	/Users/lordjef/Desktop/abraxasos/vavcaptions/05_PACKAGES_HISTORY/VAV_CAPTIONS_MASTER_CONTEXT_2026-08-27_V3.zip
57569	0.85	/Users/lordjef/Desktop/abraxasos/vavcaptions/05_PACKAGES_HISTORY/VAV_CAPTIONS_MASTER_CONTEXT_2026-08-27_V4_READY_TO_CODE.zip
905550	0.78	/Users/lordjef/Desktop/abraxasos/vavcaptions/05_PACKAGES_HISTORY/VAV_CAPTIONS_MASTER_CONTEXT_V10_CONTENT_MOTION_BRIDGE_READY_FOR_C01 (1).zip
905550	0.79	/Users/lordjef/Desktop/abraxasos/vavcaptions/05_PACKAGES_HISTORY/VAV_CAPTIONS_MASTER_CONTEXT_V10_CONTENT_MOTION_BRIDGE_READY_FOR_C01.zip
63352	0.83	/Users/lordjef/Desktop/abraxasos/vavcaptions/05_PACKAGES_HISTORY/VAV_CAPTIONS_MASTER_CONTEXT_V5_READY_FOR_C01.zip
858360	0.81	/Users/lordjef/Desktop/abraxasos/vavcaptions/05_PACKAGES_HISTORY/VAV_CAPTIONS_MASTER_CONTEXT_V8_DOCKABLE_DESKTOP_READY_FOR_C01.zip
878463	0.80	/Users/lordjef/Desktop/abraxasos/vavcaptions/05_PACKAGES_HISTORY/VAV_CAPTIONS_MASTER_CONTEXT_V9_PRO_EDITOR_FOUNDATION_READY_FOR_C01.zip
1461	0.78	/Users/lordjef/Desktop/abraxasos/vavcaptions/05_PACKAGES_HISTORY/VAV_CAPTIONS_PATCH_C01_ENGINE_REGISTRY_COMMA_FIX.zip
7936	0.77	/Users/lordjef/Desktop/abraxasos/vavcaptions/05_PACKAGES_HISTORY/VAV_CAPTIONS_PATCH_C01_FIX2_TYPECHECK_TAURI.zip
3628682	0.69	/Users/lordjef/Desktop/abraxasos/vavcaptions/05_PACKAGES_HISTORY/VAV_CAPTIONS_PORTABLE_PRO_HANDOFF_V7.zip
6501	0.80	/Users/lordjef/Desktop/abraxasos/vavcaptions/05_PACKAGES_HISTORY/VAV_CAPTIONS_PRO_EDITOR_FOUNDATION_V1.zip
2645503	0.81	/Users/lordjef/Desktop/abraxasos/vavcaptions/05_PACKAGES_HISTORY/VAV_CAPTIONS_UI_UX_REFERENCE_CANON_V3_DOCKABLE_DESKTOP.zip
2897515	0.69	/Users/lordjef/Desktop/abraxasos/vavcaptions/05_PACKAGES_HISTORY/VAV_CURRENT_REPO_HANDOFF_20260827_205337.zip
2897516	0.69	/Users/lordjef/Desktop/abraxasos/vavcaptions/05_PACKAGES_HISTORY/VAV_CURRENT_REPO_HANDOFF_20260827_205537.zip
2898035	0.67	/Users/lordjef/Desktop/abraxasos/vavcaptions/05_PACKAGES_HISTORY/VAV_CURRENT_REPO_HANDOFF_20260827_212113.zip
5701113	0.69	/Users/lordjef/Desktop/abraxasos/vavcaptions/05_PACKAGES_HISTORY/VAV_LOCAL_RECOVERY_20260827_205405.zip
5703891	0.67	/Users/lordjef/Desktop/abraxasos/vavcaptions/05_PACKAGES_HISTORY/VAV_LOCAL_RECOVERY_20260827_212121.zip
9097	0.66	/Users/lordjef/Desktop/abraxasos/vavcaptions/05_PACKAGES_HISTORY/VAVCAPTIONS_ABRAXASOS_ORGANIZER_V8.zip
14869	0.69	/Users/lordjef/Desktop/abraxasos/vavcaptions/05_PAQUETES_HISTORICOS_VAV/VAV_CAPTIONS_AUDIT_HANDOFF_REPO_V6.zip
36786	0.83	/Users/lordjef/Desktop/abraxasos/vavcaptions/05_PAQUETES_HISTORICOS_VAV/VAV_CAPTIONS_BOOTSTRAP_CORRIDA_01_MAC.zip
5358213	0.81	/Users/lordjef/Desktop/abraxasos/vavcaptions/05_PAQUETES_HISTORICOS_VAV/VAV_CAPTIONS_BOOTSTRAP_CORRIDA_01_UI_CANON_V8_DOCKABLE_DESKTOP.zip
5447127	0.78	/Users/lordjef/Desktop/abraxasos/vavcaptions/05_PAQUETES_HISTORICOS_VAV/VAV_CAPTIONS_BOOTSTRAP_CORRIDA_01_V10_1_ENGINE_REGISTRY_FIX.zip
5446658	0.78	/Users/lordjef/Desktop/abraxasos/vavcaptions/05_PAQUETES_HISTORICOS_VAV/VAV_CAPTIONS_BOOTSTRAP_CORRIDA_01_V10_CONTENT_MOTION_BRIDGE (1).zip
5446658	0.79	/Users/lordjef/Desktop/abraxasos/vavcaptions/05_PAQUETES_HISTORICOS_VAV/VAV_CAPTIONS_BOOTSTRAP_CORRIDA_01_V10_CONTENT_MOTION_BRIDGE.zip
5397897	0.80	/Users/lordjef/Desktop/abraxasos/vavcaptions/05_PAQUETES_HISTORICOS_VAV/VAV_CAPTIONS_BOOTSTRAP_CORRIDA_01_V9_PRO_EDITOR_FOUNDATION.zip
20638	0.74	/Users/lordjef/Desktop/abraxasos/vavcaptions/05_PAQUETES_HISTORICOS_VAV/VAV_CAPTIONS_C01_5_INTERACTIVE_UI_COMMANDS.zip
11516	0.74	/Users/lordjef/Desktop/abraxasos/vavcaptions/05_PAQUETES_HISTORICOS_VAV/VAV_CAPTIONS_C01_6_GUIDED_WORKFLOW_COMMANDS.zip
31581	0.72	/Users/lordjef/Desktop/abraxasos/vavcaptions/05_PAQUETES_HISTORICOS_VAV/VAV_CAPTIONS_C02A_REAL_IMPORT_TRANSCRIPTION_COMMANDS.zip
1336	0.77	/Users/lordjef/Desktop/abraxasos/vavcaptions/05_PAQUETES_HISTORICOS_VAV/VAV_CAPTIONS_CONTINUITY_PATCH_C01_V10_2_FIXES.zip
8202	0.83	/Users/lordjef/Desktop/abraxasos/vavcaptions/05_PAQUETES_HISTORICOS_VAV/VAV_CAPTIONS_CONTINUITY_PATCH_PRE_C01.zip
47431	0.79	/Users/lordjef/Desktop/abraxasos/vavcaptions/05_PAQUETES_HISTORICOS_VAV/VAV_CAPTIONS_CONTINUITY_PATCH_PRE_C01_V10_CONTENT_MOTION_BRIDGE.zip
29180	0.81	/Users/lordjef/Desktop/abraxasos/vavcaptions/05_PAQUETES_HISTORICOS_VAV/VAV_CAPTIONS_CONTINUITY_PATCH_PRE_C01_V8_DOCKABLE_DESKTOP.zip
37850	0.80	/Users/lordjef/Desktop/abraxasos/vavcaptions/05_PAQUETES_HISTORICOS_VAV/VAV_CAPTIONS_CONTINUITY_PATCH_PRE_C01_V9_PRO_EDITOR_FOUNDATION.zip
49153	0.71	/Users/lordjef/Desktop/abraxasos/vavcaptions/05_PAQUETES_HISTORICOS_VAV/VAV_CAPTIONS_FULL_ALPHA_END_TO_END_COMMANDS.zip
12568	0.68	/Users/lordjef/Desktop/abraxasos/vavcaptions/05_PAQUETES_HISTORICOS_VAV/VAV_CAPTIONS_HOTFIX_TYPECHECK_V7_1.zip
11169	0.68	/Users/lordjef/Desktop/abraxasos/vavcaptions/05_PAQUETES_HISTORICOS_VAV/VAV_CAPTIONS_HOTFIX_VITEST_BACKUPS_V7_2.zip
13087	0.78	/Users/lordjef/Desktop/abraxasos/vavcaptions/05_PAQUETES_HISTORICOS_VAV/VAV_CAPTIONS_INTERNAL_REPO_ARCHITECTURE_V1 (1).zip
13087	0.79	/Users/lordjef/Desktop/abraxasos/vavcaptions/05_PAQUETES_HISTORICOS_VAV/VAV_CAPTIONS_INTERNAL_REPO_ARCHITECTURE_V1.zip
26634	0.90	/Users/lordjef/Desktop/abraxasos/vavcaptions/05_PAQUETES_HISTORICOS_VAV/VAV_CAPTIONS_MASTER_CONTEXT_2026-08-27.zip
50482	0.88	/Users/lordjef/Desktop/abraxasos/vavcaptions/05_PAQUETES_HISTORICOS_VAV/VAV_CAPTIONS_MASTER_CONTEXT_2026-08-27_V3.zip
57569	0.85	/Users/lordjef/Desktop/abraxasos/vavcaptions/05_PAQUETES_HISTORICOS_VAV/VAV_CAPTIONS_MASTER_CONTEXT_2026-08-27_V4_READY_TO_CODE.zip
905550	0.78	/Users/lordjef/Desktop/abraxasos/vavcaptions/05_PAQUETES_HISTORICOS_VAV/VAV_CAPTIONS_MASTER_CONTEXT_V10_CONTENT_MOTION_BRIDGE_READY_FOR_C01 (1).zip
905550	0.79	/Users/lordjef/Desktop/abraxasos/vavcaptions/05_PAQUETES_HISTORICOS_VAV/VAV_CAPTIONS_MASTER_CONTEXT_V10_CONTENT_MOTION_BRIDGE_READY_FOR_C01.zip
63352	0.83	/Users/lordjef/Desktop/abraxasos/vavcaptions/05_PAQUETES_HISTORICOS_VAV/VAV_CAPTIONS_MASTER_CONTEXT_V5_READY_FOR_C01.zip
858360	0.81	/Users/lordjef/Desktop/abraxasos/vavcaptions/05_PAQUETES_HISTORICOS_VAV/VAV_CAPTIONS_MASTER_CONTEXT_V8_DOCKABLE_DESKTOP_READY_FOR_C01.zip
878463	0.80	/Users/lordjef/Desktop/abraxasos/vavcaptions/05_PAQUETES_HISTORICOS_VAV/VAV_CAPTIONS_MASTER_CONTEXT_V9_PRO_EDITOR_FOUNDATION_READY_FOR_C01.zip
1461	0.78	/Users/lordjef/Desktop/abraxasos/vavcaptions/05_PAQUETES_HISTORICOS_VAV/VAV_CAPTIONS_PATCH_C01_ENGINE_REGISTRY_COMMA_FIX.zip
7936	0.77	/Users/lordjef/Desktop/abraxasos/vavcaptions/05_PAQUETES_HISTORICOS_VAV/VAV_CAPTIONS_PATCH_C01_FIX2_TYPECHECK_TAURI.zip
3628682	0.69	/Users/lordjef/Desktop/abraxasos/vavcaptions/05_PAQUETES_HISTORICOS_VAV/VAV_CAPTIONS_PORTABLE_PRO_HANDOFF_V7.zip
6501	0.80	/Users/lordjef/Desktop/abraxasos/vavcaptions/05_PAQUETES_HISTORICOS_VAV/VAV_CAPTIONS_PRO_EDITOR_FOUNDATION_V1.zip
2645503	0.81	/Users/lordjef/Desktop/abraxasos/vavcaptions/05_PAQUETES_HISTORICOS_VAV/VAV_CAPTIONS_UI_UX_REFERENCE_CANON_V3_DOCKABLE_DESKTOP.zip
2897515	0.69	/Users/lordjef/Desktop/abraxasos/vavcaptions/05_PAQUETES_HISTORICOS_VAV/VAV_CURRENT_REPO_HANDOFF_20260827_205337.zip
2897516	0.69	/Users/lordjef/Desktop/abraxasos/vavcaptions/05_PAQUETES_HISTORICOS_VAV/VAV_CURRENT_REPO_HANDOFF_20260827_205537.zip
2898035	0.67	/Users/lordjef/Desktop/abraxasos/vavcaptions/05_PAQUETES_HISTORICOS_VAV/VAV_CURRENT_REPO_HANDOFF_20260827_212113.zip
5701113	0.69	/Users/lordjef/Desktop/abraxasos/vavcaptions/05_PAQUETES_HISTORICOS_VAV/VAV_LOCAL_RECOVERY_20260827_205405.zip
5703891	0.67	/Users/lordjef/Desktop/abraxasos/vavcaptions/05_PAQUETES_HISTORICOS_VAV/VAV_LOCAL_RECOVERY_20260827_212121.zip
10041	0.66	/Users/lordjef/Desktop/abraxasos/vavcaptions/05_PAQUETES_HISTORICOS_VAV/VAVCAPTIONS_ABRAXASOS_CONTINUITY_V9.zip
9097	0.66	/Users/lordjef/Desktop/abraxasos/vavcaptions/05_PAQUETES_HISTORICOS_VAV/VAVCAPTIONS_ABRAXASOS_ORGANIZER_V8.zip
82267204	0.70	/Users/lordjef/Desktop/abraxasos/vavcaptions/06_EXPORT_EVIDENCE/vav-captioned-alpha.mp4
84126405	0.67	/Users/lordjef/Desktop/abraxasos/vavcaptions/06_EXPORT_EVIDENCE/vav-captioned-alphaXX.mp4
84082735	0.67	/Users/lordjef/Desktop/abraxasos/vavcaptions/06_EXPORT_EVIDENCE/vav-captioned-alphaxx2.mp4
2285	0.67	/Users/lordjef/Desktop/abraxasos/vavcaptions/07_CAPTION_EVIDENCE/captionsxx2.srt
2285	0.67	/Users/lordjef/Desktop/abraxasos/vavcaptions/07_CAPTION_EVIDENCE/Copia de captionsxx2.txt
8210215	1.83	/Users/lordjef/Desktop/abraxasos/vavcaptions/08_CONTEXTO_EXTERNO_VAV/ABRAXAS_COMPLETE_SYSTEM_v4.3.2_MOTIONS_v5.3_FINAL.zip
8247921	1.81	/Users/lordjef/Desktop/abraxasos/vavcaptions/08_CONTEXTO_EXTERNO_VAV/ABRAXAS_COMPLETE_SYSTEM_v4.3.3_MOTIONS_v5.4_FINAL.zip
20286413	1.74	/Users/lordjef/Desktop/abraxasos/vavcaptions/08_CONTEXTO_EXTERNO_VAV/ABRAXAS_COMPLETE_SYSTEM_v4.3.4_MOTIONS_v5.5.5_ORACLE_4K_PROVIDENCE_FINAL.zip
15623647	1.05	/Users/lordjef/Desktop/abraxasos/vavcaptions/08_CONTEXTO_EXTERNO_VAV/ABRAXAS_COMPLETE_SYSTEM_v4.3.4_MOTIONS_v5.5.5_R4_FINAL.zip
7579860	1.80	/Users/lordjef/Desktop/abraxasos/vavcaptions/08_CONTEXTO_EXTERNO_VAV/ABRAXAS_COMPLETE_SYSTEM_v4.3.4_MOTIONS_v5.5_FINAL.zip
8683158	1.86	/Users/lordjef/Desktop/abraxasos/vavcaptions/08_CONTEXTO_EXTERNO_VAV/ABRAXAS_COMPLETE_SYSTEM_v4.3_MOTIONS_v5.2.1_FINAL.zip
86385	14.84	/Users/lordjef/Desktop/abraxasos/vavcaptions/08_CONTEXTO_EXTERNO_VAV/ABRAXAS_CONTENT_LAB_v2.2_MAINTAINABLE_PACKAGE.zip
90991	14.68	/Users/lordjef/Desktop/abraxasos/vavcaptions/08_CONTEXTO_EXTERNO_VAV/ABRAXAS_CONTENT_LAB_v2.3_SPEAKER_BALANCE.zip
93312	14.65	/Users/lordjef/Desktop/abraxasos/vavcaptions/08_CONTEXTO_EXTERNO_VAV/ABRAXAS_CONTENT_LAB_v2.4_SPEAKER_BALANCE_MIXED_INTROS.zip
98381	14.61	/Users/lordjef/Desktop/abraxasos/vavcaptions/08_CONTEXTO_EXTERNO_VAV/ABRAXAS_CONTENT_LAB_v2.5_MOTION_TREATMENT_V2_VOX_DOAC.zip
116149	13.78	/Users/lordjef/Desktop/abraxasos/vavcaptions/08_CONTEXTO_EXTERNO_VAV/ABRAXAS_CONTENT_LAB_V3_CINEMATIC_2026.zip
12952937	7.72	/Users/lordjef/Desktop/abraxasos/vavcaptions/08_CONTEXTO_EXTERNO_VAV/ABRAXAS_CONTINUIDAD_CHAT_NUEVO_V4_2_5.zip
17447842	7.69	/Users/lordjef/Desktop/abraxasos/vavcaptions/08_CONTEXTO_EXTERNO_VAV/ABRAXAS_CONTINUIDAD_CHAT_NUEVO_V4_2_5_ACTUALIZADA.zip
22219022	7.65	/Users/lordjef/Desktop/abraxasos/vavcaptions/08_CONTEXTO_EXTERNO_VAV/ABRAXAS_CONTINUIDAD_CHAT_NUEVO_V4_2_6_ESTADO_43_DE_73.zip
2516	7.54	/Users/lordjef/Desktop/abraxasos/vavcaptions/08_CONTEXTO_EXTERNO_VAV/ABRAXAS_CONTINUIDAD_V4_2_NUEVO_CHAT.zip
43596	0.82	/Users/lordjef/Desktop/abraxasos/vavcaptions/08_CONTEXTO_EXTERNO_VAV/ABRAXAS_HTML_WORKFLOW_v4.3.4_FINAL (1).zip
43596	1.80	/Users/lordjef/Desktop/abraxasos/vavcaptions/08_CONTEXTO_EXTERNO_VAV/ABRAXAS_HTML_WORKFLOW_v4.3.4_FINAL.zip
56268	15.13	/Users/lordjef/Desktop/abraxasos/vavcaptions/08_CONTEXTO_EXTERNO_VAV/ABRAXAS_INTRO_LAB_v2.0_AUTONOMO.zip
75249	15.11	/Users/lordjef/Desktop/abraxasos/vavcaptions/08_CONTEXTO_EXTERNO_VAV/ABRAXAS_INTRO_LAB_v2.1_REFERENCE_LIBRARY.zip
373613	40.70	/Users/lordjef/Desktop/abraxasos/vavcaptions/08_CONTEXTO_EXTERNO_VAV/ABRAXAS_Moka_Bio_Strategic_Content_Repository_2026.zip
666983	1.05	/Users/lordjef/Desktop/abraxasos/vavcaptions/08_CONTEXTO_EXTERNO_VAV/ABRAXAS_R4_TXT_LIBRARY_ORGANIZED (1).zip
666983	1.05	/Users/lordjef/Desktop/abraxasos/vavcaptions/08_CONTEXTO_EXTERNO_VAV/ABRAXAS_R4_TXT_LIBRARY_ORGANIZED.zip
18500	7.91	/Users/lordjef/Desktop/abraxasos/vavcaptions/08_CONTEXTO_EXTERNO_VAV/ABRAXAS_V4_1_FULL_MOTION_TXT_HOTFIX.zip
8461219	8.06	/Users/lordjef/Desktop/abraxasos/vavcaptions/08_CONTEXTO_EXTERNO_VAV/ABRAXAS_V4_1_MOTION_AUTOMATION.zip
2097	7.56	/Users/lordjef/Desktop/abraxasos/vavcaptions/08_CONTEXTO_EXTERNO_VAV/ABRAXAS_V4_2_10_MASTER_REFRESH_SAFE_HOTFIX.zip
1078	7.53	/Users/lordjef/Desktop/abraxasos/vavcaptions/08_CONTEXTO_EXTERNO_VAV/ABRAXAS_V4_2_11_ONE_COMMAND_COMPLETE_FINISH.zip
901	7.53	/Users/lordjef/Desktop/abraxasos/vavcaptions/08_CONTEXTO_EXTERNO_VAV/ABRAXAS_V4_2_12_MASTER_REFRESH_ONE_COMMAND.zip
19336469	7.40	/Users/lordjef/Desktop/abraxasos/vavcaptions/08_CONTEXTO_EXTERNO_VAV/ABRAXAS_V4_2_24_APPLE40M_RESUME_MASTER_PACKAGE.zip
18904572	7.43	/Users/lordjef/Desktop/abraxasos/vavcaptions/08_CONTEXTO_EXTERNO_VAV/ABRAXAS_V4_2_24_CONTINUITY_MASTER_PACKAGE(2).zip
4538	7.45	/Users/lordjef/Desktop/abraxasos/vavcaptions/08_CONTEXTO_EXTERNO_VAV/ABRAXAS_V4_2_24_CONTINUITY_MASTER_PACKAGE.zip
41899	7.39	/Users/lordjef/Desktop/abraxasos/vavcaptions/08_CONTEXTO_EXTERNO_VAV/ABRAXAS_V4_2_24_MOTION_1080P_40M_HOTFIX.zip
754042	7.77	/Users/lordjef/Desktop/abraxasos/vavcaptions/08_CONTEXTO_EXTERNO_VAV/ABRAXAS_V4_2_2_HOTFIX_37_VERTICALS.zip
1041892	7.76	/Users/lordjef/Desktop/abraxasos/vavcaptions/08_CONTEXTO_EXTERNO_VAV/ABRAXAS_V4_2_3_SIN_REVISION_MANUAL.zip
2054936	7.75	/Users/lordjef/Desktop/abraxasos/vavcaptions/08_CONTEXTO_EXTERNO_VAV/ABRAXAS_V4_2_4_DASHBOARDS_MOTION.zip
1354829	7.72	/Users/lordjef/Desktop/abraxasos/vavcaptions/08_CONTEXTO_EXTERNO_VAV/ABRAXAS_V4_2_5_HORIZONTAL_LONGFORM_HOTFIX.zip
10110960	7.72	/Users/lordjef/Desktop/abraxasos/vavcaptions/08_CONTEXTO_EXTERNO_VAV/ABRAXAS_V4_2_5_HTML_DRIVEN_AUTOMATION.zip
2002	7.62	/Users/lordjef/Desktop/abraxasos/vavcaptions/08_CONTEXTO_EXTERNO_VAV/ABRAXAS_V4_2_6_RENDER_RESUME_SAFE_TERMINAL_HOTFIX.zip
1240	7.61	/Users/lordjef/Desktop/abraxasos/vavcaptions/08_CONTEXTO_EXTERNO_VAV/ABRAXAS_V4_2_6_RENDER_RESUME_SAFE_TERMINAL_HOTFIX_V2.zip
1740	7.60	/Users/lordjef/Desktop/abraxasos/vavcaptions/08_CONTEXTO_EXTERNO_VAV/ABRAXAS_V4_2_6_RESILIENT_QUEUE_HOTFIX (1).zip
1740	7.60	/Users/lordjef/Desktop/abraxasos/vavcaptions/08_CONTEXTO_EXTERNO_VAV/ABRAXAS_V4_2_6_RESILIENT_QUEUE_HOTFIX (2).zip
1740	7.60	/Users/lordjef/Desktop/abraxasos/vavcaptions/08_CONTEXTO_EXTERNO_VAV/ABRAXAS_V4_2_6_RESILIENT_QUEUE_HOTFIX.zip
1669	7.60	/Users/lordjef/Desktop/abraxasos/vavcaptions/08_CONTEXTO_EXTERNO_VAV/ABRAXAS_V4_2_7_RESILIENT_WORKER_HOTFIX.zip
1625	7.59	/Users/lordjef/Desktop/abraxasos/vavcaptions/08_CONTEXTO_EXTERNO_VAV/ABRAXAS_V4_2_8_MEDIA_STRUCTURE_HOTFIX.zip
1879	7.57	/Users/lordjef/Desktop/abraxasos/vavcaptions/08_CONTEXTO_EXTERNO_VAV/ABRAXAS_V4_2_8_MONITOR_AND_MEDIA_HOTFIX.zip
1855	7.55	/Users/lordjef/Desktop/abraxasos/vavcaptions/08_CONTEXTO_EXTERNO_VAV/ABRAXAS_V4_2_8_SAFE_FINISH_AND_ORGANIZE_HOTFIX.zip
1945	7.57	/Users/lordjef/Desktop/abraxasos/vavcaptions/08_CONTEXTO_EXTERNO_VAV/ABRAXAS_V4_2_9_MEDIA_ORGANIZER_FAILED_REPAIR.zip
8503650	7.78	/Users/lordjef/Desktop/abraxasos/vavcaptions/08_CONTEXTO_EXTERNO_VAV/ABRAXAS_V4_2_HTML_DRIVEN_AUTOMATION (1).zip
8503650	7.79	/Users/lordjef/Desktop/abraxasos/vavcaptions/08_CONTEXTO_EXTERNO_VAV/ABRAXAS_V4_2_HTML_DRIVEN_AUTOMATION.zip
75647	7.90	/Users/lordjef/Desktop/abraxasos/vavcaptions/08_CONTEXTO_EXTERNO_VAV/ABRAXAS_V4_2_MOTIONS_BESIDE_VIDEOS_HOTFIX.zip
141795	7.85	/Users/lordjef/Desktop/abraxasos/vavcaptions/08_CONTEXTO_EXTERNO_VAV/ABRAXAS_V4_3_REBALANCE_COMPACT_MOTIONS_HOTFIX.zip
142182	7.85	/Users/lordjef/Desktop/abraxasos/vavcaptions/08_CONTEXTO_EXTERNO_VAV/ABRAXAS_V4_4_QUALITY_AUDIT_HOTFIX.zip
2012675	7.74	/Users/lordjef/Desktop/abraxasos/vavcaptions/08_CONTEXTO_EXTERNO_VAV/ABRAXAS_V4_CONTINUACION_SEGURA.zip
792322	9.09	/Users/lordjef/Desktop/abraxasos/vavcaptions/08_CONTEXTO_EXTERNO_VAV/MOKA_V25_1_FLUID_CALL_OS_PACK.zip
1247400	9.04	/Users/lordjef/Desktop/abraxasos/vavcaptions/08_CONTEXTO_EXTERNO_VAV/MOKA_V25_4_STORYFLOW_PODCAST_OS_PACK.zip
1288807	9.02	/Users/lordjef/Desktop/abraxasos/vavcaptions/08_CONTEXTO_EXTERNO_VAV/MOKA_V25_6_BALANCED_WEEKLY_CALLS_OS_PACK.zip
1348643	9.01	/Users/lordjef/Desktop/abraxasos/vavcaptions/08_CONTEXTO_EXTERNO_VAV/MOKA_V25_7_SESSION_DASHBOARD_OS_PACK.zip
1610326	8.84	/Users/lordjef/Desktop/abraxasos/vavcaptions/08_CONTEXTO_EXTERNO_VAV/MOKA_V25_8_MASTER_OS_PACK.zip
685950	9.53	/Users/lordjef/Desktop/abraxasos/vavcaptions/08_CONTEXTO_EXTERNO_VAV/MOKA_V25_RECORDING_DIRECTOR_OS_PACK.zip
4686987	1.86	/Users/lordjef/Desktop/abraxasos/vavcaptions/08_CONTEXTO_EXTERNO_VAV/MOKA_V26_17_CONTINUIDAD_FICHAS_E_INFO.zip
4693349	1.86	/Users/lordjef/Desktop/abraxasos/vavcaptions/08_CONTEXTO_EXTERNO_VAV/MOKA_V26_17_TXT_MASTER_GRABACION_2026-08-26.zip
5346807	1.82	/Users/lordjef/Desktop/abraxasos/vavcaptions/08_CONTEXTO_EXTERNO_VAV/MOKA_V26_19_CONTINUIDAD_FICHAS_E_INFO.zip
5353047	1.82	/Users/lordjef/Desktop/abraxasos/vavcaptions/08_CONTEXTO_EXTERNO_VAV/MOKA_V26_19_TXT_MASTER_GRABACION_2026-08-26.zip
176181	2.88	/Users/lordjef/Desktop/abraxasos/vavcaptions/08_CONTEXTO_EXTERNO_VAV/MOKA_V26_1_PREPRODUCCION_LANZAMIENTO.zip
5622543	1.80	/Users/lordjef/Desktop/abraxasos/vavcaptions/08_CONTEXTO_EXTERNO_VAV/MOKA_V26_20_CONTINUIDAD_FICHAS_E_INFO.zip
844946	1.76	/Users/lordjef/Desktop/abraxasos/vavcaptions/08_CONTEXTO_EXTERNO_VAV/MOKA_V26_20_GITHUB_PRIVATE_READY_2026-08-26.zip
8120253	1.05	/Users/lordjef/Desktop/abraxasos/vavcaptions/08_CONTEXTO_EXTERNO_VAV/MOKA_V26_20_GITHUB_REPO_READY_R10_2026-08-27.zip
8178647	1.04	/Users/lordjef/Desktop/abraxasos/vavcaptions/08_CONTEXTO_EXTERNO_VAV/MOKA_V26_20_GITHUB_REPO_READY_R11_2026-08-27.zip
8181672	1.02	/Users/lordjef/Desktop/abraxasos/vavcaptions/08_CONTEXTO_EXTERNO_VAV/MOKA_V26_20_GITHUB_REPO_READY_R12_2026-08-27.zip
8415447	0.98	/Users/lordjef/Desktop/abraxasos/vavcaptions/08_CONTEXTO_EXTERNO_VAV/MOKA_V26_20_GITHUB_REPO_READY_R13_2026-08-27.zip
8475736	0.97	/Users/lordjef/Desktop/abraxasos/vavcaptions/08_CONTEXTO_EXTERNO_VAV/MOKA_V26_20_GITHUB_REPO_READY_R14_2026-08-27.zip
8115890	1.06	/Users/lordjef/Desktop/abraxasos/vavcaptions/08_CONTEXTO_EXTERNO_VAV/MOKA_V26_20_GITHUB_REPO_READY_R9_2026-08-27.zip
5832017	1.72	/Users/lordjef/Desktop/abraxasos/vavcaptions/08_CONTEXTO_EXTERNO_VAV/MOKA_V26_20_HTML_ABRAXAS_V4_3_4_2026-08-26 (1).zip
5832017	1.76	/Users/lordjef/Desktop/abraxasos/vavcaptions/08_CONTEXTO_EXTERNO_VAV/MOKA_V26_20_HTML_ABRAXAS_V4_3_4_2026-08-26.zip
2425430	1.05	/Users/lordjef/Desktop/abraxasos/vavcaptions/08_CONTEXTO_EXTERNO_VAV/MOKA_V26_20_HTML_ABRAXAS_V4_3_4_R10_2026-08-27.zip
2436452	1.04	/Users/lordjef/Desktop/abraxasos/vavcaptions/08_CONTEXTO_EXTERNO_VAV/MOKA_V26_20_HTML_ABRAXAS_V4_3_4_R11_2026-08-27.zip
2439073	1.02	/Users/lordjef/Desktop/abraxasos/vavcaptions/08_CONTEXTO_EXTERNO_VAV/MOKA_V26_20_HTML_ABRAXAS_V4_3_4_R12_2026-08-27.zip
2673483	0.98	/Users/lordjef/Desktop/abraxasos/vavcaptions/08_CONTEXTO_EXTERNO_VAV/MOKA_V26_20_HTML_ABRAXAS_V4_3_4_R13_2026-08-27.zip
2679359	0.97	/Users/lordjef/Desktop/abraxasos/vavcaptions/08_CONTEXTO_EXTERNO_VAV/MOKA_V26_20_HTML_ABRAXAS_V4_3_4_R14_2026-08-27.zip
2423077	1.06	/Users/lordjef/Desktop/abraxasos/vavcaptions/08_CONTEXTO_EXTERNO_VAV/MOKA_V26_20_HTML_ABRAXAS_V4_3_4_R9_2026-08-27.zip
3302428	1.72	/Users/lordjef/Desktop/abraxasos/vavcaptions/08_CONTEXTO_EXTERNO_VAV/MOKA_V26_20_HTML_STANDALONE_2026-08-26 (1).zip
3302428	1.76	/Users/lordjef/Desktop/abraxasos/vavcaptions/08_CONTEXTO_EXTERNO_VAV/MOKA_V26_20_HTML_STANDALONE_2026-08-26.zip
12629331	1.05	/Users/lordjef/Desktop/abraxasos/vavcaptions/08_CONTEXTO_EXTERNO_VAV/MOKA_V26_20_HTML_STANDALONE_R10_2026-08-27.zip
12763640	1.04	/Users/lordjef/Desktop/abraxasos/vavcaptions/08_CONTEXTO_EXTERNO_VAV/MOKA_V26_20_HTML_STANDALONE_R11_2026-08-27.zip
12788855	1.02	/Users/lordjef/Desktop/abraxasos/vavcaptions/08_CONTEXTO_EXTERNO_VAV/MOKA_V26_20_HTML_STANDALONE_R12_2026-08-27.zip
12827333	0.98	/Users/lordjef/Desktop/abraxasos/vavcaptions/08_CONTEXTO_EXTERNO_VAV/MOKA_V26_20_HTML_STANDALONE_R13_2026-08-27.zip
12812861	0.97	/Users/lordjef/Desktop/abraxasos/vavcaptions/08_CONTEXTO_EXTERNO_VAV/MOKA_V26_20_HTML_STANDALONE_R14_2026-08-27.zip
12620774	1.06	/Users/lordjef/Desktop/abraxasos/vavcaptions/08_CONTEXTO_EXTERNO_VAV/MOKA_V26_20_HTML_STANDALONE_R9_2026-08-27.zip
5628974	1.80	/Users/lordjef/Desktop/abraxasos/vavcaptions/08_CONTEXTO_EXTERNO_VAV/MOKA_V26_20_TXT_MASTER_GRABACION_2026-08-26.zip
7189857	2.87	/Users/lordjef/Desktop/abraxasos/vavcaptions/08_CONTEXTO_EXTERNO_VAV/MOKA_V26_2_CHECKPOINT_PRE_HTML.zip
13669824	2.81	/Users/lordjef/Desktop/abraxasos/vavcaptions/08_CONTEXTO_EXTERNO_VAV/MOKA_V26_2_CONTINUATION_MASTER.zip
670767	2.81	/Users/lordjef/Desktop/abraxasos/vavcaptions/08_CONTEXTO_EXTERNO_VAV/MOKA_V26_2_GITHUB_READY.zip
30636345	2.52	/Users/lordjef/Desktop/abraxasos/vavcaptions/08_CONTEXTO_EXTERNO_VAV/MOKA_V26_3_1_RESPONSE_CONTRACT_MASTER_2026-08-26.zip
21470330	2.73	/Users/lordjef/Desktop/abraxasos/vavcaptions/08_CONTEXTO_EXTERNO_VAV/MOKA_V26_3_CONTINUATION_MASTER_2026-08-25.zip
1214417	2.69	/Users/lordjef/Desktop/abraxasos/vavcaptions/08_CONTEXTO_EXTERNO_VAV/MOKA_V26_3_GITHUB_PRIVATE_READY_2026-08-26.zip
8979634	2.69	/Users/lordjef/Desktop/abraxasos/vavcaptions/08_CONTEXTO_EXTERNO_VAV/MOKA_V26_3_HTML_2026-08-26.zip
16846545	2.69	/Users/lordjef/Desktop/abraxasos/vavcaptions/08_CONTEXTO_EXTERNO_VAV/MOKA_V26_3_MASTER_EXECUTION_2026-08-26.zip
32586	2.69	/Users/lordjef/Desktop/abraxasos/vavcaptions/08_CONTEXTO_EXTERNO_VAV/MOKA_V26_3_UNIVERSAL_2026-08-26.zip
2354626	2.20	/Users/lordjef/Desktop/abraxasos/vavcaptions/08_CONTEXTO_EXTERNO_VAV/MOKA_V26_4_GITHUB_PRIVATE_READY_2026-08-26.zip
3859351	1.75	/Users/lordjef/Desktop/abraxasos/vavcaptions/08_CONTEXTO_EXTERNO_VAV/MOTIONS_ABRAXAS_V5_5_4_ORACLE_THREEJS_ETCHING_PACKAGE.zip
4620305	1.05	/Users/lordjef/Desktop/abraxasos/vavcaptions/08_CONTEXTO_EXTERNO_VAV/MOTIONS_ABRAXAS_V5_5_5_DEEP_EXPANDED_R4_HTML_PACKAGE.zip
10212417	1.74	/Users/lordjef/Desktop/abraxasos/vavcaptions/08_CONTEXTO_EXTERNO_VAV/MOTIONS_ABRAXAS_V5_5_5_ORACLE_4K_PROVIDENCE_PACKAGE.zip
3825745	1.80	/Users/lordjef/Desktop/abraxasos/vavcaptions/08_CONTEXTO_EXTERNO_VAV/MOTIONS_ABRAXAS_V5_5_FINAL_PACKAGE.zip
313	0.65	/Users/lordjef/Desktop/abraxasos/vavcaptions/08_CONTEXTO_EXTERNO_VAV/README.txt
115451	0.81	/Users/lordjef/Desktop/abraxasos/vavcaptions/08_CONTEXTO_EXTERNO_VAV/UNIVERSAL_CONTENT_OS_CALL_TO_PUBLISH_V1_2026-08-27 (1).zip
115451	0.86	/Users/lordjef/Desktop/abraxasos/vavcaptions/08_CONTEXTO_EXTERNO_VAV/UNIVERSAL_CONTENT_OS_CALL_TO_PUBLISH_V1_2026-08-27.zip
31876	9.64	/Users/lordjef/Desktop/abraxasos/vavcaptions/08_CONTEXTO_EXTERNO_VAV/UNIVERSAL_CONTENT_OS_V22_1_WITH_CLIENT_INTAKE.zip
22479	9.64	/Users/lordjef/Desktop/abraxasos/vavcaptions/08_CONTEXTO_EXTERNO_VAV/UNIVERSAL_CONTENT_OS_V22_PACK.zip
44267	9.12	/Users/lordjef/Desktop/abraxasos/vavcaptions/08_CONTEXTO_EXTERNO_VAV/UNIVERSAL_CONTENT_OS_V25_REPLICATION_PACK (1).zip
44267	9.53	/Users/lordjef/Desktop/abraxasos/vavcaptions/08_CONTEXTO_EXTERNO_VAV/UNIVERSAL_CONTENT_OS_V25_REPLICATION_PACK.zip
82267204	0.70	/Users/lordjef/Desktop/abraxasos/vavcaptions/09_EVIDENCIA_EXPORTS/vav-captioned-alpha.mp4
84126405	0.67	/Users/lordjef/Desktop/abraxasos/vavcaptions/09_EVIDENCIA_EXPORTS/vav-captioned-alphaXX.mp4
84082735	0.67	/Users/lordjef/Desktop/abraxasos/vavcaptions/09_EVIDENCIA_EXPORTS/vav-captioned-alphaxx2.mp4
9116	0.66	/Users/lordjef/Desktop/abraxasos/vavcaptions/10_NEXT_CHAT_UPLOAD/VAV_CAPTIONS_ANY_CHAT_PRO_MASTER_PROMPT_V8_RENDER_PARITY.txt
2898035	0.66	/Users/lordjef/Desktop/abraxasos/vavcaptions/10_NEXT_CHAT_UPLOAD/VAV_CURRENT_REPO_HANDOFF_20260827_212113.zip
12754	0.66	/Users/lordjef/Desktop/abraxasos/vavcaptions/10_NEXT_CHAT_UPLOAD/VAV_HOTFIX_V7_2_VERIFY_20260827_210557.txt
2871489	0.66	/Users/lordjef/Desktop/abraxasos/vavcaptions/10_NEXT_CHAT_UPLOAD/VAVCAPTIONS_NEXT_CHAT_BUNDLE_20260827_213010.zip
8862	0.49	/Users/lordjef/Desktop/abraxasos/vavcaptions/para continuar o subir en otro chat/SUBIDA_LIGERA_V10_20260827_220145/PARTE_1_CORE/VAV_CAPTIONS_ANY_CHAT_PRO_MASTER_PROMPT_V9.txt
13087	0.78	/Users/lordjef/Desktop/abraxasos/vavcaptions/para continuar o subir en otro chat/SUBIDA_LIGERA_V10_20260827_220145/PARTE_1_CORE/VAV_CAPTIONS_INTERNAL_REPO_ARCHITECTURE_V1 (1).zip
21186	0.65	/Users/lordjef/Desktop/abraxasos/vavcaptions/para continuar o subir en otro chat/SUBIDA_LIGERA_V10_20260827_220145/PARTE_1_CORE/VAV_CAPTIONS_ROADMAP_EXECUTION_PROMPT_V10.txt
2645503	0.81	/Users/lordjef/Desktop/abraxasos/vavcaptions/para continuar o subir en otro chat/SUBIDA_LIGERA_V10_20260827_220145/PARTE_1_CORE/VAV_CAPTIONS_UI_UX_REFERENCE_CANON_V3_DOCKABLE_DESKTOP.zip
2898035	0.67	/Users/lordjef/Desktop/abraxasos/vavcaptions/para continuar o subir en otro chat/SUBIDA_LIGERA_V10_20260827_220145/PARTE_1_CORE/VAV_CURRENT_REPO_HANDOFF_20260827_212113.zip
12754	0.68	/Users/lordjef/Desktop/abraxasos/vavcaptions/para continuar o subir en otro chat/SUBIDA_LIGERA_V10_20260827_220145/PARTE_1_CORE/VAV_HOTFIX_V7_2_VERIFY_20260827_210557.txt
2873993	0.65	/Users/lordjef/Desktop/abraxasos/vavcaptions/para continuar o subir en otro chat/SUBIDA_LIGERA_V10_20260827_220145/PARTE_1_CORE/VAV_REPO_ACTUAL_CODIGO_20260827_214022.zip
2645503	0.81	/Users/lordjef/Desktop/abraxasos/vavcaptions/para continuar o subir en otro chat/SUBIDA_LIGERA_V10_20260827_220145/PARTE_2_REFERENCIAS_CLAVE/VAV_CAPTIONS_UI_UX_REFERENCE_CANON_V3_DOCKABLE_DESKTOP.zip
299	0.78	/Users/lordjef/Desktop/abraxasos/vavcaptions/para continuar o subir en otro chat/V12_CONTINUITY_20260828_125649/CORE/REPO_CURRENT_SANITIZED/apps/captions-desktop/index.html
1142	0.00	/Users/lordjef/Desktop/abraxasos/vavcaptions/para continuar o subir en otro chat/V12_CONTINUITY_20260828_125649/CORE/REPO_CURRENT_SANITIZED/apps/captions-desktop/package.json
1263	0.74	/Users/lordjef/Desktop/abraxasos/vavcaptions/para continuar o subir en otro chat/V12_CONTINUITY_20260828_125649/CORE/REPO_CURRENT_SANITIZED/apps/captions-desktop/src/CaptionDocumentPanel.tsx
303	0.78	/Users/lordjef/Desktop/abraxasos/vavcaptions/para continuar o subir en otro chat/V12_CONTINUITY_20260828_125649/CORE/REPO_CURRENT_SANITIZED/apps/captions-desktop/vite.config.ts
2224	0.00	/Users/lordjef/Desktop/abraxasos/vavcaptions/para continuar o subir en otro chat/V12_CONTINUITY_20260828_125649/CORE/REPO_CURRENT_SANITIZED/docs/abraxas/ABRAXAS_IMPORT_AND_GRAMMAR_V12.md
416	0.78	/Users/lordjef/Desktop/abraxasos/vavcaptions/para continuar o subir en otro chat/V12_CONTINUITY_20260828_125649/CORE/REPO_CURRENT_SANITIZED/docs/architecture/CAPTION_DOCUMENT_VIEW_DECISION.md
825	0.78	/Users/lordjef/Desktop/abraxasos/vavcaptions/para continuar o subir en otro chat/V12_CONTINUITY_20260828_125649/CORE/REPO_CURRENT_SANITIZED/docs/content-motion-bridge/00_READ_ME_FIRST.md
5988	0.78	/Users/lordjef/Desktop/abraxasos/vavcaptions/para continuar o subir en otro chat/V12_CONTINUITY_20260828_125649/CORE/REPO_CURRENT_SANITIZED/docs/content-motion-bridge/01_TARGET_REPO_TREE.md
977	0.78	/Users/lordjef/Desktop/abraxasos/vavcaptions/para continuar o subir en otro chat/V12_CONTINUITY_20260828_125649/CORE/REPO_CURRENT_SANITIZED/docs/content-motion-bridge/02_CORE_ARCHITECTURAL_RULES.md
921	0.78	/Users/lordjef/Desktop/abraxasos/vavcaptions/para continuar o subir en otro chat/V12_CONTINUITY_20260828_125649/CORE/REPO_CURRENT_SANITIZED/docs/content-motion-bridge/03_FICHA_CONTENT_OS_BRIDGE.md
789	0.78	/Users/lordjef/Desktop/abraxasos/vavcaptions/para continuar o subir en otro chat/V12_CONTINUITY_20260828_125649/CORE/REPO_CURRENT_SANITIZED/docs/content-motion-bridge/04_VISUAL_MOTION_VS_CAPTION_MOTION.md
1153	0.78	/Users/lordjef/Desktop/abraxasos/vavcaptions/para continuar o subir en otro chat/V12_CONTINUITY_20260828_125649/CORE/REPO_CURRENT_SANITIZED/docs/content-motion-bridge/05_MOTION_CONTEXT_CONTRACT.md
2360	0.78	/Users/lordjef/Desktop/abraxasos/vavcaptions/para continuar o subir en otro chat/V12_CONTINUITY_20260828_125649/CORE/REPO_CURRENT_SANITIZED/docs/content-motion-bridge/06_CAPTION_RESPONSE_POLICIES_BY_MOTION.md
1117	0.78	/Users/lordjef/Desktop/abraxasos/vavcaptions/para continuar o subir en otro chat/V12_CONTINUITY_20260828_125649/CORE/REPO_CURRENT_SANITIZED/docs/content-motion-bridge/07_CONTENT_INTENT_IMPORT.md
748	0.78	/Users/lordjef/Desktop/abraxasos/vavcaptions/para continuar o subir en otro chat/V12_CONTINUITY_20260828_125649/CORE/REPO_CURRENT_SANITIZED/docs/content-motion-bridge/08_SOURCE_TIMELINE_TIME_MAP.md
1098	0.78	/Users/lordjef/Desktop/abraxasos/vavcaptions/para continuar o subir en otro chat/V12_CONTINUITY_20260828_125649/CORE/REPO_CURRENT_SANITIZED/docs/content-motion-bridge/09_DUAL_AND_TRIPLE_WORKFLOW.md
793	0.78	/Users/lordjef/Desktop/abraxasos/vavcaptions/para continuar o subir en otro chat/V12_CONTINUITY_20260828_125649/CORE/REPO_CURRENT_SANITIZED/docs/content-motion-bridge/10_CAPTION_COMPILER_PIPELINE.md
743	0.78	/Users/lordjef/Desktop/abraxasos/vavcaptions/para continuar o subir en otro chat/V12_CONTINUITY_20260828_125649/CORE/REPO_CURRENT_SANITIZED/docs/content-motion-bridge/11_MODULE_GRAPH_AND_INVALIDATION.md
771	0.78	/Users/lordjef/Desktop/abraxasos/vavcaptions/para continuar o subir en otro chat/V12_CONTINUITY_20260828_125649/CORE/REPO_CURRENT_SANITIZED/docs/content-motion-bridge/12_INTERCHANGE_CONTRACTS.md
1448	0.78	/Users/lordjef/Desktop/abraxasos/vavcaptions/para continuar o subir en otro chat/V12_CONTINUITY_20260828_125649/CORE/REPO_CURRENT_SANITIZED/docs/content-motion-bridge/13_MOTION_MANIFEST_EXAMPLE.json
877	0.78	/Users/lordjef/Desktop/abraxasos/vavcaptions/para continuar o subir en otro chat/V12_CONTINUITY_20260828_125649/CORE/REPO_CURRENT_SANITIZED/docs/content-motion-bridge/14_CONTENT_INTENT_EXAMPLE.json
821	0.78	/Users/lordjef/Desktop/abraxasos/vavcaptions/para continuar o subir en otro chat/V12_CONTINUITY_20260828_125649/CORE/REPO_CURRENT_SANITIZED/docs/content-motion-bridge/15_RECOMMENDED_DEFAULT_WORKFLOW.md
610	0.78	/Users/lordjef/Desktop/abraxasos/vavcaptions/para continuar o subir en otro chat/V12_CONTINUITY_20260828_125649/CORE/REPO_CURRENT_SANITIZED/docs/content-motion-bridge/16_SCOPE_BOUNDARIES.md
748	0.78	/Users/lordjef/Desktop/abraxasos/vavcaptions/para continuar o subir en otro chat/V12_CONTINUITY_20260828_125649/CORE/REPO_CURRENT_SANITIZED/docs/content-motion-bridge/17_ROADMAP_V10.md
555	0.78	/Users/lordjef/Desktop/abraxasos/vavcaptions/para continuar o subir en otro chat/V12_CONTINUITY_20260828_125649/CORE/REPO_CURRENT_SANITIZED/docs/content-motion-bridge/ARCHITECTURE_MANIFEST.json
633	0.74	/Users/lordjef/Desktop/abraxasos/vavcaptions/para continuar o subir en otro chat/V12_CONTINUITY_20260828_125649/CORE/REPO_CURRENT_SANITIZED/docs/continuity/C01_5_INTERACTIVE_UI.md
9503	0.70	/Users/lordjef/Desktop/abraxasos/vavcaptions/para continuar o subir en otro chat/V12_CONTINUITY_20260828_125649/CORE/REPO_CURRENT_SANITIZED/docs/full-alpha/VAV_CAPTIONS_FULL_UPGRADE_MASTER_PROMPT.txt
424	0.78	/Users/lordjef/Desktop/abraxasos/vavcaptions/para continuar o subir en otro chat/V12_CONTINUITY_20260828_125649/CORE/REPO_CURRENT_SANITIZED/docs/pro-editor-foundation/07_CAPTION_TRACKS_AND_IMPORT_EXPORT.md
693	0.78	/Users/lordjef/Desktop/abraxasos/vavcaptions/para continuar o subir en otro chat/V12_CONTINUITY_20260828_125649/CORE/REPO_CURRENT_SANITIZED/docs/pro-editor-foundation/10_FUTURE_VAV_TOOLS_OUT_OF_SCOPE.md
693	0.78	/Users/lordjef/Desktop/abraxasos/vavcaptions/para continuar o subir en otro chat/V12_CONTINUITY_20260828_125649/CORE/REPO_CURRENT_SANITIZED/docs/product/FUTURE_VAV_TOOLS_OUT_OF_SCOPE.md
2450	0.00	/Users/lordjef/Desktop/abraxasos/vavcaptions/para continuar o subir en otro chat/V12_CONTINUITY_20260828_125649/CORE/REPO_CURRENT_SANITIZED/docs/roadmap/VAV_ROADMAP_V12.md
529	0.78	/Users/lordjef/Desktop/abraxasos/vavcaptions/para continuar o subir en otro chat/V12_CONTINUITY_20260828_125649/CORE/REPO_CURRENT_SANITIZED/docs/ui-canon/06_MOTION_INTERACTION.md
568	0.78	/Users/lordjef/Desktop/abraxasos/vavcaptions/para continuar o subir en otro chat/V12_CONTINUITY_20260828_125649/CORE/REPO_CURRENT_SANITIZED/docs/ui-canon/10_ABRAXAS_ADAPTATION.md
1297	0.78	/Users/lordjef/Desktop/abraxasos/vavcaptions/para continuar o subir en otro chat/V12_CONTINUITY_20260828_125649/CORE/REPO_CURRENT_SANITIZED/docs/ui-canon/12_CAPTION_DOCUMENT_VIEW.md
43596	0.78	/Users/lordjef/Desktop/abraxasos/vavcaptions/para continuar o subir en otro chat/V12_CONTINUITY_20260828_125649/CORE/REPO_CURRENT_SANITIZED/docs/ui-canon/source-materials/ABRAXAS_HTML_WORKFLOW_v4.3.4_FINAL (1)(1).zip
2207	0.00	/Users/lordjef/Desktop/abraxasos/vavcaptions/para continuar o subir en otro chat/V12_CONTINUITY_20260828_125649/CORE/REPO_CURRENT_SANITIZED/docs/vision/VAV_VISION_SPATIAL_ROADMAP_V12.md
286	0.00	/Users/lordjef/Desktop/abraxasos/vavcaptions/para continuar o subir en otro chat/V12_CONTINUITY_20260828_125649/CORE/REPO_CURRENT_SANITIZED/native/vav-vision-macos/BUILD.command
700	0.00	/Users/lordjef/Desktop/abraxasos/vavcaptions/para continuar o subir en otro chat/V12_CONTINUITY_20260828_125649/CORE/REPO_CURRENT_SANITIZED/native/vav-vision-macos/README.md
132	0.00	/Users/lordjef/Desktop/abraxasos/vavcaptions/para continuar o subir en otro chat/V12_CONTINUITY_20260828_125649/CORE/REPO_CURRENT_SANITIZED/packages/abraxas-import/package.json
205	0.78	/Users/lordjef/Desktop/abraxasos/vavcaptions/para continuar o subir en otro chat/V12_CONTINUITY_20260828_125649/CORE/REPO_CURRENT_SANITIZED/packages/caption-compiler/package.json
131	0.78	/Users/lordjef/Desktop/abraxasos/vavcaptions/para continuar o subir en otro chat/V12_CONTINUITY_20260828_125649/CORE/REPO_CURRENT_SANITIZED/packages/caption-domain/package.json
135	0.00	/Users/lordjef/Desktop/abraxasos/vavcaptions/para continuar o subir en otro chat/V12_CONTINUITY_20260828_125649/CORE/REPO_CURRENT_SANITIZED/packages/caption-hierarchy/package.json
131	0.78	/Users/lordjef/Desktop/abraxasos/vavcaptions/para continuar o subir en otro chat/V12_CONTINUITY_20260828_125649/CORE/REPO_CURRENT_SANITIZED/packages/caption-layout/package.json
198	0.00	/Users/lordjef/Desktop/abraxasos/vavcaptions/para continuar o subir en otro chat/V12_CONTINUITY_20260828_125649/CORE/REPO_CURRENT_SANITIZED/packages/caption-motion/package.json
198	0.00	/Users/lordjef/Desktop/abraxasos/vavcaptions/para continuar o subir en otro chat/V12_CONTINUITY_20260828_125649/CORE/REPO_CURRENT_SANITIZED/packages/caption-styles/package.json
131	0.78	/Users/lordjef/Desktop/abraxasos/vavcaptions/para continuar o subir en otro chat/V12_CONTINUITY_20260828_125649/CORE/REPO_CURRENT_SANITIZED/packages/caption-tracks/package.json
210	0.78	/Users/lordjef/Desktop/abraxasos/vavcaptions/para continuar o subir en otro chat/V12_CONTINUITY_20260828_125649/CORE/REPO_CURRENT_SANITIZED/packages/motion-caption-policy/package.json
668	0.00	/Users/lordjef/Desktop/abraxasos/vavcaptions/para continuar o subir en otro chat/V12_CONTINUITY_20260828_125649/CORE/REPO_CURRENT_SANITIZED/packages/remotion-composition/package.json
1428	0.78	/Users/lordjef/Desktop/abraxasos/vavcaptions/para continuar o subir en otro chat/V12_CONTINUITY_20260828_125649/CORE/REPO_CURRENT_SANITIZED/packages/remotion-composition/src/CaptionDemoComposition.tsx
9106	0.00	/Users/lordjef/Desktop/abraxasos/vavcaptions/para continuar o subir en otro chat/V12_CONTINUITY_20260828_125649/CORE/REPO_CURRENT_SANITIZED/packages/remotion-composition/src/VavCaptionComposition.tsx
171	0.78	/Users/lordjef/Desktop/abraxasos/vavcaptions/para continuar o subir en otro chat/V12_CONTINUITY_20260828_125649/CORE/REPO_CURRENT_SANITIZED/packages/vav-schema/package.json
134	0.00	/Users/lordjef/Desktop/abraxasos/vavcaptions/para continuar o subir en otro chat/V12_CONTINUITY_20260828_125649/CORE/REPO_CURRENT_SANITIZED/packages/vision-contracts/package.json
202	0.77	/Users/lordjef/Desktop/abraxasos/vavcaptions/para continuar o subir en otro chat/V12_CONTINUITY_20260828_125649/CORE/REPO_CURRENT_SANITIZED/packages/visual-motion-domain/package.json
2063	0.00	/Users/lordjef/Desktop/abraxasos/vavcaptions/para continuar o subir en otro chat/V12_CONTINUITY_20260828_125649/CORE/REPO_CURRENT_SANITIZED/README_VAV_PROGRESS.md
167	0.78	/Users/lordjef/Desktop/abraxasos/vavcaptions/para continuar o subir en otro chat/V12_CONTINUITY_20260828_125649/CORE/REPO_CURRENT_SANITIZED/RUN_VAV_DEV.command
1448	0.78	/Users/lordjef/Desktop/abraxasos/vavcaptions/para continuar o subir en otro chat/V12_CONTINUITY_20260828_125649/CORE/REPO_CURRENT_SANITIZED/schemas/interchange/vav-motion-manifest.example.json
1198	0.78	/Users/lordjef/Desktop/abraxasos/vavcaptions/para continuar o subir en otro chat/V12_CONTINUITY_20260828_125649/CORE/REPO_CURRENT_SANITIZED/scripts/check-content-motion-bridge.mjs
8670	0.00	/Users/lordjef/Desktop/abraxasos/vavcaptions/para continuar o subir en otro chat/V12_CONTINUITY_20260828_125649/CORE/REPO_CURRENT_SANITIZED/scripts/providers/install-vision-providers-macos.command
684	0.00	/Users/lordjef/Desktop/abraxasos/vavcaptions/para continuar o subir en otro chat/V12_CONTINUITY_20260828_125649/CORE/REPO_CURRENT_SANITIZED/services/local-engine/src/abraxas-registry.test.ts
4834	0.00	/Users/lordjef/Desktop/abraxasos/vavcaptions/para continuar o subir en otro chat/V12_CONTINUITY_20260828_125649/CORE/REPO_CURRENT_SANITIZED/services/local-engine/src/abraxas-registry.ts
4884	0.00	/Users/lordjef/Desktop/abraxasos/vavcaptions/para continuar o subir en otro chat/V12_CONTINUITY_20260828_125649/CORE/REPO_CURRENT_SANITIZED/services/local-engine/src/vision-capabilities.ts
1318	0.00	/Users/lordjef/Desktop/abraxasos/vavcaptions/para continuar o subir en otro chat/V12_CONTINUITY_20260828_125649/CORE/REPO_CURRENT_SANITIZED/VAV_CONTINUITY_STATE.json
2224	0.02	/Users/lordjef/Desktop/abraxasos/vavcaptions/para continuar o subir en otro chat/V12_CONTINUITY_20260828_125649/CORE/V12_DOCS/ABRAXAS_IMPORT_AND_GRAMMAR_V12.md
2450	0.02	/Users/lordjef/Desktop/abraxasos/vavcaptions/para continuar o subir en otro chat/V12_CONTINUITY_20260828_125649/CORE/V12_DOCS/VAV_ROADMAP_V12.md
2207	0.02	/Users/lordjef/Desktop/abraxasos/vavcaptions/para continuar o subir en otro chat/V12_CONTINUITY_20260828_125649/CORE/V12_DOCS/VAV_VISION_SPATIAL_ROADMAP_V12.md
3661	0.00	/Users/lordjef/Desktop/abraxasos/vavcaptions/para continuar o subir en otro chat/V12_CONTINUITY_20260828_125649/CORE/VAV_CAPTIONS_ANY_CHAT_PRO_MASTER_PROMPT_V12.txt
1673	0.00	/Users/lordjef/Desktop/abraxasos/vavcaptions/para continuar o subir en otro chat/V12_CONTINUITY_20260828_125649/CORE/VAV_CURRENT_STATE_V12.txt
10920	0.02	/Users/lordjef/Desktop/abraxasos/vavcaptions/para continuar o subir en otro chat/V12_CONTINUITY_20260828_125649/CORE/VAV_V12_VERIFY_20260828_125620.txt
77640	0.02	/Users/lordjef/Desktop/abraxasos/vavcaptions/para continuar o subir en otro chat/V12_CONTINUITY_20260828_125649/REFERENCES/ABRAXAS_AND_MOTIONS_REFERENCES/03_QVR_DEEP_CARDS_V3_1(1).json
9919488	0.02	/Users/lordjef/Desktop/abraxasos/vavcaptions/para continuar o subir en otro chat/V12_CONTINUITY_20260828_125649/REFERENCES/ABRAXAS_AND_MOTIONS_REFERENCES/ABRAXAS_QVR_DEEP_REBUILD_V3_1(1).zip
11274	0.02	/Users/lordjef/Desktop/abraxasos/vavcaptions/para continuar o subir en otro chat/V12_CONTINUITY_20260828_125649/REFERENCES/ABRAXAS_AND_MOTIONS_REFERENCES/ABRAXAS_SPATIAL_MOTION_CAMERA_GRAMMAR_V3.zip
14655	0.02	/Users/lordjef/Desktop/abraxasos/vavcaptions/para continuar o subir en otro chat/V12_CONTINUITY_20260828_125649/REFERENCES/ABRAXAS_AND_MOTIONS_REFERENCES/VAV_ABRAXAS_STYLE_MINING_SYSTEM_V1.zip
26839266	0.02	/Users/lordjef/Desktop/abraxasos/vavcaptions/para continuar o subir en otro chat/V12_CONTINUITY_20260828_125649/REFERENCES/ABRAXAS_AND_MOTIONS_REFERENCES/VAV_ABRAXAS_STYLE_MINING_SYSTEM_V2_MERGED(1).zip
15952	0.02	/Users/lordjef/Desktop/abraxasos/vavcaptions/para continuar o subir en otro chat/V12_CONTINUITY_20260828_125649/REFERENCES/ABRAXAS_AND_MOTIONS_REFERENCES/VAV_ABRAXAS_VIDEO_GRAMMAR_PREFERENCE_SYSTEM_V2.zip
15497	0.02	/Users/lordjef/Desktop/abraxasos/vavcaptions/para continuar o subir en otro chat/V12_CONTINUITY_20260828_125649/REFERENCES/ABRAXAS_AND_MOTIONS_REFERENCES/VAV_CAPTION_MOTION_CRITERIA_FICHAS_V1.zip
13712	0.02	/Users/lordjef/Desktop/abraxasos/vavcaptions/para continuar o subir en otro chat/V12_CONTINUITY_20260828_125649/REFERENCES/ABRAXAS_AND_MOTIONS_REFERENCES/VAVMOTIONS_REFERENCE_SYSTEM_V1.zip
13988	0.11	/Users/lordjef/Desktop/abraxasos/vavcaptions/para continuar o subir en otro chat/V12_CONTINUITY_20260828_125649/REFERENCES/VAVMOTIONS_CONTINUITY_CORE_20260828_105030.zip
1082	0.00	/Users/lordjef/Desktop/abraxasos/vavcaptions/para continuar o subir en otro chat/V14/00_EXACT_FIRST_MESSAGE_CAPTIONS.txt
462	0.00	/Users/lordjef/Desktop/abraxasos/vavcaptions/para continuar o subir en otro chat/V14/01_CAPTIONS_NEXT_EXECUTIONS.txt
6536512	0.00	/Users/lordjef/Desktop/abraxasos/vavcaptions/para continuar o subir en otro chat/V14/VAV_CHAT_PRO_HANDOFF_LIVE_20260828_121921.zip
6491542	0.00	/Users/lordjef/Desktop/abraxasos/vavcaptions/para continuar o subir en otro chat/V14/VAV_PRO_CHAT_UPLOAD_STATIC_CORE_V13_READY.zip
8862	0.49	/Users/lordjef/Desktop/abraxasos/vavcaptions/para continuar o subir en otro chat/VAV_CAPTIONS_ANY_CHAT_PRO_MASTER_PROMPT_V9.txt
21186	0.65	/Users/lordjef/Desktop/abraxasos/vavcaptions/para continuar o subir en otro chat/VAV_CAPTIONS_ROADMAP_EXECUTION_PROMPT_V10.txt
6536512	0.04	/Users/lordjef/Desktop/abraxasos/vavcaptions/para continuar o subir en otro chat/VAV_CHAT_PRO_HANDOFF_LIVE_20260828_121921.zip
4017367	0.11	/Users/lordjef/Desktop/abraxasos/vavcaptions/para continuar o subir en otro chat/VAV_CONTEXT_AUDIT_PREUPDATE_V12_20260828_104554.zip
6148	0.11	/Users/lordjef/Desktop/abraxasos/vavcaptions/para continuar o subir en otro chat/VAV_CONTEXT_AUDIT_PREUPDATE_V12_20260828_104554/.DS_Store
16472	0.11	/Users/lordjef/Desktop/abraxasos/vavcaptions/para continuar o subir en otro chat/VAV_CONTEXT_AUDIT_PREUPDATE_V12_20260828_104554/00_TERMINAL_SUMMARY.txt
1774	0.11	/Users/lordjef/Desktop/abraxasos/vavcaptions/para continuar o subir en otro chat/VAV_CONTEXT_AUDIT_PREUPDATE_V12_20260828_104554/01_FULL_AUDIT.txt
1142	0.11	/Users/lordjef/Desktop/abraxasos/vavcaptions/para continuar o subir en otro chat/VAV_CONTEXT_AUDIT_PREUPDATE_V12_20260828_104554/02_MACHINE_TOOLCHAIN.txt
710	0.11	/Users/lordjef/Desktop/abraxasos/vavcaptions/para continuar o subir en otro chat/VAV_CONTEXT_AUDIT_PREUPDATE_V12_20260828_104554/03_APPLE_FRAMEWORKS.txt
47	0.11	/Users/lordjef/Desktop/abraxasos/vavcaptions/para continuar o subir en otro chat/VAV_CONTEXT_AUDIT_PREUPDATE_V12_20260828_104554/04_REPO_STATE.txt
1427480	0.11	/Users/lordjef/Desktop/abraxasos/vavcaptions/para continuar o subir en otro chat/VAV_CONTEXT_AUDIT_PREUPDATE_V12_20260828_104554/05_REPO_ARCHITECTURE_MATCHES.txt
88136	0.11	/Users/lordjef/Desktop/abraxasos/vavcaptions/para continuar o subir en otro chat/VAV_CONTEXT_AUDIT_PREUPDATE_V12_20260828_104554/06_KEY_MANIFESTS.txt
1233	0.11	/Users/lordjef/Desktop/abraxasos/vavcaptions/para continuar o subir en otro chat/VAV_CONTEXT_AUDIT_PREUPDATE_V12_20260828_104554/07_PROVIDER_STATE.txt
28108	0.11	/Users/lordjef/Desktop/abraxasos/vavcaptions/para continuar o subir en otro chat/VAV_CONTEXT_AUDIT_PREUPDATE_V12_20260828_104554/08_ARCHIVE_INVENTORY.txt
1172	0.11	/Users/lordjef/Desktop/abraxasos/vavcaptions/para continuar o subir en otro chat/VAV_CONTEXT_AUDIT_PREUPDATE_V12_20260828_104554/09_STORAGE_AND_IMPORTANT_FILES.txt
1044	0.11	/Users/lordjef/Desktop/abraxasos/vavcaptions/para continuar o subir en otro chat/VAV_CONTEXT_AUDIT_PREUPDATE_V12_20260828_104554/10_NEXT_STEP_FOR_CHAT.txt
2761	0.78	/Users/lordjef/Desktop/abraxasos/vavcaptions/para continuar o subir en otro chat/VAV_CONTEXT_AUDIT_PREUPDATE_V12_20260828_104554/CONTEXT_SELECTED/03_REPORTES_Y_VERIFICACION/README_VAV_PROGRESS.md
2546	0.78	/Users/lordjef/Desktop/abraxasos/vavcaptions/para continuar o subir en otro chat/VAV_CONTEXT_AUDIT_PREUPDATE_V12_20260828_104554/CONTEXT_SELECTED/03_REPORTES_Y_VERIFICACION/VAV_CONTINUITY_STATE.json
4468	0.68	/Users/lordjef/Desktop/abraxasos/vavcaptions/para continuar o subir en otro chat/VAV_CONTEXT_AUDIT_PREUPDATE_V12_20260828_104554/CONTEXT_SELECTED/03_REPORTES_Y_VERIFICACION/VAV_HOTFIX_V7_1_APPLY_20260827_210222.txt
5275	0.68	/Users/lordjef/Desktop/abraxasos/vavcaptions/para continuar o subir en otro chat/VAV_CONTEXT_AUDIT_PREUPDATE_V12_20260828_104554/CONTEXT_SELECTED/03_REPORTES_Y_VERIFICACION/VAV_HOTFIX_V7_1_VERIFY_20260827_210254.txt
2875	0.68	/Users/lordjef/Desktop/abraxasos/vavcaptions/para continuar o subir en otro chat/VAV_CONTEXT_AUDIT_PREUPDATE_V12_20260828_104554/CONTEXT_SELECTED/03_REPORTES_Y_VERIFICACION/VAV_HOTFIX_V7_2_APPLY_20260827_210543.txt
12754	0.68	/Users/lordjef/Desktop/abraxasos/vavcaptions/para continuar o subir en otro chat/VAV_CONTEXT_AUDIT_PREUPDATE_V12_20260828_104554/CONTEXT_SELECTED/03_REPORTES_Y_VERIFICACION/VAV_HOTFIX_V7_2_VERIFY_20260827_210557.txt
4027	0.69	/Users/lordjef/Desktop/abraxasos/vavcaptions/para continuar o subir en otro chat/VAV_CONTEXT_AUDIT_PREUPDATE_V12_20260828_104554/CONTEXT_SELECTED/03_REPORTES_Y_VERIFICACION/VAV_VERIFY_CURRENT_20260827_205349.txt
4027	0.69	/Users/lordjef/Desktop/abraxasos/vavcaptions/para continuar o subir en otro chat/VAV_CONTEXT_AUDIT_PREUPDATE_V12_20260828_104554/CONTEXT_SELECTED/03_REPORTES_Y_VERIFICACION/VAV_VERIFY_CURRENT_20260827_205544.txt
13170	0.69	/Users/lordjef/Desktop/abraxasos/vavcaptions/para continuar o subir en otro chat/VAV_CONTEXT_AUDIT_PREUPDATE_V12_20260828_104554/CONTEXT_SELECTED/04_PROMPTS_Y_CONTINUIDAD/VAV_CAPTIONS_ANY_CHAT_PRO_MASTER_PROMPT_V7.txt
14606	0.68	/Users/lordjef/Desktop/abraxasos/vavcaptions/para continuar o subir en otro chat/VAV_CONTEXT_AUDIT_PREUPDATE_V12_20260828_104554/CONTEXT_SELECTED/04_PROMPTS_Y_CONTINUIDAD/VAV_CAPTIONS_ANY_CHAT_PRO_MASTER_PROMPT_V7_1 (1).txt
14606	0.68	/Users/lordjef/Desktop/abraxasos/vavcaptions/para continuar o subir en otro chat/VAV_CONTEXT_AUDIT_PREUPDATE_V12_20260828_104554/CONTEXT_SELECTED/04_PROMPTS_Y_CONTINUIDAD/VAV_CAPTIONS_ANY_CHAT_PRO_MASTER_PROMPT_V7_1.txt
16054	0.68	/Users/lordjef/Desktop/abraxasos/vavcaptions/para continuar o subir en otro chat/VAV_CONTEXT_AUDIT_PREUPDATE_V12_20260828_104554/CONTEXT_SELECTED/04_PROMPTS_Y_CONTINUIDAD/VAV_CAPTIONS_ANY_CHAT_PRO_MASTER_PROMPT_V7_2.txt
9116	0.66	/Users/lordjef/Desktop/abraxasos/vavcaptions/para continuar o subir en otro chat/VAV_CONTEXT_AUDIT_PREUPDATE_V12_20260828_104554/CONTEXT_SELECTED/04_PROMPTS_Y_CONTINUIDAD/VAV_CAPTIONS_ANY_CHAT_PRO_MASTER_PROMPT_V8_RENDER_PARITY.txt
8862	0.66	/Users/lordjef/Desktop/abraxasos/vavcaptions/para continuar o subir en otro chat/VAV_CONTEXT_AUDIT_PREUPDATE_V12_20260828_104554/CONTEXT_SELECTED/04_PROMPTS_Y_CONTINUIDAD/VAV_CAPTIONS_ANY_CHAT_PRO_MASTER_PROMPT_V9.txt
9503	0.71	/Users/lordjef/Desktop/abraxasos/vavcaptions/para continuar o subir en otro chat/VAV_CONTEXT_AUDIT_PREUPDATE_V12_20260828_104554/CONTEXT_SELECTED/04_PROMPTS_Y_CONTINUIDAD/VAV_CAPTIONS_FULL_UPGRADE_MASTER_PROMPT.txt
20750	0.78	/Users/lordjef/Desktop/abraxasos/vavcaptions/para continuar o subir en otro chat/VAV_CONTEXT_AUDIT_PREUPDATE_V12_20260828_104554/CONTEXT_SELECTED/04_PROMPTS_Y_CONTINUIDAD/VAV_CAPTIONS_NEW_CHAT_MASTER_PROMPT_V10_CONTENT_MOTION_BRIDGE (1).txt
20750	0.79	/Users/lordjef/Desktop/abraxasos/vavcaptions/para continuar o subir en otro chat/VAV_CONTEXT_AUDIT_PREUPDATE_V12_20260828_104554/CONTEXT_SELECTED/04_PROMPTS_Y_CONTINUIDAD/VAV_CAPTIONS_NEW_CHAT_MASTER_PROMPT_V10_CONTENT_MOTION_BRIDGE.txt
12251	0.83	/Users/lordjef/Desktop/abraxasos/vavcaptions/para continuar o subir en otro chat/VAV_CONTEXT_AUDIT_PREUPDATE_V12_20260828_104554/CONTEXT_SELECTED/04_PROMPTS_Y_CONTINUIDAD/VAV_CAPTIONS_NEW_CHAT_MASTER_PROMPT_V5.txt
18003	0.80	/Users/lordjef/Desktop/abraxasos/vavcaptions/para continuar o subir en otro chat/VAV_CONTEXT_AUDIT_PREUPDATE_V12_20260828_104554/CONTEXT_SELECTED/04_PROMPTS_Y_CONTINUIDAD/VAV_CAPTIONS_NEW_CHAT_MASTER_PROMPT_V9_PRO_EDITOR_FOUNDATION.txt
8862	0.49	/Users/lordjef/Desktop/abraxasos/vavcaptions/para continuar o subir en otro chat/VAV_CONTEXT_AUDIT_PREUPDATE_V12_20260828_104554/CONTEXT_SELECTED/para continuar o subir en otro chat/SUBIDA_LIGERA_V10_20260827_220145/PARTE_1_CORE/VAV_CAPTIONS_ANY_CHAT_PRO_MASTER_PROMPT_V9.txt
21186	0.65	/Users/lordjef/Desktop/abraxasos/vavcaptions/para continuar o subir en otro chat/VAV_CONTEXT_AUDIT_PREUPDATE_V12_20260828_104554/CONTEXT_SELECTED/para continuar o subir en otro chat/SUBIDA_LIGERA_V10_20260827_220145/PARTE_1_CORE/VAV_CAPTIONS_ROADMAP_EXECUTION_PROMPT_V10.txt
12754	0.68	/Users/lordjef/Desktop/abraxasos/vavcaptions/para continuar o subir en otro chat/VAV_CONTEXT_AUDIT_PREUPDATE_V12_20260828_104554/CONTEXT_SELECTED/para continuar o subir en otro chat/SUBIDA_LIGERA_V10_20260827_220145/PARTE_1_CORE/VAV_HOTFIX_V7_2_VERIFY_20260827_210557.txt
8862	0.49	/Users/lordjef/Desktop/abraxasos/vavcaptions/para continuar o subir en otro chat/VAV_CONTEXT_AUDIT_PREUPDATE_V12_20260828_104554/CONTEXT_SELECTED/para continuar o subir en otro chat/VAV_CAPTIONS_ANY_CHAT_PRO_MASTER_PROMPT_V9.txt
21186	0.65	/Users/lordjef/Desktop/abraxasos/vavcaptions/para continuar o subir en otro chat/VAV_CONTEXT_AUDIT_PREUPDATE_V12_20260828_104554/CONTEXT_SELECTED/para continuar o subir en otro chat/VAV_CAPTIONS_ROADMAP_EXECUTION_PROMPT_V10.txt
14323	0.11	/Users/lordjef/Desktop/abraxasos/vavcaptions/para continuar o subir en otro chat/VAV_CONTEXT_AUDIT_PREUPDATE_V12_20260828_104554/CONTEXT_SELECTED/para continuar o subir en otro chat/VAV_CONTEXT_AUDIT_PREUPDATE_V12_20260828_104554/00_TERMINAL_SUMMARY.txt
1288	0.11	/Users/lordjef/Desktop/abraxasos/vavcaptions/para continuar o subir en otro chat/VAV_CONTEXT_AUDIT_PREUPDATE_V12_20260828_104554/CONTEXT_SELECTED/para continuar o subir en otro chat/VAV_CONTEXT_AUDIT_PREUPDATE_V12_20260828_104554/01_FULL_AUDIT.txt
1142	0.11	/Users/lordjef/Desktop/abraxasos/vavcaptions/para continuar o subir en otro chat/VAV_CONTEXT_AUDIT_PREUPDATE_V12_20260828_104554/CONTEXT_SELECTED/para continuar o subir en otro chat/VAV_CONTEXT_AUDIT_PREUPDATE_V12_20260828_104554/02_MACHINE_TOOLCHAIN.txt
710	0.11	/Users/lordjef/Desktop/abraxasos/vavcaptions/para continuar o subir en otro chat/VAV_CONTEXT_AUDIT_PREUPDATE_V12_20260828_104554/CONTEXT_SELECTED/para continuar o subir en otro chat/VAV_CONTEXT_AUDIT_PREUPDATE_V12_20260828_104554/03_APPLE_FRAMEWORKS.txt
47	0.11	/Users/lordjef/Desktop/abraxasos/vavcaptions/para continuar o subir en otro chat/VAV_CONTEXT_AUDIT_PREUPDATE_V12_20260828_104554/CONTEXT_SELECTED/para continuar o subir en otro chat/VAV_CONTEXT_AUDIT_PREUPDATE_V12_20260828_104554/04_REPO_STATE.txt
1427480	0.11	/Users/lordjef/Desktop/abraxasos/vavcaptions/para continuar o subir en otro chat/VAV_CONTEXT_AUDIT_PREUPDATE_V12_20260828_104554/CONTEXT_SELECTED/para continuar o subir en otro chat/VAV_CONTEXT_AUDIT_PREUPDATE_V12_20260828_104554/05_REPO_ARCHITECTURE_MATCHES.txt
88136	0.11	/Users/lordjef/Desktop/abraxasos/vavcaptions/para continuar o subir en otro chat/VAV_CONTEXT_AUDIT_PREUPDATE_V12_20260828_104554/CONTEXT_SELECTED/para continuar o subir en otro chat/VAV_CONTEXT_AUDIT_PREUPDATE_V12_20260828_104554/06_KEY_MANIFESTS.txt
1233	0.11	/Users/lordjef/Desktop/abraxasos/vavcaptions/para continuar o subir en otro chat/VAV_CONTEXT_AUDIT_PREUPDATE_V12_20260828_104554/CONTEXT_SELECTED/para continuar o subir en otro chat/VAV_CONTEXT_AUDIT_PREUPDATE_V12_20260828_104554/07_PROVIDER_STATE.txt
28108	0.11	/Users/lordjef/Desktop/abraxasos/vavcaptions/para continuar o subir en otro chat/VAV_CONTEXT_AUDIT_PREUPDATE_V12_20260828_104554/CONTEXT_SELECTED/para continuar o subir en otro chat/VAV_CONTEXT_AUDIT_PREUPDATE_V12_20260828_104554/08_ARCHIVE_INVENTORY.txt
2761	0.78	/Users/lordjef/Desktop/abraxasos/vavcaptions/para continuar o subir en otro chat/VAV_CONTEXT_AUDIT_PREUPDATE_V12_20260828_104554/CONTEXT_SELECTED/para continuar o subir en otro chat/VAV_CONTEXT_AUDIT_PREUPDATE_V12_20260828_104554/CONTEXT_SELECTED/03_REPORTES_Y_VERIFICACION/README_VAV_PROGRESS.md
2546	0.78	/Users/lordjef/Desktop/abraxasos/vavcaptions/para continuar o subir en otro chat/VAV_CONTEXT_AUDIT_PREUPDATE_V12_20260828_104554/CONTEXT_SELECTED/para continuar o subir en otro chat/VAV_CONTEXT_AUDIT_PREUPDATE_V12_20260828_104554/CONTEXT_SELECTED/03_REPORTES_Y_VERIFICACION/VAV_CONTINUITY_STATE.json
4468	0.68	/Users/lordjef/Desktop/abraxasos/vavcaptions/para continuar o subir en otro chat/VAV_CONTEXT_AUDIT_PREUPDATE_V12_20260828_104554/CONTEXT_SELECTED/para continuar o subir en otro chat/VAV_CONTEXT_AUDIT_PREUPDATE_V12_20260828_104554/CONTEXT_SELECTED/03_REPORTES_Y_VERIFICACION/VAV_HOTFIX_V7_1_APPLY_20260827_210222.txt
5275	0.68	/Users/lordjef/Desktop/abraxasos/vavcaptions/para continuar o subir en otro chat/VAV_CONTEXT_AUDIT_PREUPDATE_V12_20260828_104554/CONTEXT_SELECTED/para continuar o subir en otro chat/VAV_CONTEXT_AUDIT_PREUPDATE_V12_20260828_104554/CONTEXT_SELECTED/03_REPORTES_Y_VERIFICACION/VAV_HOTFIX_V7_1_VERIFY_20260827_210254.txt
2875	0.68	/Users/lordjef/Desktop/abraxasos/vavcaptions/para continuar o subir en otro chat/VAV_CONTEXT_AUDIT_PREUPDATE_V12_20260828_104554/CONTEXT_SELECTED/para continuar o subir en otro chat/VAV_CONTEXT_AUDIT_PREUPDATE_V12_20260828_104554/CONTEXT_SELECTED/03_REPORTES_Y_VERIFICACION/VAV_HOTFIX_V7_2_APPLY_20260827_210543.txt
12754	0.68	/Users/lordjef/Desktop/abraxasos/vavcaptions/para continuar o subir en otro chat/VAV_CONTEXT_AUDIT_PREUPDATE_V12_20260828_104554/CONTEXT_SELECTED/para continuar o subir en otro chat/VAV_CONTEXT_AUDIT_PREUPDATE_V12_20260828_104554/CONTEXT_SELECTED/03_REPORTES_Y_VERIFICACION/VAV_HOTFIX_V7_2_VERIFY_20260827_210557.txt
4027	0.69	/Users/lordjef/Desktop/abraxasos/vavcaptions/para continuar o subir en otro chat/VAV_CONTEXT_AUDIT_PREUPDATE_V12_20260828_104554/CONTEXT_SELECTED/para continuar o subir en otro chat/VAV_CONTEXT_AUDIT_PREUPDATE_V12_20260828_104554/CONTEXT_SELECTED/03_REPORTES_Y_VERIFICACION/VAV_VERIFY_CURRENT_20260827_205349.txt
4027	0.69	/Users/lordjef/Desktop/abraxasos/vavcaptions/para continuar o subir en otro chat/VAV_CONTEXT_AUDIT_PREUPDATE_V12_20260828_104554/CONTEXT_SELECTED/para continuar o subir en otro chat/VAV_CONTEXT_AUDIT_PREUPDATE_V12_20260828_104554/CONTEXT_SELECTED/03_REPORTES_Y_VERIFICACION/VAV_VERIFY_CURRENT_20260827_205544.txt
13170	0.69	/Users/lordjef/Desktop/abraxasos/vavcaptions/para continuar o subir en otro chat/VAV_CONTEXT_AUDIT_PREUPDATE_V12_20260828_104554/CONTEXT_SELECTED/para continuar o subir en otro chat/VAV_CONTEXT_AUDIT_PREUPDATE_V12_20260828_104554/CONTEXT_SELECTED/04_PROMPTS_Y_CONTINUIDAD/VAV_CAPTIONS_ANY_CHAT_PRO_MASTER_PROMPT_V7.txt
14606	0.68	/Users/lordjef/Desktop/abraxasos/vavcaptions/para continuar o subir en otro chat/VAV_CONTEXT_AUDIT_PREUPDATE_V12_20260828_104554/CONTEXT_SELECTED/para continuar o subir en otro chat/VAV_CONTEXT_AUDIT_PREUPDATE_V12_20260828_104554/CONTEXT_SELECTED/04_PROMPTS_Y_CONTINUIDAD/VAV_CAPTIONS_ANY_CHAT_PRO_MASTER_PROMPT_V7_1 (1).txt
14606	0.68	/Users/lordjef/Desktop/abraxasos/vavcaptions/para continuar o subir en otro chat/VAV_CONTEXT_AUDIT_PREUPDATE_V12_20260828_104554/CONTEXT_SELECTED/para continuar o subir en otro chat/VAV_CONTEXT_AUDIT_PREUPDATE_V12_20260828_104554/CONTEXT_SELECTED/04_PROMPTS_Y_CONTINUIDAD/VAV_CAPTIONS_ANY_CHAT_PRO_MASTER_PROMPT_V7_1.txt
16054	0.68	/Users/lordjef/Desktop/abraxasos/vavcaptions/para continuar o subir en otro chat/VAV_CONTEXT_AUDIT_PREUPDATE_V12_20260828_104554/CONTEXT_SELECTED/para continuar o subir en otro chat/VAV_CONTEXT_AUDIT_PREUPDATE_V12_20260828_104554/CONTEXT_SELECTED/04_PROMPTS_Y_CONTINUIDAD/VAV_CAPTIONS_ANY_CHAT_PRO_MASTER_PROMPT_V7_2.txt
9116	0.66	/Users/lordjef/Desktop/abraxasos/vavcaptions/para continuar o subir en otro chat/VAV_CONTEXT_AUDIT_PREUPDATE_V12_20260828_104554/CONTEXT_SELECTED/para continuar o subir en otro chat/VAV_CONTEXT_AUDIT_PREUPDATE_V12_20260828_104554/CONTEXT_SELECTED/04_PROMPTS_Y_CONTINUIDAD/VAV_CAPTIONS_ANY_CHAT_PRO_MASTER_PROMPT_V8_RENDER_PARITY.txt
8862	0.66	/Users/lordjef/Desktop/abraxasos/vavcaptions/para continuar o subir en otro chat/VAV_CONTEXT_AUDIT_PREUPDATE_V12_20260828_104554/CONTEXT_SELECTED/para continuar o subir en otro chat/VAV_CONTEXT_AUDIT_PREUPDATE_V12_20260828_104554/CONTEXT_SELECTED/04_PROMPTS_Y_CONTINUIDAD/VAV_CAPTIONS_ANY_CHAT_PRO_MASTER_PROMPT_V9.txt
9503	0.71	/Users/lordjef/Desktop/abraxasos/vavcaptions/para continuar o subir en otro chat/VAV_CONTEXT_AUDIT_PREUPDATE_V12_20260828_104554/CONTEXT_SELECTED/para continuar o subir en otro chat/VAV_CONTEXT_AUDIT_PREUPDATE_V12_20260828_104554/CONTEXT_SELECTED/04_PROMPTS_Y_CONTINUIDAD/VAV_CAPTIONS_FULL_UPGRADE_MASTER_PROMPT.txt
20750	0.78	/Users/lordjef/Desktop/abraxasos/vavcaptions/para continuar o subir en otro chat/VAV_CONTEXT_AUDIT_PREUPDATE_V12_20260828_104554/CONTEXT_SELECTED/para continuar o subir en otro chat/VAV_CONTEXT_AUDIT_PREUPDATE_V12_20260828_104554/CONTEXT_SELECTED/04_PROMPTS_Y_CONTINUIDAD/VAV_CAPTIONS_NEW_CHAT_MASTER_PROMPT_V10_CONTENT_MOTION_BRIDGE (1).txt
20750	0.79	/Users/lordjef/Desktop/abraxasos/vavcaptions/para continuar o subir en otro chat/VAV_CONTEXT_AUDIT_PREUPDATE_V12_20260828_104554/CONTEXT_SELECTED/para continuar o subir en otro chat/VAV_CONTEXT_AUDIT_PREUPDATE_V12_20260828_104554/CONTEXT_SELECTED/04_PROMPTS_Y_CONTINUIDAD/VAV_CAPTIONS_NEW_CHAT_MASTER_PROMPT_V10_CONTENT_MOTION_BRIDGE.txt
12251	0.83	/Users/lordjef/Desktop/abraxasos/vavcaptions/para continuar o subir en otro chat/VAV_CONTEXT_AUDIT_PREUPDATE_V12_20260828_104554/CONTEXT_SELECTED/para continuar o subir en otro chat/VAV_CONTEXT_AUDIT_PREUPDATE_V12_20260828_104554/CONTEXT_SELECTED/04_PROMPTS_Y_CONTINUIDAD/VAV_CAPTIONS_NEW_CHAT_MASTER_PROMPT_V5.txt
18003	0.80	/Users/lordjef/Desktop/abraxasos/vavcaptions/para continuar o subir en otro chat/VAV_CONTEXT_AUDIT_PREUPDATE_V12_20260828_104554/CONTEXT_SELECTED/para continuar o subir en otro chat/VAV_CONTEXT_AUDIT_PREUPDATE_V12_20260828_104554/CONTEXT_SELECTED/04_PROMPTS_Y_CONTINUIDAD/VAV_CAPTIONS_NEW_CHAT_MASTER_PROMPT_V9_PRO_EDITOR_FOUNDATION.txt
12754	0.68	/Users/lordjef/Desktop/abraxasos/vavcaptions/para continuar o subir en otro chat/VAV_CONTEXT_AUDIT_PREUPDATE_V12_20260828_104554/CONTEXT_SELECTED/para continuar o subir en otro chat/VAV_HOTFIX_V7_2_VERIFY_20260827_210557.txt
988	0.64	/Users/lordjef/Desktop/abraxasos/vavcaptions/para continuar o subir en otro chat/VAV_CONTEXT_AUDIT_PREUPDATE_V12_20260828_104554/CONTEXT_SELECTED/para continuar o subir en otro chat/VAVCAPTIONS_SUBIDA_LIGERA_V10_20260827_220145.txt
77640	0.16	/Users/lordjef/Desktop/abraxasos/vavcaptions/para continuar o subir en otro chat/VAV_CONTEXT_AUDIT_PREUPDATE_V12_20260828_104554/CONTEXT_SELECTED/RECENT_ABRAXAS/03_QVR_DEEP_CARDS_V3_1.json
72013	0.16	/Users/lordjef/Desktop/abraxasos/vavcaptions/para continuar o subir en otro chat/VAV_CONTEXT_AUDIT_PREUPDATE_V12_20260828_104554/CONTEXT_SELECTED/RECENT_ABRAXAS/05_QUICK_VISUAL_REVIEW_BOARD_DEEP_V3_1.html
10784	0.17	/Users/lordjef/Desktop/abraxasos/vavcaptions/para continuar o subir en otro chat/VAV_CONTEXT_AUDIT_PREUPDATE_V12_20260828_104554/CONTEXT_SELECTED/RECENT_ABRAXAS/ABRAXAS_PROMPT_PROFUNDIDAD_3D_CAMARA_MOTION_V3.txt
299	0.78	/Users/lordjef/Desktop/abraxasos/vavcaptions/para continuar o subir en otro chat/VAV_CONTEXT_AUDIT_PREUPDATE_V12_20260828_104554/REPO_CURRENT_SANITIZED/apps/captions-desktop/index.html
927	0.70	/Users/lordjef/Desktop/abraxasos/vavcaptions/para continuar o subir en otro chat/VAV_CONTEXT_AUDIT_PREUPDATE_V12_20260828_104554/REPO_CURRENT_SANITIZED/apps/captions-desktop/package.json
1263	0.74	/Users/lordjef/Desktop/abraxasos/vavcaptions/para continuar o subir en otro chat/VAV_CONTEXT_AUDIT_PREUPDATE_V12_20260828_104554/REPO_CURRENT_SANITIZED/apps/captions-desktop/src/CaptionDocumentPanel.tsx
303	0.78	/Users/lordjef/Desktop/abraxasos/vavcaptions/para continuar o subir en otro chat/VAV_CONTEXT_AUDIT_PREUPDATE_V12_20260828_104554/REPO_CURRENT_SANITIZED/apps/captions-desktop/vite.config.ts
416	0.78	/Users/lordjef/Desktop/abraxasos/vavcaptions/para continuar o subir en otro chat/VAV_CONTEXT_AUDIT_PREUPDATE_V12_20260828_104554/REPO_CURRENT_SANITIZED/docs/architecture/CAPTION_DOCUMENT_VIEW_DECISION.md
825	0.78	/Users/lordjef/Desktop/abraxasos/vavcaptions/para continuar o subir en otro chat/VAV_CONTEXT_AUDIT_PREUPDATE_V12_20260828_104554/REPO_CURRENT_SANITIZED/docs/content-motion-bridge/00_READ_ME_FIRST.md
5988	0.78	/Users/lordjef/Desktop/abraxasos/vavcaptions/para continuar o subir en otro chat/VAV_CONTEXT_AUDIT_PREUPDATE_V12_20260828_104554/REPO_CURRENT_SANITIZED/docs/content-motion-bridge/01_TARGET_REPO_TREE.md
977	0.78	/Users/lordjef/Desktop/abraxasos/vavcaptions/para continuar o subir en otro chat/VAV_CONTEXT_AUDIT_PREUPDATE_V12_20260828_104554/REPO_CURRENT_SANITIZED/docs/content-motion-bridge/02_CORE_ARCHITECTURAL_RULES.md
921	0.78	/Users/lordjef/Desktop/abraxasos/vavcaptions/para continuar o subir en otro chat/VAV_CONTEXT_AUDIT_PREUPDATE_V12_20260828_104554/REPO_CURRENT_SANITIZED/docs/content-motion-bridge/03_FICHA_CONTENT_OS_BRIDGE.md
789	0.78	/Users/lordjef/Desktop/abraxasos/vavcaptions/para continuar o subir en otro chat/VAV_CONTEXT_AUDIT_PREUPDATE_V12_20260828_104554/REPO_CURRENT_SANITIZED/docs/content-motion-bridge/04_VISUAL_MOTION_VS_CAPTION_MOTION.md
1153	0.78	/Users/lordjef/Desktop/abraxasos/vavcaptions/para continuar o subir en otro chat/VAV_CONTEXT_AUDIT_PREUPDATE_V12_20260828_104554/REPO_CURRENT_SANITIZED/docs/content-motion-bridge/05_MOTION_CONTEXT_CONTRACT.md
2360	0.78	/Users/lordjef/Desktop/abraxasos/vavcaptions/para continuar o subir en otro chat/VAV_CONTEXT_AUDIT_PREUPDATE_V12_20260828_104554/REPO_CURRENT_SANITIZED/docs/content-motion-bridge/06_CAPTION_RESPONSE_POLICIES_BY_MOTION.md
1117	0.78	/Users/lordjef/Desktop/abraxasos/vavcaptions/para continuar o subir en otro chat/VAV_CONTEXT_AUDIT_PREUPDATE_V12_20260828_104554/REPO_CURRENT_SANITIZED/docs/content-motion-bridge/07_CONTENT_INTENT_IMPORT.md
748	0.78	/Users/lordjef/Desktop/abraxasos/vavcaptions/para continuar o subir en otro chat/VAV_CONTEXT_AUDIT_PREUPDATE_V12_20260828_104554/REPO_CURRENT_SANITIZED/docs/content-motion-bridge/08_SOURCE_TIMELINE_TIME_MAP.md
1098	0.78	/Users/lordjef/Desktop/abraxasos/vavcaptions/para continuar o subir en otro chat/VAV_CONTEXT_AUDIT_PREUPDATE_V12_20260828_104554/REPO_CURRENT_SANITIZED/docs/content-motion-bridge/09_DUAL_AND_TRIPLE_WORKFLOW.md
793	0.78	/Users/lordjef/Desktop/abraxasos/vavcaptions/para continuar o subir en otro chat/VAV_CONTEXT_AUDIT_PREUPDATE_V12_20260828_104554/REPO_CURRENT_SANITIZED/docs/content-motion-bridge/10_CAPTION_COMPILER_PIPELINE.md
743	0.78	/Users/lordjef/Desktop/abraxasos/vavcaptions/para continuar o subir en otro chat/VAV_CONTEXT_AUDIT_PREUPDATE_V12_20260828_104554/REPO_CURRENT_SANITIZED/docs/content-motion-bridge/11_MODULE_GRAPH_AND_INVALIDATION.md
771	0.78	/Users/lordjef/Desktop/abraxasos/vavcaptions/para continuar o subir en otro chat/VAV_CONTEXT_AUDIT_PREUPDATE_V12_20260828_104554/REPO_CURRENT_SANITIZED/docs/content-motion-bridge/12_INTERCHANGE_CONTRACTS.md
1448	0.78	/Users/lordjef/Desktop/abraxasos/vavcaptions/para continuar o subir en otro chat/VAV_CONTEXT_AUDIT_PREUPDATE_V12_20260828_104554/REPO_CURRENT_SANITIZED/docs/content-motion-bridge/13_MOTION_MANIFEST_EXAMPLE.json
877	0.78	/Users/lordjef/Desktop/abraxasos/vavcaptions/para continuar o subir en otro chat/VAV_CONTEXT_AUDIT_PREUPDATE_V12_20260828_104554/REPO_CURRENT_SANITIZED/docs/content-motion-bridge/14_CONTENT_INTENT_EXAMPLE.json
821	0.78	/Users/lordjef/Desktop/abraxasos/vavcaptions/para continuar o subir en otro chat/VAV_CONTEXT_AUDIT_PREUPDATE_V12_20260828_104554/REPO_CURRENT_SANITIZED/docs/content-motion-bridge/15_RECOMMENDED_DEFAULT_WORKFLOW.md
610	0.78	/Users/lordjef/Desktop/abraxasos/vavcaptions/para continuar o subir en otro chat/VAV_CONTEXT_AUDIT_PREUPDATE_V12_20260828_104554/REPO_CURRENT_SANITIZED/docs/content-motion-bridge/16_SCOPE_BOUNDARIES.md
748	0.78	/Users/lordjef/Desktop/abraxasos/vavcaptions/para continuar o subir en otro chat/VAV_CONTEXT_AUDIT_PREUPDATE_V12_20260828_104554/REPO_CURRENT_SANITIZED/docs/content-motion-bridge/17_ROADMAP_V10.md
555	0.78	/Users/lordjef/Desktop/abraxasos/vavcaptions/para continuar o subir en otro chat/VAV_CONTEXT_AUDIT_PREUPDATE_V12_20260828_104554/REPO_CURRENT_SANITIZED/docs/content-motion-bridge/ARCHITECTURE_MANIFEST.json
633	0.74	/Users/lordjef/Desktop/abraxasos/vavcaptions/para continuar o subir en otro chat/VAV_CONTEXT_AUDIT_PREUPDATE_V12_20260828_104554/REPO_CURRENT_SANITIZED/docs/continuity/C01_5_INTERACTIVE_UI.md
9503	0.70	/Users/lordjef/Desktop/abraxasos/vavcaptions/para continuar o subir en otro chat/VAV_CONTEXT_AUDIT_PREUPDATE_V12_20260828_104554/REPO_CURRENT_SANITIZED/docs/full-alpha/VAV_CAPTIONS_FULL_UPGRADE_MASTER_PROMPT.txt
424	0.78	/Users/lordjef/Desktop/abraxasos/vavcaptions/para continuar o subir en otro chat/VAV_CONTEXT_AUDIT_PREUPDATE_V12_20260828_104554/REPO_CURRENT_SANITIZED/docs/pro-editor-foundation/07_CAPTION_TRACKS_AND_IMPORT_EXPORT.md
693	0.78	/Users/lordjef/Desktop/abraxasos/vavcaptions/para continuar o subir en otro chat/VAV_CONTEXT_AUDIT_PREUPDATE_V12_20260828_104554/REPO_CURRENT_SANITIZED/docs/pro-editor-foundation/10_FUTURE_VAV_TOOLS_OUT_OF_SCOPE.md
693	0.78	/Users/lordjef/Desktop/abraxasos/vavcaptions/para continuar o subir en otro chat/VAV_CONTEXT_AUDIT_PREUPDATE_V12_20260828_104554/REPO_CURRENT_SANITIZED/docs/product/FUTURE_VAV_TOOLS_OUT_OF_SCOPE.md
529	0.78	/Users/lordjef/Desktop/abraxasos/vavcaptions/para continuar o subir en otro chat/VAV_CONTEXT_AUDIT_PREUPDATE_V12_20260828_104554/REPO_CURRENT_SANITIZED/docs/ui-canon/06_MOTION_INTERACTION.md
568	0.78	/Users/lordjef/Desktop/abraxasos/vavcaptions/para continuar o subir en otro chat/VAV_CONTEXT_AUDIT_PREUPDATE_V12_20260828_104554/REPO_CURRENT_SANITIZED/docs/ui-canon/10_ABRAXAS_ADAPTATION.md
1297	0.78	/Users/lordjef/Desktop/abraxasos/vavcaptions/para continuar o subir en otro chat/VAV_CONTEXT_AUDIT_PREUPDATE_V12_20260828_104554/REPO_CURRENT_SANITIZED/docs/ui-canon/12_CAPTION_DOCUMENT_VIEW.md
43596	0.78	/Users/lordjef/Desktop/abraxasos/vavcaptions/para continuar o subir en otro chat/VAV_CONTEXT_AUDIT_PREUPDATE_V12_20260828_104554/REPO_CURRENT_SANITIZED/docs/ui-canon/source-materials/ABRAXAS_HTML_WORKFLOW_v4.3.4_FINAL (1)(1).zip
205	0.78	/Users/lordjef/Desktop/abraxasos/vavcaptions/para continuar o subir en otro chat/VAV_CONTEXT_AUDIT_PREUPDATE_V12_20260828_104554/REPO_CURRENT_SANITIZED/packages/caption-compiler/package.json
131	0.78	/Users/lordjef/Desktop/abraxasos/vavcaptions/para continuar o subir en otro chat/VAV_CONTEXT_AUDIT_PREUPDATE_V12_20260828_104554/REPO_CURRENT_SANITIZED/packages/caption-domain/package.json
131	0.78	/Users/lordjef/Desktop/abraxasos/vavcaptions/para continuar o subir en otro chat/VAV_CONTEXT_AUDIT_PREUPDATE_V12_20260828_104554/REPO_CURRENT_SANITIZED/packages/caption-layout/package.json
131	0.78	/Users/lordjef/Desktop/abraxasos/vavcaptions/para continuar o subir en otro chat/VAV_CONTEXT_AUDIT_PREUPDATE_V12_20260828_104554/REPO_CURRENT_SANITIZED/packages/caption-motion/package.json
131	0.78	/Users/lordjef/Desktop/abraxasos/vavcaptions/para continuar o subir en otro chat/VAV_CONTEXT_AUDIT_PREUPDATE_V12_20260828_104554/REPO_CURRENT_SANITIZED/packages/caption-styles/package.json
131	0.78	/Users/lordjef/Desktop/abraxasos/vavcaptions/para continuar o subir en otro chat/VAV_CONTEXT_AUDIT_PREUPDATE_V12_20260828_104554/REPO_CURRENT_SANITIZED/packages/caption-tracks/package.json
210	0.78	/Users/lordjef/Desktop/abraxasos/vavcaptions/para continuar o subir en otro chat/VAV_CONTEXT_AUDIT_PREUPDATE_V12_20260828_104554/REPO_CURRENT_SANITIZED/packages/motion-caption-policy/package.json
496	0.78	/Users/lordjef/Desktop/abraxasos/vavcaptions/para continuar o subir en otro chat/VAV_CONTEXT_AUDIT_PREUPDATE_V12_20260828_104554/REPO_CURRENT_SANITIZED/packages/remotion-composition/package.json
1428	0.78	/Users/lordjef/Desktop/abraxasos/vavcaptions/para continuar o subir en otro chat/VAV_CONTEXT_AUDIT_PREUPDATE_V12_20260828_104554/REPO_CURRENT_SANITIZED/packages/remotion-composition/src/CaptionDemoComposition.tsx
171	0.78	/Users/lordjef/Desktop/abraxasos/vavcaptions/para continuar o subir en otro chat/VAV_CONTEXT_AUDIT_PREUPDATE_V12_20260828_104554/REPO_CURRENT_SANITIZED/packages/vav-schema/package.json
202	0.77	/Users/lordjef/Desktop/abraxasos/vavcaptions/para continuar o subir en otro chat/VAV_CONTEXT_AUDIT_PREUPDATE_V12_20260828_104554/REPO_CURRENT_SANITIZED/packages/visual-motion-domain/package.json
2761	0.78	/Users/lordjef/Desktop/abraxasos/vavcaptions/para continuar o subir en otro chat/VAV_CONTEXT_AUDIT_PREUPDATE_V12_20260828_104554/REPO_CURRENT_SANITIZED/README_VAV_PROGRESS.md
167	0.78	/Users/lordjef/Desktop/abraxasos/vavcaptions/para continuar o subir en otro chat/VAV_CONTEXT_AUDIT_PREUPDATE_V12_20260828_104554/REPO_CURRENT_SANITIZED/RUN_VAV_DEV.command
1448	0.78	/Users/lordjef/Desktop/abraxasos/vavcaptions/para continuar o subir en otro chat/VAV_CONTEXT_AUDIT_PREUPDATE_V12_20260828_104554/REPO_CURRENT_SANITIZED/schemas/interchange/vav-motion-manifest.example.json
1198	0.78	/Users/lordjef/Desktop/abraxasos/vavcaptions/para continuar o subir en otro chat/VAV_CONTEXT_AUDIT_PREUPDATE_V12_20260828_104554/REPO_CURRENT_SANITIZED/scripts/check-content-motion-bridge.mjs
2546	0.78	/Users/lordjef/Desktop/abraxasos/vavcaptions/para continuar o subir en otro chat/VAV_CONTEXT_AUDIT_PREUPDATE_V12_20260828_104554/REPO_CURRENT_SANITIZED/VAV_CONTINUITY_STATE.json
517170394	0.65	/Users/lordjef/Desktop/abraxasos/vavcaptions/para continuar o subir en otro chat/VAV_CONTEXTO_EXTERNO_20260827_214022.zip
2898035	0.67	/Users/lordjef/Desktop/abraxasos/vavcaptions/para continuar o subir en otro chat/VAV_CURRENT_REPO_HANDOFF_20260827_212113.zip
2986118	0.04	/Users/lordjef/Desktop/abraxasos/vavcaptions/para continuar o subir en otro chat/VAV_ECOSYSTEM_COMBINED_PRO_CHAT_CORE_V1.zip
36852076	0.02	/Users/lordjef/Desktop/abraxasos/vavcaptions/para continuar o subir en otro chat/VAV_ECOSYSTEM_REFERENCES_V12_20260828_125649.zip
57038603	0.65	/Users/lordjef/Desktop/abraxasos/vavcaptions/para continuar o subir en otro chat/VAV_HISTORIAL_PAQUETES_20260827_214022.zip
12754	0.68	/Users/lordjef/Desktop/abraxasos/vavcaptions/para continuar o subir en otro chat/VAV_HOTFIX_V7_2_VERIFY_20260827_210557.txt
190957315	0.65	/Users/lordjef/Desktop/abraxasos/vavcaptions/para continuar o subir en otro chat/VAV_REFERENCIAS_VISUALES_Y_SUBTITULOS_20260827_214022.zip
2873993	0.65	/Users/lordjef/Desktop/abraxasos/vavcaptions/para continuar o subir en otro chat/VAV_REPO_ACTUAL_CODIGO_20260827_214022.zip
8375723	0.64	/Users/lordjef/Desktop/abraxasos/vavcaptions/para continuar o subir en otro chat/VAVCAPTIONS_CHAT_PARTE_1_CORE_V10_20260827_220145.zip
3460805	0.64	/Users/lordjef/Desktop/abraxasos/vavcaptions/para continuar o subir en otro chat/VAVCAPTIONS_CHAT_PARTE_2_REFERENCIAS_CLAVE_V10_20260827_220145.zip
5710880	0.65	/Users/lordjef/Desktop/abraxasos/vavcaptions/para continuar o subir en otro chat/VAVCAPTIONS_CONTINUAR_CORE_20260827_214022.zip
3009623	0.02	/Users/lordjef/Desktop/abraxasos/vavcaptions/para continuar o subir en otro chat/VAVCAPTIONS_CONTINUE_CORE_V12_20260828_125649.zip
988	0.64	/Users/lordjef/Desktop/abraxasos/vavcaptions/para continuar o subir en otro chat/VAVCAPTIONS_SUBIDA_LIGERA_V10_20260827_220145.txt
6148	0.08	/Users/lordjef/Desktop/abraxasos/vavmotions/.DS_Store
948	0.00	/Users/lordjef/Desktop/abraxasos/vavmotions/00_MOTION_SYSTEM_REFERENCE_V1/00_README_VAVMOTIONS.txt
8990	0.00	/Users/lordjef/Desktop/abraxasos/vavmotions/00_MOTION_SYSTEM_REFERENCE_V1/01_MOTION_FAMILY_REGISTRY.json
1183	0.00	/Users/lordjef/Desktop/abraxasos/vavmotions/00_MOTION_SYSTEM_REFERENCE_V1/02_MOTION_CRITERIA_CURRENT.txt
969	0.00	/Users/lordjef/Desktop/abraxasos/vavmotions/00_MOTION_SYSTEM_REFERENCE_V1/03_MOTION_PRIMITIVE_TAXONOMY.txt
897	0.00	/Users/lordjef/Desktop/abraxasos/vavmotions/00_MOTION_SYSTEM_REFERENCE_V1/04_REMOTION_IMPLEMENTATION_GUIDE.txt
771	0.00	/Users/lordjef/Desktop/abraxasos/vavmotions/00_MOTION_SYSTEM_REFERENCE_V1/05_SPATIAL_3D_MOTION_RULES.txt
832	0.00	/Users/lordjef/Desktop/abraxasos/vavmotions/00_MOTION_SYSTEM_REFERENCE_V1/06_USAGE_BY_CONTENT_ROLE.txt
765	0.00	/Users/lordjef/Desktop/abraxasos/vavmotions/00_MOTION_SYSTEM_REFERENCE_V1/07_DEPENDENCIES_AND_PROVIDERS.txt
1065	0.00	/Users/lordjef/Desktop/abraxasos/vavmotions/00_MOTION_SYSTEM_REFERENCE_V1/08_IMPLEMENTATION_STATUS_MATRIX.txt
909	0.00	/Users/lordjef/Desktop/abraxasos/vavmotions/00_MOTION_SYSTEM_REFERENCE_V1/09_VAVMOTIONS_ARCHITECTURE_ROADMAP.txt
8211	0.00	/Users/lordjef/Desktop/abraxasos/vavmotions/00_MOTION_SYSTEM_REFERENCE_V1/10_VAVMOTIONS_REFERENCE_BOARD.html
913	0.00	/Users/lordjef/Desktop/abraxasos/vavmotions/00_MOTION_SYSTEM_REFERENCE_V1/11_NEXT_CHAT_MASTER_PROMPT_VAVMOTIONS.txt
388	0.11	/Users/lordjef/Desktop/abraxasos/vavmotions/00_START_HERE.txt
755	0.00	/Users/lordjef/Desktop/abraxasos/vavmotions/para continuar o subir en otro chat/V14/00_EXACT_FIRST_MESSAGE_MOTIONS.txt
456	0.00	/Users/lordjef/Desktop/abraxasos/vavmotions/para continuar o subir en otro chat/V14/01_MOTIONS_NEXT_EXECUTIONS.txt
66154344	0.00	/Users/lordjef/Desktop/abraxasos/vavmotions/para continuar o subir en otro chat/V14/VAVMOTIONS_OFFICIAL_REFERENCE_REPO_V1_2026-08-28.zip
619	0.00	/Users/lordjef/Desktop/abraxasos/vavmotions/para continuar o subir en otro chat/V14/VAVMOTIONS_OFFICIAL_VERIFICATION_REPORT.txt
653265	0.00	/Users/lordjef/Desktop/abraxasos/vavmotions/para continuar o subir en otro chat/V14/VAVMOTIONS_STANDALONE_ANY_CHAT_CORE_V1.zip
6536512	0.04	/Users/lordjef/Desktop/abraxasos/vavmotions/para continuar o subir en otro chat/VAV_CHAT_PRO_HANDOFF_LIVE_20260828_121921.zip
13988	0.11	/Users/lordjef/Desktop/abraxasos/vavmotions/para continuar o subir en otro chat/VAVMOTIONS_CONTINUITY_CORE_20260828_105030.zip
948	0.00	/Users/lordjef/Desktop/abraxasos/vavmotions/para continuar o subir en otro chat/VAVMOTIONS_REFERENCE_V1/00_README_VAVMOTIONS.txt
8990	0.00	/Users/lordjef/Desktop/abraxasos/vavmotions/para continuar o subir en otro chat/VAVMOTIONS_REFERENCE_V1/01_MOTION_FAMILY_REGISTRY.json
1183	0.00	/Users/lordjef/Desktop/abraxasos/vavmotions/para continuar o subir en otro chat/VAVMOTIONS_REFERENCE_V1/02_MOTION_CRITERIA_CURRENT.txt
969	0.00	/Users/lordjef/Desktop/abraxasos/vavmotions/para continuar o subir en otro chat/VAVMOTIONS_REFERENCE_V1/03_MOTION_PRIMITIVE_TAXONOMY.txt
897	0.00	/Users/lordjef/Desktop/abraxasos/vavmotions/para continuar o subir en otro chat/VAVMOTIONS_REFERENCE_V1/04_REMOTION_IMPLEMENTATION_GUIDE.txt
771	0.00	/Users/lordjef/Desktop/abraxasos/vavmotions/para continuar o subir en otro chat/VAVMOTIONS_REFERENCE_V1/05_SPATIAL_3D_MOTION_RULES.txt
832	0.00	/Users/lordjef/Desktop/abraxasos/vavmotions/para continuar o subir en otro chat/VAVMOTIONS_REFERENCE_V1/06_USAGE_BY_CONTENT_ROLE.txt
765	0.00	/Users/lordjef/Desktop/abraxasos/vavmotions/para continuar o subir en otro chat/VAVMOTIONS_REFERENCE_V1/07_DEPENDENCIES_AND_PROVIDERS.txt
1065	0.00	/Users/lordjef/Desktop/abraxasos/vavmotions/para continuar o subir en otro chat/VAVMOTIONS_REFERENCE_V1/08_IMPLEMENTATION_STATUS_MATRIX.txt
909	0.00	/Users/lordjef/Desktop/abraxasos/vavmotions/para continuar o subir en otro chat/VAVMOTIONS_REFERENCE_V1/09_VAVMOTIONS_ARCHITECTURE_ROADMAP.txt
8211	0.00	/Users/lordjef/Desktop/abraxasos/vavmotions/para continuar o subir en otro chat/VAVMOTIONS_REFERENCE_V1/10_VAVMOTIONS_REFERENCE_BOARD.html
913	0.00	/Users/lordjef/Desktop/abraxasos/vavmotions/para continuar o subir en otro chat/VAVMOTIONS_REFERENCE_V1/11_NEXT_CHAT_MASTER_PROMPT_VAVMOTIONS.txt
653265	0.04	/Users/lordjef/Desktop/abraxasos/vavmotions/para continuar o subir en otro chat/VAVMOTIONS_STANDALONE_ANY_CHAT_CORE_V1.zip
77640	0.16	/Users/lordjef/Downloads/03_QVR_DEEP_CARDS_V3_1.json
8586	7.94	/Users/lordjef/Downloads/08C_BUILD_MOTION_DESCRIPTIONS.command
1139590	40.66	/Users/lordjef/Downloads/a ABRAXAS_Moka_Bio_Strategic_Content_OS_11_10_ES (2).html
8210215	1.83	/Users/lordjef/Downloads/ABRAXAS_COMPLETE_SYSTEM_v4.3.2_MOTIONS_v5.3_FINAL.zip
8247921	1.81	/Users/lordjef/Downloads/ABRAXAS_COMPLETE_SYSTEM_v4.3.3_MOTIONS_v5.4_FINAL.zip
20286413	1.74	/Users/lordjef/Downloads/ABRAXAS_COMPLETE_SYSTEM_v4.3.4_MOTIONS_v5.5.5_ORACLE_4K_PROVIDENCE_FINAL.zip
15623647	1.05	/Users/lordjef/Downloads/ABRAXAS_COMPLETE_SYSTEM_v4.3.4_MOTIONS_v5.5.5_R4_FINAL.zip
7579860	1.80	/Users/lordjef/Downloads/ABRAXAS_COMPLETE_SYSTEM_v4.3.4_MOTIONS_v5.5_FINAL.zip
8683158	1.86	/Users/lordjef/Downloads/ABRAXAS_COMPLETE_SYSTEM_v4.3_MOTIONS_v5.2.1_FINAL.zip
350	1.70	/Users/lordjef/Downloads/ABRAXAS_COMPLETE_SYSTEM_v4.3_MOTIONS_v5.2.1_FINAL/00_README_FIRST.txt
30985	1.70	/Users/lordjef/Downloads/ABRAXAS_COMPLETE_SYSTEM_v4.3_MOTIONS_v5.2.1_FINAL/ABRAXAS_HTML_WORKFLOW_v4.3_FINAL.zip
21027	1.70	/Users/lordjef/Downloads/ABRAXAS_COMPLETE_SYSTEM_v4.3_MOTIONS_v5.2.1_FINAL/MOTIONS_ABRAXAS_V5_2_1_ALL_IN_ONE.txt
5026105	1.70	/Users/lordjef/Downloads/ABRAXAS_COMPLETE_SYSTEM_v4.3_MOTIONS_v5.2.1_FINAL/MOTIONS_ABRAXAS_V5_2_1_FINAL_PACKAGE.zip
6630	1.70	/Users/lordjef/Downloads/ABRAXAS_COMPLETE_SYSTEM_v4.3_MOTIONS_v5.2.1_FINAL/MOTIONS_ABRAXAS_V5_2_MASTER_PROMPT.txt
5443441	1.70	/Users/lordjef/Downloads/ABRAXAS_COMPLETE_SYSTEM_v4.3_MOTIONS_v5.2.1_FINAL/SISTEMA_MAESTRO_MOTIONS_ABRAXAS_V5_2_1_FINAL_WORKSPACE.html
86385	14.84	/Users/lordjef/Downloads/ABRAXAS_CONTENT_LAB_v2.2_MAINTAINABLE_PACKAGE.zip
1320	14.67	/Users/lordjef/Downloads/ABRAXAS_CONTENT_LAB_v2.2_MAINTAINABLE_PACKAGE/ABRAXAS_CONTENT_LAB_v2.2_BASELINE_MANIFEST.json
637	14.67	/Users/lordjef/Downloads/ABRAXAS_CONTENT_LAB_v2.2_MAINTAINABLE_PACKAGE/ABRAXAS_CONTENT_LAB_v2.2_CHANGE_REQUEST_TEMPLATE.txt
854	14.67	/Users/lordjef/Downloads/ABRAXAS_CONTENT_LAB_v2.2_MAINTAINABLE_PACKAGE/ABRAXAS_CONTENT_LAB_v2.2_CHANGELOG.txt
189092	14.67	/Users/lordjef/Downloads/ABRAXAS_CONTENT_LAB_v2.2_MAINTAINABLE_PACKAGE/ABRAXAS_CONTENT_LAB_v2.2_CRITERIO_MAESTRO_MANTENIBLE_INTROLAB_CLIPS_CARRUSELES.txt
65518	14.67	/Users/lordjef/Downloads/ABRAXAS_CONTENT_LAB_v2.2_MAINTAINABLE_PACKAGE/ABRAXAS_CONTENT_LAB_v2.2_PROMPT_MAESTRO_AUTONOMO_MANTENIBLE_INTROLAB_CLIPS_CARRUSELES.txt
3468	14.67	/Users/lordjef/Downloads/ABRAXAS_CONTENT_LAB_v2.2_MAINTAINABLE_PACKAGE/ABRAXAS_CONTENT_LAB_v2.2_PROMPT_MANTENIMIENTO_ACTUALIZACION.txt
1317	14.67	/Users/lordjef/Downloads/ABRAXAS_CONTENT_LAB_v2.2_MAINTAINABLE_PACKAGE/ABRAXAS_CONTENT_LAB_v2.2_README_MANTENIMIENTO.txt
1382	14.67	/Users/lordjef/Downloads/ABRAXAS_CONTENT_LAB_v2.2_MAINTAINABLE_PACKAGE/ABRAXAS_CONTENT_LAB_v2.2_REGRESSION_MATRIX.txt
90991	14.68	/Users/lordjef/Downloads/ABRAXAS_CONTENT_LAB_v2.3_SPEAKER_BALANCE.zip
93312	14.65	/Users/lordjef/Downloads/ABRAXAS_CONTENT_LAB_v2.4_SPEAKER_BALANCE_MIXED_INTROS.zip
98381	14.61	/Users/lordjef/Downloads/ABRAXAS_CONTENT_LAB_v2.5_MOTION_TREATMENT_V2_VOX_DOAC.zip
108	13.78	/Users/lordjef/Downloads/ABRAXAS_CONTENT_LAB_V3_CINEMATIC_2026.sha256
116149	13.78	/Users/lordjef/Downloads/ABRAXAS_CONTENT_LAB_V3_CINEMATIC_2026.zip
2940	17041.52	/Users/lordjef/Downloads/ABRAXAS_CONTENT_LAB_V3_CINEMATIC_2026/00_START_HERE.md
6293	17041.52	/Users/lordjef/Downloads/ABRAXAS_CONTENT_LAB_V3_CINEMATIC_2026/01_INTRO_LAB_V3.md
3671	17041.52	/Users/lordjef/Downloads/ABRAXAS_CONTENT_LAB_V3_CINEMATIC_2026/02_CONTENT_ENGINE_V3.md
7628	17041.52	/Users/lordjef/Downloads/ABRAXAS_CONTENT_LAB_V3_CINEMATIC_2026/03_VISUAL_MOTION_CORE_V3.md
10119	17041.52	/Users/lordjef/Downloads/ABRAXAS_CONTENT_LAB_V3_CINEMATIC_2026/04_REFERENCE_RESEARCH_V3.json
9283	17041.52	/Users/lordjef/Downloads/ABRAXAS_CONTENT_LAB_V3_CINEMATIC_2026/05_SCHEMAS_CONFIG_V3.json
8220	17041.52	/Users/lordjef/Downloads/ABRAXAS_CONTENT_LAB_V3_CINEMATIC_2026/06_PROMPT_INTRO_LAB_V3.txt
6385	17041.52	/Users/lordjef/Downloads/ABRAXAS_CONTENT_LAB_V3_CINEMATIC_2026/07_PROMPT_CONTENT_ENGINE_V3.txt
14102	17041.52	/Users/lordjef/Downloads/ABRAXAS_CONTENT_LAB_V3_CINEMATIC_2026/08_HTML_BRIDGE_V3.py
6704	17041.52	/Users/lordjef/Downloads/ABRAXAS_CONTENT_LAB_V3_CINEMATIC_2026/09_AUTOMATION_DAVINCI_V3.md
4624	17041.52	/Users/lordjef/Downloads/ABRAXAS_CONTENT_LAB_V3_CINEMATIC_2026/10_QA_REGRESSION_V3.md
2552	17041.52	/Users/lordjef/Downloads/ABRAXAS_CONTENT_LAB_V3_CINEMATIC_2026/11_CHANGELOG_MIGRATION_V3.md
4202	17041.52	/Users/lordjef/Downloads/ABRAXAS_CONTENT_LAB_V3_CINEMATIC_2026/12_SELFTEST_V3.py
476174	17041.52	/Users/lordjef/Downloads/ABRAXAS_CONTENT_LAB_V3_CINEMATIC_2026/13_EXAMPLE_JOC55_V3_MIGRATION.json
3267	17041.52	/Users/lordjef/Downloads/ABRAXAS_CONTENT_LAB_V3_CINEMATIC_2026/PACKAGE_MANIFEST.json
12952937	7.72	/Users/lordjef/Downloads/ABRAXAS_CONTINUIDAD_CHAT_NUEVO_V4_2_5.zip
17447842	7.69	/Users/lordjef/Downloads/ABRAXAS_CONTINUIDAD_CHAT_NUEVO_V4_2_5_ACTUALIZADA.zip
22219022	7.65	/Users/lordjef/Downloads/ABRAXAS_CONTINUIDAD_CHAT_NUEVO_V4_2_6_ESTADO_43_DE_73.zip
2516	7.54	/Users/lordjef/Downloads/ABRAXAS_CONTINUIDAD_V4_2_NUEVO_CHAT.zip
43596	0.82	/Users/lordjef/Downloads/ABRAXAS_HTML_WORKFLOW_v4.3.4_FINAL (1).zip
1272	1.63	/Users/lordjef/Downloads/ABRAXAS_HTML_WORKFLOW_v4.3.4_FINAL (1)/00_START_HERE.md
1272	1.63	/Users/lordjef/Downloads/ABRAXAS_HTML_WORKFLOW_v4.3.4_FINAL (1)/00_START_HERE.txt
35085	1.63	/Users/lordjef/Downloads/ABRAXAS_HTML_WORKFLOW_v4.3.4_FINAL (1)/ABRAXAS_ALL_IN_ONE_v4.3.4.txt
2266	1.63	/Users/lordjef/Downloads/ABRAXAS_HTML_WORKFLOW_v4.3.4_FINAL (1)/ABRAXAS_BROWSER_QA_v4.3.4.md
18878	1.63	/Users/lordjef/Downloads/ABRAXAS_HTML_WORKFLOW_v4.3.4_FINAL (1)/ABRAXAS_CORE_v4.3.4.md
18878	1.63	/Users/lordjef/Downloads/ABRAXAS_HTML_WORKFLOW_v4.3.4_FINAL (1)/ABRAXAS_CORE_v4.3.4.txt
3380	1.63	/Users/lordjef/Downloads/ABRAXAS_HTML_WORKFLOW_v4.3.4_FINAL (1)/ABRAXAS_EXECUTOR_v4.3.4.txt
1202	1.63	/Users/lordjef/Downloads/ABRAXAS_HTML_WORKFLOW_v4.3.4_FINAL (1)/ABRAXAS_HTML_HANDOFF_v4.3.4.md
1302	1.63	/Users/lordjef/Downloads/ABRAXAS_HTML_WORKFLOW_v4.3.4_FINAL (1)/ABRAXAS_ONE_SHOT_PROMPT_v4.3.4.txt
4457	1.63	/Users/lordjef/Downloads/ABRAXAS_HTML_WORKFLOW_v4.3.4_FINAL (1)/ABRAXAS_RECIPES_v4.3.4.md
1811	1.63	/Users/lordjef/Downloads/ABRAXAS_HTML_WORKFLOW_v4.3.4_FINAL (1)/ABRAXAS_SOURCE_REGISTRY_v4.3.4.md
323	1.63	/Users/lordjef/Downloads/ABRAXAS_HTML_WORKFLOW_v4.3.4_FINAL (1)/MANIFEST.json
252	1.63	/Users/lordjef/Downloads/ABRAXAS_HTML_WORKFLOW_v4.3.4_FINAL (1)/README_FIRST.txt
43596	1.80	/Users/lordjef/Downloads/ABRAXAS_HTML_WORKFLOW_v4.3.4_FINAL.zip
91537	15.54	/Users/lordjef/Downloads/ABRAXAS_INTRO_LAB_v1.2_CRITERIO_MAESTRO_NARRATIVA_PRODUCCION_CLEAN_REASSEMBLY.txt
28296	15.54	/Users/lordjef/Downloads/ABRAXAS_INTRO_LAB_v1.2_PROMPT_MAESTRO_GENERADOR_3x4_CLEAN_REASSEMBLY.txt
3601	15.14	/Users/lordjef/Downloads/ABRAXAS_INTRO_LAB_v1.3_CRITERIO_MAESTRO_AUTOMATION_EXPORTS.txt
2236	15.14	/Users/lordjef/Downloads/ABRAXAS_INTRO_LAB_v1.3_PROMPT_MAESTRO_AUTOMATION_EXPORTS.txt
56268	15.13	/Users/lordjef/Downloads/ABRAXAS_INTRO_LAB_v2.0_AUTONOMO.zip
75249	15.11	/Users/lordjef/Downloads/ABRAXAS_INTRO_LAB_v2.1_REFERENCE_LIBRARY.zip
170801	14.96	/Users/lordjef/Downloads/ABRAXAS_INTRO_LAB_v2.1_REFERENCE_LIBRARY/ABRAXAS_INTRO_LAB_v2.1_CRITERIO_MAESTRO_AUTONOMO_CON_EJEMPLOS.txt
2731	14.96	/Users/lordjef/Downloads/ABRAXAS_INTRO_LAB_v2.1_REFERENCE_LIBRARY/ABRAXAS_INTRO_LAB_v2.1_IMPLEMENTATION_PLAN.md
58004	14.96	/Users/lordjef/Downloads/ABRAXAS_INTRO_LAB_v2.1_REFERENCE_LIBRARY/ABRAXAS_INTRO_LAB_v2.1_PROMPT_MAESTRO_AUTONOMO_CON_EJEMPLOS.txt
984	14.96	/Users/lordjef/Downloads/ABRAXAS_INTRO_LAB_v2.1_REFERENCE_LIBRARY/ABRAXAS_INTRO_LAB_v2.1_README.txt
1334118	40.72	/Users/lordjef/Downloads/ABRAXAS_Moka_Bio_Aigocy_Knowledge_OS_2026_ES_v2.html
886390	40.70	/Users/lordjef/Downloads/ABRAXAS_Moka_Bio_Aigocy_Strategic_Content_Repository_2026_ES.html
3786310	40.73	/Users/lordjef/Downloads/ABRAXAS_Moka_Bio_Aigocy_Strategic_System_2026_ES.html
1139590	40.66	/Users/lordjef/Downloads/ABRAXAS_Moka_Bio_Strategic_Content_OS_11_10_ES (1).html
1139590	40.68	/Users/lordjef/Downloads/ABRAXAS_Moka_Bio_Strategic_Content_OS_11_10_ES.html
373613	40.70	/Users/lordjef/Downloads/ABRAXAS_Moka_Bio_Strategic_Content_Repository_2026.zip
11943	7.42	/Users/lordjef/Downloads/ABRAXAS_MONITOR_CONTINUO_V3.command
10430	7.42	/Users/lordjef/Downloads/ABRAXAS_MONITOR_EN_VIVO.command
15660	7.69	/Users/lordjef/Downloads/ABRAXAS_MONITOR_SEGURO_V4_2_6.command
10622	7.20	/Users/lordjef/Downloads/ABRAXAS_MONITOR_VERIFICADO_V5.command
9473	7.86	/Users/lordjef/Downloads/ABRAXAS_MOTION_SYSTEM_V5_INTERACTIVE.html
605613	7.86	/Users/lordjef/Downloads/ABRAXAS_MOTION_SYSTEM_V6_DOCUMENTATION.html
644133	7.86	/Users/lordjef/Downloads/ABRAXAS_MOTION_SYSTEM_V7_INTERACTIVE.html
586805	7.86	/Users/lordjef/Downloads/ABRAXAS_MOTIONS_MANUAL_INTERACTIVO_V4.html
585128	7.86	/Users/lordjef/Downloads/ABRAXAS_MOTIONS_TODOS_JUNTOS_V4.txt
10784	0.17	/Users/lordjef/Downloads/ABRAXAS_PROMPT_PROFUNDIDAD_3D_CAMARA_MOTION_V3.txt
9919488	0.16	/Users/lordjef/Downloads/ABRAXAS_QVR_DEEP_REBUILD_V3_1.zip
666983	1.05	/Users/lordjef/Downloads/ABRAXAS_R4_TXT_LIBRARY_ORGANIZED (1).zip
666983	1.05	/Users/lordjef/Downloads/ABRAXAS_R4_TXT_LIBRARY_ORGANIZED.zip
11274	0.17	/Users/lordjef/Downloads/ABRAXAS_SPATIAL_MOTION_CAMERA_GRAMMAR_V3.zip
54785	51.03	/Users/lordjef/Downloads/abraxas_strategic_os_v8_3.html
26799829	0.18	/Users/lordjef/Downloads/ABRAXAS_STYLE_MINING_V2_EXTENSION.zip
8196	8.03	/Users/lordjef/Downloads/ABRAXAS_Universal_Content_Operations_A_v1.2_FULL_RELEASE 2/.DS_Store
1868730	20.80	/Users/lordjef/Downloads/ABRAXAS_Universal_Content_Operations_A_v1.2_FULL_RELEASE 2/assets/branding/abraxas_app_icon_v094.png
1868730	20.75	/Users/lordjef/Downloads/ABRAXAS_Universal_Content_Operations_A_v1.2_FULL_RELEASE 2/assets/branding/abraxas_app_icon_v095.png
1868730	20.75	/Users/lordjef/Downloads/ABRAXAS_Universal_Content_Operations_A_v1.2_FULL_RELEASE 2/assets/branding/abraxas_app_icon_v096.png
1868730	20.62	/Users/lordjef/Downloads/ABRAXAS_Universal_Content_Operations_A_v1.2_FULL_RELEASE 2/assets/branding/abraxas_app_icon_v100.png
4090	18.35	/Users/lordjef/Downloads/ABRAXAS_Universal_Content_Operations_A_v1.2_FULL_RELEASE 2/automation_bridge/davinci/ABRAXAS_IMPORT_TO_RESOLVE.py
440	18.35	/Users/lordjef/Downloads/ABRAXAS_Universal_Content_Operations_A_v1.2_FULL_RELEASE 2/automation_bridge/templates/SHIM_CONFIRMED_MANIFEST.template.json
241	18.35	/Users/lordjef/Downloads/ABRAXAS_Universal_Content_Operations_A_v1.2_FULL_RELEASE 2/automation_bridge/terminal/ABRAXAS_SHIM.command
7722	18.35	/Users/lordjef/Downloads/ABRAXAS_Universal_Content_Operations_A_v1.2_FULL_RELEASE 2/automation_bridge/terminal/abraxas_shim_export.py
732	18.34	/Users/lordjef/Downloads/ABRAXAS_Universal_Content_Operations_A_v1.2_FULL_RELEASE 2/BUILD_CHECKPOINT.json
37376	18.34	/Users/lordjef/Downloads/ABRAXAS_Universal_Content_Operations_A_v1.2_FULL_RELEASE 2/CHECKSUMS_SHA256.txt
713	20.62	/Users/lordjef/Downloads/ABRAXAS_Universal_Content_Operations_A_v1.2_FULL_RELEASE 2/continuity/ABRAXAS_DECISION_LOG.md
734	18.46	/Users/lordjef/Downloads/ABRAXAS_Universal_Content_Operations_A_v1.2_FULL_RELEASE 2/continuity/ABRAXAS_MASTER_PROJECT_CONTEXT.md
337	18.46	/Users/lordjef/Downloads/ABRAXAS_Universal_Content_Operations_A_v1.2_FULL_RELEASE 2/continuity/ABRAXAS_NEXT_VERSION_BRIEF.md
3530	18.46	/Users/lordjef/Downloads/ABRAXAS_Universal_Content_Operations_A_v1.2_FULL_RELEASE 2/continuity/ABRAXAS_v1.1.2_HANDOFF_PROMPT.txt
2299	18.40	/Users/lordjef/Downloads/ABRAXAS_Universal_Content_Operations_A_v1.2_FULL_RELEASE 2/continuity/ABRAXAS_v1.1.3_HANDOFF_PROMPT.txt
1801	18.35	/Users/lordjef/Downloads/ABRAXAS_Universal_Content_Operations_A_v1.2_FULL_RELEASE 2/continuity/ABRAXAS_v1.2_HANDOFF_PROMPT.txt
8388	20.62	/Users/lordjef/Downloads/ABRAXAS_Universal_Content_Operations_A_v1.2_FULL_RELEASE 2/continuity/ABRAXAS_V1_1_HANDOFF_PROMPT.txt
863	18.46	/Users/lordjef/Downloads/ABRAXAS_Universal_Content_Operations_A_v1.2_FULL_RELEASE 2/continuity/ABRAXAS_WHAT_HAS_BEEN_BUILT.md
603	18.46	/Users/lordjef/Downloads/ABRAXAS_Universal_Content_Operations_A_v1.2_FULL_RELEASE 2/continuity/ABRAXAS_WHAT_REMAINS.md
263773	18.40	/Users/lordjef/Downloads/ABRAXAS_Universal_Content_Operations_A_v1.2_FULL_RELEASE 2/deliverables/ABRAXAS_Client_Intelligence_v1.1.3.html
57699	18.34	/Users/lordjef/Downloads/ABRAXAS_Universal_Content_Operations_A_v1.2_FULL_RELEASE 2/deliverables/ABRAXAS_Client_Intelligence_v1.2.html
4870152	18.40	/Users/lordjef/Downloads/ABRAXAS_Universal_Content_Operations_A_v1.2_FULL_RELEASE 2/deliverables/ABRAXAS_Universal_Content_Operations_A_v1.1.3.html
4903244	18.34	/Users/lordjef/Downloads/ABRAXAS_Universal_Content_Operations_A_v1.2_FULL_RELEASE 2/deliverables/ABRAXAS_Universal_Content_Operations_A_v1.2.html
221514	20.80	/Users/lordjef/Downloads/ABRAXAS_Universal_Content_Operations_A_v1.2_FULL_RELEASE 2/deliverables/ABRAXAS_v0.9.3.html
4856554	20.79	/Users/lordjef/Downloads/ABRAXAS_Universal_Content_Operations_A_v1.2_FULL_RELEASE 2/deliverables/ABRAXAS_v0.9.4.html
4961591	20.69	/Users/lordjef/Downloads/ABRAXAS_Universal_Content_Operations_A_v1.2_FULL_RELEASE 2/deliverables/ABRAXAS_v0.9.5.html
5007538	20.63	/Users/lordjef/Downloads/ABRAXAS_Universal_Content_Operations_A_v1.2_FULL_RELEASE 2/deliverables/ABRAXAS_v0.9.6.1.html
5005028	20.64	/Users/lordjef/Downloads/ABRAXAS_Universal_Content_Operations_A_v1.2_FULL_RELEASE 2/deliverables/ABRAXAS_v0.9.6.html
5024575	20.62	/Users/lordjef/Downloads/ABRAXAS_Universal_Content_Operations_A_v1.2_FULL_RELEASE 2/deliverables/ABRAXAS_v1.0.html
5163205	18.43	/Users/lordjef/Downloads/ABRAXAS_Universal_Content_Operations_A_v1.2_FULL_RELEASE 2/deliverables/ABRAXAS_v1.1.2.html
4870152	18.40	/Users/lordjef/Downloads/ABRAXAS_Universal_Content_Operations_A_v1.2_FULL_RELEASE 2/deliverables/ABRAXAS_v1.1.3.html
4903244	18.34	/Users/lordjef/Downloads/ABRAXAS_Universal_Content_Operations_A_v1.2_FULL_RELEASE 2/deliverables/ABRAXAS_v1.2.html
826	18.53	/Users/lordjef/Downloads/ABRAXAS_Universal_Content_Operations_A_v1.2_FULL_RELEASE 2/docs/SHIM_AUTOMATION_HANDBOFF_v1.1.2.md
3742	18.48	/Users/lordjef/Downloads/ABRAXAS_Universal_Content_Operations_A_v1.2_FULL_RELEASE 2/docs/SHIM_CONFIRMED_AUTOMATION_v1.1.2.md
6049	20.99	/Users/lordjef/Downloads/ABRAXAS_Universal_Content_Operations_A_v1.2_FULL_RELEASE 2/docs/superpowers/plans/2026-08-07-abraxas-v0.9.3-mac-spatial-dark-he-completion.md
1034	20.80	/Users/lordjef/Downloads/ABRAXAS_Universal_Content_Operations_A_v1.2_FULL_RELEASE 2/docs/superpowers/plans/2026-08-07-abraxas-v0.9.4-architect-edition.md
3457	20.75	/Users/lordjef/Downloads/ABRAXAS_Universal_Content_Operations_A_v1.2_FULL_RELEASE 2/docs/superpowers/plans/2026-08-07-abraxas-v0.9.5-native-workspace-rewrite.md
558	20.64	/Users/lordjef/Downloads/ABRAXAS_Universal_Content_Operations_A_v1.2_FULL_RELEASE 2/docs/superpowers/plans/2026-08-07-abraxas-v0.9.6-brain-product-story.md
2116	20.62	/Users/lordjef/Downloads/ABRAXAS_Universal_Content_Operations_A_v1.2_FULL_RELEASE 2/docs/superpowers/plans/2026-08-07-abraxas-v1.0-brain-handoff.md
8957	18.43	/Users/lordjef/Downloads/ABRAXAS_Universal_Content_Operations_A_v1.2_FULL_RELEASE 2/docs/superpowers/plans/2026-08-09-abraxas-v1.1.3-interface-system-3.md
5457	18.37	/Users/lordjef/Downloads/ABRAXAS_Universal_Content_Operations_A_v1.2_FULL_RELEASE 2/docs/superpowers/plans/2026-08-10-abraxas-v1.2-product-recovery.md
8143	20.99	/Users/lordjef/Downloads/ABRAXAS_Universal_Content_Operations_A_v1.2_FULL_RELEASE 2/docs/superpowers/specs/2026-08-07-abraxas-v0.9.3-mac-spatial-dark-he-completion-design.md
3643	20.80	/Users/lordjef/Downloads/ABRAXAS_Universal_Content_Operations_A_v1.2_FULL_RELEASE 2/docs/superpowers/specs/2026-08-07-abraxas-v0.9.4-architect-edition-design.md
3616	20.75	/Users/lordjef/Downloads/ABRAXAS_Universal_Content_Operations_A_v1.2_FULL_RELEASE 2/docs/superpowers/specs/2026-08-07-abraxas-v0.9.5-native-workspace-rewrite-design.md
519	20.64	/Users/lordjef/Downloads/ABRAXAS_Universal_Content_Operations_A_v1.2_FULL_RELEASE 2/docs/superpowers/specs/2026-08-07-abraxas-v0.9.6-brain-product-story-design.md
2108	20.62	/Users/lordjef/Downloads/ABRAXAS_Universal_Content_Operations_A_v1.2_FULL_RELEASE 2/docs/superpowers/specs/2026-08-07-abraxas-v1.0-brain-handoff-design.md
9439	18.43	/Users/lordjef/Downloads/ABRAXAS_Universal_Content_Operations_A_v1.2_FULL_RELEASE 2/docs/superpowers/specs/2026-08-09-abraxas-v1.1.3-interface-system-3-design.md
9039	18.37	/Users/lordjef/Downloads/ABRAXAS_Universal_Content_Operations_A_v1.2_FULL_RELEASE 2/docs/superpowers/specs/2026-08-10-abraxas-v1.2-product-recovery-design.md
2729	20.62	/Users/lordjef/Downloads/ABRAXAS_Universal_Content_Operations_A_v1.2_FULL_RELEASE 2/json/ABRAXAS_VISUAL_MOTION_SYSTEM_v1.0.json
3947	20.63	/Users/lordjef/Downloads/ABRAXAS_Universal_Content_Operations_A_v1.2_FULL_RELEASE 2/json/APPLE_PRODUCT_STORY_MOTION_v0.9.6.1.json
3090	20.65	/Users/lordjef/Downloads/ABRAXAS_Universal_Content_Operations_A_v1.2_FULL_RELEASE 2/json/APPLE_PRODUCT_STORY_MOTION_v0.9.6.json
3309	18.48	/Users/lordjef/Downloads/ABRAXAS_Universal_Content_Operations_A_v1.2_FULL_RELEASE 2/json/SHIM_CONFIRMED_MANIFEST_SCHEMA_v1.1.2.json
610	18.53	/Users/lordjef/Downloads/ABRAXAS_Universal_Content_Operations_A_v1.2_FULL_RELEASE 2/json/SHIM_RESULT_SCHEMA_v1.1.2.json
2059708	20.97	/Users/lordjef/Downloads/ABRAXAS_Universal_Content_Operations_A_v1.2_FULL_RELEASE 2/prompts/ABRAXAS_RUNTIME_PROMPTS_v0.9.3.json
10174	18.46	/Users/lordjef/Downloads/ABRAXAS_Universal_Content_Operations_A_v1.2_FULL_RELEASE 2/prompts/ABRAXAS_SHIM_MASTER_PROMPT_v1.1.2.txt
3530	18.46	/Users/lordjef/Downloads/ABRAXAS_Universal_Content_Operations_A_v1.2_FULL_RELEASE 2/prompts/ABRAXAS_v1.1.2_HANDOFF_PROMPT.txt
5441	20.62	/Users/lordjef/Downloads/ABRAXAS_Universal_Content_Operations_A_v1.2_FULL_RELEASE 2/prompts/ABRAXAS_VISUAL_DIRECTION_PROMPT_v1.0.txt
4941	18.46	/Users/lordjef/Downloads/ABRAXAS_Universal_Content_Operations_A_v1.2_FULL_RELEASE 2/prompts/ABRAXAS_VISUAL_DIRECTION_PROMPT_v1.1.2.txt
40836	20.97	/Users/lordjef/Downloads/ABRAXAS_Universal_Content_Operations_A_v1.2_FULL_RELEASE 2/references/abraxas_content_ops_strategic_os-4.html
352811	18.48	/Users/lordjef/Downloads/ABRAXAS_Universal_Content_Operations_A_v1.2_FULL_RELEASE 2/references/shim_result_reference/Moka_Bio_clips_transcripcion_2026-07-23_v3.html
63494	18.48	/Users/lordjef/Downloads/ABRAXAS_Universal_Content_Operations_A_v1.2_FULL_RELEASE 2/references/v112_source_truth/ABRAXAS_CRITERIO_MAESTRO_DE_CALIDAD_CLIENTES.txt
66509	18.48	/Users/lordjef/Downloads/ABRAXAS_Universal_Content_Operations_A_v1.2_FULL_RELEASE 2/references/v112_source_truth/ABRAXAS_DEFINICION_MAESTRA_PRODUCTO_Y_OPERACION.txt
79356	18.48	/Users/lordjef/Downloads/ABRAXAS_Universal_Content_Operations_A_v1.2_FULL_RELEASE 2/references/v112_source_truth/HTML_REFERENCES_ABRAXAS_FUNCIONAL_IA.md
304	21.66	/Users/lordjef/Downloads/ABRAXAS_Universal_Content_Operations_A_v1.2_FULL_RELEASE 2/references/VIDEO_AUTOMATION_CLIENTES_BACKUP_IA_V1_REFERENCE/CHECKLISTS/03_HOTFIX.md
627	21.66	/Users/lordjef/Downloads/ABRAXAS_Universal_Content_Operations_A_v1.2_FULL_RELEASE 2/references/VIDEO_AUTOMATION_CLIENTES_BACKUP_IA_V1_REFERENCE/CONTEXTO/06_REGLAS_DEBUG_HOTFIX.md
503	21.66	/Users/lordjef/Downloads/ABRAXAS_Universal_Content_Operations_A_v1.2_FULL_RELEASE 2/references/VIDEO_AUTOMATION_CLIENTES_BACKUP_IA_V1_REFERENCE/PROMPTS/06_CREAR_HOTFIX.txt
2892	18.34	/Users/lordjef/Downloads/ABRAXAS_Universal_Content_Operations_A_v1.2_FULL_RELEASE 2/RELEASE_MANIFEST.json
8950	18.41	/Users/lordjef/Downloads/ABRAXAS_Universal_Content_Operations_A_v1.2_FULL_RELEASE 2/src/v113/shim.js
7575	18.36	/Users/lordjef/Downloads/ABRAXAS_Universal_Content_Operations_A_v1.2_FULL_RELEASE 2/src/v120/shim.js
692	18.35	/Users/lordjef/Downloads/ABRAXAS_Universal_Content_Operations_A_v1.2_FULL_RELEASE 2/START_HERE.md
497	18.35	/Users/lordjef/Downloads/ABRAXAS_Universal_Content_Operations_A_v1.2_FULL_RELEASE 2/SUBIR_A_UNA_IA_Y_CONTINUAR.md
1868730	20.62	/Users/lordjef/Downloads/ABRAXAS_Universal_Content_Operations_A_v1.2_FULL_RELEASE 2/web_build_v1.2/assets/abraxas_app_icon_v100.png
7575	18.36	/Users/lordjef/Downloads/ABRAXAS_Universal_Content_Operations_A_v1.2_FULL_RELEASE 2/web_build_v1.2/v120/shim.js
8196	16.99	/Users/lordjef/Downloads/ABRAXAS_Universal_Content_Operations_A_v1.2_FULL_RELEASE/.DS_Store
5165850	18.49	/Users/lordjef/Downloads/ABRAXAS_Universal_Content_Operations_A_v1.2_FULL_RELEASE/ABRAXAS_Universal_Content_Operations_A_v1.2.html
3381	18.49	/Users/lordjef/Downloads/ABRAXAS_Universal_Content_Operations_A_v1.2_FULL_RELEASE/ABRAXAS_v1.2_HANDOFF_PROMPT.txt
1868730	18.49	/Users/lordjef/Downloads/ABRAXAS_Universal_Content_Operations_A_v1.2_FULL_RELEASE/assets/branding/abraxas_app_icon_v112.png
4722	18.49	/Users/lordjef/Downloads/ABRAXAS_Universal_Content_Operations_A_v1.2_FULL_RELEASE/automation/davinci/ABRAXAS_IMPORT_TO_RESOLVE.py
415	18.49	/Users/lordjef/Downloads/ABRAXAS_Universal_Content_Operations_A_v1.2_FULL_RELEASE/automation/terminal/ABRAXAS_SHIM.command
5996	18.49	/Users/lordjef/Downloads/ABRAXAS_Universal_Content_Operations_A_v1.2_FULL_RELEASE/automation/terminal/abraxas_shim_export.py
716	18.49	/Users/lordjef/Downloads/ABRAXAS_Universal_Content_Operations_A_v1.2_FULL_RELEASE/BUILD_CHECKPOINT.json
2020	18.49	/Users/lordjef/Downloads/ABRAXAS_Universal_Content_Operations_A_v1.2_FULL_RELEASE/CHANGELOG_v1.2.md
16016	18.49	/Users/lordjef/Downloads/ABRAXAS_Universal_Content_Operations_A_v1.2_FULL_RELEASE/CHECKSUMS_INTERNAL_SHA256.txt
4436	18.49	/Users/lordjef/Downloads/ABRAXAS_Universal_Content_Operations_A_v1.2_FULL_RELEASE/docs/superpowers/plans/2026-08-10-abraxas-v1.1.2-cleanroom.md
13225	18.49	/Users/lordjef/Downloads/ABRAXAS_Universal_Content_Operations_A_v1.2_FULL_RELEASE/docs/superpowers/plans/2026-08-10-abraxas-v1.2-product-system.md
2591	18.49	/Users/lordjef/Downloads/ABRAXAS_Universal_Content_Operations_A_v1.2_FULL_RELEASE/docs/superpowers/specs/2026-08-10-abraxas-v1.1.2-cleanroom-design.md
4365	18.49	/Users/lordjef/Downloads/ABRAXAS_Universal_Content_Operations_A_v1.2_FULL_RELEASE/docs/superpowers/specs/2026-08-10-abraxas-v1.2-product-system-design.md
2298	18.49	/Users/lordjef/Downloads/ABRAXAS_Universal_Content_Operations_A_v1.2_FULL_RELEASE/json/shim-confirmed-manifest.schema.v1.2.json
8941	18.49	/Users/lordjef/Downloads/ABRAXAS_Universal_Content_Operations_A_v1.2_FULL_RELEASE/legacy/v1/ABRAXAS_VISUAL_DIRECTION_PROMPT_v1.1.2.txt
4812	18.49	/Users/lordjef/Downloads/ABRAXAS_Universal_Content_Operations_A_v1.2_FULL_RELEASE/legacy/v1/ABRAXAS_VISUAL_MOTION_SYSTEM_v1.1.2.json
1092	18.49	/Users/lordjef/Downloads/ABRAXAS_Universal_Content_Operations_A_v1.2_FULL_RELEASE/legacy/v1/SHIM_3_AUTOMATION_BRIDGE.md
79356	18.49	/Users/lordjef/Downloads/ABRAXAS_Universal_Content_Operations_A_v1.2_FULL_RELEASE/references/HTML_REFERENCES_ABRAXAS_FUNCIONAL_IA.md
2690	18.49	/Users/lordjef/Downloads/ABRAXAS_Universal_Content_Operations_A_v1.2_FULL_RELEASE/RELEASE_MANIFEST.json
2936	18.49	/Users/lordjef/Downloads/ABRAXAS_Universal_Content_Operations_A_v1.2_FULL_RELEASE/src/design-system/motion.css
5695	18.49	/Users/lordjef/Downloads/ABRAXAS_Universal_Content_Operations_A_v1.2_FULL_RELEASE/src/modules/shim.js
1334	18.49	/Users/lordjef/Downloads/ABRAXAS_Universal_Content_Operations_A_v1.2_FULL_RELEASE/START_HERE.md
873	18.49	/Users/lordjef/Downloads/ABRAXAS_Universal_Content_Operations_A_v1.2_FULL_RELEASE/START_HERE_v1.2.md
681	18.49	/Users/lordjef/Downloads/ABRAXAS_Universal_Content_Operations_A_v1.2_FULL_RELEASE/SUBIR_A_UNA_IA_Y_CONTINUAR_v1.2.md
11044	18.49	/Users/lordjef/Downloads/ABRAXAS_Universal_Content_Operations_A_v1.2_FULL_RELEASE/templates/ABRAXAS_SHIM_RESULT_REVIEW_TEMPLATE_v1.2.html
1791	18.49	/Users/lordjef/Downloads/ABRAXAS_Universal_Content_Operations_A_v1.2_FULL_RELEASE/tests/test_he_shim.js
63968	18.49	/Users/lordjef/Downloads/ABRAXAS_Universal_Content_Operations_A_v1.2_FULL_RELEASE/web/assets/abraxas.css
517573	18.49	/Users/lordjef/Downloads/ABRAXAS_Universal_Content_Operations_A_v1.2_FULL_RELEASE/web/assets/abraxas.js
1868730	18.49	/Users/lordjef/Downloads/ABRAXAS_Universal_Content_Operations_A_v1.2_FULL_RELEASE/web/assets/abraxas_app_icon_v112.png
6148	8.03	/Users/lordjef/Downloads/ABRAXAS_V3_1_EXECUTABLE_AUTOMATION/.DS_Store
1947	17041.56	/Users/lordjef/Downloads/ABRAXAS_V3_1_EXECUTABLE_AUTOMATION/00_INSTALL_DEPENDENCIES.command
108	17041.56	/Users/lordjef/Downloads/ABRAXAS_V3_1_EXECUTABLE_AUTOMATION/01_SETUP_JOC55.command
100	17041.56	/Users/lordjef/Downloads/ABRAXAS_V3_1_EXECUTABLE_AUTOMATION/01B_SETUP_GENERIC.command
118	17041.56	/Users/lordjef/Downloads/ABRAXAS_V3_1_EXECUTABLE_AUTOMATION/02_VALIDATE_INPUTS.command
102	17041.56	/Users/lordjef/Downloads/ABRAXAS_V3_1_EXECUTABLE_AUTOMATION/03_COMPILE_HTML.command
106	17041.56	/Users/lordjef/Downloads/ABRAXAS_V3_1_EXECUTABLE_AUTOMATION/04_FINGERPRINT_SOURCES.command
101	17041.56	/Users/lordjef/Downloads/ABRAXAS_V3_1_EXECUTABLE_AUTOMATION/05_BUILD_ASSETS_AND_VISUAL_QUEUE.command
124	17041.56	/Users/lordjef/Downloads/ABRAXAS_V3_1_EXECUTABLE_AUTOMATION/06_LIST_INTRO_MICROTRIMS.command
251	17041.56	/Users/lordjef/Downloads/ABRAXAS_V3_1_EXECUTABLE_AUTOMATION/06A_RESOLVE_NEXT_INTRO_MICROTRIM.command
680	17041.56	/Users/lordjef/Downloads/ABRAXAS_V3_1_EXECUTABLE_AUTOMATION/06B_RESOLVE_ALL_INTRO_MICROTRIMS.command
278	17041.56	/Users/lordjef/Downloads/ABRAXAS_V3_1_EXECUTABLE_AUTOMATION/06C_APPROVE_MICROTRIM_MANUALLY.command
140	17041.56	/Users/lordjef/Downloads/ABRAXAS_V3_1_EXECUTABLE_AUTOMATION/06D_RESOLVE_NEXT_CONTENT_MICROTRIM.command
748	17041.56	/Users/lordjef/Downloads/ABRAXAS_V3_1_EXECUTABLE_AUTOMATION/06E_RESOLVE_ALL_RELEVANT_CONTENT_MICROTRIMS.command
917	17041.56	/Users/lordjef/Downloads/ABRAXAS_V3_1_EXECUTABLE_AUTOMATION/07_PREVIEW_H03_LAST_SECONDS.command
514	17041.56	/Users/lordjef/Downloads/ABRAXAS_V3_1_EXECUTABLE_AUTOMATION/07A_SET_H03_OVERRIDE.command
99	17041.56	/Users/lordjef/Downloads/ABRAXAS_V3_1_EXECUTABLE_AUTOMATION/08_BUILD_PART_PLAN.command
331	17041.56	/Users/lordjef/Downloads/ABRAXAS_V3_1_EXECUTABLE_AUTOMATION/08A_DRY_RUN_WORKERS.command
269	17041.56	/Users/lordjef/Downloads/ABRAXAS_V3_1_EXECUTABLE_AUTOMATION/09_WORKER_A_RENDER.command
267	17041.56	/Users/lordjef/Downloads/ABRAXAS_V3_1_EXECUTABLE_AUTOMATION/10_WORKER_B_RENDER.command
275	17041.56	/Users/lordjef/Downloads/ABRAXAS_V3_1_EXECUTABLE_AUTOMATION/11_BUILD_DAVINCI_HANDOFF.command
116	17041.56	/Users/lordjef/Downloads/ABRAXAS_V3_1_EXECUTABLE_AUTOMATION/12_VERIFY.command
101	17041.56	/Users/lordjef/Downloads/ABRAXAS_V3_1_EXECUTABLE_AUTOMATION/13_STATUS.command
307	17041.56	/Users/lordjef/Downloads/ABRAXAS_V3_1_EXECUTABLE_AUTOMATION/14_OPEN_OUTPUT.command
475	17041.56	/Users/lordjef/Downloads/ABRAXAS_V3_1_EXECUTABLE_AUTOMATION/15_SELFTEST.command
4586	17041.56	/Users/lordjef/Downloads/ABRAXAS_V3_1_EXECUTABLE_AUTOMATION/DOCS/ABRAXAS_V3_1_AUDIT_REPORT.md
2029	17041.56	/Users/lordjef/Downloads/ABRAXAS_V3_1_EXECUTABLE_AUTOMATION/DOCS/ABRAXAS_V3_1_CONTEXT_ZERO_TEST_REPORT.md
12608	12.96	/Users/lordjef/Downloads/ABRAXAS_V3_1_EXECUTABLE_AUTOMATION/PACKAGE_MANIFEST.json
1029	17041.56	/Users/lordjef/Downloads/ABRAXAS_V3_1_EXECUTABLE_AUTOMATION/README_PRIMERO.txt
842216	17041.56	/Users/lordjef/Downloads/ABRAXAS_V3_1_EXECUTABLE_AUTOMATION/SYSTEM/ABRAXAS_CONTENT_LAB_V3_1_VERIFIED.zip
20	17041.56	/Users/lordjef/Downloads/ABRAXAS_V3_1_EXECUTABLE_AUTOMATION/TOOLS/abraxas/__init__.py
6754	17041.56	/Users/lordjef/Downloads/ABRAXAS_V3_1_EXECUTABLE_AUTOMATION/TOOLS/abraxas/assets.py
26404	17041.56	/Users/lordjef/Downloads/ABRAXAS_V3_1_EXECUTABLE_AUTOMATION/TOOLS/abraxas/cli.py
3850	17041.56	/Users/lordjef/Downloads/ABRAXAS_V3_1_EXECUTABLE_AUTOMATION/TOOLS/abraxas/core.py
1447	17041.56	/Users/lordjef/Downloads/ABRAXAS_V3_1_EXECUTABLE_AUTOMATION/TOOLS/abraxas/davinci.py
1068	17041.56	/Users/lordjef/Downloads/ABRAXAS_V3_1_EXECUTABLE_AUTOMATION/TOOLS/abraxas/htmlio.py
2400	17041.56	/Users/lordjef/Downloads/ABRAXAS_V3_1_EXECUTABLE_AUTOMATION/TOOLS/abraxas/microtrim.py
3241	17041.56	/Users/lordjef/Downloads/ABRAXAS_V3_1_EXECUTABLE_AUTOMATION/TOOLS/abraxas/microtrim_runner.py
9447	17041.56	/Users/lordjef/Downloads/ABRAXAS_V3_1_EXECUTABLE_AUTOMATION/TOOLS/abraxas/plan.py
1754	17041.56	/Users/lordjef/Downloads/ABRAXAS_V3_1_EXECUTABLE_AUTOMATION/TOOLS/abraxas/preflight.py
1550	17041.56	/Users/lordjef/Downloads/ABRAXAS_V3_1_EXECUTABLE_AUTOMATION/TOOLS/abraxas/project.py
3097	17041.56	/Users/lordjef/Downloads/ABRAXAS_V3_1_EXECUTABLE_AUTOMATION/TOOLS/abraxas/queue.py
1004	17041.56	/Users/lordjef/Downloads/ABRAXAS_V3_1_EXECUTABLE_AUTOMATION/TOOLS/abraxas/render.py
5350	17041.56	/Users/lordjef/Downloads/ABRAXAS_V3_1_EXECUTABLE_AUTOMATION/TOOLS/abraxas/runtime.py
1023	17041.56	/Users/lordjef/Downloads/ABRAXAS_V3_1_EXECUTABLE_AUTOMATION/TOOLS/abraxas/state.py
1160	17041.56	/Users/lordjef/Downloads/ABRAXAS_V3_1_EXECUTABLE_AUTOMATION/TOOLS/abraxas/verify.py
234	17041.56	/Users/lordjef/Downloads/ABRAXAS_V3_1_EXECUTABLE_AUTOMATION/TOOLS/abraxas/workers.py
84	17041.56	/Users/lordjef/Downloads/ABRAXAS_V3_1_EXECUTABLE_AUTOMATION/TOOLS/abraxas_cli.py
18500	7.91	/Users/lordjef/Downloads/ABRAXAS_V4_1_FULL_MOTION_TXT_HOTFIX.zip
6148	7.75	/Users/lordjef/Downloads/ABRAXAS_V4_1_FULL_MOTION_TXT_HOTFIX/.DS_Store
1537	7.93	/Users/lordjef/Downloads/ABRAXAS_V4_1_FULL_MOTION_TXT_HOTFIX/08D_BUILD_FULL_V4_MOTION_PACKS.command
2067	7.93	/Users/lordjef/Downloads/ABRAXAS_V4_1_FULL_MOTION_TXT_HOTFIX/README_EJECUTAR_AHORA.txt
51265	7.93	/Users/lordjef/Downloads/ABRAXAS_V4_1_FULL_MOTION_TXT_HOTFIX/TOOLS/build_full_motion_packets_v4.py
8461219	8.06	/Users/lordjef/Downloads/ABRAXAS_V4_1_MOTION_AUTOMATION.zip
2097	7.56	/Users/lordjef/Downloads/ABRAXAS_V4_2_10_MASTER_REFRESH_SAFE_HOTFIX.zip
1078	7.53	/Users/lordjef/Downloads/ABRAXAS_V4_2_11_ONE_COMMAND_COMPLETE_FINISH.zip
1004	7.37	/Users/lordjef/Downloads/ABRAXAS_V4_2_11_ONE_COMMAND_COMPLETE_FINISH/INICIAR_ABRAXAS_COMPLETE_FINISH.command
91	7.37	/Users/lordjef/Downloads/ABRAXAS_V4_2_11_ONE_COMMAND_COMPLETE_FINISH/README.txt
950	7.52	/Users/lordjef/Downloads/ABRAXAS_V4_2_12_FINAL_REPAIR_JV07/REPARAR_JV07_FINAL.command
901	7.53	/Users/lordjef/Downloads/ABRAXAS_V4_2_12_MASTER_REFRESH_ONE_COMMAND.zip
714	7.37	/Users/lordjef/Downloads/ABRAXAS_V4_2_12_MASTER_REFRESH_ONE_COMMAND/ACTUALIZAR_DESDE_MASTER_NUEVO.command
61	7.37	/Users/lordjef/Downloads/ABRAXAS_V4_2_12_MASTER_REFRESH_ONE_COMMAND/README.txt
929	7.51	/Users/lordjef/Downloads/ABRAXAS_V4_2_13_CLEAN_FINISH/FINALIZAR_ABRAXAS.command
2021	7.51	/Users/lordjef/Downloads/ABRAXAS_V4_2_14_FINAL_ORGANIZER/ORGANIZE_ABRAXAS_FINAL.command
2053	7.51	/Users/lordjef/Downloads/ABRAXAS_V4_2_15_MEDIA_RELOCATION/RELOCATE_ABRAXAS_MEDIA.command
1332	7.51	/Users/lordjef/Downloads/ABRAXAS_V4_2_16_CLEAN_STRUCTURE_MERGE/MERGE_STRUCTURE.command
1560	7.48	/Users/lordjef/Downloads/ABRAXAS_V4_2_17_MOTION_AUDIT/AUDIT_MOTIONS.command
112	7.48	/Users/lordjef/Downloads/ABRAXAS_V4_2_17_MOTION_AUDIT/AUDIT_MOTIONS.command.save
1956	7.48	/Users/lordjef/Downloads/ABRAXAS_V4_2_18_MOTION_ENGINE_FIX/APPLY_MOTION_ENGINE_FIX.command
1890	7.48	/Users/lordjef/Downloads/ABRAXAS_V4_2_19_MOTION_OUTPUT_REBUILDER/REBUILD_MOTION_OUTPUT.command
2024	7.48	/Users/lordjef/Downloads/ABRAXAS_V4_2_20_FINAL_MOTION_REBUILD/FINAL_MOTION_REBUILD.command
3970	7.47	/Users/lordjef/Downloads/ABRAXAS_V4_2_21_SMART_MOTION_REBUILD/APPLY_SMART_MOTION_REBUILD.command
3205	7.46	/Users/lordjef/Downloads/ABRAXAS_V4_2_22_SMART_MOTION_SELECTOR/SMART_MOTION_SELECTOR.command
2580	7.46	/Users/lordjef/Downloads/ABRAXAS_V4_2_23_AI_MOTION_ANALYZER/AI_MOTION_ANALYZER.command
2900	7.46	/Users/lordjef/Downloads/ABRAXAS_V4_2_24_AI_MOTION_DECISION_ENGINE/AI_MOTION_DECISION_ENGINE.command
19336469	7.40	/Users/lordjef/Downloads/ABRAXAS_V4_2_24_APPLE40M_RESUME_MASTER_PACKAGE.zip
117	7.40	/Users/lordjef/Downloads/ABRAXAS_V4_2_24_APPLE40M_RESUME_MASTER_PACKAGE.zip.sha256
1689	7.41	/Users/lordjef/Downloads/ABRAXAS_V4_2_24_APPLE40M_RESUME_MASTER_PACKAGE/00_LEER_PRIMERO.txt
1057	7.43	/Users/lordjef/Downloads/ABRAXAS_V4_2_24_APPLE40M_RESUME_MASTER_PACKAGE/01_CONTEXTO_COMPLETO_ABRAXAS.md
1133	7.43	/Users/lordjef/Downloads/ABRAXAS_V4_2_24_APPLE40M_RESUME_MASTER_PACKAGE/02_ESTADO_ACTUAL_V4_2_23.md
857	7.43	/Users/lordjef/Downloads/ABRAXAS_V4_2_24_APPLE40M_RESUME_MASTER_PACKAGE/03_OBJETIVO_HOTFIX_V4_2_24.md
934	7.43	/Users/lordjef/Downloads/ABRAXAS_V4_2_24_APPLE40M_RESUME_MASTER_PACKAGE/04_REGLAS_Y_CONTRATOS_DE_PRODUCCION.md
1043	7.43	/Users/lordjef/Downloads/ABRAXAS_V4_2_24_APPLE40M_RESUME_MASTER_PACKAGE/05_LOGICA_MOTION_ENGINE.md
994	7.43	/Users/lordjef/Downloads/ABRAXAS_V4_2_24_APPLE40M_RESUME_MASTER_PACKAGE/06_CRITERIOS_IA_PARA_SELECCIONAR_MOTIONS.md
766	7.43	/Users/lordjef/Downloads/ABRAXAS_V4_2_24_APPLE40M_RESUME_MASTER_PACKAGE/07_REGLAS_VERTICALES.md
645	7.43	/Users/lordjef/Downloads/ABRAXAS_V4_2_24_APPLE40M_RESUME_MASTER_PACKAGE/08_REGLAS_HORIZONTALES.md
679	7.43	/Users/lordjef/Downloads/ABRAXAS_V4_2_24_APPLE40M_RESUME_MASTER_PACKAGE/09_REGLAS_HTML_ENGINE.md
2018	7.41	/Users/lordjef/Downloads/ABRAXAS_V4_2_24_APPLE40M_RESUME_MASTER_PACKAGE/10_REGLAS_RENDER_Y_DAVINCI.md
672	7.43	/Users/lordjef/Downloads/ABRAXAS_V4_2_24_APPLE40M_RESUME_MASTER_PACKAGE/11_ARCHIVOS_PROTEGIDOS.md
774	7.43	/Users/lordjef/Downloads/ABRAXAS_V4_2_24_APPLE40M_RESUME_MASTER_PACKAGE/12_PLAN_DE_IMPLEMENTACION_HOTFIX.md
1463	7.41	/Users/lordjef/Downloads/ABRAXAS_V4_2_24_APPLE40M_RESUME_MASTER_PACKAGE/13_CHECKLIST_VALIDACION_FINAL.md
1439	7.43	/Users/lordjef/Downloads/ABRAXAS_V4_2_24_APPLE40M_RESUME_MASTER_PACKAGE/14_AUDITORIA_RECURSIVA_ZIPS.md
10110960	7.43	/Users/lordjef/Downloads/ABRAXAS_V4_2_24_APPLE40M_RESUME_MASTER_PACKAGE/AUTOMATION/ABRAXAS_V4_2_5_EXECUTABLE_BASELINE_VERIFIED.zip
68400	7.41	/Users/lordjef/Downloads/ABRAXAS_V4_2_24_APPLE40M_RESUME_MASTER_PACKAGE/BACKUPS/HOTFIX_MOTION_1080P_40M_20260821_040528/ENGINE/ai_motion_engine_v4_2_24.py
1362	7.41	/Users/lordjef/Downloads/ABRAXAS_V4_2_24_APPLE40M_RESUME_MASTER_PACKAGE/BACKUPS/HOTFIX_MOTION_1080P_40M_20260821_040528/PACKAGE_MANIFEST.json
627	7.43	/Users/lordjef/Downloads/ABRAXAS_V4_2_24_APPLE40M_RESUME_MASTER_PACKAGE/DELIVERABLES/JOC55_ABRAXAS_V4_2_24_PREBUILT/00_MANIFEST/AI_MOTION_DECISION_REPORT_V4_2_24.txt
1606	7.43	/Users/lordjef/Downloads/ABRAXAS_V4_2_24_APPLE40M_RESUME_MASTER_PACKAGE/DELIVERABLES/JOC55_ABRAXAS_V4_2_24_PREBUILT/00_MANIFEST/AI_MOTION_VALIDATION_V4_2_24.json
2021391	7.43	/Users/lordjef/Downloads/ABRAXAS_V4_2_24_APPLE40M_RESUME_MASTER_PACKAGE/DELIVERABLES/JOC55_ABRAXAS_V4_2_24_PREBUILT/00_MANIFEST/FINAL_AI_MOTION_DECISIONS_V4_2_24.json
2021391	7.43	/Users/lordjef/Downloads/ABRAXAS_V4_2_24_APPLE40M_RESUME_MASTER_PACKAGE/DELIVERABLES/JOC55_ABRAXAS_V4_2_24_PREBUILT/00_MANIFEST/FINAL_AI_MOTION_MAP_V4_2_24.json
192439	7.43	/Users/lordjef/Downloads/ABRAXAS_V4_2_24_APPLE40M_RESUME_MASTER_PACKAGE/DELIVERABLES/JOC55_ABRAXAS_V4_2_24_PREBUILT/00_MANIFEST/RENDER_QUEUE_AI_MOTIONS_V4_2_24.json
1239	7.43	/Users/lordjef/Downloads/ABRAXAS_V4_2_24_APPLE40M_RESUME_MASTER_PACKAGE/DELIVERABLES/JOC55_ABRAXAS_V4_2_24_PREBUILT/09_MOTIONS_V4_2/AI_SELECTED_V4_2_24/03_VERTICALS/JV01/00_MOTION_INDEX.json
668	7.43	/Users/lordjef/Downloads/ABRAXAS_V4_2_24_APPLE40M_RESUME_MASTER_PACKAGE/DELIVERABLES/JOC55_ABRAXAS_V4_2_24_PREBUILT/09_MOTIONS_V4_2/AI_SELECTED_V4_2_24/03_VERTICALS/JV01/01_HOOK_M1/02_PROMPT_ANIMAR_MOTION.txt
88	7.43	/Users/lordjef/Downloads/ABRAXAS_V4_2_24_APPLE40M_RESUME_MASTER_PACKAGE/DELIVERABLES/JOC55_ABRAXAS_V4_2_24_PREBUILT/09_MOTIONS_V4_2/AI_SELECTED_V4_2_24/03_VERTICALS/JV01/01_HOOK_M1/20_MOTION_FINAL/COLOCAR_AQUI_MOTION_FINAL.txt
1393	7.43	/Users/lordjef/Downloads/ABRAXAS_V4_2_24_APPLE40M_RESUME_MASTER_PACKAGE/DELIVERABLES/JOC55_ABRAXAS_V4_2_24_PREBUILT/09_MOTIONS_V4_2/AI_SELECTED_V4_2_24/03_VERTICALS/JV01/01_HOOK_M1/MOTION_DECISION.json
708	7.43	/Users/lordjef/Downloads/ABRAXAS_V4_2_24_APPLE40M_RESUME_MASTER_PACKAGE/DELIVERABLES/JOC55_ABRAXAS_V4_2_24_PREBUILT/09_MOTIONS_V4_2/AI_SELECTED_V4_2_24/03_VERTICALS/JV01/02_TENSION_M1/02_PROMPT_ANIMAR_MOTION.txt
88	7.43	/Users/lordjef/Downloads/ABRAXAS_V4_2_24_APPLE40M_RESUME_MASTER_PACKAGE/DELIVERABLES/JOC55_ABRAXAS_V4_2_24_PREBUILT/09_MOTIONS_V4_2/AI_SELECTED_V4_2_24/03_VERTICALS/JV01/02_TENSION_M1/20_MOTION_FINAL/COLOCAR_AQUI_MOTION_FINAL.txt
1417	7.43	/Users/lordjef/Downloads/ABRAXAS_V4_2_24_APPLE40M_RESUME_MASTER_PACKAGE/DELIVERABLES/JOC55_ABRAXAS_V4_2_24_PREBUILT/09_MOTIONS_V4_2/AI_SELECTED_V4_2_24/03_VERTICALS/JV01/02_TENSION_M1/MOTION_DECISION.json
685	7.43	/Users/lordjef/Downloads/ABRAXAS_V4_2_24_APPLE40M_RESUME_MASTER_PACKAGE/DELIVERABLES/JOC55_ABRAXAS_V4_2_24_PREBUILT/09_MOTIONS_V4_2/AI_SELECTED_V4_2_24/03_VERTICALS/JV01/03_CORE_M1/02_PROMPT_ANIMAR_MOTION.txt
88	7.43	/Users/lordjef/Downloads/ABRAXAS_V4_2_24_APPLE40M_RESUME_MASTER_PACKAGE/DELIVERABLES/JOC55_ABRAXAS_V4_2_24_PREBUILT/09_MOTIONS_V4_2/AI_SELECTED_V4_2_24/03_VERTICALS/JV01/03_CORE_M1/20_MOTION_FINAL/COLOCAR_AQUI_MOTION_FINAL.txt
1406	7.43	/Users/lordjef/Downloads/ABRAXAS_V4_2_24_APPLE40M_RESUME_MASTER_PACKAGE/DELIVERABLES/JOC55_ABRAXAS_V4_2_24_PREBUILT/09_MOTIONS_V4_2/AI_SELECTED_V4_2_24/03_VERTICALS/JV01/03_CORE_M1/MOTION_DECISION.json
765	7.43	/Users/lordjef/Downloads/ABRAXAS_V4_2_24_APPLE40M_RESUME_MASTER_PACKAGE/DELIVERABLES/JOC55_ABRAXAS_V4_2_24_PREBUILT/09_MOTIONS_V4_2/AI_SELECTED_V4_2_24/03_VERTICALS/JV01/04_SHIFT_M1/02_PROMPT_ANIMAR_MOTION.txt
88	7.43	/Users/lordjef/Downloads/ABRAXAS_V4_2_24_APPLE40M_RESUME_MASTER_PACKAGE/DELIVERABLES/JOC55_ABRAXAS_V4_2_24_PREBUILT/09_MOTIONS_V4_2/AI_SELECTED_V4_2_24/03_VERTICALS/JV01/04_SHIFT_M1/20_MOTION_FINAL/COLOCAR_AQUI_MOTION_FINAL.txt
1479	7.43	/Users/lordjef/Downloads/ABRAXAS_V4_2_24_APPLE40M_RESUME_MASTER_PACKAGE/DELIVERABLES/JOC55_ABRAXAS_V4_2_24_PREBUILT/09_MOTIONS_V4_2/AI_SELECTED_V4_2_24/03_VERTICALS/JV01/04_SHIFT_M1/MOTION_DECISION.json
699	7.43	/Users/lordjef/Downloads/ABRAXAS_V4_2_24_APPLE40M_RESUME_MASTER_PACKAGE/DELIVERABLES/JOC55_ABRAXAS_V4_2_24_PREBUILT/09_MOTIONS_V4_2/AI_SELECTED_V4_2_24/03_VERTICALS/JV01/05_MEMORABLE_M5/02_PROMPT_ANIMAR_MOTION.txt
88	7.43	/Users/lordjef/Downloads/ABRAXAS_V4_2_24_APPLE40M_RESUME_MASTER_PACKAGE/DELIVERABLES/JOC55_ABRAXAS_V4_2_24_PREBUILT/09_MOTIONS_V4_2/AI_SELECTED_V4_2_24/03_VERTICALS/JV01/05_MEMORABLE_M5/20_MOTION_FINAL/COLOCAR_AQUI_MOTION_FINAL.txt
1460	7.43	/Users/lordjef/Downloads/ABRAXAS_V4_2_24_APPLE40M_RESUME_MASTER_PACKAGE/DELIVERABLES/JOC55_ABRAXAS_V4_2_24_PREBUILT/09_MOTIONS_V4_2/AI_SELECTED_V4_2_24/03_VERTICALS/JV01/05_MEMORABLE_M5/MOTION_DECISION.json
704	7.43	/Users/lordjef/Downloads/ABRAXAS_V4_2_24_APPLE40M_RESUME_MASTER_PACKAGE/DELIVERABLES/JOC55_ABRAXAS_V4_2_24_PREBUILT/09_MOTIONS_V4_2/AI_SELECTED_V4_2_24/03_VERTICALS/JV01/06_CLOSE_M1/02_PROMPT_ANIMAR_MOTION.txt
88	7.43	/Users/lordjef/Downloads/ABRAXAS_V4_2_24_APPLE40M_RESUME_MASTER_PACKAGE/DELIVERABLES/JOC55_ABRAXAS_V4_2_24_PREBUILT/09_MOTIONS_V4_2/AI_SELECTED_V4_2_24/03_VERTICALS/JV01/06_CLOSE_M1/20_MOTION_FINAL/COLOCAR_AQUI_MOTION_FINAL.txt
1438	7.43	/Users/lordjef/Downloads/ABRAXAS_V4_2_24_APPLE40M_RESUME_MASTER_PACKAGE/DELIVERABLES/JOC55_ABRAXAS_V4_2_24_PREBUILT/09_MOTIONS_V4_2/AI_SELECTED_V4_2_24/03_VERTICALS/JV01/06_CLOSE_M1/MOTION_DECISION.json
1239	7.43	/Users/lordjef/Downloads/ABRAXAS_V4_2_24_APPLE40M_RESUME_MASTER_PACKAGE/DELIVERABLES/JOC55_ABRAXAS_V4_2_24_PREBUILT/09_MOTIONS_V4_2/AI_SELECTED_V4_2_24/03_VERTICALS/JV02/00_MOTION_INDEX.json
630	7.43	/Users/lordjef/Downloads/ABRAXAS_V4_2_24_APPLE40M_RESUME_MASTER_PACKAGE/DELIVERABLES/JOC55_ABRAXAS_V4_2_24_PREBUILT/09_MOTIONS_V4_2/AI_SELECTED_V4_2_24/03_VERTICALS/JV02/01_HOOK_M3/02_PROMPT_ANIMAR_MOTION.txt
88	7.43	/Users/lordjef/Downloads/ABRAXAS_V4_2_24_APPLE40M_RESUME_MASTER_PACKAGE/DELIVERABLES/JOC55_ABRAXAS_V4_2_24_PREBUILT/09_MOTIONS_V4_2/AI_SELECTED_V4_2_24/03_VERTICALS/JV02/01_HOOK_M3/20_MOTION_FINAL/COLOCAR_AQUI_MOTION_FINAL.txt
1338	7.43	/Users/lordjef/Downloads/ABRAXAS_V4_2_24_APPLE40M_RESUME_MASTER_PACKAGE/DELIVERABLES/JOC55_ABRAXAS_V4_2_24_PREBUILT/09_MOTIONS_V4_2/AI_SELECTED_V4_2_24/03_VERTICALS/JV02/01_HOOK_M3/MOTION_DECISION.json
645	7.43	/Users/lordjef/Downloads/ABRAXAS_V4_2_24_APPLE40M_RESUME_MASTER_PACKAGE/DELIVERABLES/JOC55_ABRAXAS_V4_2_24_PREBUILT/09_MOTIONS_V4_2/AI_SELECTED_V4_2_24/03_VERTICALS/JV02/02_TENSION_M3/02_PROMPT_ANIMAR_MOTION.txt
88	7.43	/Users/lordjef/Downloads/ABRAXAS_V4_2_24_APPLE40M_RESUME_MASTER_PACKAGE/DELIVERABLES/JOC55_ABRAXAS_V4_2_24_PREBUILT/09_MOTIONS_V4_2/AI_SELECTED_V4_2_24/03_VERTICALS/JV02/02_TENSION_M3/20_MOTION_FINAL/COLOCAR_AQUI_MOTION_FINAL.txt
1330	7.43	/Users/lordjef/Downloads/ABRAXAS_V4_2_24_APPLE40M_RESUME_MASTER_PACKAGE/DELIVERABLES/JOC55_ABRAXAS_V4_2_24_PREBUILT/09_MOTIONS_V4_2/AI_SELECTED_V4_2_24/03_VERTICALS/JV02/02_TENSION_M3/MOTION_DECISION.json
634	7.43	/Users/lordjef/Downloads/ABRAXAS_V4_2_24_APPLE40M_RESUME_MASTER_PACKAGE/DELIVERABLES/JOC55_ABRAXAS_V4_2_24_PREBUILT/09_MOTIONS_V4_2/AI_SELECTED_V4_2_24/03_VERTICALS/JV02/03_CORE_M1/02_PROMPT_ANIMAR_MOTION.txt
88	7.43	/Users/lordjef/Downloads/ABRAXAS_V4_2_24_APPLE40M_RESUME_MASTER_PACKAGE/DELIVERABLES/JOC55_ABRAXAS_V4_2_24_PREBUILT/09_MOTIONS_V4_2/AI_SELECTED_V4_2_24/03_VERTICALS/JV02/03_CORE_M1/20_MOTION_FINAL/COLOCAR_AQUI_MOTION_FINAL.txt
1359	7.43	/Users/lordjef/Downloads/ABRAXAS_V4_2_24_APPLE40M_RESUME_MASTER_PACKAGE/DELIVERABLES/JOC55_ABRAXAS_V4_2_24_PREBUILT/09_MOTIONS_V4_2/AI_SELECTED_V4_2_24/03_VERTICALS/JV02/03_CORE_M1/MOTION_DECISION.json
653	7.43	/Users/lordjef/Downloads/ABRAXAS_V4_2_24_APPLE40M_RESUME_MASTER_PACKAGE/DELIVERABLES/JOC55_ABRAXAS_V4_2_24_PREBUILT/09_MOTIONS_V4_2/AI_SELECTED_V4_2_24/03_VERTICALS/JV02/04_SHIFT_M4/02_PROMPT_ANIMAR_MOTION.txt
88	7.43	/Users/lordjef/Downloads/ABRAXAS_V4_2_24_APPLE40M_RESUME_MASTER_PACKAGE/DELIVERABLES/JOC55_ABRAXAS_V4_2_24_PREBUILT/09_MOTIONS_V4_2/AI_SELECTED_V4_2_24/03_VERTICALS/JV02/04_SHIFT_M4/20_MOTION_FINAL/COLOCAR_AQUI_MOTION_FINAL.txt
1334	7.43	/Users/lordjef/Downloads/ABRAXAS_V4_2_24_APPLE40M_RESUME_MASTER_PACKAGE/DELIVERABLES/JOC55_ABRAXAS_V4_2_24_PREBUILT/09_MOTIONS_V4_2/AI_SELECTED_V4_2_24/03_VERTICALS/JV02/04_SHIFT_M4/MOTION_DECISION.json
635	7.43	/Users/lordjef/Downloads/ABRAXAS_V4_2_24_APPLE40M_RESUME_MASTER_PACKAGE/DELIVERABLES/JOC55_ABRAXAS_V4_2_24_PREBUILT/09_MOTIONS_V4_2/AI_SELECTED_V4_2_24/03_VERTICALS/JV02/05_MEMORABLE_M3/02_PROMPT_ANIMAR_MOTION.txt
88	7.43	/Users/lordjef/Downloads/ABRAXAS_V4_2_24_APPLE40M_RESUME_MASTER_PACKAGE/DELIVERABLES/JOC55_ABRAXAS_V4_2_24_PREBUILT/09_MOTIONS_V4_2/AI_SELECTED_V4_2_24/03_VERTICALS/JV02/05_MEMORABLE_M3/20_MOTION_FINAL/COLOCAR_AQUI_MOTION_FINAL.txt
1320	7.43	/Users/lordjef/Downloads/ABRAXAS_V4_2_24_APPLE40M_RESUME_MASTER_PACKAGE/DELIVERABLES/JOC55_ABRAXAS_V4_2_24_PREBUILT/09_MOTIONS_V4_2/AI_SELECTED_V4_2_24/03_VERTICALS/JV02/05_MEMORABLE_M3/MOTION_DECISION.json
618	7.43	/Users/lordjef/Downloads/ABRAXAS_V4_2_24_APPLE40M_RESUME_MASTER_PACKAGE/DELIVERABLES/JOC55_ABRAXAS_V4_2_24_PREBUILT/09_MOTIONS_V4_2/AI_SELECTED_V4_2_24/03_VERTICALS/JV02/06_CLOSE_M3/02_PROMPT_ANIMAR_MOTION.txt
88	7.43	/Users/lordjef/Downloads/ABRAXAS_V4_2_24_APPLE40M_RESUME_MASTER_PACKAGE/DELIVERABLES/JOC55_ABRAXAS_V4_2_24_PREBUILT/09_MOTIONS_V4_2/AI_SELECTED_V4_2_24/03_VERTICALS/JV02/06_CLOSE_M3/20_MOTION_FINAL/COLOCAR_AQUI_MOTION_FINAL.txt
1326	7.43	/Users/lordjef/Downloads/ABRAXAS_V4_2_24_APPLE40M_RESUME_MASTER_PACKAGE/DELIVERABLES/JOC55_ABRAXAS_V4_2_24_PREBUILT/09_MOTIONS_V4_2/AI_SELECTED_V4_2_24/03_VERTICALS/JV02/06_CLOSE_M3/MOTION_DECISION.json
1239	7.43	/Users/lordjef/Downloads/ABRAXAS_V4_2_24_APPLE40M_RESUME_MASTER_PACKAGE/DELIVERABLES/JOC55_ABRAXAS_V4_2_24_PREBUILT/09_MOTIONS_V4_2/AI_SELECTED_V4_2_24/03_VERTICALS/JV03/00_MOTION_INDEX.json
612	7.43	/Users/lordjef/Downloads/ABRAXAS_V4_2_24_APPLE40M_RESUME_MASTER_PACKAGE/DELIVERABLES/JOC55_ABRAXAS_V4_2_24_PREBUILT/09_MOTIONS_V4_2/AI_SELECTED_V4_2_24/03_VERTICALS/JV03/01_HOOK_M3/02_PROMPT_ANIMAR_MOTION.txt
88	7.43	/Users/lordjef/Downloads/ABRAXAS_V4_2_24_APPLE40M_RESUME_MASTER_PACKAGE/DELIVERABLES/JOC55_ABRAXAS_V4_2_24_PREBUILT/09_MOTIONS_V4_2/AI_SELECTED_V4_2_24/03_VERTICALS/JV03/01_HOOK_M3/20_MOTION_FINAL/COLOCAR_AQUI_MOTION_FINAL.txt
1312	7.43	/Users/lordjef/Downloads/ABRAXAS_V4_2_24_APPLE40M_RESUME_MASTER_PACKAGE/DELIVERABLES/JOC55_ABRAXAS_V4_2_24_PREBUILT/09_MOTIONS_V4_2/AI_SELECTED_V4_2_24/03_VERTICALS/JV03/01_HOOK_M3/MOTION_DECISION.json
743	7.43	/Users/lordjef/Downloads/ABRAXAS_V4_2_24_APPLE40M_RESUME_MASTER_PACKAGE/DELIVERABLES/JOC55_ABRAXAS_V4_2_24_PREBUILT/09_MOTIONS_V4_2/AI_SELECTED_V4_2_24/03_VERTICALS/JV03/02_TENSION_M3/02_PROMPT_ANIMAR_MOTION.txt
88	7.43	/Users/lordjef/Downloads/ABRAXAS_V4_2_24_APPLE40M_RESUME_MASTER_PACKAGE/DELIVERABLES/JOC55_ABRAXAS_V4_2_24_PREBUILT/09_MOTIONS_V4_2/AI_SELECTED_V4_2_24/03_VERTICALS/JV03/02_TENSION_M3/20_MOTION_FINAL/COLOCAR_AQUI_MOTION_FINAL.txt
1422	7.43	/Users/lordjef/Downloads/ABRAXAS_V4_2_24_APPLE40M_RESUME_MASTER_PACKAGE/DELIVERABLES/JOC55_ABRAXAS_V4_2_24_PREBUILT/09_MOTIONS_V4_2/AI_SELECTED_V4_2_24/03_VERTICALS/JV03/02_TENSION_M3/MOTION_DECISION.json
754	7.43	/Users/lordjef/Downloads/ABRAXAS_V4_2_24_APPLE40M_RESUME_MASTER_PACKAGE/DELIVERABLES/JOC55_ABRAXAS_V4_2_24_PREBUILT/09_MOTIONS_V4_2/AI_SELECTED_V4_2_24/03_VERTICALS/JV03/03_CORE_M1/02_PROMPT_ANIMAR_MOTION.txt
88	7.43	/Users/lordjef/Downloads/ABRAXAS_V4_2_24_APPLE40M_RESUME_MASTER_PACKAGE/DELIVERABLES/JOC55_ABRAXAS_V4_2_24_PREBUILT/09_MOTIONS_V4_2/AI_SELECTED_V4_2_24/03_VERTICALS/JV03/03_CORE_M1/20_MOTION_FINAL/COLOCAR_AQUI_MOTION_FINAL.txt
1456	7.43	/Users/lordjef/Downloads/ABRAXAS_V4_2_24_APPLE40M_RESUME_MASTER_PACKAGE/DELIVERABLES/JOC55_ABRAXAS_V4_2_24_PREBUILT/09_MOTIONS_V4_2/AI_SELECTED_V4_2_24/03_VERTICALS/JV03/03_CORE_M1/MOTION_DECISION.json
782	7.43	/Users/lordjef/Downloads/ABRAXAS_V4_2_24_APPLE40M_RESUME_MASTER_PACKAGE/DELIVERABLES/JOC55_ABRAXAS_V4_2_24_PREBUILT/09_MOTIONS_V4_2/AI_SELECTED_V4_2_24/03_VERTICALS/JV03/04_SHIFT_M6/02_PROMPT_ANIMAR_MOTION.txt
88	7.43	/Users/lordjef/Downloads/ABRAXAS_V4_2_24_APPLE40M_RESUME_MASTER_PACKAGE/DELIVERABLES/JOC55_ABRAXAS_V4_2_24_PREBUILT/09_MOTIONS_V4_2/AI_SELECTED_V4_2_24/03_VERTICALS/JV03/04_SHIFT_M6/20_MOTION_FINAL/COLOCAR_AQUI_MOTION_FINAL.txt
1472	7.43	/Users/lordjef/Downloads/ABRAXAS_V4_2_24_APPLE40M_RESUME_MASTER_PACKAGE/DELIVERABLES/JOC55_ABRAXAS_V4_2_24_PREBUILT/09_MOTIONS_V4_2/AI_SELECTED_V4_2_24/03_VERTICALS/JV03/04_SHIFT_M6/MOTION_DECISION.json
677	7.43	/Users/lordjef/Downloads/ABRAXAS_V4_2_24_APPLE40M_RESUME_MASTER_PACKAGE/DELIVERABLES/JOC55_ABRAXAS_V4_2_24_PREBUILT/09_MOTIONS_V4_2/AI_SELECTED_V4_2_24/03_VERTICALS/JV03/05_MEMORABLE_M3/02_PROMPT_ANIMAR_MOTION.txt
88	7.43	/Users/lordjef/Downloads/ABRAXAS_V4_2_24_APPLE40M_RESUME_MASTER_PACKAGE/DELIVERABLES/JOC55_ABRAXAS_V4_2_24_PREBUILT/09_MOTIONS_V4_2/AI_SELECTED_V4_2_24/03_VERTICALS/JV03/05_MEMORABLE_M3/20_MOTION_FINAL/COLOCAR_AQUI_MOTION_FINAL.txt
1359	7.43	/Users/lordjef/Downloads/ABRAXAS_V4_2_24_APPLE40M_RESUME_MASTER_PACKAGE/DELIVERABLES/JOC55_ABRAXAS_V4_2_24_PREBUILT/09_MOTIONS_V4_2/AI_SELECTED_V4_2_24/03_VERTICALS/JV03/05_MEMORABLE_M3/MOTION_DECISION.json
726	7.43	/Users/lordjef/Downloads/ABRAXAS_V4_2_24_APPLE40M_RESUME_MASTER_PACKAGE/DELIVERABLES/JOC55_ABRAXAS_V4_2_24_PREBUILT/09_MOTIONS_V4_2/AI_SELECTED_V4_2_24/03_VERTICALS/JV03/06_CLOSE_M2/02_PROMPT_ANIMAR_MOTION.txt
497	7.43	/Users/lordjef/Downloads/ABRAXAS_V4_2_24_APPLE40M_RESUME_MASTER_PACKAGE/DELIVERABLES/JOC55_ABRAXAS_V4_2_24_PREBUILT/09_MOTIONS_V4_2/AI_SELECTED_V4_2_24/03_VERTICALS/JV03/06_CLOSE_M2/10_ASSETS/MOTION2_TEXT_SEGMENTS_EXACT.json
88	7.43	/Users/lordjef/Downloads/ABRAXAS_V4_2_24_APPLE40M_RESUME_MASTER_PACKAGE/DELIVERABLES/JOC55_ABRAXAS_V4_2_24_PREBUILT/09_MOTIONS_V4_2/AI_SELECTED_V4_2_24/03_VERTICALS/JV03/06_CLOSE_M2/20_MOTION_FINAL/COLOCAR_AQUI_MOTION_FINAL.txt
1567	7.43	/Users/lordjef/Downloads/ABRAXAS_V4_2_24_APPLE40M_RESUME_MASTER_PACKAGE/DELIVERABLES/JOC55_ABRAXAS_V4_2_24_PREBUILT/09_MOTIONS_V4_2/AI_SELECTED_V4_2_24/03_VERTICALS/JV03/06_CLOSE_M2/MOTION_DECISION.json
1239	7.43	/Users/lordjef/Downloads/ABRAXAS_V4_2_24_APPLE40M_RESUME_MASTER_PACKAGE/DELIVERABLES/JOC55_ABRAXAS_V4_2_24_PREBUILT/09_MOTIONS_V4_2/AI_SELECTED_V4_2_24/03_VERTICALS/JV04/00_MOTION_INDEX.json
674	7.43	/Users/lordjef/Downloads/ABRAXAS_V4_2_24_APPLE40M_RESUME_MASTER_PACKAGE/DELIVERABLES/JOC55_ABRAXAS_V4_2_24_PREBUILT/09_MOTIONS_V4_2/AI_SELECTED_V4_2_24/03_VERTICALS/JV04/01_HOOK_M3/02_PROMPT_ANIMAR_MOTION.txt
88	7.43	/Users/lordjef/Downloads/ABRAXAS_V4_2_24_APPLE40M_RESUME_MASTER_PACKAGE/DELIVERABLES/JOC55_ABRAXAS_V4_2_24_PREBUILT/09_MOTIONS_V4_2/AI_SELECTED_V4_2_24/03_VERTICALS/JV04/01_HOOK_M3/20_MOTION_FINAL/COLOCAR_AQUI_MOTION_FINAL.txt
1376	7.43	/Users/lordjef/Downloads/ABRAXAS_V4_2_24_APPLE40M_RESUME_MASTER_PACKAGE/DELIVERABLES/JOC55_ABRAXAS_V4_2_24_PREBUILT/09_MOTIONS_V4_2/AI_SELECTED_V4_2_24/03_VERTICALS/JV04/01_HOOK_M3/MOTION_DECISION.json
706	7.43	/Users/lordjef/Downloads/ABRAXAS_V4_2_24_APPLE40M_RESUME_MASTER_PACKAGE/DELIVERABLES/JOC55_ABRAXAS_V4_2_24_PREBUILT/09_MOTIONS_V4_2/AI_SELECTED_V4_2_24/03_VERTICALS/JV04/02_TENSION_M2/02_PROMPT_ANIMAR_MOTION.txt
431	7.43	/Users/lordjef/Downloads/ABRAXAS_V4_2_24_APPLE40M_RESUME_MASTER_PACKAGE/DELIVERABLES/JOC55_ABRAXAS_V4_2_24_PREBUILT/09_MOTIONS_V4_2/AI_SELECTED_V4_2_24/03_VERTICALS/JV04/02_TENSION_M2/10_ASSETS/MOTION2_TEXT_SEGMENTS_EXACT.json
88	7.43	/Users/lordjef/Downloads/ABRAXAS_V4_2_24_APPLE40M_RESUME_MASTER_PACKAGE/DELIVERABLES/JOC55_ABRAXAS_V4_2_24_PREBUILT/09_MOTIONS_V4_2/AI_SELECTED_V4_2_24/03_VERTICALS/JV04/02_TENSION_M2/20_MOTION_FINAL/COLOCAR_AQUI_MOTION_FINAL.txt
1523	7.43	/Users/lordjef/Downloads/ABRAXAS_V4_2_24_APPLE40M_RESUME_MASTER_PACKAGE/DELIVERABLES/JOC55_ABRAXAS_V4_2_24_PREBUILT/09_MOTIONS_V4_2/AI_SELECTED_V4_2_24/03_VERTICALS/JV04/02_TENSION_M2/MOTION_DECISION.json
656	7.43	/Users/lordjef/Downloads/ABRAXAS_V4_2_24_APPLE40M_RESUME_MASTER_PACKAGE/DELIVERABLES/JOC55_ABRAXAS_V4_2_24_PREBUILT/09_MOTIONS_V4_2/AI_SELECTED_V4_2_24/03_VERTICALS/JV04/03_CORE_M4/02_PROMPT_ANIMAR_MOTION.txt
88	7.43	/Users/lordjef/Downloads/ABRAXAS_V4_2_24_APPLE40M_RESUME_MASTER_PACKAGE/DELIVERABLES/JOC55_ABRAXAS_V4_2_24_PREBUILT/09_MOTIONS_V4_2/AI_SELECTED_V4_2_24/03_VERTICALS/JV04/03_CORE_M4/20_MOTION_FINAL/COLOCAR_AQUI_MOTION_FINAL.txt
1313	7.43	/Users/lordjef/Downloads/ABRAXAS_V4_2_24_APPLE40M_RESUME_MASTER_PACKAGE/DELIVERABLES/JOC55_ABRAXAS_V4_2_24_PREBUILT/09_MOTIONS_V4_2/AI_SELECTED_V4_2_24/03_VERTICALS/JV04/03_CORE_M4/MOTION_DECISION.json
654	7.43	/Users/lordjef/Downloads/ABRAXAS_V4_2_24_APPLE40M_RESUME_MASTER_PACKAGE/DELIVERABLES/JOC55_ABRAXAS_V4_2_24_PREBUILT/09_MOTIONS_V4_2/AI_SELECTED_V4_2_24/03_VERTICALS/JV04/04_SHIFT_M4/02_PROMPT_ANIMAR_MOTION.txt
88	7.43	/Users/lordjef/Downloads/ABRAXAS_V4_2_24_APPLE40M_RESUME_MASTER_PACKAGE/DELIVERABLES/JOC55_ABRAXAS_V4_2_24_PREBUILT/09_MOTIONS_V4_2/AI_SELECTED_V4_2_24/03_VERTICALS/JV04/04_SHIFT_M4/20_MOTION_FINAL/COLOCAR_AQUI_MOTION_FINAL.txt
1296	7.43	/Users/lordjef/Downloads/ABRAXAS_V4_2_24_APPLE40M_RESUME_MASTER_PACKAGE/DELIVERABLES/JOC55_ABRAXAS_V4_2_24_PREBUILT/09_MOTIONS_V4_2/AI_SELECTED_V4_2_24/03_VERTICALS/JV04/04_SHIFT_M4/MOTION_DECISION.json
677	7.43	/Users/lordjef/Downloads/ABRAXAS_V4_2_24_APPLE40M_RESUME_MASTER_PACKAGE/DELIVERABLES/JOC55_ABRAXAS_V4_2_24_PREBUILT/09_MOTIONS_V4_2/AI_SELECTED_V4_2_24/03_VERTICALS/JV04/05_MEMORABLE_M3/02_PROMPT_ANIMAR_MOTION.txt
88	7.43	/Users/lordjef/Downloads/ABRAXAS_V4_2_24_APPLE40M_RESUME_MASTER_PACKAGE/DELIVERABLES/JOC55_ABRAXAS_V4_2_24_PREBUILT/09_MOTIONS_V4_2/AI_SELECTED_V4_2_24/03_VERTICALS/JV04/05_MEMORABLE_M3/20_MOTION_FINAL/COLOCAR_AQUI_MOTION_FINAL.txt
1379	7.43	/Users/lordjef/Downloads/ABRAXAS_V4_2_24_APPLE40M_RESUME_MASTER_PACKAGE/DELIVERABLES/JOC55_ABRAXAS_V4_2_24_PREBUILT/09_MOTIONS_V4_2/AI_SELECTED_V4_2_24/03_VERTICALS/JV04/05_MEMORABLE_M3/MOTION_DECISION.json
650	7.43	/Users/lordjef/Downloads/ABRAXAS_V4_2_24_APPLE40M_RESUME_MASTER_PACKAGE/DELIVERABLES/JOC55_ABRAXAS_V4_2_24_PREBUILT/09_MOTIONS_V4_2/AI_SELECTED_V4_2_24/03_VERTICALS/JV04/06_CLOSE_M3/02_PROMPT_ANIMAR_MOTION.txt
88	7.43	/Users/lordjef/Downloads/ABRAXAS_V4_2_24_APPLE40M_RESUME_MASTER_PACKAGE/DELIVERABLES/JOC55_ABRAXAS_V4_2_24_PREBUILT/09_MOTIONS_V4_2/AI_SELECTED_V4_2_24/03_VERTICALS/JV04/06_CLOSE_M3/20_MOTION_FINAL/COLOCAR_AQUI_MOTION_FINAL.txt
1357	7.43	/Users/lordjef/Downloads/ABRAXAS_V4_2_24_APPLE40M_RESUME_MASTER_PACKAGE/DELIVERABLES/JOC55_ABRAXAS_V4_2_24_PREBUILT/09_MOTIONS_V4_2/AI_SELECTED_V4_2_24/03_VERTICALS/JV04/06_CLOSE_M3/MOTION_DECISION.json
1239	7.43	/Users/lordjef/Downloads/ABRAXAS_V4_2_24_APPLE40M_RESUME_MASTER_PACKAGE/DELIVERABLES/JOC55_ABRAXAS_V4_2_24_PREBUILT/09_MOTIONS_V4_2/AI_SELECTED_V4_2_24/03_VERTICALS/JV05/00_MOTION_INDEX.json
644	7.43	/Users/lordjef/Downloads/ABRAXAS_V4_2_24_APPLE40M_RESUME_MASTER_PACKAGE/DELIVERABLES/JOC55_ABRAXAS_V4_2_24_PREBUILT/09_MOTIONS_V4_2/AI_SELECTED_V4_2_24/03_VERTICALS/JV05/01_HOOK_M3/02_PROMPT_ANIMAR_MOTION.txt
88	7.43	/Users/lordjef/Downloads/ABRAXAS_V4_2_24_APPLE40M_RESUME_MASTER_PACKAGE/DELIVERABLES/JOC55_ABRAXAS_V4_2_24_PREBUILT/09_MOTIONS_V4_2/AI_SELECTED_V4_2_24/03_VERTICALS/JV05/01_HOOK_M3/20_MOTION_FINAL/COLOCAR_AQUI_MOTION_FINAL.txt
1331	7.43	/Users/lordjef/Downloads/ABRAXAS_V4_2_24_APPLE40M_RESUME_MASTER_PACKAGE/DELIVERABLES/JOC55_ABRAXAS_V4_2_24_PREBUILT/09_MOTIONS_V4_2/AI_SELECTED_V4_2_24/03_VERTICALS/JV05/01_HOOK_M3/MOTION_DECISION.json
663	7.43	/Users/lordjef/Downloads/ABRAXAS_V4_2_24_APPLE40M_RESUME_MASTER_PACKAGE/DELIVERABLES/JOC55_ABRAXAS_V4_2_24_PREBUILT/09_MOTIONS_V4_2/AI_SELECTED_V4_2_24/03_VERTICALS/JV05/02_TENSION_M1/02_PROMPT_ANIMAR_MOTION.txt
88	7.43	/Users/lordjef/Downloads/ABRAXAS_V4_2_24_APPLE40M_RESUME_MASTER_PACKAGE/DELIVERABLES/JOC55_ABRAXAS_V4_2_24_PREBUILT/09_MOTIONS_V4_2/AI_SELECTED_V4_2_24/03_VERTICALS/JV05/02_TENSION_M1/20_MOTION_FINAL/COLOCAR_AQUI_MOTION_FINAL.txt
1367	7.43	/Users/lordjef/Downloads/ABRAXAS_V4_2_24_APPLE40M_RESUME_MASTER_PACKAGE/DELIVERABLES/JOC55_ABRAXAS_V4_2_24_PREBUILT/09_MOTIONS_V4_2/AI_SELECTED_V4_2_24/03_VERTICALS/JV05/02_TENSION_M1/MOTION_DECISION.json
688	7.43	/Users/lordjef/Downloads/ABRAXAS_V4_2_24_APPLE40M_RESUME_MASTER_PACKAGE/DELIVERABLES/JOC55_ABRAXAS_V4_2_24_PREBUILT/09_MOTIONS_V4_2/AI_SELECTED_V4_2_24/03_VERTICALS/JV05/03_CORE_M1/02_PROMPT_ANIMAR_MOTION.txt
88	7.43	/Users/lordjef/Downloads/ABRAXAS_V4_2_24_APPLE40M_RESUME_MASTER_PACKAGE/DELIVERABLES/JOC55_ABRAXAS_V4_2_24_PREBUILT/09_MOTIONS_V4_2/AI_SELECTED_V4_2_24/03_VERTICALS/JV05/03_CORE_M1/20_MOTION_FINAL/COLOCAR_AQUI_MOTION_FINAL.txt
1397	7.43	/Users/lordjef/Downloads/ABRAXAS_V4_2_24_APPLE40M_RESUME_MASTER_PACKAGE/DELIVERABLES/JOC55_ABRAXAS_V4_2_24_PREBUILT/09_MOTIONS_V4_2/AI_SELECTED_V4_2_24/03_VERTICALS/JV05/03_CORE_M1/MOTION_DECISION.json
686	7.43	/Users/lordjef/Downloads/ABRAXAS_V4_2_24_APPLE40M_RESUME_MASTER_PACKAGE/DELIVERABLES/JOC55_ABRAXAS_V4_2_24_PREBUILT/09_MOTIONS_V4_2/AI_SELECTED_V4_2_24/03_VERTICALS/JV05/04_SHIFT_M3/02_PROMPT_ANIMAR_MOTION.txt
88	7.43	/Users/lordjef/Downloads/ABRAXAS_V4_2_24_APPLE40M_RESUME_MASTER_PACKAGE/DELIVERABLES/JOC55_ABRAXAS_V4_2_24_PREBUILT/09_MOTIONS_V4_2/AI_SELECTED_V4_2_24/03_VERTICALS/JV05/04_SHIFT_M3/20_MOTION_FINAL/COLOCAR_AQUI_MOTION_FINAL.txt
1372	7.43	/Users/lordjef/Downloads/ABRAXAS_V4_2_24_APPLE40M_RESUME_MASTER_PACKAGE/DELIVERABLES/JOC55_ABRAXAS_V4_2_24_PREBUILT/09_MOTIONS_V4_2/AI_SELECTED_V4_2_24/03_VERTICALS/JV05/04_SHIFT_M3/MOTION_DECISION.json
736	7.43	/Users/lordjef/Downloads/ABRAXAS_V4_2_24_APPLE40M_RESUME_MASTER_PACKAGE/DELIVERABLES/JOC55_ABRAXAS_V4_2_24_PREBUILT/09_MOTIONS_V4_2/AI_SELECTED_V4_2_24/03_VERTICALS/JV05/05_MEMORABLE_M3/02_PROMPT_ANIMAR_MOTION.txt
88	7.43	/Users/lordjef/Downloads/ABRAXAS_V4_2_24_APPLE40M_RESUME_MASTER_PACKAGE/DELIVERABLES/JOC55_ABRAXAS_V4_2_24_PREBUILT/09_MOTIONS_V4_2/AI_SELECTED_V4_2_24/03_VERTICALS/JV05/05_MEMORABLE_M3/20_MOTION_FINAL/COLOCAR_AQUI_MOTION_FINAL.txt
1420	7.43	/Users/lordjef/Downloads/ABRAXAS_V4_2_24_APPLE40M_RESUME_MASTER_PACKAGE/DELIVERABLES/JOC55_ABRAXAS_V4_2_24_PREBUILT/09_MOTIONS_V4_2/AI_SELECTED_V4_2_24/03_VERTICALS/JV05/05_MEMORABLE_M3/MOTION_DECISION.json
663	7.43	/Users/lordjef/Downloads/ABRAXAS_V4_2_24_APPLE40M_RESUME_MASTER_PACKAGE/DELIVERABLES/JOC55_ABRAXAS_V4_2_24_PREBUILT/09_MOTIONS_V4_2/AI_SELECTED_V4_2_24/03_VERTICALS/JV05/06_CLOSE_M3/02_PROMPT_ANIMAR_MOTION.txt
88	7.43	/Users/lordjef/Downloads/ABRAXAS_V4_2_24_APPLE40M_RESUME_MASTER_PACKAGE/DELIVERABLES/JOC55_ABRAXAS_V4_2_24_PREBUILT/09_MOTIONS_V4_2/AI_SELECTED_V4_2_24/03_VERTICALS/JV05/06_CLOSE_M3/20_MOTION_FINAL/COLOCAR_AQUI_MOTION_FINAL.txt
1370	7.43	/Users/lordjef/Downloads/ABRAXAS_V4_2_24_APPLE40M_RESUME_MASTER_PACKAGE/DELIVERABLES/JOC55_ABRAXAS_V4_2_24_PREBUILT/09_MOTIONS_V4_2/AI_SELECTED_V4_2_24/03_VERTICALS/JV05/06_CLOSE_M3/MOTION_DECISION.json
1239	7.43	/Users/lordjef/Downloads/ABRAXAS_V4_2_24_APPLE40M_RESUME_MASTER_PACKAGE/DELIVERABLES/JOC55_ABRAXAS_V4_2_24_PREBUILT/09_MOTIONS_V4_2/AI_SELECTED_V4_2_24/03_VERTICALS/JV06/00_MOTION_INDEX.json
674	7.43	/Users/lordjef/Downloads/ABRAXAS_V4_2_24_APPLE40M_RESUME_MASTER_PACKAGE/DELIVERABLES/JOC55_ABRAXAS_V4_2_24_PREBUILT/09_MOTIONS_V4_2/AI_SELECTED_V4_2_24/03_VERTICALS/JV06/01_HOOK_M3/02_PROMPT_ANIMAR_MOTION.txt
88	7.43	/Users/lordjef/Downloads/ABRAXAS_V4_2_24_APPLE40M_RESUME_MASTER_PACKAGE/DELIVERABLES/JOC55_ABRAXAS_V4_2_24_PREBUILT/09_MOTIONS_V4_2/AI_SELECTED_V4_2_24/03_VERTICALS/JV06/01_HOOK_M3/20_MOTION_FINAL/COLOCAR_AQUI_MOTION_FINAL.txt
1371	7.43	/Users/lordjef/Downloads/ABRAXAS_V4_2_24_APPLE40M_RESUME_MASTER_PACKAGE/DELIVERABLES/JOC55_ABRAXAS_V4_2_24_PREBUILT/09_MOTIONS_V4_2/AI_SELECTED_V4_2_24/03_VERTICALS/JV06/01_HOOK_M3/MOTION_DECISION.json
740	7.43	/Users/lordjef/Downloads/ABRAXAS_V4_2_24_APPLE40M_RESUME_MASTER_PACKAGE/DELIVERABLES/JOC55_ABRAXAS_V4_2_24_PREBUILT/09_MOTIONS_V4_2/AI_SELECTED_V4_2_24/03_VERTICALS/JV06/02_TENSION_M1/02_PROMPT_ANIMAR_MOTION.txt
88	7.43	/Users/lordjef/Downloads/ABRAXAS_V4_2_24_APPLE40M_RESUME_MASTER_PACKAGE/DELIVERABLES/JOC55_ABRAXAS_V4_2_24_PREBUILT/09_MOTIONS_V4_2/AI_SELECTED_V4_2_24/03_VERTICALS/JV06/02_TENSION_M1/20_MOTION_FINAL/COLOCAR_AQUI_MOTION_FINAL.txt
1450	7.43	/Users/lordjef/Downloads/ABRAXAS_V4_2_24_APPLE40M_RESUME_MASTER_PACKAGE/DELIVERABLES/JOC55_ABRAXAS_V4_2_24_PREBUILT/09_MOTIONS_V4_2/AI_SELECTED_V4_2_24/03_VERTICALS/JV06/02_TENSION_M1/MOTION_DECISION.json
702	7.43	/Users/lordjef/Downloads/ABRAXAS_V4_2_24_APPLE40M_RESUME_MASTER_PACKAGE/DELIVERABLES/JOC55_ABRAXAS_V4_2_24_PREBUILT/09_MOTIONS_V4_2/AI_SELECTED_V4_2_24/03_VERTICALS/JV06/03_CORE_M1/02_PROMPT_ANIMAR_MOTION.txt
88	7.43	/Users/lordjef/Downloads/ABRAXAS_V4_2_24_APPLE40M_RESUME_MASTER_PACKAGE/DELIVERABLES/JOC55_ABRAXAS_V4_2_24_PREBUILT/09_MOTIONS_V4_2/AI_SELECTED_V4_2_24/03_VERTICALS/JV06/03_CORE_M1/20_MOTION_FINAL/COLOCAR_AQUI_MOTION_FINAL.txt
1423	7.43	/Users/lordjef/Downloads/ABRAXAS_V4_2_24_APPLE40M_RESUME_MASTER_PACKAGE/DELIVERABLES/JOC55_ABRAXAS_V4_2_24_PREBUILT/09_MOTIONS_V4_2/AI_SELECTED_V4_2_24/03_VERTICALS/JV06/03_CORE_M1/MOTION_DECISION.json
658	7.43	/Users/lordjef/Downloads/ABRAXAS_V4_2_24_APPLE40M_RESUME_MASTER_PACKAGE/DELIVERABLES/JOC55_ABRAXAS_V4_2_24_PREBUILT/09_MOTIONS_V4_2/AI_SELECTED_V4_2_24/03_VERTICALS/JV06/04_SHIFT_M1/02_PROMPT_ANIMAR_MOTION.txt
88	7.43	/Users/lordjef/Downloads/ABRAXAS_V4_2_24_APPLE40M_RESUME_MASTER_PACKAGE/DELIVERABLES/JOC55_ABRAXAS_V4_2_24_PREBUILT/09_MOTIONS_V4_2/AI_SELECTED_V4_2_24/03_VERTICALS/JV06/04_SHIFT_M1/20_MOTION_FINAL/COLOCAR_AQUI_MOTION_FINAL.txt
1368	7.43	/Users/lordjef/Downloads/ABRAXAS_V4_2_24_APPLE40M_RESUME_MASTER_PACKAGE/DELIVERABLES/JOC55_ABRAXAS_V4_2_24_PREBUILT/09_MOTIONS_V4_2/AI_SELECTED_V4_2_24/03_VERTICALS/JV06/04_SHIFT_M1/MOTION_DECISION.json
745	7.43	/Users/lordjef/Downloads/ABRAXAS_V4_2_24_APPLE40M_RESUME_MASTER_PACKAGE/DELIVERABLES/JOC55_ABRAXAS_V4_2_24_PREBUILT/09_MOTIONS_V4_2/AI_SELECTED_V4_2_24/03_VERTICALS/JV06/05_MEMORABLE_M3/02_PROMPT_ANIMAR_MOTION.txt
88	7.43	/Users/lordjef/Downloads/ABRAXAS_V4_2_24_APPLE40M_RESUME_MASTER_PACKAGE/DELIVERABLES/JOC55_ABRAXAS_V4_2_24_PREBUILT/09_MOTIONS_V4_2/AI_SELECTED_V4_2_24/03_VERTICALS/JV06/05_MEMORABLE_M3/20_MOTION_FINAL/COLOCAR_AQUI_MOTION_FINAL.txt
1431	7.43	/Users/lordjef/Downloads/ABRAXAS_V4_2_24_APPLE40M_RESUME_MASTER_PACKAGE/DELIVERABLES/JOC55_ABRAXAS_V4_2_24_PREBUILT/09_MOTIONS_V4_2/AI_SELECTED_V4_2_24/03_VERTICALS/JV06/05_MEMORABLE_M3/MOTION_DECISION.json
657	7.43	/Users/lordjef/Downloads/ABRAXAS_V4_2_24_APPLE40M_RESUME_MASTER_PACKAGE/DELIVERABLES/JOC55_ABRAXAS_V4_2_24_PREBUILT/09_MOTIONS_V4_2/AI_SELECTED_V4_2_24/03_VERTICALS/JV06/06_CLOSE_M3/02_PROMPT_ANIMAR_MOTION.txt
88	7.43	/Users/lordjef/Downloads/ABRAXAS_V4_2_24_APPLE40M_RESUME_MASTER_PACKAGE/DELIVERABLES/JOC55_ABRAXAS_V4_2_24_PREBUILT/09_MOTIONS_V4_2/AI_SELECTED_V4_2_24/03_VERTICALS/JV06/06_CLOSE_M3/20_MOTION_FINAL/COLOCAR_AQUI_MOTION_FINAL.txt
1362	7.43	/Users/lordjef/Downloads/ABRAXAS_V4_2_24_APPLE40M_RESUME_MASTER_PACKAGE/DELIVERABLES/JOC55_ABRAXAS_V4_2_24_PREBUILT/09_MOTIONS_V4_2/AI_SELECTED_V4_2_24/03_VERTICALS/JV06/06_CLOSE_M3/MOTION_DECISION.json
1239	7.43	/Users/lordjef/Downloads/ABRAXAS_V4_2_24_APPLE40M_RESUME_MASTER_PACKAGE/DELIVERABLES/JOC55_ABRAXAS_V4_2_24_PREBUILT/09_MOTIONS_V4_2/AI_SELECTED_V4_2_24/03_VERTICALS/JV07/00_MOTION_INDEX.json
696	7.43	/Users/lordjef/Downloads/ABRAXAS_V4_2_24_APPLE40M_RESUME_MASTER_PACKAGE/DELIVERABLES/JOC55_ABRAXAS_V4_2_24_PREBUILT/09_MOTIONS_V4_2/AI_SELECTED_V4_2_24/03_VERTICALS/JV07/01_HOOK_M3/02_PROMPT_ANIMAR_MOTION.txt
88	7.43	/Users/lordjef/Downloads/ABRAXAS_V4_2_24_APPLE40M_RESUME_MASTER_PACKAGE/DELIVERABLES/JOC55_ABRAXAS_V4_2_24_PREBUILT/09_MOTIONS_V4_2/AI_SELECTED_V4_2_24/03_VERTICALS/JV07/01_HOOK_M3/20_MOTION_FINAL/COLOCAR_AQUI_MOTION_FINAL.txt
1380	7.43	/Users/lordjef/Downloads/ABRAXAS_V4_2_24_APPLE40M_RESUME_MASTER_PACKAGE/DELIVERABLES/JOC55_ABRAXAS_V4_2_24_PREBUILT/09_MOTIONS_V4_2/AI_SELECTED_V4_2_24/03_VERTICALS/JV07/01_HOOK_M3/MOTION_DECISION.json
772	7.43	/Users/lordjef/Downloads/ABRAXAS_V4_2_24_APPLE40M_RESUME_MASTER_PACKAGE/DELIVERABLES/JOC55_ABRAXAS_V4_2_24_PREBUILT/09_MOTIONS_V4_2/AI_SELECTED_V4_2_24/03_VERTICALS/JV07/02_TENSION_M3/02_PROMPT_ANIMAR_MOTION.txt
88	7.43	/Users/lordjef/Downloads/ABRAXAS_V4_2_24_APPLE40M_RESUME_MASTER_PACKAGE/DELIVERABLES/JOC55_ABRAXAS_V4_2_24_PREBUILT/09_MOTIONS_V4_2/AI_SELECTED_V4_2_24/03_VERTICALS/JV07/02_TENSION_M3/20_MOTION_FINAL/COLOCAR_AQUI_MOTION_FINAL.txt
1453	7.43	/Users/lordjef/Downloads/ABRAXAS_V4_2_24_APPLE40M_RESUME_MASTER_PACKAGE/DELIVERABLES/JOC55_ABRAXAS_V4_2_24_PREBUILT/09_MOTIONS_V4_2/AI_SELECTED_V4_2_24/03_VERTICALS/JV07/02_TENSION_M3/MOTION_DECISION.json
635	7.43	/Users/lordjef/Downloads/ABRAXAS_V4_2_24_APPLE40M_RESUME_MASTER_PACKAGE/DELIVERABLES/JOC55_ABRAXAS_V4_2_24_PREBUILT/09_MOTIONS_V4_2/AI_SELECTED_V4_2_24/03_VERTICALS/JV07/03_CORE_M4/02_PROMPT_ANIMAR_MOTION.txt
88	7.43	/Users/lordjef/Downloads/ABRAXAS_V4_2_24_APPLE40M_RESUME_MASTER_PACKAGE/DELIVERABLES/JOC55_ABRAXAS_V4_2_24_PREBUILT/09_MOTIONS_V4_2/AI_SELECTED_V4_2_24/03_VERTICALS/JV07/03_CORE_M4/20_MOTION_FINAL/COLOCAR_AQUI_MOTION_FINAL.txt
1273	7.43	/Users/lordjef/Downloads/ABRAXAS_V4_2_24_APPLE40M_RESUME_MASTER_PACKAGE/DELIVERABLES/JOC55_ABRAXAS_V4_2_24_PREBUILT/09_MOTIONS_V4_2/AI_SELECTED_V4_2_24/03_VERTICALS/JV07/03_CORE_M4/MOTION_DECISION.json
694	7.43	/Users/lordjef/Downloads/ABRAXAS_V4_2_24_APPLE40M_RESUME_MASTER_PACKAGE/DELIVERABLES/JOC55_ABRAXAS_V4_2_24_PREBUILT/09_MOTIONS_V4_2/AI_SELECTED_V4_2_24/03_VERTICALS/JV07/04_SHIFT_M4/02_PROMPT_ANIMAR_MOTION.txt
88	7.43	/Users/lordjef/Downloads/ABRAXAS_V4_2_24_APPLE40M_RESUME_MASTER_PACKAGE/DELIVERABLES/JOC55_ABRAXAS_V4_2_24_PREBUILT/09_MOTIONS_V4_2/AI_SELECTED_V4_2_24/03_VERTICALS/JV07/04_SHIFT_M4/20_MOTION_FINAL/COLOCAR_AQUI_MOTION_FINAL.txt
1337	7.43	/Users/lordjef/Downloads/ABRAXAS_V4_2_24_APPLE40M_RESUME_MASTER_PACKAGE/DELIVERABLES/JOC55_ABRAXAS_V4_2_24_PREBUILT/09_MOTIONS_V4_2/AI_SELECTED_V4_2_24/03_VERTICALS/JV07/04_SHIFT_M4/MOTION_DECISION.json
680	7.43	/Users/lordjef/Downloads/ABRAXAS_V4_2_24_APPLE40M_RESUME_MASTER_PACKAGE/DELIVERABLES/JOC55_ABRAXAS_V4_2_24_PREBUILT/09_MOTIONS_V4_2/AI_SELECTED_V4_2_24/03_VERTICALS/JV07/05_MEMORABLE_M3/02_PROMPT_ANIMAR_MOTION.txt
88	7.43	/Users/lordjef/Downloads/ABRAXAS_V4_2_24_APPLE40M_RESUME_MASTER_PACKAGE/DELIVERABLES/JOC55_ABRAXAS_V4_2_24_PREBUILT/09_MOTIONS_V4_2/AI_SELECTED_V4_2_24/03_VERTICALS/JV07/05_MEMORABLE_M3/20_MOTION_FINAL/COLOCAR_AQUI_MOTION_FINAL.txt
1364	7.43	/Users/lordjef/Downloads/ABRAXAS_V4_2_24_APPLE40M_RESUME_MASTER_PACKAGE/DELIVERABLES/JOC55_ABRAXAS_V4_2_24_PREBUILT/09_MOTIONS_V4_2/AI_SELECTED_V4_2_24/03_VERTICALS/JV07/05_MEMORABLE_M3/MOTION_DECISION.json
710	7.43	/Users/lordjef/Downloads/ABRAXAS_V4_2_24_APPLE40M_RESUME_MASTER_PACKAGE/DELIVERABLES/JOC55_ABRAXAS_V4_2_24_PREBUILT/09_MOTIONS_V4_2/AI_SELECTED_V4_2_24/03_VERTICALS/JV07/06_CLOSE_M3/02_PROMPT_ANIMAR_MOTION.txt
88	7.43	/Users/lordjef/Downloads/ABRAXAS_V4_2_24_APPLE40M_RESUME_MASTER_PACKAGE/DELIVERABLES/JOC55_ABRAXAS_V4_2_24_PREBUILT/09_MOTIONS_V4_2/AI_SELECTED_V4_2_24/03_VERTICALS/JV07/06_CLOSE_M3/20_MOTION_FINAL/COLOCAR_AQUI_MOTION_FINAL.txt
1397	7.43	/Users/lordjef/Downloads/ABRAXAS_V4_2_24_APPLE40M_RESUME_MASTER_PACKAGE/DELIVERABLES/JOC55_ABRAXAS_V4_2_24_PREBUILT/09_MOTIONS_V4_2/AI_SELECTED_V4_2_24/03_VERTICALS/JV07/06_CLOSE_M3/MOTION_DECISION.json
1239	7.43	/Users/lordjef/Downloads/ABRAXAS_V4_2_24_APPLE40M_RESUME_MASTER_PACKAGE/DELIVERABLES/JOC55_ABRAXAS_V4_2_24_PREBUILT/09_MOTIONS_V4_2/AI_SELECTED_V4_2_24/03_VERTICALS/JV08/00_MOTION_INDEX.json
699	7.43	/Users/lordjef/Downloads/ABRAXAS_V4_2_24_APPLE40M_RESUME_MASTER_PACKAGE/DELIVERABLES/JOC55_ABRAXAS_V4_2_24_PREBUILT/09_MOTIONS_V4_2/AI_SELECTED_V4_2_24/03_VERTICALS/JV08/01_HOOK_M3/02_PROMPT_ANIMAR_MOTION.txt
88	7.43	/Users/lordjef/Downloads/ABRAXAS_V4_2_24_APPLE40M_RESUME_MASTER_PACKAGE/DELIVERABLES/JOC55_ABRAXAS_V4_2_24_PREBUILT/09_MOTIONS_V4_2/AI_SELECTED_V4_2_24/03_VERTICALS/JV08/01_HOOK_M3/20_MOTION_FINAL/COLOCAR_AQUI_MOTION_FINAL.txt
1398	7.43	/Users/lordjef/Downloads/ABRAXAS_V4_2_24_APPLE40M_RESUME_MASTER_PACKAGE/DELIVERABLES/JOC55_ABRAXAS_V4_2_24_PREBUILT/09_MOTIONS_V4_2/AI_SELECTED_V4_2_24/03_VERTICALS/JV08/01_HOOK_M3/MOTION_DECISION.json
675	7.43	/Users/lordjef/Downloads/ABRAXAS_V4_2_24_APPLE40M_RESUME_MASTER_PACKAGE/DELIVERABLES/JOC55_ABRAXAS_V4_2_24_PREBUILT/09_MOTIONS_V4_2/AI_SELECTED_V4_2_24/03_VERTICALS/JV08/02_TENSION_M1/02_PROMPT_ANIMAR_MOTION.txt
88	7.43	/Users/lordjef/Downloads/ABRAXAS_V4_2_24_APPLE40M_RESUME_MASTER_PACKAGE/DELIVERABLES/JOC55_ABRAXAS_V4_2_24_PREBUILT/09_MOTIONS_V4_2/AI_SELECTED_V4_2_24/03_VERTICALS/JV08/02_TENSION_M1/20_MOTION_FINAL/COLOCAR_AQUI_MOTION_FINAL.txt
1379	7.43	/Users/lordjef/Downloads/ABRAXAS_V4_2_24_APPLE40M_RESUME_MASTER_PACKAGE/DELIVERABLES/JOC55_ABRAXAS_V4_2_24_PREBUILT/09_MOTIONS_V4_2/AI_SELECTED_V4_2_24/03_VERTICALS/JV08/02_TENSION_M1/MOTION_DECISION.json
698	7.43	/Users/lordjef/Downloads/ABRAXAS_V4_2_24_APPLE40M_RESUME_MASTER_PACKAGE/DELIVERABLES/JOC55_ABRAXAS_V4_2_24_PREBUILT/09_MOTIONS_V4_2/AI_SELECTED_V4_2_24/03_VERTICALS/JV08/03_CORE_M1/02_PROMPT_ANIMAR_MOTION.txt
88	7.43	/Users/lordjef/Downloads/ABRAXAS_V4_2_24_APPLE40M_RESUME_MASTER_PACKAGE/DELIVERABLES/JOC55_ABRAXAS_V4_2_24_PREBUILT/09_MOTIONS_V4_2/AI_SELECTED_V4_2_24/03_VERTICALS/JV08/03_CORE_M1/20_MOTION_FINAL/COLOCAR_AQUI_MOTION_FINAL.txt
1425	7.43	/Users/lordjef/Downloads/ABRAXAS_V4_2_24_APPLE40M_RESUME_MASTER_PACKAGE/DELIVERABLES/JOC55_ABRAXAS_V4_2_24_PREBUILT/09_MOTIONS_V4_2/AI_SELECTED_V4_2_24/03_VERTICALS/JV08/03_CORE_M1/MOTION_DECISION.json
743	7.43	/Users/lordjef/Downloads/ABRAXAS_V4_2_24_APPLE40M_RESUME_MASTER_PACKAGE/DELIVERABLES/JOC55_ABRAXAS_V4_2_24_PREBUILT/09_MOTIONS_V4_2/AI_SELECTED_V4_2_24/03_VERTICALS/JV08/04_SHIFT_M4/02_PROMPT_ANIMAR_MOTION.txt
88	7.43	/Users/lordjef/Downloads/ABRAXAS_V4_2_24_APPLE40M_RESUME_MASTER_PACKAGE/DELIVERABLES/JOC55_ABRAXAS_V4_2_24_PREBUILT/09_MOTIONS_V4_2/AI_SELECTED_V4_2_24/03_VERTICALS/JV08/04_SHIFT_M4/20_MOTION_FINAL/COLOCAR_AQUI_MOTION_FINAL.txt
1404	7.43	/Users/lordjef/Downloads/ABRAXAS_V4_2_24_APPLE40M_RESUME_MASTER_PACKAGE/DELIVERABLES/JOC55_ABRAXAS_V4_2_24_PREBUILT/09_MOTIONS_V4_2/AI_SELECTED_V4_2_24/03_VERTICALS/JV08/04_SHIFT_M4/MOTION_DECISION.json
669	7.43	/Users/lordjef/Downloads/ABRAXAS_V4_2_24_APPLE40M_RESUME_MASTER_PACKAGE/DELIVERABLES/JOC55_ABRAXAS_V4_2_24_PREBUILT/09_MOTIONS_V4_2/AI_SELECTED_V4_2_24/03_VERTICALS/JV08/05_MEMORABLE_M3/02_PROMPT_ANIMAR_MOTION.txt
88	7.43	/Users/lordjef/Downloads/ABRAXAS_V4_2_24_APPLE40M_RESUME_MASTER_PACKAGE/DELIVERABLES/JOC55_ABRAXAS_V4_2_24_PREBUILT/09_MOTIONS_V4_2/AI_SELECTED_V4_2_24/03_VERTICALS/JV08/05_MEMORABLE_M3/20_MOTION_FINAL/COLOCAR_AQUI_MOTION_FINAL.txt
1371	7.43	/Users/lordjef/Downloads/ABRAXAS_V4_2_24_APPLE40M_RESUME_MASTER_PACKAGE/DELIVERABLES/JOC55_ABRAXAS_V4_2_24_PREBUILT/09_MOTIONS_V4_2/AI_SELECTED_V4_2_24/03_VERTICALS/JV08/05_MEMORABLE_M3/MOTION_DECISION.json
776	7.43	/Users/lordjef/Downloads/ABRAXAS_V4_2_24_APPLE40M_RESUME_MASTER_PACKAGE/DELIVERABLES/JOC55_ABRAXAS_V4_2_24_PREBUILT/09_MOTIONS_V4_2/AI_SELECTED_V4_2_24/03_VERTICALS/JV08/06_CLOSE_M2/02_PROMPT_ANIMAR_MOTION.txt
647	7.43	/Users/lordjef/Downloads/ABRAXAS_V4_2_24_APPLE40M_RESUME_MASTER_PACKAGE/DELIVERABLES/JOC55_ABRAXAS_V4_2_24_PREBUILT/09_MOTIONS_V4_2/AI_SELECTED_V4_2_24/03_VERTICALS/JV08/06_CLOSE_M2/10_ASSETS/MOTION2_TEXT_SEGMENTS_EXACT.json
88	7.43	/Users/lordjef/Downloads/ABRAXAS_V4_2_24_APPLE40M_RESUME_MASTER_PACKAGE/DELIVERABLES/JOC55_ABRAXAS_V4_2_24_PREBUILT/09_MOTIONS_V4_2/AI_SELECTED_V4_2_24/03_VERTICALS/JV08/06_CLOSE_M2/20_MOTION_FINAL/COLOCAR_AQUI_MOTION_FINAL.txt
1633	7.43	/Users/lordjef/Downloads/ABRAXAS_V4_2_24_APPLE40M_RESUME_MASTER_PACKAGE/DELIVERABLES/JOC55_ABRAXAS_V4_2_24_PREBUILT/09_MOTIONS_V4_2/AI_SELECTED_V4_2_24/03_VERTICALS/JV08/06_CLOSE_M2/MOTION_DECISION.json
1239	7.43	/Users/lordjef/Downloads/ABRAXAS_V4_2_24_APPLE40M_RESUME_MASTER_PACKAGE/DELIVERABLES/JOC55_ABRAXAS_V4_2_24_PREBUILT/09_MOTIONS_V4_2/AI_SELECTED_V4_2_24/03_VERTICALS/JV09/00_MOTION_INDEX.json
692	7.43	/Users/lordjef/Downloads/ABRAXAS_V4_2_24_APPLE40M_RESUME_MASTER_PACKAGE/DELIVERABLES/JOC55_ABRAXAS_V4_2_24_PREBUILT/09_MOTIONS_V4_2/AI_SELECTED_V4_2_24/03_VERTICALS/JV09/01_HOOK_M3/02_PROMPT_ANIMAR_MOTION.txt
88	7.43	/Users/lordjef/Downloads/ABRAXAS_V4_2_24_APPLE40M_RESUME_MASTER_PACKAGE/DELIVERABLES/JOC55_ABRAXAS_V4_2_24_PREBUILT/09_MOTIONS_V4_2/AI_SELECTED_V4_2_24/03_VERTICALS/JV09/01_HOOK_M3/20_MOTION_FINAL/COLOCAR_AQUI_MOTION_FINAL.txt
1371	7.43	/Users/lordjef/Downloads/ABRAXAS_V4_2_24_APPLE40M_RESUME_MASTER_PACKAGE/DELIVERABLES/JOC55_ABRAXAS_V4_2_24_PREBUILT/09_MOTIONS_V4_2/AI_SELECTED_V4_2_24/03_VERTICALS/JV09/01_HOOK_M3/MOTION_DECISION.json
704	7.43	/Users/lordjef/Downloads/ABRAXAS_V4_2_24_APPLE40M_RESUME_MASTER_PACKAGE/DELIVERABLES/JOC55_ABRAXAS_V4_2_24_PREBUILT/09_MOTIONS_V4_2/AI_SELECTED_V4_2_24/03_VERTICALS/JV09/02_TENSION_M1/02_PROMPT_ANIMAR_MOTION.txt
88	7.43	/Users/lordjef/Downloads/ABRAXAS_V4_2_24_APPLE40M_RESUME_MASTER_PACKAGE/DELIVERABLES/JOC55_ABRAXAS_V4_2_24_PREBUILT/09_MOTIONS_V4_2/AI_SELECTED_V4_2_24/03_VERTICALS/JV09/02_TENSION_M1/20_MOTION_FINAL/COLOCAR_AQUI_MOTION_FINAL.txt
1409	7.43	/Users/lordjef/Downloads/ABRAXAS_V4_2_24_APPLE40M_RESUME_MASTER_PACKAGE/DELIVERABLES/JOC55_ABRAXAS_V4_2_24_PREBUILT/09_MOTIONS_V4_2/AI_SELECTED_V4_2_24/03_VERTICALS/JV09/02_TENSION_M1/MOTION_DECISION.json
684	7.43	/Users/lordjef/Downloads/ABRAXAS_V4_2_24_APPLE40M_RESUME_MASTER_PACKAGE/DELIVERABLES/JOC55_ABRAXAS_V4_2_24_PREBUILT/09_MOTIONS_V4_2/AI_SELECTED_V4_2_24/03_VERTICALS/JV09/03_CORE_M1/02_PROMPT_ANIMAR_MOTION.txt
88	7.43	/Users/lordjef/Downloads/ABRAXAS_V4_2_24_APPLE40M_RESUME_MASTER_PACKAGE/DELIVERABLES/JOC55_ABRAXAS_V4_2_24_PREBUILT/09_MOTIONS_V4_2/AI_SELECTED_V4_2_24/03_VERTICALS/JV09/03_CORE_M1/20_MOTION_FINAL/COLOCAR_AQUI_MOTION_FINAL.txt
1394	7.43	/Users/lordjef/Downloads/ABRAXAS_V4_2_24_APPLE40M_RESUME_MASTER_PACKAGE/DELIVERABLES/JOC55_ABRAXAS_V4_2_24_PREBUILT/09_MOTIONS_V4_2/AI_SELECTED_V4_2_24/03_VERTICALS/JV09/03_CORE_M1/MOTION_DECISION.json
720	7.43	/Users/lordjef/Downloads/ABRAXAS_V4_2_24_APPLE40M_RESUME_MASTER_PACKAGE/DELIVERABLES/JOC55_ABRAXAS_V4_2_24_PREBUILT/09_MOTIONS_V4_2/AI_SELECTED_V4_2_24/03_VERTICALS/JV09/04_SHIFT_M4/02_PROMPT_ANIMAR_MOTION.txt
88	7.43	/Users/lordjef/Downloads/ABRAXAS_V4_2_24_APPLE40M_RESUME_MASTER_PACKAGE/DELIVERABLES/JOC55_ABRAXAS_V4_2_24_PREBUILT/09_MOTIONS_V4_2/AI_SELECTED_V4_2_24/03_VERTICALS/JV09/04_SHIFT_M4/20_MOTION_FINAL/COLOCAR_AQUI_MOTION_FINAL.txt
1396	7.43	/Users/lordjef/Downloads/ABRAXAS_V4_2_24_APPLE40M_RESUME_MASTER_PACKAGE/DELIVERABLES/JOC55_ABRAXAS_V4_2_24_PREBUILT/09_MOTIONS_V4_2/AI_SELECTED_V4_2_24/03_VERTICALS/JV09/04_SHIFT_M4/MOTION_DECISION.json
671	7.43	/Users/lordjef/Downloads/ABRAXAS_V4_2_24_APPLE40M_RESUME_MASTER_PACKAGE/DELIVERABLES/JOC55_ABRAXAS_V4_2_24_PREBUILT/09_MOTIONS_V4_2/AI_SELECTED_V4_2_24/03_VERTICALS/JV09/05_MEMORABLE_M3/02_PROMPT_ANIMAR_MOTION.txt
88	7.43	/Users/lordjef/Downloads/ABRAXAS_V4_2_24_APPLE40M_RESUME_MASTER_PACKAGE/DELIVERABLES/JOC55_ABRAXAS_V4_2_24_PREBUILT/09_MOTIONS_V4_2/AI_SELECTED_V4_2_24/03_VERTICALS/JV09/05_MEMORABLE_M3/20_MOTION_FINAL/COLOCAR_AQUI_MOTION_FINAL.txt
1354	7.43	/Users/lordjef/Downloads/ABRAXAS_V4_2_24_APPLE40M_RESUME_MASTER_PACKAGE/DELIVERABLES/JOC55_ABRAXAS_V4_2_24_PREBUILT/09_MOTIONS_V4_2/AI_SELECTED_V4_2_24/03_VERTICALS/JV09/05_MEMORABLE_M3/MOTION_DECISION.json
731	7.43	/Users/lordjef/Downloads/ABRAXAS_V4_2_24_APPLE40M_RESUME_MASTER_PACKAGE/DELIVERABLES/JOC55_ABRAXAS_V4_2_24_PREBUILT/09_MOTIONS_V4_2/AI_SELECTED_V4_2_24/03_VERTICALS/JV09/06_CLOSE_M2/02_PROMPT_ANIMAR_MOTION.txt
512	7.43	/Users/lordjef/Downloads/ABRAXAS_V4_2_24_APPLE40M_RESUME_MASTER_PACKAGE/DELIVERABLES/JOC55_ABRAXAS_V4_2_24_PREBUILT/09_MOTIONS_V4_2/AI_SELECTED_V4_2_24/03_VERTICALS/JV09/06_CLOSE_M2/10_ASSETS/MOTION2_TEXT_SEGMENTS_EXACT.json
88	7.43	/Users/lordjef/Downloads/ABRAXAS_V4_2_24_APPLE40M_RESUME_MASTER_PACKAGE/DELIVERABLES/JOC55_ABRAXAS_V4_2_24_PREBUILT/09_MOTIONS_V4_2/AI_SELECTED_V4_2_24/03_VERTICALS/JV09/06_CLOSE_M2/20_MOTION_FINAL/COLOCAR_AQUI_MOTION_FINAL.txt
1556	7.43	/Users/lordjef/Downloads/ABRAXAS_V4_2_24_APPLE40M_RESUME_MASTER_PACKAGE/DELIVERABLES/JOC55_ABRAXAS_V4_2_24_PREBUILT/09_MOTIONS_V4_2/AI_SELECTED_V4_2_24/03_VERTICALS/JV09/06_CLOSE_M2/MOTION_DECISION.json
1239	7.43	/Users/lordjef/Downloads/ABRAXAS_V4_2_24_APPLE40M_RESUME_MASTER_PACKAGE/DELIVERABLES/JOC55_ABRAXAS_V4_2_24_PREBUILT/09_MOTIONS_V4_2/AI_SELECTED_V4_2_24/03_VERTICALS/JV10/00_MOTION_INDEX.json
681	7.43	/Users/lordjef/Downloads/ABRAXAS_V4_2_24_APPLE40M_RESUME_MASTER_PACKAGE/DELIVERABLES/JOC55_ABRAXAS_V4_2_24_PREBUILT/09_MOTIONS_V4_2/AI_SELECTED_V4_2_24/03_VERTICALS/JV10/01_HOOK_M3/02_PROMPT_ANIMAR_MOTION.txt
88	7.43	/Users/lordjef/Downloads/ABRAXAS_V4_2_24_APPLE40M_RESUME_MASTER_PACKAGE/DELIVERABLES/JOC55_ABRAXAS_V4_2_24_PREBUILT/09_MOTIONS_V4_2/AI_SELECTED_V4_2_24/03_VERTICALS/JV10/01_HOOK_M3/20_MOTION_FINAL/COLOCAR_AQUI_MOTION_FINAL.txt
1364	7.43	/Users/lordjef/Downloads/ABRAXAS_V4_2_24_APPLE40M_RESUME_MASTER_PACKAGE/DELIVERABLES/JOC55_ABRAXAS_V4_2_24_PREBUILT/09_MOTIONS_V4_2/AI_SELECTED_V4_2_24/03_VERTICALS/JV10/01_HOOK_M3/MOTION_DECISION.json
698	7.43	/Users/lordjef/Downloads/ABRAXAS_V4_2_24_APPLE40M_RESUME_MASTER_PACKAGE/DELIVERABLES/JOC55_ABRAXAS_V4_2_24_PREBUILT/09_MOTIONS_V4_2/AI_SELECTED_V4_2_24/03_VERTICALS/JV10/02_TENSION_M1/02_PROMPT_ANIMAR_MOTION.txt
88	7.43	/Users/lordjef/Downloads/ABRAXAS_V4_2_24_APPLE40M_RESUME_MASTER_PACKAGE/DELIVERABLES/JOC55_ABRAXAS_V4_2_24_PREBUILT/09_MOTIONS_V4_2/AI_SELECTED_V4_2_24/03_VERTICALS/JV10/02_TENSION_M1/20_MOTION_FINAL/COLOCAR_AQUI_MOTION_FINAL.txt
1418	7.43	/Users/lordjef/Downloads/ABRAXAS_V4_2_24_APPLE40M_RESUME_MASTER_PACKAGE/DELIVERABLES/JOC55_ABRAXAS_V4_2_24_PREBUILT/09_MOTIONS_V4_2/AI_SELECTED_V4_2_24/03_VERTICALS/JV10/02_TENSION_M1/MOTION_DECISION.json
686	7.43	/Users/lordjef/Downloads/ABRAXAS_V4_2_24_APPLE40M_RESUME_MASTER_PACKAGE/DELIVERABLES/JOC55_ABRAXAS_V4_2_24_PREBUILT/09_MOTIONS_V4_2/AI_SELECTED_V4_2_24/03_VERTICALS/JV10/03_CORE_M1/02_PROMPT_ANIMAR_MOTION.txt
88	7.43	/Users/lordjef/Downloads/ABRAXAS_V4_2_24_APPLE40M_RESUME_MASTER_PACKAGE/DELIVERABLES/JOC55_ABRAXAS_V4_2_24_PREBUILT/09_MOTIONS_V4_2/AI_SELECTED_V4_2_24/03_VERTICALS/JV10/03_CORE_M1/20_MOTION_FINAL/COLOCAR_AQUI_MOTION_FINAL.txt
1413	7.43	/Users/lordjef/Downloads/ABRAXAS_V4_2_24_APPLE40M_RESUME_MASTER_PACKAGE/DELIVERABLES/JOC55_ABRAXAS_V4_2_24_PREBUILT/09_MOTIONS_V4_2/AI_SELECTED_V4_2_24/03_VERTICALS/JV10/03_CORE_M1/MOTION_DECISION.json
703	7.43	/Users/lordjef/Downloads/ABRAXAS_V4_2_24_APPLE40M_RESUME_MASTER_PACKAGE/DELIVERABLES/JOC55_ABRAXAS_V4_2_24_PREBUILT/09_MOTIONS_V4_2/AI_SELECTED_V4_2_24/03_VERTICALS/JV10/04_SHIFT_M4/02_PROMPT_ANIMAR_MOTION.txt
88	7.43	/Users/lordjef/Downloads/ABRAXAS_V4_2_24_APPLE40M_RESUME_MASTER_PACKAGE/DELIVERABLES/JOC55_ABRAXAS_V4_2_24_PREBUILT/09_MOTIONS_V4_2/AI_SELECTED_V4_2_24/03_VERTICALS/JV10/04_SHIFT_M4/20_MOTION_FINAL/COLOCAR_AQUI_MOTION_FINAL.txt
1382	7.43	/Users/lordjef/Downloads/ABRAXAS_V4_2_24_APPLE40M_RESUME_MASTER_PACKAGE/DELIVERABLES/JOC55_ABRAXAS_V4_2_24_PREBUILT/09_MOTIONS_V4_2/AI_SELECTED_V4_2_24/03_VERTICALS/JV10/04_SHIFT_M4/MOTION_DECISION.json
677	7.43	/Users/lordjef/Downloads/ABRAXAS_V4_2_24_APPLE40M_RESUME_MASTER_PACKAGE/DELIVERABLES/JOC55_ABRAXAS_V4_2_24_PREBUILT/09_MOTIONS_V4_2/AI_SELECTED_V4_2_24/03_VERTICALS/JV10/05_MEMORABLE_M3/02_PROMPT_ANIMAR_MOTION.txt
88	7.43	/Users/lordjef/Downloads/ABRAXAS_V4_2_24_APPLE40M_RESUME_MASTER_PACKAGE/DELIVERABLES/JOC55_ABRAXAS_V4_2_24_PREBUILT/09_MOTIONS_V4_2/AI_SELECTED_V4_2_24/03_VERTICALS/JV10/05_MEMORABLE_M3/20_MOTION_FINAL/COLOCAR_AQUI_MOTION_FINAL.txt
1363	7.43	/Users/lordjef/Downloads/ABRAXAS_V4_2_24_APPLE40M_RESUME_MASTER_PACKAGE/DELIVERABLES/JOC55_ABRAXAS_V4_2_24_PREBUILT/09_MOTIONS_V4_2/AI_SELECTED_V4_2_24/03_VERTICALS/JV10/05_MEMORABLE_M3/MOTION_DECISION.json
741	7.43	/Users/lordjef/Downloads/ABRAXAS_V4_2_24_APPLE40M_RESUME_MASTER_PACKAGE/DELIVERABLES/JOC55_ABRAXAS_V4_2_24_PREBUILT/09_MOTIONS_V4_2/AI_SELECTED_V4_2_24/03_VERTICALS/JV10/06_CLOSE_M2/02_PROMPT_ANIMAR_MOTION.txt
542	7.43	/Users/lordjef/Downloads/ABRAXAS_V4_2_24_APPLE40M_RESUME_MASTER_PACKAGE/DELIVERABLES/JOC55_ABRAXAS_V4_2_24_PREBUILT/09_MOTIONS_V4_2/AI_SELECTED_V4_2_24/03_VERTICALS/JV10/06_CLOSE_M2/10_ASSETS/MOTION2_TEXT_SEGMENTS_EXACT.json
88	7.43	/Users/lordjef/Downloads/ABRAXAS_V4_2_24_APPLE40M_RESUME_MASTER_PACKAGE/DELIVERABLES/JOC55_ABRAXAS_V4_2_24_PREBUILT/09_MOTIONS_V4_2/AI_SELECTED_V4_2_24/03_VERTICALS/JV10/06_CLOSE_M2/20_MOTION_FINAL/COLOCAR_AQUI_MOTION_FINAL.txt
1582	7.43	/Users/lordjef/Downloads/ABRAXAS_V4_2_24_APPLE40M_RESUME_MASTER_PACKAGE/DELIVERABLES/JOC55_ABRAXAS_V4_2_24_PREBUILT/09_MOTIONS_V4_2/AI_SELECTED_V4_2_24/03_VERTICALS/JV10/06_CLOSE_M2/MOTION_DECISION.json
1239	7.43	/Users/lordjef/Downloads/ABRAXAS_V4_2_24_APPLE40M_RESUME_MASTER_PACKAGE/DELIVERABLES/JOC55_ABRAXAS_V4_2_24_PREBUILT/09_MOTIONS_V4_2/AI_SELECTED_V4_2_24/03_VERTICALS/JV11/00_MOTION_INDEX.json
668	7.43	/Users/lordjef/Downloads/ABRAXAS_V4_2_24_APPLE40M_RESUME_MASTER_PACKAGE/DELIVERABLES/JOC55_ABRAXAS_V4_2_24_PREBUILT/09_MOTIONS_V4_2/AI_SELECTED_V4_2_24/03_VERTICALS/JV11/01_HOOK_M3/02_PROMPT_ANIMAR_MOTION.txt
88	7.43	/Users/lordjef/Downloads/ABRAXAS_V4_2_24_APPLE40M_RESUME_MASTER_PACKAGE/DELIVERABLES/JOC55_ABRAXAS_V4_2_24_PREBUILT/09_MOTIONS_V4_2/AI_SELECTED_V4_2_24/03_VERTICALS/JV11/01_HOOK_M3/20_MOTION_FINAL/COLOCAR_AQUI_MOTION_FINAL.txt
1356	7.43	/Users/lordjef/Downloads/ABRAXAS_V4_2_24_APPLE40M_RESUME_MASTER_PACKAGE/DELIVERABLES/JOC55_ABRAXAS_V4_2_24_PREBUILT/09_MOTIONS_V4_2/AI_SELECTED_V4_2_24/03_VERTICALS/JV11/01_HOOK_M3/MOTION_DECISION.json
760	7.43	/Users/lordjef/Downloads/ABRAXAS_V4_2_24_APPLE40M_RESUME_MASTER_PACKAGE/DELIVERABLES/JOC55_ABRAXAS_V4_2_24_PREBUILT/09_MOTIONS_V4_2/AI_SELECTED_V4_2_24/03_VERTICALS/JV11/02_TENSION_M1/02_PROMPT_ANIMAR_MOTION.txt
88	7.43	/Users/lordjef/Downloads/ABRAXAS_V4_2_24_APPLE40M_RESUME_MASTER_PACKAGE/DELIVERABLES/JOC55_ABRAXAS_V4_2_24_PREBUILT/09_MOTIONS_V4_2/AI_SELECTED_V4_2_24/03_VERTICALS/JV11/02_TENSION_M1/20_MOTION_FINAL/COLOCAR_AQUI_MOTION_FINAL.txt
1465	7.43	/Users/lordjef/Downloads/ABRAXAS_V4_2_24_APPLE40M_RESUME_MASTER_PACKAGE/DELIVERABLES/JOC55_ABRAXAS_V4_2_24_PREBUILT/09_MOTIONS_V4_2/AI_SELECTED_V4_2_24/03_VERTICALS/JV11/02_TENSION_M1/MOTION_DECISION.json
692	7.43	/Users/lordjef/Downloads/ABRAXAS_V4_2_24_APPLE40M_RESUME_MASTER_PACKAGE/DELIVERABLES/JOC55_ABRAXAS_V4_2_24_PREBUILT/09_MOTIONS_V4_2/AI_SELECTED_V4_2_24/03_VERTICALS/JV11/03_CORE_M1/02_PROMPT_ANIMAR_MOTION.txt
88	7.43	/Users/lordjef/Downloads/ABRAXAS_V4_2_24_APPLE40M_RESUME_MASTER_PACKAGE/DELIVERABLES/JOC55_ABRAXAS_V4_2_24_PREBUILT/09_MOTIONS_V4_2/AI_SELECTED_V4_2_24/03_VERTICALS/JV11/03_CORE_M1/20_MOTION_FINAL/COLOCAR_AQUI_MOTION_FINAL.txt
1419	7.43	/Users/lordjef/Downloads/ABRAXAS_V4_2_24_APPLE40M_RESUME_MASTER_PACKAGE/DELIVERABLES/JOC55_ABRAXAS_V4_2_24_PREBUILT/09_MOTIONS_V4_2/AI_SELECTED_V4_2_24/03_VERTICALS/JV11/03_CORE_M1/MOTION_DECISION.json
678	7.43	/Users/lordjef/Downloads/ABRAXAS_V4_2_24_APPLE40M_RESUME_MASTER_PACKAGE/DELIVERABLES/JOC55_ABRAXAS_V4_2_24_PREBUILT/09_MOTIONS_V4_2/AI_SELECTED_V4_2_24/03_VERTICALS/JV11/04_SHIFT_M1/02_PROMPT_ANIMAR_MOTION.txt
88	7.43	/Users/lordjef/Downloads/ABRAXAS_V4_2_24_APPLE40M_RESUME_MASTER_PACKAGE/DELIVERABLES/JOC55_ABRAXAS_V4_2_24_PREBUILT/09_MOTIONS_V4_2/AI_SELECTED_V4_2_24/03_VERTICALS/JV11/04_SHIFT_M1/20_MOTION_FINAL/COLOCAR_AQUI_MOTION_FINAL.txt
1388	7.43	/Users/lordjef/Downloads/ABRAXAS_V4_2_24_APPLE40M_RESUME_MASTER_PACKAGE/DELIVERABLES/JOC55_ABRAXAS_V4_2_24_PREBUILT/09_MOTIONS_V4_2/AI_SELECTED_V4_2_24/03_VERTICALS/JV11/04_SHIFT_M1/MOTION_DECISION.json
706	7.43	/Users/lordjef/Downloads/ABRAXAS_V4_2_24_APPLE40M_RESUME_MASTER_PACKAGE/DELIVERABLES/JOC55_ABRAXAS_V4_2_24_PREBUILT/09_MOTIONS_V4_2/AI_SELECTED_V4_2_24/03_VERTICALS/JV11/05_MEMORABLE_M3/02_PROMPT_ANIMAR_MOTION.txt
88	7.43	/Users/lordjef/Downloads/ABRAXAS_V4_2_24_APPLE40M_RESUME_MASTER_PACKAGE/DELIVERABLES/JOC55_ABRAXAS_V4_2_24_PREBUILT/09_MOTIONS_V4_2/AI_SELECTED_V4_2_24/03_VERTICALS/JV11/05_MEMORABLE_M3/20_MOTION_FINAL/COLOCAR_AQUI_MOTION_FINAL.txt
1408	7.43	/Users/lordjef/Downloads/ABRAXAS_V4_2_24_APPLE40M_RESUME_MASTER_PACKAGE/DELIVERABLES/JOC55_ABRAXAS_V4_2_24_PREBUILT/09_MOTIONS_V4_2/AI_SELECTED_V4_2_24/03_VERTICALS/JV11/05_MEMORABLE_M3/MOTION_DECISION.json
742	7.43	/Users/lordjef/Downloads/ABRAXAS_V4_2_24_APPLE40M_RESUME_MASTER_PACKAGE/DELIVERABLES/JOC55_ABRAXAS_V4_2_24_PREBUILT/09_MOTIONS_V4_2/AI_SELECTED_V4_2_24/03_VERTICALS/JV11/06_CLOSE_M2/02_PROMPT_ANIMAR_MOTION.txt
545	7.43	/Users/lordjef/Downloads/ABRAXAS_V4_2_24_APPLE40M_RESUME_MASTER_PACKAGE/DELIVERABLES/JOC55_ABRAXAS_V4_2_24_PREBUILT/09_MOTIONS_V4_2/AI_SELECTED_V4_2_24/03_VERTICALS/JV11/06_CLOSE_M2/10_ASSETS/MOTION2_TEXT_SEGMENTS_EXACT.json
88	7.43	/Users/lordjef/Downloads/ABRAXAS_V4_2_24_APPLE40M_RESUME_MASTER_PACKAGE/DELIVERABLES/JOC55_ABRAXAS_V4_2_24_PREBUILT/09_MOTIONS_V4_2/AI_SELECTED_V4_2_24/03_VERTICALS/JV11/06_CLOSE_M2/20_MOTION_FINAL/COLOCAR_AQUI_MOTION_FINAL.txt
1583	7.43	/Users/lordjef/Downloads/ABRAXAS_V4_2_24_APPLE40M_RESUME_MASTER_PACKAGE/DELIVERABLES/JOC55_ABRAXAS_V4_2_24_PREBUILT/09_MOTIONS_V4_2/AI_SELECTED_V4_2_24/03_VERTICALS/JV11/06_CLOSE_M2/MOTION_DECISION.json
1239	7.43	/Users/lordjef/Downloads/ABRAXAS_V4_2_24_APPLE40M_RESUME_MASTER_PACKAGE/DELIVERABLES/JOC55_ABRAXAS_V4_2_24_PREBUILT/09_MOTIONS_V4_2/AI_SELECTED_V4_2_24/03_VERTICALS/MV01/00_MOTION_INDEX.json
655	7.43	/Users/lordjef/Downloads/ABRAXAS_V4_2_24_APPLE40M_RESUME_MASTER_PACKAGE/DELIVERABLES/JOC55_ABRAXAS_V4_2_24_PREBUILT/09_MOTIONS_V4_2/AI_SELECTED_V4_2_24/03_VERTICALS/MV01/01_HOOK_M3/02_PROMPT_ANIMAR_MOTION.txt
88	7.43	/Users/lordjef/Downloads/ABRAXAS_V4_2_24_APPLE40M_RESUME_MASTER_PACKAGE/DELIVERABLES/JOC55_ABRAXAS_V4_2_24_PREBUILT/09_MOTIONS_V4_2/AI_SELECTED_V4_2_24/03_VERTICALS/MV01/01_HOOK_M3/20_MOTION_FINAL/COLOCAR_AQUI_MOTION_FINAL.txt
1354	7.43	/Users/lordjef/Downloads/ABRAXAS_V4_2_24_APPLE40M_RESUME_MASTER_PACKAGE/DELIVERABLES/JOC55_ABRAXAS_V4_2_24_PREBUILT/09_MOTIONS_V4_2/AI_SELECTED_V4_2_24/03_VERTICALS/MV01/01_HOOK_M3/MOTION_DECISION.json
746	7.43	/Users/lordjef/Downloads/ABRAXAS_V4_2_24_APPLE40M_RESUME_MASTER_PACKAGE/DELIVERABLES/JOC55_ABRAXAS_V4_2_24_PREBUILT/09_MOTIONS_V4_2/AI_SELECTED_V4_2_24/03_VERTICALS/MV01/02_TENSION_M2/02_PROMPT_ANIMAR_MOTION.txt
551	7.43	/Users/lordjef/Downloads/ABRAXAS_V4_2_24_APPLE40M_RESUME_MASTER_PACKAGE/DELIVERABLES/JOC55_ABRAXAS_V4_2_24_PREBUILT/09_MOTIONS_V4_2/AI_SELECTED_V4_2_24/03_VERTICALS/MV01/02_TENSION_M2/10_ASSETS/MOTION2_TEXT_SEGMENTS_EXACT.json
88	7.43	/Users/lordjef/Downloads/ABRAXAS_V4_2_24_APPLE40M_RESUME_MASTER_PACKAGE/DELIVERABLES/JOC55_ABRAXAS_V4_2_24_PREBUILT/09_MOTIONS_V4_2/AI_SELECTED_V4_2_24/03_VERTICALS/MV01/02_TENSION_M2/20_MOTION_FINAL/COLOCAR_AQUI_MOTION_FINAL.txt
1580	7.43	/Users/lordjef/Downloads/ABRAXAS_V4_2_24_APPLE40M_RESUME_MASTER_PACKAGE/DELIVERABLES/JOC55_ABRAXAS_V4_2_24_PREBUILT/09_MOTIONS_V4_2/AI_SELECTED_V4_2_24/03_VERTICALS/MV01/02_TENSION_M2/MOTION_DECISION.json
678	7.43	/Users/lordjef/Downloads/ABRAXAS_V4_2_24_APPLE40M_RESUME_MASTER_PACKAGE/DELIVERABLES/JOC55_ABRAXAS_V4_2_24_PREBUILT/09_MOTIONS_V4_2/AI_SELECTED_V4_2_24/03_VERTICALS/MV01/03_CORE_M1/02_PROMPT_ANIMAR_MOTION.txt
88	7.43	/Users/lordjef/Downloads/ABRAXAS_V4_2_24_APPLE40M_RESUME_MASTER_PACKAGE/DELIVERABLES/JOC55_ABRAXAS_V4_2_24_PREBUILT/09_MOTIONS_V4_2/AI_SELECTED_V4_2_24/03_VERTICALS/MV01/03_CORE_M1/20_MOTION_FINAL/COLOCAR_AQUI_MOTION_FINAL.txt
1399	7.43	/Users/lordjef/Downloads/ABRAXAS_V4_2_24_APPLE40M_RESUME_MASTER_PACKAGE/DELIVERABLES/JOC55_ABRAXAS_V4_2_24_PREBUILT/09_MOTIONS_V4_2/AI_SELECTED_V4_2_24/03_VERTICALS/MV01/03_CORE_M1/MOTION_DECISION.json
763	7.43	/Users/lordjef/Downloads/ABRAXAS_V4_2_24_APPLE40M_RESUME_MASTER_PACKAGE/DELIVERABLES/JOC55_ABRAXAS_V4_2_24_PREBUILT/09_MOTIONS_V4_2/AI_SELECTED_V4_2_24/03_VERTICALS/MV01/04_SHIFT_M1/02_PROMPT_ANIMAR_MOTION.txt
88	7.43	/Users/lordjef/Downloads/ABRAXAS_V4_2_24_APPLE40M_RESUME_MASTER_PACKAGE/DELIVERABLES/JOC55_ABRAXAS_V4_2_24_PREBUILT/09_MOTIONS_V4_2/AI_SELECTED_V4_2_24/03_VERTICALS/MV01/04_SHIFT_M1/20_MOTION_FINAL/COLOCAR_AQUI_MOTION_FINAL.txt
1486	7.43	/Users/lordjef/Downloads/ABRAXAS_V4_2_24_APPLE40M_RESUME_MASTER_PACKAGE/DELIVERABLES/JOC55_ABRAXAS_V4_2_24_PREBUILT/09_MOTIONS_V4_2/AI_SELECTED_V4_2_24/03_VERTICALS/MV01/04_SHIFT_M1/MOTION_DECISION.json
679	7.43	/Users/lordjef/Downloads/ABRAXAS_V4_2_24_APPLE40M_RESUME_MASTER_PACKAGE/DELIVERABLES/JOC55_ABRAXAS_V4_2_24_PREBUILT/09_MOTIONS_V4_2/AI_SELECTED_V4_2_24/03_VERTICALS/MV01/05_MEMORABLE_M3/02_PROMPT_ANIMAR_MOTION.txt
88	7.43	/Users/lordjef/Downloads/ABRAXAS_V4_2_24_APPLE40M_RESUME_MASTER_PACKAGE/DELIVERABLES/JOC55_ABRAXAS_V4_2_24_PREBUILT/09_MOTIONS_V4_2/AI_SELECTED_V4_2_24/03_VERTICALS/MV01/05_MEMORABLE_M3/20_MOTION_FINAL/COLOCAR_AQUI_MOTION_FINAL.txt
1373	7.43	/Users/lordjef/Downloads/ABRAXAS_V4_2_24_APPLE40M_RESUME_MASTER_PACKAGE/DELIVERABLES/JOC55_ABRAXAS_V4_2_24_PREBUILT/09_MOTIONS_V4_2/AI_SELECTED_V4_2_24/03_VERTICALS/MV01/05_MEMORABLE_M3/MOTION_DECISION.json
737	7.43	/Users/lordjef/Downloads/ABRAXAS_V4_2_24_APPLE40M_RESUME_MASTER_PACKAGE/DELIVERABLES/JOC55_ABRAXAS_V4_2_24_PREBUILT/09_MOTIONS_V4_2/AI_SELECTED_V4_2_24/03_VERTICALS/MV01/06_CLOSE_M1/02_PROMPT_ANIMAR_MOTION.txt
88	7.43	/Users/lordjef/Downloads/ABRAXAS_V4_2_24_APPLE40M_RESUME_MASTER_PACKAGE/DELIVERABLES/JOC55_ABRAXAS_V4_2_24_PREBUILT/09_MOTIONS_V4_2/AI_SELECTED_V4_2_24/03_VERTICALS/MV01/06_CLOSE_M1/20_MOTION_FINAL/COLOCAR_AQUI_MOTION_FINAL.txt
1481	7.43	/Users/lordjef/Downloads/ABRAXAS_V4_2_24_APPLE40M_RESUME_MASTER_PACKAGE/DELIVERABLES/JOC55_ABRAXAS_V4_2_24_PREBUILT/09_MOTIONS_V4_2/AI_SELECTED_V4_2_24/03_VERTICALS/MV01/06_CLOSE_M1/MOTION_DECISION.json
1239	7.43	/Users/lordjef/Downloads/ABRAXAS_V4_2_24_APPLE40M_RESUME_MASTER_PACKAGE/DELIVERABLES/JOC55_ABRAXAS_V4_2_24_PREBUILT/09_MOTIONS_V4_2/AI_SELECTED_V4_2_24/03_VERTICALS/MV02/00_MOTION_INDEX.json
656	7.43	/Users/lordjef/Downloads/ABRAXAS_V4_2_24_APPLE40M_RESUME_MASTER_PACKAGE/DELIVERABLES/JOC55_ABRAXAS_V4_2_24_PREBUILT/09_MOTIONS_V4_2/AI_SELECTED_V4_2_24/03_VERTICALS/MV02/01_HOOK_M3/02_PROMPT_ANIMAR_MOTION.txt
88	7.43	/Users/lordjef/Downloads/ABRAXAS_V4_2_24_APPLE40M_RESUME_MASTER_PACKAGE/DELIVERABLES/JOC55_ABRAXAS_V4_2_24_PREBUILT/09_MOTIONS_V4_2/AI_SELECTED_V4_2_24/03_VERTICALS/MV02/01_HOOK_M3/20_MOTION_FINAL/COLOCAR_AQUI_MOTION_FINAL.txt
1377	7.43	/Users/lordjef/Downloads/ABRAXAS_V4_2_24_APPLE40M_RESUME_MASTER_PACKAGE/DELIVERABLES/JOC55_ABRAXAS_V4_2_24_PREBUILT/09_MOTIONS_V4_2/AI_SELECTED_V4_2_24/03_VERTICALS/MV02/01_HOOK_M3/MOTION_DECISION.json
742	7.43	/Users/lordjef/Downloads/ABRAXAS_V4_2_24_APPLE40M_RESUME_MASTER_PACKAGE/DELIVERABLES/JOC55_ABRAXAS_V4_2_24_PREBUILT/09_MOTIONS_V4_2/AI_SELECTED_V4_2_24/03_VERTICALS/MV02/02_TENSION_M1/02_PROMPT_ANIMAR_MOTION.txt
88	7.43	/Users/lordjef/Downloads/ABRAXAS_V4_2_24_APPLE40M_RESUME_MASTER_PACKAGE/DELIVERABLES/JOC55_ABRAXAS_V4_2_24_PREBUILT/09_MOTIONS_V4_2/AI_SELECTED_V4_2_24/03_VERTICALS/MV02/02_TENSION_M1/20_MOTION_FINAL/COLOCAR_AQUI_MOTION_FINAL.txt
1455	7.43	/Users/lordjef/Downloads/ABRAXAS_V4_2_24_APPLE40M_RESUME_MASTER_PACKAGE/DELIVERABLES/JOC55_ABRAXAS_V4_2_24_PREBUILT/09_MOTIONS_V4_2/AI_SELECTED_V4_2_24/03_VERTICALS/MV02/02_TENSION_M1/MOTION_DECISION.json
706	7.43	/Users/lordjef/Downloads/ABRAXAS_V4_2_24_APPLE40M_RESUME_MASTER_PACKAGE/DELIVERABLES/JOC55_ABRAXAS_V4_2_24_PREBUILT/09_MOTIONS_V4_2/AI_SELECTED_V4_2_24/03_VERTICALS/MV02/03_CORE_M1/02_PROMPT_ANIMAR_MOTION.txt
88	7.43	/Users/lordjef/Downloads/ABRAXAS_V4_2_24_APPLE40M_RESUME_MASTER_PACKAGE/DELIVERABLES/JOC55_ABRAXAS_V4_2_24_PREBUILT/09_MOTIONS_V4_2/AI_SELECTED_V4_2_24/03_VERTICALS/MV02/03_CORE_M1/20_MOTION_FINAL/COLOCAR_AQUI_MOTION_FINAL.txt
1419	7.43	/Users/lordjef/Downloads/ABRAXAS_V4_2_24_APPLE40M_RESUME_MASTER_PACKAGE/DELIVERABLES/JOC55_ABRAXAS_V4_2_24_PREBUILT/09_MOTIONS_V4_2/AI_SELECTED_V4_2_24/03_VERTICALS/MV02/03_CORE_M1/MOTION_DECISION.json
786	7.43	/Users/lordjef/Downloads/ABRAXAS_V4_2_24_APPLE40M_RESUME_MASTER_PACKAGE/DELIVERABLES/JOC55_ABRAXAS_V4_2_24_PREBUILT/09_MOTIONS_V4_2/AI_SELECTED_V4_2_24/03_VERTICALS/MV02/04_SHIFT_M2/02_PROMPT_ANIMAR_MOTION.txt
677	7.43	/Users/lordjef/Downloads/ABRAXAS_V4_2_24_APPLE40M_RESUME_MASTER_PACKAGE/DELIVERABLES/JOC55_ABRAXAS_V4_2_24_PREBUILT/09_MOTIONS_V4_2/AI_SELECTED_V4_2_24/03_VERTICALS/MV02/04_SHIFT_M2/10_ASSETS/MOTION2_TEXT_SEGMENTS_EXACT.json
88	7.43	/Users/lordjef/Downloads/ABRAXAS_V4_2_24_APPLE40M_RESUME_MASTER_PACKAGE/DELIVERABLES/JOC55_ABRAXAS_V4_2_24_PREBUILT/09_MOTIONS_V4_2/AI_SELECTED_V4_2_24/03_VERTICALS/MV02/04_SHIFT_M2/20_MOTION_FINAL/COLOCAR_AQUI_MOTION_FINAL.txt
1617	7.43	/Users/lordjef/Downloads/ABRAXAS_V4_2_24_APPLE40M_RESUME_MASTER_PACKAGE/DELIVERABLES/JOC55_ABRAXAS_V4_2_24_PREBUILT/09_MOTIONS_V4_2/AI_SELECTED_V4_2_24/03_VERTICALS/MV02/04_SHIFT_M2/MOTION_DECISION.json
747	7.43	/Users/lordjef/Downloads/ABRAXAS_V4_2_24_APPLE40M_RESUME_MASTER_PACKAGE/DELIVERABLES/JOC55_ABRAXAS_V4_2_24_PREBUILT/09_MOTIONS_V4_2/AI_SELECTED_V4_2_24/03_VERTICALS/MV02/05_MEMORABLE_M3/02_PROMPT_ANIMAR_MOTION.txt
88	7.43	/Users/lordjef/Downloads/ABRAXAS_V4_2_24_APPLE40M_RESUME_MASTER_PACKAGE/DELIVERABLES/JOC55_ABRAXAS_V4_2_24_PREBUILT/09_MOTIONS_V4_2/AI_SELECTED_V4_2_24/03_VERTICALS/MV02/05_MEMORABLE_M3/20_MOTION_FINAL/COLOCAR_AQUI_MOTION_FINAL.txt
1440	7.43	/Users/lordjef/Downloads/ABRAXAS_V4_2_24_APPLE40M_RESUME_MASTER_PACKAGE/DELIVERABLES/JOC55_ABRAXAS_V4_2_24_PREBUILT/09_MOTIONS_V4_2/AI_SELECTED_V4_2_24/03_VERTICALS/MV02/05_MEMORABLE_M3/MOTION_DECISION.json
760	7.43	/Users/lordjef/Downloads/ABRAXAS_V4_2_24_APPLE40M_RESUME_MASTER_PACKAGE/DELIVERABLES/JOC55_ABRAXAS_V4_2_24_PREBUILT/09_MOTIONS_V4_2/AI_SELECTED_V4_2_24/03_VERTICALS/MV02/06_CLOSE_M2/02_PROMPT_ANIMAR_MOTION.txt
599	7.43	/Users/lordjef/Downloads/ABRAXAS_V4_2_24_APPLE40M_RESUME_MASTER_PACKAGE/DELIVERABLES/JOC55_ABRAXAS_V4_2_24_PREBUILT/09_MOTIONS_V4_2/AI_SELECTED_V4_2_24/03_VERTICALS/MV02/06_CLOSE_M2/10_ASSETS/MOTION2_TEXT_SEGMENTS_EXACT.json
88	7.43	/Users/lordjef/Downloads/ABRAXAS_V4_2_24_APPLE40M_RESUME_MASTER_PACKAGE/DELIVERABLES/JOC55_ABRAXAS_V4_2_24_PREBUILT/09_MOTIONS_V4_2/AI_SELECTED_V4_2_24/03_VERTICALS/MV02/06_CLOSE_M2/20_MOTION_FINAL/COLOCAR_AQUI_MOTION_FINAL.txt
1612	7.43	/Users/lordjef/Downloads/ABRAXAS_V4_2_24_APPLE40M_RESUME_MASTER_PACKAGE/DELIVERABLES/JOC55_ABRAXAS_V4_2_24_PREBUILT/09_MOTIONS_V4_2/AI_SELECTED_V4_2_24/03_VERTICALS/MV02/06_CLOSE_M2/MOTION_DECISION.json
1239	7.43	/Users/lordjef/Downloads/ABRAXAS_V4_2_24_APPLE40M_RESUME_MASTER_PACKAGE/DELIVERABLES/JOC55_ABRAXAS_V4_2_24_PREBUILT/09_MOTIONS_V4_2/AI_SELECTED_V4_2_24/03_VERTICALS/MV03/00_MOTION_INDEX.json
664	7.43	/Users/lordjef/Downloads/ABRAXAS_V4_2_24_APPLE40M_RESUME_MASTER_PACKAGE/DELIVERABLES/JOC55_ABRAXAS_V4_2_24_PREBUILT/09_MOTIONS_V4_2/AI_SELECTED_V4_2_24/03_VERTICALS/MV03/01_HOOK_M3/02_PROMPT_ANIMAR_MOTION.txt
88	7.43	/Users/lordjef/Downloads/ABRAXAS_V4_2_24_APPLE40M_RESUME_MASTER_PACKAGE/DELIVERABLES/JOC55_ABRAXAS_V4_2_24_PREBUILT/09_MOTIONS_V4_2/AI_SELECTED_V4_2_24/03_VERTICALS/MV03/01_HOOK_M3/20_MOTION_FINAL/COLOCAR_AQUI_MOTION_FINAL.txt
1378	7.43	/Users/lordjef/Downloads/ABRAXAS_V4_2_24_APPLE40M_RESUME_MASTER_PACKAGE/DELIVERABLES/JOC55_ABRAXAS_V4_2_24_PREBUILT/09_MOTIONS_V4_2/AI_SELECTED_V4_2_24/03_VERTICALS/MV03/01_HOOK_M3/MOTION_DECISION.json
687	7.43	/Users/lordjef/Downloads/ABRAXAS_V4_2_24_APPLE40M_RESUME_MASTER_PACKAGE/DELIVERABLES/JOC55_ABRAXAS_V4_2_24_PREBUILT/09_MOTIONS_V4_2/AI_SELECTED_V4_2_24/03_VERTICALS/MV03/02_TENSION_M6/02_PROMPT_ANIMAR_MOTION.txt
88	7.43	/Users/lordjef/Downloads/ABRAXAS_V4_2_24_APPLE40M_RESUME_MASTER_PACKAGE/DELIVERABLES/JOC55_ABRAXAS_V4_2_24_PREBUILT/09_MOTIONS_V4_2/AI_SELECTED_V4_2_24/03_VERTICALS/MV03/02_TENSION_M6/20_MOTION_FINAL/COLOCAR_AQUI_MOTION_FINAL.txt
1386	7.43	/Users/lordjef/Downloads/ABRAXAS_V4_2_24_APPLE40M_RESUME_MASTER_PACKAGE/DELIVERABLES/JOC55_ABRAXAS_V4_2_24_PREBUILT/09_MOTIONS_V4_2/AI_SELECTED_V4_2_24/03_VERTICALS/MV03/02_TENSION_M6/MOTION_DECISION.json
719	7.43	/Users/lordjef/Downloads/ABRAXAS_V4_2_24_APPLE40M_RESUME_MASTER_PACKAGE/DELIVERABLES/JOC55_ABRAXAS_V4_2_24_PREBUILT/09_MOTIONS_V4_2/AI_SELECTED_V4_2_24/03_VERTICALS/MV03/03_CORE_M1/02_PROMPT_ANIMAR_MOTION.txt
88	7.43	/Users/lordjef/Downloads/ABRAXAS_V4_2_24_APPLE40M_RESUME_MASTER_PACKAGE/DELIVERABLES/JOC55_ABRAXAS_V4_2_24_PREBUILT/09_MOTIONS_V4_2/AI_SELECTED_V4_2_24/03_VERTICALS/MV03/03_CORE_M1/20_MOTION_FINAL/COLOCAR_AQUI_MOTION_FINAL.txt
1432	7.43	/Users/lordjef/Downloads/ABRAXAS_V4_2_24_APPLE40M_RESUME_MASTER_PACKAGE/DELIVERABLES/JOC55_ABRAXAS_V4_2_24_PREBUILT/09_MOTIONS_V4_2/AI_SELECTED_V4_2_24/03_VERTICALS/MV03/03_CORE_M1/MOTION_DECISION.json
711	7.43	/Users/lordjef/Downloads/ABRAXAS_V4_2_24_APPLE40M_RESUME_MASTER_PACKAGE/DELIVERABLES/JOC55_ABRAXAS_V4_2_24_PREBUILT/09_MOTIONS_V4_2/AI_SELECTED_V4_2_24/03_VERTICALS/MV03/04_SHIFT_M1/02_PROMPT_ANIMAR_MOTION.txt
88	7.43	/Users/lordjef/Downloads/ABRAXAS_V4_2_24_APPLE40M_RESUME_MASTER_PACKAGE/DELIVERABLES/JOC55_ABRAXAS_V4_2_24_PREBUILT/09_MOTIONS_V4_2/AI_SELECTED_V4_2_24/03_VERTICALS/MV03/04_SHIFT_M1/20_MOTION_FINAL/COLOCAR_AQUI_MOTION_FINAL.txt
1429	7.43	/Users/lordjef/Downloads/ABRAXAS_V4_2_24_APPLE40M_RESUME_MASTER_PACKAGE/DELIVERABLES/JOC55_ABRAXAS_V4_2_24_PREBUILT/09_MOTIONS_V4_2/AI_SELECTED_V4_2_24/03_VERTICALS/MV03/04_SHIFT_M1/MOTION_DECISION.json
679	7.43	/Users/lordjef/Downloads/ABRAXAS_V4_2_24_APPLE40M_RESUME_MASTER_PACKAGE/DELIVERABLES/JOC55_ABRAXAS_V4_2_24_PREBUILT/09_MOTIONS_V4_2/AI_SELECTED_V4_2_24/03_VERTICALS/MV03/05_MEMORABLE_M3/02_PROMPT_ANIMAR_MOTION.txt
88	7.43	/Users/lordjef/Downloads/ABRAXAS_V4_2_24_APPLE40M_RESUME_MASTER_PACKAGE/DELIVERABLES/JOC55_ABRAXAS_V4_2_24_PREBUILT/09_MOTIONS_V4_2/AI_SELECTED_V4_2_24/03_VERTICALS/MV03/05_MEMORABLE_M3/20_MOTION_FINAL/COLOCAR_AQUI_MOTION_FINAL.txt
1380	7.43	/Users/lordjef/Downloads/ABRAXAS_V4_2_24_APPLE40M_RESUME_MASTER_PACKAGE/DELIVERABLES/JOC55_ABRAXAS_V4_2_24_PREBUILT/09_MOTIONS_V4_2/AI_SELECTED_V4_2_24/03_VERTICALS/MV03/05_MEMORABLE_M3/MOTION_DECISION.json
711	7.43	/Users/lordjef/Downloads/ABRAXAS_V4_2_24_APPLE40M_RESUME_MASTER_PACKAGE/DELIVERABLES/JOC55_ABRAXAS_V4_2_24_PREBUILT/09_MOTIONS_V4_2/AI_SELECTED_V4_2_24/03_VERTICALS/MV03/06_CLOSE_M3/02_PROMPT_ANIMAR_MOTION.txt
88	7.43	/Users/lordjef/Downloads/ABRAXAS_V4_2_24_APPLE40M_RESUME_MASTER_PACKAGE/DELIVERABLES/JOC55_ABRAXAS_V4_2_24_PREBUILT/09_MOTIONS_V4_2/AI_SELECTED_V4_2_24/03_VERTICALS/MV03/06_CLOSE_M3/20_MOTION_FINAL/COLOCAR_AQUI_MOTION_FINAL.txt
1435	7.43	/Users/lordjef/Downloads/ABRAXAS_V4_2_24_APPLE40M_RESUME_MASTER_PACKAGE/DELIVERABLES/JOC55_ABRAXAS_V4_2_24_PREBUILT/09_MOTIONS_V4_2/AI_SELECTED_V4_2_24/03_VERTICALS/MV03/06_CLOSE_M3/MOTION_DECISION.json
1239	7.43	/Users/lordjef/Downloads/ABRAXAS_V4_2_24_APPLE40M_RESUME_MASTER_PACKAGE/DELIVERABLES/JOC55_ABRAXAS_V4_2_24_PREBUILT/09_MOTIONS_V4_2/AI_SELECTED_V4_2_24/03_VERTICALS/MV04/00_MOTION_INDEX.json
646	7.43	/Users/lordjef/Downloads/ABRAXAS_V4_2_24_APPLE40M_RESUME_MASTER_PACKAGE/DELIVERABLES/JOC55_ABRAXAS_V4_2_24_PREBUILT/09_MOTIONS_V4_2/AI_SELECTED_V4_2_24/03_VERTICALS/MV04/01_HOOK_M3/02_PROMPT_ANIMAR_MOTION.txt
88	7.43	/Users/lordjef/Downloads/ABRAXAS_V4_2_24_APPLE40M_RESUME_MASTER_PACKAGE/DELIVERABLES/JOC55_ABRAXAS_V4_2_24_PREBUILT/09_MOTIONS_V4_2/AI_SELECTED_V4_2_24/03_VERTICALS/MV04/01_HOOK_M3/20_MOTION_FINAL/COLOCAR_AQUI_MOTION_FINAL.txt
1337	7.43	/Users/lordjef/Downloads/ABRAXAS_V4_2_24_APPLE40M_RESUME_MASTER_PACKAGE/DELIVERABLES/JOC55_ABRAXAS_V4_2_24_PREBUILT/09_MOTIONS_V4_2/AI_SELECTED_V4_2_24/03_VERTICALS/MV04/01_HOOK_M3/MOTION_DECISION.json
729	7.43	/Users/lordjef/Downloads/ABRAXAS_V4_2_24_APPLE40M_RESUME_MASTER_PACKAGE/DELIVERABLES/JOC55_ABRAXAS_V4_2_24_PREBUILT/09_MOTIONS_V4_2/AI_SELECTED_V4_2_24/03_VERTICALS/MV04/02_TENSION_M1/02_PROMPT_ANIMAR_MOTION.txt
88	7.43	/Users/lordjef/Downloads/ABRAXAS_V4_2_24_APPLE40M_RESUME_MASTER_PACKAGE/DELIVERABLES/JOC55_ABRAXAS_V4_2_24_PREBUILT/09_MOTIONS_V4_2/AI_SELECTED_V4_2_24/03_VERTICALS/MV04/02_TENSION_M1/20_MOTION_FINAL/COLOCAR_AQUI_MOTION_FINAL.txt
1460	7.43	/Users/lordjef/Downloads/ABRAXAS_V4_2_24_APPLE40M_RESUME_MASTER_PACKAGE/DELIVERABLES/JOC55_ABRAXAS_V4_2_24_PREBUILT/09_MOTIONS_V4_2/AI_SELECTED_V4_2_24/03_VERTICALS/MV04/02_TENSION_M1/MOTION_DECISION.json
723	7.43	/Users/lordjef/Downloads/ABRAXAS_V4_2_24_APPLE40M_RESUME_MASTER_PACKAGE/DELIVERABLES/JOC55_ABRAXAS_V4_2_24_PREBUILT/09_MOTIONS_V4_2/AI_SELECTED_V4_2_24/03_VERTICALS/MV04/03_CORE_M1/02_PROMPT_ANIMAR_MOTION.txt
88	7.43	/Users/lordjef/Downloads/ABRAXAS_V4_2_24_APPLE40M_RESUME_MASTER_PACKAGE/DELIVERABLES/JOC55_ABRAXAS_V4_2_24_PREBUILT/09_MOTIONS_V4_2/AI_SELECTED_V4_2_24/03_VERTICALS/MV04/03_CORE_M1/20_MOTION_FINAL/COLOCAR_AQUI_MOTION_FINAL.txt
1426	7.43	/Users/lordjef/Downloads/ABRAXAS_V4_2_24_APPLE40M_RESUME_MASTER_PACKAGE/DELIVERABLES/JOC55_ABRAXAS_V4_2_24_PREBUILT/09_MOTIONS_V4_2/AI_SELECTED_V4_2_24/03_VERTICALS/MV04/03_CORE_M1/MOTION_DECISION.json
770	7.43	/Users/lordjef/Downloads/ABRAXAS_V4_2_24_APPLE40M_RESUME_MASTER_PACKAGE/DELIVERABLES/JOC55_ABRAXAS_V4_2_24_PREBUILT/09_MOTIONS_V4_2/AI_SELECTED_V4_2_24/03_VERTICALS/MV04/04_SHIFT_M3/02_PROMPT_ANIMAR_MOTION.txt
88	7.43	/Users/lordjef/Downloads/ABRAXAS_V4_2_24_APPLE40M_RESUME_MASTER_PACKAGE/DELIVERABLES/JOC55_ABRAXAS_V4_2_24_PREBUILT/09_MOTIONS_V4_2/AI_SELECTED_V4_2_24/03_VERTICALS/MV04/04_SHIFT_M3/20_MOTION_FINAL/COLOCAR_AQUI_MOTION_FINAL.txt
1456	7.43	/Users/lordjef/Downloads/ABRAXAS_V4_2_24_APPLE40M_RESUME_MASTER_PACKAGE/DELIVERABLES/JOC55_ABRAXAS_V4_2_24_PREBUILT/09_MOTIONS_V4_2/AI_SELECTED_V4_2_24/03_VERTICALS/MV04/04_SHIFT_M3/MOTION_DECISION.json
619	7.43	/Users/lordjef/Downloads/ABRAXAS_V4_2_24_APPLE40M_RESUME_MASTER_PACKAGE/DELIVERABLES/JOC55_ABRAXAS_V4_2_24_PREBUILT/09_MOTIONS_V4_2/AI_SELECTED_V4_2_24/03_VERTICALS/MV04/05_MEMORABLE_M3/02_PROMPT_ANIMAR_MOTION.txt
88	7.43	/Users/lordjef/Downloads/ABRAXAS_V4_2_24_APPLE40M_RESUME_MASTER_PACKAGE/DELIVERABLES/JOC55_ABRAXAS_V4_2_24_PREBUILT/09_MOTIONS_V4_2/AI_SELECTED_V4_2_24/03_VERTICALS/MV04/05_MEMORABLE_M3/20_MOTION_FINAL/COLOCAR_AQUI_MOTION_FINAL.txt
1301	7.43	/Users/lordjef/Downloads/ABRAXAS_V4_2_24_APPLE40M_RESUME_MASTER_PACKAGE/DELIVERABLES/JOC55_ABRAXAS_V4_2_24_PREBUILT/09_MOTIONS_V4_2/AI_SELECTED_V4_2_24/03_VERTICALS/MV04/05_MEMORABLE_M3/MOTION_DECISION.json
624	7.43	/Users/lordjef/Downloads/ABRAXAS_V4_2_24_APPLE40M_RESUME_MASTER_PACKAGE/DELIVERABLES/JOC55_ABRAXAS_V4_2_24_PREBUILT/09_MOTIONS_V4_2/AI_SELECTED_V4_2_24/03_VERTICALS/MV04/06_CLOSE_M3/02_PROMPT_ANIMAR_MOTION.txt
88	7.43	/Users/lordjef/Downloads/ABRAXAS_V4_2_24_APPLE40M_RESUME_MASTER_PACKAGE/DELIVERABLES/JOC55_ABRAXAS_V4_2_24_PREBUILT/09_MOTIONS_V4_2/AI_SELECTED_V4_2_24/03_VERTICALS/MV04/06_CLOSE_M3/20_MOTION_FINAL/COLOCAR_AQUI_MOTION_FINAL.txt
1334	7.43	/Users/lordjef/Downloads/ABRAXAS_V4_2_24_APPLE40M_RESUME_MASTER_PACKAGE/DELIVERABLES/JOC55_ABRAXAS_V4_2_24_PREBUILT/09_MOTIONS_V4_2/AI_SELECTED_V4_2_24/03_VERTICALS/MV04/06_CLOSE_M3/MOTION_DECISION.json
1239	7.43	/Users/lordjef/Downloads/ABRAXAS_V4_2_24_APPLE40M_RESUME_MASTER_PACKAGE/DELIVERABLES/JOC55_ABRAXAS_V4_2_24_PREBUILT/09_MOTIONS_V4_2/AI_SELECTED_V4_2_24/03_VERTICALS/MV05/00_MOTION_INDEX.json
661	7.43	/Users/lordjef/Downloads/ABRAXAS_V4_2_24_APPLE40M_RESUME_MASTER_PACKAGE/DELIVERABLES/JOC55_ABRAXAS_V4_2_24_PREBUILT/09_MOTIONS_V4_2/AI_SELECTED_V4_2_24/03_VERTICALS/MV05/01_HOOK_M3/02_PROMPT_ANIMAR_MOTION.txt
88	7.43	/Users/lordjef/Downloads/ABRAXAS_V4_2_24_APPLE40M_RESUME_MASTER_PACKAGE/DELIVERABLES/JOC55_ABRAXAS_V4_2_24_PREBUILT/09_MOTIONS_V4_2/AI_SELECTED_V4_2_24/03_VERTICALS/MV05/01_HOOK_M3/20_MOTION_FINAL/COLOCAR_AQUI_MOTION_FINAL.txt
1348	7.43	/Users/lordjef/Downloads/ABRAXAS_V4_2_24_APPLE40M_RESUME_MASTER_PACKAGE/DELIVERABLES/JOC55_ABRAXAS_V4_2_24_PREBUILT/09_MOTIONS_V4_2/AI_SELECTED_V4_2_24/03_VERTICALS/MV05/01_HOOK_M3/MOTION_DECISION.json
688	7.43	/Users/lordjef/Downloads/ABRAXAS_V4_2_24_APPLE40M_RESUME_MASTER_PACKAGE/DELIVERABLES/JOC55_ABRAXAS_V4_2_24_PREBUILT/09_MOTIONS_V4_2/AI_SELECTED_V4_2_24/03_VERTICALS/MV05/02_TENSION_M1/02_PROMPT_ANIMAR_MOTION.txt
88	7.43	/Users/lordjef/Downloads/ABRAXAS_V4_2_24_APPLE40M_RESUME_MASTER_PACKAGE/DELIVERABLES/JOC55_ABRAXAS_V4_2_24_PREBUILT/09_MOTIONS_V4_2/AI_SELECTED_V4_2_24/03_VERTICALS/MV05/02_TENSION_M1/20_MOTION_FINAL/COLOCAR_AQUI_MOTION_FINAL.txt
1398	7.43	/Users/lordjef/Downloads/ABRAXAS_V4_2_24_APPLE40M_RESUME_MASTER_PACKAGE/DELIVERABLES/JOC55_ABRAXAS_V4_2_24_PREBUILT/09_MOTIONS_V4_2/AI_SELECTED_V4_2_24/03_VERTICALS/MV05/02_TENSION_M1/MOTION_DECISION.json
743	7.43	/Users/lordjef/Downloads/ABRAXAS_V4_2_24_APPLE40M_RESUME_MASTER_PACKAGE/DELIVERABLES/JOC55_ABRAXAS_V4_2_24_PREBUILT/09_MOTIONS_V4_2/AI_SELECTED_V4_2_24/03_VERTICALS/MV05/03_CORE_M4/02_PROMPT_ANIMAR_MOTION.txt
88	7.43	/Users/lordjef/Downloads/ABRAXAS_V4_2_24_APPLE40M_RESUME_MASTER_PACKAGE/DELIVERABLES/JOC55_ABRAXAS_V4_2_24_PREBUILT/09_MOTIONS_V4_2/AI_SELECTED_V4_2_24/03_VERTICALS/MV05/03_CORE_M4/20_MOTION_FINAL/COLOCAR_AQUI_MOTION_FINAL.txt
1383	7.43	/Users/lordjef/Downloads/ABRAXAS_V4_2_24_APPLE40M_RESUME_MASTER_PACKAGE/DELIVERABLES/JOC55_ABRAXAS_V4_2_24_PREBUILT/09_MOTIONS_V4_2/AI_SELECTED_V4_2_24/03_VERTICALS/MV05/03_CORE_M4/MOTION_DECISION.json
643	7.43	/Users/lordjef/Downloads/ABRAXAS_V4_2_24_APPLE40M_RESUME_MASTER_PACKAGE/DELIVERABLES/JOC55_ABRAXAS_V4_2_24_PREBUILT/09_MOTIONS_V4_2/AI_SELECTED_V4_2_24/03_VERTICALS/MV05/04_SHIFT_M3/02_PROMPT_ANIMAR_MOTION.txt
88	7.43	/Users/lordjef/Downloads/ABRAXAS_V4_2_24_APPLE40M_RESUME_MASTER_PACKAGE/DELIVERABLES/JOC55_ABRAXAS_V4_2_24_PREBUILT/09_MOTIONS_V4_2/AI_SELECTED_V4_2_24/03_VERTICALS/MV05/04_SHIFT_M3/20_MOTION_FINAL/COLOCAR_AQUI_MOTION_FINAL.txt
1340	7.43	/Users/lordjef/Downloads/ABRAXAS_V4_2_24_APPLE40M_RESUME_MASTER_PACKAGE/DELIVERABLES/JOC55_ABRAXAS_V4_2_24_PREBUILT/09_MOTIONS_V4_2/AI_SELECTED_V4_2_24/03_VERTICALS/MV05/04_SHIFT_M3/MOTION_DECISION.json
713	7.43	/Users/lordjef/Downloads/ABRAXAS_V4_2_24_APPLE40M_RESUME_MASTER_PACKAGE/DELIVERABLES/JOC55_ABRAXAS_V4_2_24_PREBUILT/09_MOTIONS_V4_2/AI_SELECTED_V4_2_24/03_VERTICALS/MV05/05_MEMORABLE_M3/02_PROMPT_ANIMAR_MOTION.txt
88	7.43	/Users/lordjef/Downloads/ABRAXAS_V4_2_24_APPLE40M_RESUME_MASTER_PACKAGE/DELIVERABLES/JOC55_ABRAXAS_V4_2_24_PREBUILT/09_MOTIONS_V4_2/AI_SELECTED_V4_2_24/03_VERTICALS/MV05/05_MEMORABLE_M3/20_MOTION_FINAL/COLOCAR_AQUI_MOTION_FINAL.txt
1408	7.43	/Users/lordjef/Downloads/ABRAXAS_V4_2_24_APPLE40M_RESUME_MASTER_PACKAGE/DELIVERABLES/JOC55_ABRAXAS_V4_2_24_PREBUILT/09_MOTIONS_V4_2/AI_SELECTED_V4_2_24/03_VERTICALS/MV05/05_MEMORABLE_M3/MOTION_DECISION.json
774	7.43	/Users/lordjef/Downloads/ABRAXAS_V4_2_24_APPLE40M_RESUME_MASTER_PACKAGE/DELIVERABLES/JOC55_ABRAXAS_V4_2_24_PREBUILT/09_MOTIONS_V4_2/AI_SELECTED_V4_2_24/03_VERTICALS/MV05/06_CLOSE_M2/02_PROMPT_ANIMAR_MOTION.txt
641	7.43	/Users/lordjef/Downloads/ABRAXAS_V4_2_24_APPLE40M_RESUME_MASTER_PACKAGE/DELIVERABLES/JOC55_ABRAXAS_V4_2_24_PREBUILT/09_MOTIONS_V4_2/AI_SELECTED_V4_2_24/03_VERTICALS/MV05/06_CLOSE_M2/10_ASSETS/MOTION2_TEXT_SEGMENTS_EXACT.json
88	7.43	/Users/lordjef/Downloads/ABRAXAS_V4_2_24_APPLE40M_RESUME_MASTER_PACKAGE/DELIVERABLES/JOC55_ABRAXAS_V4_2_24_PREBUILT/09_MOTIONS_V4_2/AI_SELECTED_V4_2_24/03_VERTICALS/MV05/06_CLOSE_M2/20_MOTION_FINAL/COLOCAR_AQUI_MOTION_FINAL.txt
1608	7.43	/Users/lordjef/Downloads/ABRAXAS_V4_2_24_APPLE40M_RESUME_MASTER_PACKAGE/DELIVERABLES/JOC55_ABRAXAS_V4_2_24_PREBUILT/09_MOTIONS_V4_2/AI_SELECTED_V4_2_24/03_VERTICALS/MV05/06_CLOSE_M2/MOTION_DECISION.json
1239	7.43	/Users/lordjef/Downloads/ABRAXAS_V4_2_24_APPLE40M_RESUME_MASTER_PACKAGE/DELIVERABLES/JOC55_ABRAXAS_V4_2_24_PREBUILT/09_MOTIONS_V4_2/AI_SELECTED_V4_2_24/03_VERTICALS/MV06/00_MOTION_INDEX.json
662	7.43	/Users/lordjef/Downloads/ABRAXAS_V4_2_24_APPLE40M_RESUME_MASTER_PACKAGE/DELIVERABLES/JOC55_ABRAXAS_V4_2_24_PREBUILT/09_MOTIONS_V4_2/AI_SELECTED_V4_2_24/03_VERTICALS/MV06/01_HOOK_M3/02_PROMPT_ANIMAR_MOTION.txt
88	7.43	/Users/lordjef/Downloads/ABRAXAS_V4_2_24_APPLE40M_RESUME_MASTER_PACKAGE/DELIVERABLES/JOC55_ABRAXAS_V4_2_24_PREBUILT/09_MOTIONS_V4_2/AI_SELECTED_V4_2_24/03_VERTICALS/MV06/01_HOOK_M3/20_MOTION_FINAL/COLOCAR_AQUI_MOTION_FINAL.txt
1345	7.43	/Users/lordjef/Downloads/ABRAXAS_V4_2_24_APPLE40M_RESUME_MASTER_PACKAGE/DELIVERABLES/JOC55_ABRAXAS_V4_2_24_PREBUILT/09_MOTIONS_V4_2/AI_SELECTED_V4_2_24/03_VERTICALS/MV06/01_HOOK_M3/MOTION_DECISION.json
713	7.43	/Users/lordjef/Downloads/ABRAXAS_V4_2_24_APPLE40M_RESUME_MASTER_PACKAGE/DELIVERABLES/JOC55_ABRAXAS_V4_2_24_PREBUILT/09_MOTIONS_V4_2/AI_SELECTED_V4_2_24/03_VERTICALS/MV06/02_TENSION_M1/02_PROMPT_ANIMAR_MOTION.txt
88	7.43	/Users/lordjef/Downloads/ABRAXAS_V4_2_24_APPLE40M_RESUME_MASTER_PACKAGE/DELIVERABLES/JOC55_ABRAXAS_V4_2_24_PREBUILT/09_MOTIONS_V4_2/AI_SELECTED_V4_2_24/03_VERTICALS/MV06/02_TENSION_M1/20_MOTION_FINAL/COLOCAR_AQUI_MOTION_FINAL.txt
1471	7.43	/Users/lordjef/Downloads/ABRAXAS_V4_2_24_APPLE40M_RESUME_MASTER_PACKAGE/DELIVERABLES/JOC55_ABRAXAS_V4_2_24_PREBUILT/09_MOTIONS_V4_2/AI_SELECTED_V4_2_24/03_VERTICALS/MV06/02_TENSION_M1/MOTION_DECISION.json
632	7.43	/Users/lordjef/Downloads/ABRAXAS_V4_2_24_APPLE40M_RESUME_MASTER_PACKAGE/DELIVERABLES/JOC55_ABRAXAS_V4_2_24_PREBUILT/09_MOTIONS_V4_2/AI_SELECTED_V4_2_24/03_VERTICALS/MV06/03_CORE_M4/02_PROMPT_ANIMAR_MOTION.txt
88	7.43	/Users/lordjef/Downloads/ABRAXAS_V4_2_24_APPLE40M_RESUME_MASTER_PACKAGE/DELIVERABLES/JOC55_ABRAXAS_V4_2_24_PREBUILT/09_MOTIONS_V4_2/AI_SELECTED_V4_2_24/03_VERTICALS/MV06/03_CORE_M4/20_MOTION_FINAL/COLOCAR_AQUI_MOTION_FINAL.txt
1282	7.43	/Users/lordjef/Downloads/ABRAXAS_V4_2_24_APPLE40M_RESUME_MASTER_PACKAGE/DELIVERABLES/JOC55_ABRAXAS_V4_2_24_PREBUILT/09_MOTIONS_V4_2/AI_SELECTED_V4_2_24/03_VERTICALS/MV06/03_CORE_M4/MOTION_DECISION.json
658	7.43	/Users/lordjef/Downloads/ABRAXAS_V4_2_24_APPLE40M_RESUME_MASTER_PACKAGE/DELIVERABLES/JOC55_ABRAXAS_V4_2_24_PREBUILT/09_MOTIONS_V4_2/AI_SELECTED_V4_2_24/03_VERTICALS/MV06/04_SHIFT_M4/02_PROMPT_ANIMAR_MOTION.txt
88	7.43	/Users/lordjef/Downloads/ABRAXAS_V4_2_24_APPLE40M_RESUME_MASTER_PACKAGE/DELIVERABLES/JOC55_ABRAXAS_V4_2_24_PREBUILT/09_MOTIONS_V4_2/AI_SELECTED_V4_2_24/03_VERTICALS/MV06/04_SHIFT_M4/20_MOTION_FINAL/COLOCAR_AQUI_MOTION_FINAL.txt
1347	7.43	/Users/lordjef/Downloads/ABRAXAS_V4_2_24_APPLE40M_RESUME_MASTER_PACKAGE/DELIVERABLES/JOC55_ABRAXAS_V4_2_24_PREBUILT/09_MOTIONS_V4_2/AI_SELECTED_V4_2_24/03_VERTICALS/MV06/04_SHIFT_M4/MOTION_DECISION.json
691	7.43	/Users/lordjef/Downloads/ABRAXAS_V4_2_24_APPLE40M_RESUME_MASTER_PACKAGE/DELIVERABLES/JOC55_ABRAXAS_V4_2_24_PREBUILT/09_MOTIONS_V4_2/AI_SELECTED_V4_2_24/03_VERTICALS/MV06/05_MEMORABLE_M3/02_PROMPT_ANIMAR_MOTION.txt
88	7.43	/Users/lordjef/Downloads/ABRAXAS_V4_2_24_APPLE40M_RESUME_MASTER_PACKAGE/DELIVERABLES/JOC55_ABRAXAS_V4_2_24_PREBUILT/09_MOTIONS_V4_2/AI_SELECTED_V4_2_24/03_VERTICALS/MV06/05_MEMORABLE_M3/20_MOTION_FINAL/COLOCAR_AQUI_MOTION_FINAL.txt
1403	7.43	/Users/lordjef/Downloads/ABRAXAS_V4_2_24_APPLE40M_RESUME_MASTER_PACKAGE/DELIVERABLES/JOC55_ABRAXAS_V4_2_24_PREBUILT/09_MOTIONS_V4_2/AI_SELECTED_V4_2_24/03_VERTICALS/MV06/05_MEMORABLE_M3/MOTION_DECISION.json
718	7.43	/Users/lordjef/Downloads/ABRAXAS_V4_2_24_APPLE40M_RESUME_MASTER_PACKAGE/DELIVERABLES/JOC55_ABRAXAS_V4_2_24_PREBUILT/09_MOTIONS_V4_2/AI_SELECTED_V4_2_24/03_VERTICALS/MV06/06_CLOSE_M2/02_PROMPT_ANIMAR_MOTION.txt
473	7.43	/Users/lordjef/Downloads/ABRAXAS_V4_2_24_APPLE40M_RESUME_MASTER_PACKAGE/DELIVERABLES/JOC55_ABRAXAS_V4_2_24_PREBUILT/09_MOTIONS_V4_2/AI_SELECTED_V4_2_24/03_VERTICALS/MV06/06_CLOSE_M2/10_ASSETS/MOTION2_TEXT_SEGMENTS_EXACT.json
88	7.43	/Users/lordjef/Downloads/ABRAXAS_V4_2_24_APPLE40M_RESUME_MASTER_PACKAGE/DELIVERABLES/JOC55_ABRAXAS_V4_2_24_PREBUILT/09_MOTIONS_V4_2/AI_SELECTED_V4_2_24/03_VERTICALS/MV06/06_CLOSE_M2/20_MOTION_FINAL/COLOCAR_AQUI_MOTION_FINAL.txt
1569	7.43	/Users/lordjef/Downloads/ABRAXAS_V4_2_24_APPLE40M_RESUME_MASTER_PACKAGE/DELIVERABLES/JOC55_ABRAXAS_V4_2_24_PREBUILT/09_MOTIONS_V4_2/AI_SELECTED_V4_2_24/03_VERTICALS/MV06/06_CLOSE_M2/MOTION_DECISION.json
1239	7.43	/Users/lordjef/Downloads/ABRAXAS_V4_2_24_APPLE40M_RESUME_MASTER_PACKAGE/DELIVERABLES/JOC55_ABRAXAS_V4_2_24_PREBUILT/09_MOTIONS_V4_2/AI_SELECTED_V4_2_24/03_VERTICALS/MV07/00_MOTION_INDEX.json
650	7.43	/Users/lordjef/Downloads/ABRAXAS_V4_2_24_APPLE40M_RESUME_MASTER_PACKAGE/DELIVERABLES/JOC55_ABRAXAS_V4_2_24_PREBUILT/09_MOTIONS_V4_2/AI_SELECTED_V4_2_24/03_VERTICALS/MV07/01_HOOK_M3/02_PROMPT_ANIMAR_MOTION.txt
88	7.43	/Users/lordjef/Downloads/ABRAXAS_V4_2_24_APPLE40M_RESUME_MASTER_PACKAGE/DELIVERABLES/JOC55_ABRAXAS_V4_2_24_PREBUILT/09_MOTIONS_V4_2/AI_SELECTED_V4_2_24/03_VERTICALS/MV07/01_HOOK_M3/20_MOTION_FINAL/COLOCAR_AQUI_MOTION_FINAL.txt
1353	7.43	/Users/lordjef/Downloads/ABRAXAS_V4_2_24_APPLE40M_RESUME_MASTER_PACKAGE/DELIVERABLES/JOC55_ABRAXAS_V4_2_24_PREBUILT/09_MOTIONS_V4_2/AI_SELECTED_V4_2_24/03_VERTICALS/MV07/01_HOOK_M3/MOTION_DECISION.json
698	7.43	/Users/lordjef/Downloads/ABRAXAS_V4_2_24_APPLE40M_RESUME_MASTER_PACKAGE/DELIVERABLES/JOC55_ABRAXAS_V4_2_24_PREBUILT/09_MOTIONS_V4_2/AI_SELECTED_V4_2_24/03_VERTICALS/MV07/02_TENSION_M1/02_PROMPT_ANIMAR_MOTION.txt
88	7.43	/Users/lordjef/Downloads/ABRAXAS_V4_2_24_APPLE40M_RESUME_MASTER_PACKAGE/DELIVERABLES/JOC55_ABRAXAS_V4_2_24_PREBUILT/09_MOTIONS_V4_2/AI_SELECTED_V4_2_24/03_VERTICALS/MV07/02_TENSION_M1/20_MOTION_FINAL/COLOCAR_AQUI_MOTION_FINAL.txt
1419	7.43	/Users/lordjef/Downloads/ABRAXAS_V4_2_24_APPLE40M_RESUME_MASTER_PACKAGE/DELIVERABLES/JOC55_ABRAXAS_V4_2_24_PREBUILT/09_MOTIONS_V4_2/AI_SELECTED_V4_2_24/03_VERTICALS/MV07/02_TENSION_M1/MOTION_DECISION.json
656	7.43	/Users/lordjef/Downloads/ABRAXAS_V4_2_24_APPLE40M_RESUME_MASTER_PACKAGE/DELIVERABLES/JOC55_ABRAXAS_V4_2_24_PREBUILT/09_MOTIONS_V4_2/AI_SELECTED_V4_2_24/03_VERTICALS/MV07/03_CORE_M1/02_PROMPT_ANIMAR_MOTION.txt
88	7.43	/Users/lordjef/Downloads/ABRAXAS_V4_2_24_APPLE40M_RESUME_MASTER_PACKAGE/DELIVERABLES/JOC55_ABRAXAS_V4_2_24_PREBUILT/09_MOTIONS_V4_2/AI_SELECTED_V4_2_24/03_VERTICALS/MV07/03_CORE_M1/20_MOTION_FINAL/COLOCAR_AQUI_MOTION_FINAL.txt
1371	7.43	/Users/lordjef/Downloads/ABRAXAS_V4_2_24_APPLE40M_RESUME_MASTER_PACKAGE/DELIVERABLES/JOC55_ABRAXAS_V4_2_24_PREBUILT/09_MOTIONS_V4_2/AI_SELECTED_V4_2_24/03_VERTICALS/MV07/03_CORE_M1/MOTION_DECISION.json
705	7.43	/Users/lordjef/Downloads/ABRAXAS_V4_2_24_APPLE40M_RESUME_MASTER_PACKAGE/DELIVERABLES/JOC55_ABRAXAS_V4_2_24_PREBUILT/09_MOTIONS_V4_2/AI_SELECTED_V4_2_24/03_VERTICALS/MV07/04_SHIFT_M4/02_PROMPT_ANIMAR_MOTION.txt
88	7.43	/Users/lordjef/Downloads/ABRAXAS_V4_2_24_APPLE40M_RESUME_MASTER_PACKAGE/DELIVERABLES/JOC55_ABRAXAS_V4_2_24_PREBUILT/09_MOTIONS_V4_2/AI_SELECTED_V4_2_24/03_VERTICALS/MV07/04_SHIFT_M4/20_MOTION_FINAL/COLOCAR_AQUI_MOTION_FINAL.txt
1394	7.43	/Users/lordjef/Downloads/ABRAXAS_V4_2_24_APPLE40M_RESUME_MASTER_PACKAGE/DELIVERABLES/JOC55_ABRAXAS_V4_2_24_PREBUILT/09_MOTIONS_V4_2/AI_SELECTED_V4_2_24/03_VERTICALS/MV07/04_SHIFT_M4/MOTION_DECISION.json
642	7.43	/Users/lordjef/Downloads/ABRAXAS_V4_2_24_APPLE40M_RESUME_MASTER_PACKAGE/DELIVERABLES/JOC55_ABRAXAS_V4_2_24_PREBUILT/09_MOTIONS_V4_2/AI_SELECTED_V4_2_24/03_VERTICALS/MV07/05_MEMORABLE_M3/02_PROMPT_ANIMAR_MOTION.txt
88	7.43	/Users/lordjef/Downloads/ABRAXAS_V4_2_24_APPLE40M_RESUME_MASTER_PACKAGE/DELIVERABLES/JOC55_ABRAXAS_V4_2_24_PREBUILT/09_MOTIONS_V4_2/AI_SELECTED_V4_2_24/03_VERTICALS/MV07/05_MEMORABLE_M3/20_MOTION_FINAL/COLOCAR_AQUI_MOTION_FINAL.txt
1336	7.43	/Users/lordjef/Downloads/ABRAXAS_V4_2_24_APPLE40M_RESUME_MASTER_PACKAGE/DELIVERABLES/JOC55_ABRAXAS_V4_2_24_PREBUILT/09_MOTIONS_V4_2/AI_SELECTED_V4_2_24/03_VERTICALS/MV07/05_MEMORABLE_M3/MOTION_DECISION.json
727	7.43	/Users/lordjef/Downloads/ABRAXAS_V4_2_24_APPLE40M_RESUME_MASTER_PACKAGE/DELIVERABLES/JOC55_ABRAXAS_V4_2_24_PREBUILT/09_MOTIONS_V4_2/AI_SELECTED_V4_2_24/03_VERTICALS/MV07/06_CLOSE_M2/02_PROMPT_ANIMAR_MOTION.txt
500	7.43	/Users/lordjef/Downloads/ABRAXAS_V4_2_24_APPLE40M_RESUME_MASTER_PACKAGE/DELIVERABLES/JOC55_ABRAXAS_V4_2_24_PREBUILT/09_MOTIONS_V4_2/AI_SELECTED_V4_2_24/03_VERTICALS/MV07/06_CLOSE_M2/10_ASSETS/MOTION2_TEXT_SEGMENTS_EXACT.json
88	7.43	/Users/lordjef/Downloads/ABRAXAS_V4_2_24_APPLE40M_RESUME_MASTER_PACKAGE/DELIVERABLES/JOC55_ABRAXAS_V4_2_24_PREBUILT/09_MOTIONS_V4_2/AI_SELECTED_V4_2_24/03_VERTICALS/MV07/06_CLOSE_M2/20_MOTION_FINAL/COLOCAR_AQUI_MOTION_FINAL.txt
1562	7.43	/Users/lordjef/Downloads/ABRAXAS_V4_2_24_APPLE40M_RESUME_MASTER_PACKAGE/DELIVERABLES/JOC55_ABRAXAS_V4_2_24_PREBUILT/09_MOTIONS_V4_2/AI_SELECTED_V4_2_24/03_VERTICALS/MV07/06_CLOSE_M2/MOTION_DECISION.json
1239	7.43	/Users/lordjef/Downloads/ABRAXAS_V4_2_24_APPLE40M_RESUME_MASTER_PACKAGE/DELIVERABLES/JOC55_ABRAXAS_V4_2_24_PREBUILT/09_MOTIONS_V4_2/AI_SELECTED_V4_2_24/03_VERTICALS/MV08/00_MOTION_INDEX.json
647	7.43	/Users/lordjef/Downloads/ABRAXAS_V4_2_24_APPLE40M_RESUME_MASTER_PACKAGE/DELIVERABLES/JOC55_ABRAXAS_V4_2_24_PREBUILT/09_MOTIONS_V4_2/AI_SELECTED_V4_2_24/03_VERTICALS/MV08/01_HOOK_M3/02_PROMPT_ANIMAR_MOTION.txt
88	7.43	/Users/lordjef/Downloads/ABRAXAS_V4_2_24_APPLE40M_RESUME_MASTER_PACKAGE/DELIVERABLES/JOC55_ABRAXAS_V4_2_24_PREBUILT/09_MOTIONS_V4_2/AI_SELECTED_V4_2_24/03_VERTICALS/MV08/01_HOOK_M3/20_MOTION_FINAL/COLOCAR_AQUI_MOTION_FINAL.txt
1334	7.43	/Users/lordjef/Downloads/ABRAXAS_V4_2_24_APPLE40M_RESUME_MASTER_PACKAGE/DELIVERABLES/JOC55_ABRAXAS_V4_2_24_PREBUILT/09_MOTIONS_V4_2/AI_SELECTED_V4_2_24/03_VERTICALS/MV08/01_HOOK_M3/MOTION_DECISION.json
662	7.43	/Users/lordjef/Downloads/ABRAXAS_V4_2_24_APPLE40M_RESUME_MASTER_PACKAGE/DELIVERABLES/JOC55_ABRAXAS_V4_2_24_PREBUILT/09_MOTIONS_V4_2/AI_SELECTED_V4_2_24/03_VERTICALS/MV08/02_TENSION_M1/02_PROMPT_ANIMAR_MOTION.txt
88	7.43	/Users/lordjef/Downloads/ABRAXAS_V4_2_24_APPLE40M_RESUME_MASTER_PACKAGE/DELIVERABLES/JOC55_ABRAXAS_V4_2_24_PREBUILT/09_MOTIONS_V4_2/AI_SELECTED_V4_2_24/03_VERTICALS/MV08/02_TENSION_M1/20_MOTION_FINAL/COLOCAR_AQUI_MOTION_FINAL.txt
1367	7.43	/Users/lordjef/Downloads/ABRAXAS_V4_2_24_APPLE40M_RESUME_MASTER_PACKAGE/DELIVERABLES/JOC55_ABRAXAS_V4_2_24_PREBUILT/09_MOTIONS_V4_2/AI_SELECTED_V4_2_24/03_VERTICALS/MV08/02_TENSION_M1/MOTION_DECISION.json
650	7.43	/Users/lordjef/Downloads/ABRAXAS_V4_2_24_APPLE40M_RESUME_MASTER_PACKAGE/DELIVERABLES/JOC55_ABRAXAS_V4_2_24_PREBUILT/09_MOTIONS_V4_2/AI_SELECTED_V4_2_24/03_VERTICALS/MV08/03_CORE_M1/02_PROMPT_ANIMAR_MOTION.txt
88	7.43	/Users/lordjef/Downloads/ABRAXAS_V4_2_24_APPLE40M_RESUME_MASTER_PACKAGE/DELIVERABLES/JOC55_ABRAXAS_V4_2_24_PREBUILT/09_MOTIONS_V4_2/AI_SELECTED_V4_2_24/03_VERTICALS/MV08/03_CORE_M1/20_MOTION_FINAL/COLOCAR_AQUI_MOTION_FINAL.txt
1369	7.43	/Users/lordjef/Downloads/ABRAXAS_V4_2_24_APPLE40M_RESUME_MASTER_PACKAGE/DELIVERABLES/JOC55_ABRAXAS_V4_2_24_PREBUILT/09_MOTIONS_V4_2/AI_SELECTED_V4_2_24/03_VERTICALS/MV08/03_CORE_M1/MOTION_DECISION.json
696	7.43	/Users/lordjef/Downloads/ABRAXAS_V4_2_24_APPLE40M_RESUME_MASTER_PACKAGE/DELIVERABLES/JOC55_ABRAXAS_V4_2_24_PREBUILT/09_MOTIONS_V4_2/AI_SELECTED_V4_2_24/03_VERTICALS/MV08/04_SHIFT_M1/02_PROMPT_ANIMAR_MOTION.txt
88	7.43	/Users/lordjef/Downloads/ABRAXAS_V4_2_24_APPLE40M_RESUME_MASTER_PACKAGE/DELIVERABLES/JOC55_ABRAXAS_V4_2_24_PREBUILT/09_MOTIONS_V4_2/AI_SELECTED_V4_2_24/03_VERTICALS/MV08/04_SHIFT_M1/20_MOTION_FINAL/COLOCAR_AQUI_MOTION_FINAL.txt
1432	7.43	/Users/lordjef/Downloads/ABRAXAS_V4_2_24_APPLE40M_RESUME_MASTER_PACKAGE/DELIVERABLES/JOC55_ABRAXAS_V4_2_24_PREBUILT/09_MOTIONS_V4_2/AI_SELECTED_V4_2_24/03_VERTICALS/MV08/04_SHIFT_M1/MOTION_DECISION.json
666	7.43	/Users/lordjef/Downloads/ABRAXAS_V4_2_24_APPLE40M_RESUME_MASTER_PACKAGE/DELIVERABLES/JOC55_ABRAXAS_V4_2_24_PREBUILT/09_MOTIONS_V4_2/AI_SELECTED_V4_2_24/03_VERTICALS/MV08/05_MEMORABLE_M3/02_PROMPT_ANIMAR_MOTION.txt
88	7.43	/Users/lordjef/Downloads/ABRAXAS_V4_2_24_APPLE40M_RESUME_MASTER_PACKAGE/DELIVERABLES/JOC55_ABRAXAS_V4_2_24_PREBUILT/09_MOTIONS_V4_2/AI_SELECTED_V4_2_24/03_VERTICALS/MV08/05_MEMORABLE_M3/20_MOTION_FINAL/COLOCAR_AQUI_MOTION_FINAL.txt
1362	7.43	/Users/lordjef/Downloads/ABRAXAS_V4_2_24_APPLE40M_RESUME_MASTER_PACKAGE/DELIVERABLES/JOC55_ABRAXAS_V4_2_24_PREBUILT/09_MOTIONS_V4_2/AI_SELECTED_V4_2_24/03_VERTICALS/MV08/05_MEMORABLE_M3/MOTION_DECISION.json
725	7.43	/Users/lordjef/Downloads/ABRAXAS_V4_2_24_APPLE40M_RESUME_MASTER_PACKAGE/DELIVERABLES/JOC55_ABRAXAS_V4_2_24_PREBUILT/09_MOTIONS_V4_2/AI_SELECTED_V4_2_24/03_VERTICALS/MV08/06_CLOSE_M2/02_PROMPT_ANIMAR_MOTION.txt
494	7.43	/Users/lordjef/Downloads/ABRAXAS_V4_2_24_APPLE40M_RESUME_MASTER_PACKAGE/DELIVERABLES/JOC55_ABRAXAS_V4_2_24_PREBUILT/09_MOTIONS_V4_2/AI_SELECTED_V4_2_24/03_VERTICALS/MV08/06_CLOSE_M2/10_ASSETS/MOTION2_TEXT_SEGMENTS_EXACT.json
88	7.43	/Users/lordjef/Downloads/ABRAXAS_V4_2_24_APPLE40M_RESUME_MASTER_PACKAGE/DELIVERABLES/JOC55_ABRAXAS_V4_2_24_PREBUILT/09_MOTIONS_V4_2/AI_SELECTED_V4_2_24/03_VERTICALS/MV08/06_CLOSE_M2/20_MOTION_FINAL/COLOCAR_AQUI_MOTION_FINAL.txt
1574	7.43	/Users/lordjef/Downloads/ABRAXAS_V4_2_24_APPLE40M_RESUME_MASTER_PACKAGE/DELIVERABLES/JOC55_ABRAXAS_V4_2_24_PREBUILT/09_MOTIONS_V4_2/AI_SELECTED_V4_2_24/03_VERTICALS/MV08/06_CLOSE_M2/MOTION_DECISION.json
1238	7.43	/Users/lordjef/Downloads/ABRAXAS_V4_2_24_APPLE40M_RESUME_MASTER_PACKAGE/DELIVERABLES/JOC55_ABRAXAS_V4_2_24_PREBUILT/09_MOTIONS_V4_2/AI_SELECTED_V4_2_24/03_VERTICALS/V01/00_MOTION_INDEX.json
733	7.43	/Users/lordjef/Downloads/ABRAXAS_V4_2_24_APPLE40M_RESUME_MASTER_PACKAGE/DELIVERABLES/JOC55_ABRAXAS_V4_2_24_PREBUILT/09_MOTIONS_V4_2/AI_SELECTED_V4_2_24/03_VERTICALS/V01/01_HOOK_M5/02_PROMPT_ANIMAR_MOTION.txt
88	7.43	/Users/lordjef/Downloads/ABRAXAS_V4_2_24_APPLE40M_RESUME_MASTER_PACKAGE/DELIVERABLES/JOC55_ABRAXAS_V4_2_24_PREBUILT/09_MOTIONS_V4_2/AI_SELECTED_V4_2_24/03_VERTICALS/V01/01_HOOK_M5/20_MOTION_FINAL/COLOCAR_AQUI_MOTION_FINAL.txt
1464	7.43	/Users/lordjef/Downloads/ABRAXAS_V4_2_24_APPLE40M_RESUME_MASTER_PACKAGE/DELIVERABLES/JOC55_ABRAXAS_V4_2_24_PREBUILT/09_MOTIONS_V4_2/AI_SELECTED_V4_2_24/03_VERTICALS/V01/01_HOOK_M5/MOTION_DECISION.json
738	7.43	/Users/lordjef/Downloads/ABRAXAS_V4_2_24_APPLE40M_RESUME_MASTER_PACKAGE/DELIVERABLES/JOC55_ABRAXAS_V4_2_24_PREBUILT/09_MOTIONS_V4_2/AI_SELECTED_V4_2_24/03_VERTICALS/V01/02_TENSION_M2/02_PROMPT_ANIMAR_MOTION.txt
530	7.43	/Users/lordjef/Downloads/ABRAXAS_V4_2_24_APPLE40M_RESUME_MASTER_PACKAGE/DELIVERABLES/JOC55_ABRAXAS_V4_2_24_PREBUILT/09_MOTIONS_V4_2/AI_SELECTED_V4_2_24/03_VERTICALS/V01/02_TENSION_M2/10_ASSETS/MOTION2_TEXT_SEGMENTS_EXACT.json
88	7.43	/Users/lordjef/Downloads/ABRAXAS_V4_2_24_APPLE40M_RESUME_MASTER_PACKAGE/DELIVERABLES/JOC55_ABRAXAS_V4_2_24_PREBUILT/09_MOTIONS_V4_2/AI_SELECTED_V4_2_24/03_VERTICALS/V01/02_TENSION_M2/20_MOTION_FINAL/COLOCAR_AQUI_MOTION_FINAL.txt
1563	7.43	/Users/lordjef/Downloads/ABRAXAS_V4_2_24_APPLE40M_RESUME_MASTER_PACKAGE/DELIVERABLES/JOC55_ABRAXAS_V4_2_24_PREBUILT/09_MOTIONS_V4_2/AI_SELECTED_V4_2_24/03_VERTICALS/V01/02_TENSION_M2/MOTION_DECISION.json
741	7.43	/Users/lordjef/Downloads/ABRAXAS_V4_2_24_APPLE40M_RESUME_MASTER_PACKAGE/DELIVERABLES/JOC55_ABRAXAS_V4_2_24_PREBUILT/09_MOTIONS_V4_2/AI_SELECTED_V4_2_24/03_VERTICALS/V01/03_CORE_M4/02_PROMPT_ANIMAR_MOTION.txt
88	7.43	/Users/lordjef/Downloads/ABRAXAS_V4_2_24_APPLE40M_RESUME_MASTER_PACKAGE/DELIVERABLES/JOC55_ABRAXAS_V4_2_24_PREBUILT/09_MOTIONS_V4_2/AI_SELECTED_V4_2_24/03_VERTICALS/V01/03_CORE_M4/20_MOTION_FINAL/COLOCAR_AQUI_MOTION_FINAL.txt
1383	7.43	/Users/lordjef/Downloads/ABRAXAS_V4_2_24_APPLE40M_RESUME_MASTER_PACKAGE/DELIVERABLES/JOC55_ABRAXAS_V4_2_24_PREBUILT/09_MOTIONS_V4_2/AI_SELECTED_V4_2_24/03_VERTICALS/V01/03_CORE_M4/MOTION_DECISION.json
740	7.43	/Users/lordjef/Downloads/ABRAXAS_V4_2_24_APPLE40M_RESUME_MASTER_PACKAGE/DELIVERABLES/JOC55_ABRAXAS_V4_2_24_PREBUILT/09_MOTIONS_V4_2/AI_SELECTED_V4_2_24/03_VERTICALS/V01/04_SHIFT_M1/02_PROMPT_ANIMAR_MOTION.txt
88	7.43	/Users/lordjef/Downloads/ABRAXAS_V4_2_24_APPLE40M_RESUME_MASTER_PACKAGE/DELIVERABLES/JOC55_ABRAXAS_V4_2_24_PREBUILT/09_MOTIONS_V4_2/AI_SELECTED_V4_2_24/03_VERTICALS/V01/04_SHIFT_M1/20_MOTION_FINAL/COLOCAR_AQUI_MOTION_FINAL.txt
1458	7.43	/Users/lordjef/Downloads/ABRAXAS_V4_2_24_APPLE40M_RESUME_MASTER_PACKAGE/DELIVERABLES/JOC55_ABRAXAS_V4_2_24_PREBUILT/09_MOTIONS_V4_2/AI_SELECTED_V4_2_24/03_VERTICALS/V01/04_SHIFT_M1/MOTION_DECISION.json
709	7.43	/Users/lordjef/Downloads/ABRAXAS_V4_2_24_APPLE40M_RESUME_MASTER_PACKAGE/DELIVERABLES/JOC55_ABRAXAS_V4_2_24_PREBUILT/09_MOTIONS_V4_2/AI_SELECTED_V4_2_24/03_VERTICALS/V01/05_MEMORABLE_M2/02_PROMPT_ANIMAR_MOTION.txt
437	7.43	/Users/lordjef/Downloads/ABRAXAS_V4_2_24_APPLE40M_RESUME_MASTER_PACKAGE/DELIVERABLES/JOC55_ABRAXAS_V4_2_24_PREBUILT/09_MOTIONS_V4_2/AI_SELECTED_V4_2_24/03_VERTICALS/V01/05_MEMORABLE_M2/10_ASSETS/MOTION2_TEXT_SEGMENTS_EXACT.json
88	7.43	/Users/lordjef/Downloads/ABRAXAS_V4_2_24_APPLE40M_RESUME_MASTER_PACKAGE/DELIVERABLES/JOC55_ABRAXAS_V4_2_24_PREBUILT/09_MOTIONS_V4_2/AI_SELECTED_V4_2_24/03_VERTICALS/V01/05_MEMORABLE_M2/20_MOTION_FINAL/COLOCAR_AQUI_MOTION_FINAL.txt
1535	7.43	/Users/lordjef/Downloads/ABRAXAS_V4_2_24_APPLE40M_RESUME_MASTER_PACKAGE/DELIVERABLES/JOC55_ABRAXAS_V4_2_24_PREBUILT/09_MOTIONS_V4_2/AI_SELECTED_V4_2_24/03_VERTICALS/V01/05_MEMORABLE_M2/MOTION_DECISION.json
639	7.43	/Users/lordjef/Downloads/ABRAXAS_V4_2_24_APPLE40M_RESUME_MASTER_PACKAGE/DELIVERABLES/JOC55_ABRAXAS_V4_2_24_PREBUILT/09_MOTIONS_V4_2/AI_SELECTED_V4_2_24/03_VERTICALS/V01/06_CLOSE_M3/02_PROMPT_ANIMAR_MOTION.txt
88	7.43	/Users/lordjef/Downloads/ABRAXAS_V4_2_24_APPLE40M_RESUME_MASTER_PACKAGE/DELIVERABLES/JOC55_ABRAXAS_V4_2_24_PREBUILT/09_MOTIONS_V4_2/AI_SELECTED_V4_2_24/03_VERTICALS/V01/06_CLOSE_M3/20_MOTION_FINAL/COLOCAR_AQUI_MOTION_FINAL.txt
1339	7.43	/Users/lordjef/Downloads/ABRAXAS_V4_2_24_APPLE40M_RESUME_MASTER_PACKAGE/DELIVERABLES/JOC55_ABRAXAS_V4_2_24_PREBUILT/09_MOTIONS_V4_2/AI_SELECTED_V4_2_24/03_VERTICALS/V01/06_CLOSE_M3/MOTION_DECISION.json
1238	7.43	/Users/lordjef/Downloads/ABRAXAS_V4_2_24_APPLE40M_RESUME_MASTER_PACKAGE/DELIVERABLES/JOC55_ABRAXAS_V4_2_24_PREBUILT/09_MOTIONS_V4_2/AI_SELECTED_V4_2_24/03_VERTICALS/V02/00_MOTION_INDEX.json
695	7.43	/Users/lordjef/Downloads/ABRAXAS_V4_2_24_APPLE40M_RESUME_MASTER_PACKAGE/DELIVERABLES/JOC55_ABRAXAS_V4_2_24_PREBUILT/09_MOTIONS_V4_2/AI_SELECTED_V4_2_24/03_VERTICALS/V02/01_HOOK_M1/02_PROMPT_ANIMAR_MOTION.txt
88	7.43	/Users/lordjef/Downloads/ABRAXAS_V4_2_24_APPLE40M_RESUME_MASTER_PACKAGE/DELIVERABLES/JOC55_ABRAXAS_V4_2_24_PREBUILT/09_MOTIONS_V4_2/AI_SELECTED_V4_2_24/03_VERTICALS/V02/01_HOOK_M1/20_MOTION_FINAL/COLOCAR_AQUI_MOTION_FINAL.txt
1447	7.43	/Users/lordjef/Downloads/ABRAXAS_V4_2_24_APPLE40M_RESUME_MASTER_PACKAGE/DELIVERABLES/JOC55_ABRAXAS_V4_2_24_PREBUILT/09_MOTIONS_V4_2/AI_SELECTED_V4_2_24/03_VERTICALS/V02/01_HOOK_M1/MOTION_DECISION.json
682	7.43	/Users/lordjef/Downloads/ABRAXAS_V4_2_24_APPLE40M_RESUME_MASTER_PACKAGE/DELIVERABLES/JOC55_ABRAXAS_V4_2_24_PREBUILT/09_MOTIONS_V4_2/AI_SELECTED_V4_2_24/03_VERTICALS/V02/02_TENSION_M1/02_PROMPT_ANIMAR_MOTION.txt
88	7.43	/Users/lordjef/Downloads/ABRAXAS_V4_2_24_APPLE40M_RESUME_MASTER_PACKAGE/DELIVERABLES/JOC55_ABRAXAS_V4_2_24_PREBUILT/09_MOTIONS_V4_2/AI_SELECTED_V4_2_24/03_VERTICALS/V02/02_TENSION_M1/20_MOTION_FINAL/COLOCAR_AQUI_MOTION_FINAL.txt
1395	7.43	/Users/lordjef/Downloads/ABRAXAS_V4_2_24_APPLE40M_RESUME_MASTER_PACKAGE/DELIVERABLES/JOC55_ABRAXAS_V4_2_24_PREBUILT/09_MOTIONS_V4_2/AI_SELECTED_V4_2_24/03_VERTICALS/V02/02_TENSION_M1/MOTION_DECISION.json
727	7.43	/Users/lordjef/Downloads/ABRAXAS_V4_2_24_APPLE40M_RESUME_MASTER_PACKAGE/DELIVERABLES/JOC55_ABRAXAS_V4_2_24_PREBUILT/09_MOTIONS_V4_2/AI_SELECTED_V4_2_24/03_VERTICALS/V02/03_CORE_M1/02_PROMPT_ANIMAR_MOTION.txt
88	7.43	/Users/lordjef/Downloads/ABRAXAS_V4_2_24_APPLE40M_RESUME_MASTER_PACKAGE/DELIVERABLES/JOC55_ABRAXAS_V4_2_24_PREBUILT/09_MOTIONS_V4_2/AI_SELECTED_V4_2_24/03_VERTICALS/V02/03_CORE_M1/20_MOTION_FINAL/COLOCAR_AQUI_MOTION_FINAL.txt
1434	7.43	/Users/lordjef/Downloads/ABRAXAS_V4_2_24_APPLE40M_RESUME_MASTER_PACKAGE/DELIVERABLES/JOC55_ABRAXAS_V4_2_24_PREBUILT/09_MOTIONS_V4_2/AI_SELECTED_V4_2_24/03_VERTICALS/V02/03_CORE_M1/MOTION_DECISION.json
695	7.43	/Users/lordjef/Downloads/ABRAXAS_V4_2_24_APPLE40M_RESUME_MASTER_PACKAGE/DELIVERABLES/JOC55_ABRAXAS_V4_2_24_PREBUILT/09_MOTIONS_V4_2/AI_SELECTED_V4_2_24/03_VERTICALS/V02/04_SHIFT_M4/02_PROMPT_ANIMAR_MOTION.txt
88	7.43	/Users/lordjef/Downloads/ABRAXAS_V4_2_24_APPLE40M_RESUME_MASTER_PACKAGE/DELIVERABLES/JOC55_ABRAXAS_V4_2_24_PREBUILT/09_MOTIONS_V4_2/AI_SELECTED_V4_2_24/03_VERTICALS/V02/04_SHIFT_M4/20_MOTION_FINAL/COLOCAR_AQUI_MOTION_FINAL.txt
1343	7.43	/Users/lordjef/Downloads/ABRAXAS_V4_2_24_APPLE40M_RESUME_MASTER_PACKAGE/DELIVERABLES/JOC55_ABRAXAS_V4_2_24_PREBUILT/09_MOTIONS_V4_2/AI_SELECTED_V4_2_24/03_VERTICALS/V02/04_SHIFT_M4/MOTION_DECISION.json
773	7.43	/Users/lordjef/Downloads/ABRAXAS_V4_2_24_APPLE40M_RESUME_MASTER_PACKAGE/DELIVERABLES/JOC55_ABRAXAS_V4_2_24_PREBUILT/09_MOTIONS_V4_2/AI_SELECTED_V4_2_24/03_VERTICALS/V02/05_MEMORABLE_M3/02_PROMPT_ANIMAR_MOTION.txt
88	7.43	/Users/lordjef/Downloads/ABRAXAS_V4_2_24_APPLE40M_RESUME_MASTER_PACKAGE/DELIVERABLES/JOC55_ABRAXAS_V4_2_24_PREBUILT/09_MOTIONS_V4_2/AI_SELECTED_V4_2_24/03_VERTICALS/V02/05_MEMORABLE_M3/20_MOTION_FINAL/COLOCAR_AQUI_MOTION_FINAL.txt
1461	7.43	/Users/lordjef/Downloads/ABRAXAS_V4_2_24_APPLE40M_RESUME_MASTER_PACKAGE/DELIVERABLES/JOC55_ABRAXAS_V4_2_24_PREBUILT/09_MOTIONS_V4_2/AI_SELECTED_V4_2_24/03_VERTICALS/V02/05_MEMORABLE_M3/MOTION_DECISION.json
774	7.43	/Users/lordjef/Downloads/ABRAXAS_V4_2_24_APPLE40M_RESUME_MASTER_PACKAGE/DELIVERABLES/JOC55_ABRAXAS_V4_2_24_PREBUILT/09_MOTIONS_V4_2/AI_SELECTED_V4_2_24/03_VERTICALS/V02/06_CLOSE_M5/02_PROMPT_ANIMAR_MOTION.txt
88	7.43	/Users/lordjef/Downloads/ABRAXAS_V4_2_24_APPLE40M_RESUME_MASTER_PACKAGE/DELIVERABLES/JOC55_ABRAXAS_V4_2_24_PREBUILT/09_MOTIONS_V4_2/AI_SELECTED_V4_2_24/03_VERTICALS/V02/06_CLOSE_M5/20_MOTION_FINAL/COLOCAR_AQUI_MOTION_FINAL.txt
1512	7.43	/Users/lordjef/Downloads/ABRAXAS_V4_2_24_APPLE40M_RESUME_MASTER_PACKAGE/DELIVERABLES/JOC55_ABRAXAS_V4_2_24_PREBUILT/09_MOTIONS_V4_2/AI_SELECTED_V4_2_24/03_VERTICALS/V02/06_CLOSE_M5/MOTION_DECISION.json
1238	7.43	/Users/lordjef/Downloads/ABRAXAS_V4_2_24_APPLE40M_RESUME_MASTER_PACKAGE/DELIVERABLES/JOC55_ABRAXAS_V4_2_24_PREBUILT/09_MOTIONS_V4_2/AI_SELECTED_V4_2_24/03_VERTICALS/V03/00_MOTION_INDEX.json
716	7.43	/Users/lordjef/Downloads/ABRAXAS_V4_2_24_APPLE40M_RESUME_MASTER_PACKAGE/DELIVERABLES/JOC55_ABRAXAS_V4_2_24_PREBUILT/09_MOTIONS_V4_2/AI_SELECTED_V4_2_24/03_VERTICALS/V03/01_HOOK_M3/02_PROMPT_ANIMAR_MOTION.txt
88	7.43	/Users/lordjef/Downloads/ABRAXAS_V4_2_24_APPLE40M_RESUME_MASTER_PACKAGE/DELIVERABLES/JOC55_ABRAXAS_V4_2_24_PREBUILT/09_MOTIONS_V4_2/AI_SELECTED_V4_2_24/03_VERTICALS/V03/01_HOOK_M3/20_MOTION_FINAL/COLOCAR_AQUI_MOTION_FINAL.txt
1406	7.43	/Users/lordjef/Downloads/ABRAXAS_V4_2_24_APPLE40M_RESUME_MASTER_PACKAGE/DELIVERABLES/JOC55_ABRAXAS_V4_2_24_PREBUILT/09_MOTIONS_V4_2/AI_SELECTED_V4_2_24/03_VERTICALS/V03/01_HOOK_M3/MOTION_DECISION.json
645	7.43	/Users/lordjef/Downloads/ABRAXAS_V4_2_24_APPLE40M_RESUME_MASTER_PACKAGE/DELIVERABLES/JOC55_ABRAXAS_V4_2_24_PREBUILT/09_MOTIONS_V4_2/AI_SELECTED_V4_2_24/03_VERTICALS/V03/02_TENSION_M3/02_PROMPT_ANIMAR_MOTION.txt
88	7.43	/Users/lordjef/Downloads/ABRAXAS_V4_2_24_APPLE40M_RESUME_MASTER_PACKAGE/DELIVERABLES/JOC55_ABRAXAS_V4_2_24_PREBUILT/09_MOTIONS_V4_2/AI_SELECTED_V4_2_24/03_VERTICALS/V03/02_TENSION_M3/20_MOTION_FINAL/COLOCAR_AQUI_MOTION_FINAL.txt
1336	7.43	/Users/lordjef/Downloads/ABRAXAS_V4_2_24_APPLE40M_RESUME_MASTER_PACKAGE/DELIVERABLES/JOC55_ABRAXAS_V4_2_24_PREBUILT/09_MOTIONS_V4_2/AI_SELECTED_V4_2_24/03_VERTICALS/V03/02_TENSION_M3/MOTION_DECISION.json
664	7.43	/Users/lordjef/Downloads/ABRAXAS_V4_2_24_APPLE40M_RESUME_MASTER_PACKAGE/DELIVERABLES/JOC55_ABRAXAS_V4_2_24_PREBUILT/09_MOTIONS_V4_2/AI_SELECTED_V4_2_24/03_VERTICALS/V03/03_CORE_M1/02_PROMPT_ANIMAR_MOTION.txt
88	7.43	/Users/lordjef/Downloads/ABRAXAS_V4_2_24_APPLE40M_RESUME_MASTER_PACKAGE/DELIVERABLES/JOC55_ABRAXAS_V4_2_24_PREBUILT/09_MOTIONS_V4_2/AI_SELECTED_V4_2_24/03_VERTICALS/V03/03_CORE_M1/20_MOTION_FINAL/COLOCAR_AQUI_MOTION_FINAL.txt
1376	7.43	/Users/lordjef/Downloads/ABRAXAS_V4_2_24_APPLE40M_RESUME_MASTER_PACKAGE/DELIVERABLES/JOC55_ABRAXAS_V4_2_24_PREBUILT/09_MOTIONS_V4_2/AI_SELECTED_V4_2_24/03_VERTICALS/V03/03_CORE_M1/MOTION_DECISION.json
642	7.43	/Users/lordjef/Downloads/ABRAXAS_V4_2_24_APPLE40M_RESUME_MASTER_PACKAGE/DELIVERABLES/JOC55_ABRAXAS_V4_2_24_PREBUILT/09_MOTIONS_V4_2/AI_SELECTED_V4_2_24/03_VERTICALS/V03/04_SHIFT_M4/02_PROMPT_ANIMAR_MOTION.txt
88	7.43	/Users/lordjef/Downloads/ABRAXAS_V4_2_24_APPLE40M_RESUME_MASTER_PACKAGE/DELIVERABLES/JOC55_ABRAXAS_V4_2_24_PREBUILT/09_MOTIONS_V4_2/AI_SELECTED_V4_2_24/03_VERTICALS/V03/04_SHIFT_M4/20_MOTION_FINAL/COLOCAR_AQUI_MOTION_FINAL.txt
1326	7.43	/Users/lordjef/Downloads/ABRAXAS_V4_2_24_APPLE40M_RESUME_MASTER_PACKAGE/DELIVERABLES/JOC55_ABRAXAS_V4_2_24_PREBUILT/09_MOTIONS_V4_2/AI_SELECTED_V4_2_24/03_VERTICALS/V03/04_SHIFT_M4/MOTION_DECISION.json
633	7.43	/Users/lordjef/Downloads/ABRAXAS_V4_2_24_APPLE40M_RESUME_MASTER_PACKAGE/DELIVERABLES/JOC55_ABRAXAS_V4_2_24_PREBUILT/09_MOTIONS_V4_2/AI_SELECTED_V4_2_24/03_VERTICALS/V03/05_MEMORABLE_M3/02_PROMPT_ANIMAR_MOTION.txt
88	7.43	/Users/lordjef/Downloads/ABRAXAS_V4_2_24_APPLE40M_RESUME_MASTER_PACKAGE/DELIVERABLES/JOC55_ABRAXAS_V4_2_24_PREBUILT/09_MOTIONS_V4_2/AI_SELECTED_V4_2_24/03_VERTICALS/V03/05_MEMORABLE_M3/20_MOTION_FINAL/COLOCAR_AQUI_MOTION_FINAL.txt
1321	7.43	/Users/lordjef/Downloads/ABRAXAS_V4_2_24_APPLE40M_RESUME_MASTER_PACKAGE/DELIVERABLES/JOC55_ABRAXAS_V4_2_24_PREBUILT/09_MOTIONS_V4_2/AI_SELECTED_V4_2_24/03_VERTICALS/V03/05_MEMORABLE_M3/MOTION_DECISION.json
733	7.43	/Users/lordjef/Downloads/ABRAXAS_V4_2_24_APPLE40M_RESUME_MASTER_PACKAGE/DELIVERABLES/JOC55_ABRAXAS_V4_2_24_PREBUILT/09_MOTIONS_V4_2/AI_SELECTED_V4_2_24/03_VERTICALS/V03/06_CLOSE_M1/02_PROMPT_ANIMAR_MOTION.txt
88	7.43	/Users/lordjef/Downloads/ABRAXAS_V4_2_24_APPLE40M_RESUME_MASTER_PACKAGE/DELIVERABLES/JOC55_ABRAXAS_V4_2_24_PREBUILT/09_MOTIONS_V4_2/AI_SELECTED_V4_2_24/03_VERTICALS/V03/06_CLOSE_M1/20_MOTION_FINAL/COLOCAR_AQUI_MOTION_FINAL.txt
1454	7.43	/Users/lordjef/Downloads/ABRAXAS_V4_2_24_APPLE40M_RESUME_MASTER_PACKAGE/DELIVERABLES/JOC55_ABRAXAS_V4_2_24_PREBUILT/09_MOTIONS_V4_2/AI_SELECTED_V4_2_24/03_VERTICALS/V03/06_CLOSE_M1/MOTION_DECISION.json
1238	7.43	/Users/lordjef/Downloads/ABRAXAS_V4_2_24_APPLE40M_RESUME_MASTER_PACKAGE/DELIVERABLES/JOC55_ABRAXAS_V4_2_24_PREBUILT/09_MOTIONS_V4_2/AI_SELECTED_V4_2_24/03_VERTICALS/V04/00_MOTION_INDEX.json
732	7.43	/Users/lordjef/Downloads/ABRAXAS_V4_2_24_APPLE40M_RESUME_MASTER_PACKAGE/DELIVERABLES/JOC55_ABRAXAS_V4_2_24_PREBUILT/09_MOTIONS_V4_2/AI_SELECTED_V4_2_24/03_VERTICALS/V04/01_HOOK_M1/02_PROMPT_ANIMAR_MOTION.txt
88	7.43	/Users/lordjef/Downloads/ABRAXAS_V4_2_24_APPLE40M_RESUME_MASTER_PACKAGE/DELIVERABLES/JOC55_ABRAXAS_V4_2_24_PREBUILT/09_MOTIONS_V4_2/AI_SELECTED_V4_2_24/03_VERTICALS/V04/01_HOOK_M1/20_MOTION_FINAL/COLOCAR_AQUI_MOTION_FINAL.txt
1445	7.43	/Users/lordjef/Downloads/ABRAXAS_V4_2_24_APPLE40M_RESUME_MASTER_PACKAGE/DELIVERABLES/JOC55_ABRAXAS_V4_2_24_PREBUILT/09_MOTIONS_V4_2/AI_SELECTED_V4_2_24/03_VERTICALS/V04/01_HOOK_M1/MOTION_DECISION.json
674	7.43	/Users/lordjef/Downloads/ABRAXAS_V4_2_24_APPLE40M_RESUME_MASTER_PACKAGE/DELIVERABLES/JOC55_ABRAXAS_V4_2_24_PREBUILT/09_MOTIONS_V4_2/AI_SELECTED_V4_2_24/03_VERTICALS/V04/02_TENSION_M1/02_PROMPT_ANIMAR_MOTION.txt
88	7.43	/Users/lordjef/Downloads/ABRAXAS_V4_2_24_APPLE40M_RESUME_MASTER_PACKAGE/DELIVERABLES/JOC55_ABRAXAS_V4_2_24_PREBUILT/09_MOTIONS_V4_2/AI_SELECTED_V4_2_24/03_VERTICALS/V04/02_TENSION_M1/20_MOTION_FINAL/COLOCAR_AQUI_MOTION_FINAL.txt
1387	7.43	/Users/lordjef/Downloads/ABRAXAS_V4_2_24_APPLE40M_RESUME_MASTER_PACKAGE/DELIVERABLES/JOC55_ABRAXAS_V4_2_24_PREBUILT/09_MOTIONS_V4_2/AI_SELECTED_V4_2_24/03_VERTICALS/V04/02_TENSION_M1/MOTION_DECISION.json
700	7.43	/Users/lordjef/Downloads/ABRAXAS_V4_2_24_APPLE40M_RESUME_MASTER_PACKAGE/DELIVERABLES/JOC55_ABRAXAS_V4_2_24_PREBUILT/09_MOTIONS_V4_2/AI_SELECTED_V4_2_24/03_VERTICALS/V04/03_CORE_M2/02_PROMPT_ANIMAR_MOTION.txt
425	7.43	/Users/lordjef/Downloads/ABRAXAS_V4_2_24_APPLE40M_RESUME_MASTER_PACKAGE/DELIVERABLES/JOC55_ABRAXAS_V4_2_24_PREBUILT/09_MOTIONS_V4_2/AI_SELECTED_V4_2_24/03_VERTICALS/V04/03_CORE_M2/10_ASSETS/MOTION2_TEXT_SEGMENTS_EXACT.json
88	7.43	/Users/lordjef/Downloads/ABRAXAS_V4_2_24_APPLE40M_RESUME_MASTER_PACKAGE/DELIVERABLES/JOC55_ABRAXAS_V4_2_24_PREBUILT/09_MOTIONS_V4_2/AI_SELECTED_V4_2_24/03_VERTICALS/V04/03_CORE_M2/20_MOTION_FINAL/COLOCAR_AQUI_MOTION_FINAL.txt
1524	7.43	/Users/lordjef/Downloads/ABRAXAS_V4_2_24_APPLE40M_RESUME_MASTER_PACKAGE/DELIVERABLES/JOC55_ABRAXAS_V4_2_24_PREBUILT/09_MOTIONS_V4_2/AI_SELECTED_V4_2_24/03_VERTICALS/V04/03_CORE_M2/MOTION_DECISION.json
650	7.43	/Users/lordjef/Downloads/ABRAXAS_V4_2_24_APPLE40M_RESUME_MASTER_PACKAGE/DELIVERABLES/JOC55_ABRAXAS_V4_2_24_PREBUILT/09_MOTIONS_V4_2/AI_SELECTED_V4_2_24/03_VERTICALS/V04/04_SHIFT_M1/02_PROMPT_ANIMAR_MOTION.txt
88	7.43	/Users/lordjef/Downloads/ABRAXAS_V4_2_24_APPLE40M_RESUME_MASTER_PACKAGE/DELIVERABLES/JOC55_ABRAXAS_V4_2_24_PREBUILT/09_MOTIONS_V4_2/AI_SELECTED_V4_2_24/03_VERTICALS/V04/04_SHIFT_M1/20_MOTION_FINAL/COLOCAR_AQUI_MOTION_FINAL.txt
1362	7.43	/Users/lordjef/Downloads/ABRAXAS_V4_2_24_APPLE40M_RESUME_MASTER_PACKAGE/DELIVERABLES/JOC55_ABRAXAS_V4_2_24_PREBUILT/09_MOTIONS_V4_2/AI_SELECTED_V4_2_24/03_VERTICALS/V04/04_SHIFT_M1/MOTION_DECISION.json
714	7.43	/Users/lordjef/Downloads/ABRAXAS_V4_2_24_APPLE40M_RESUME_MASTER_PACKAGE/DELIVERABLES/JOC55_ABRAXAS_V4_2_24_PREBUILT/09_MOTIONS_V4_2/AI_SELECTED_V4_2_24/03_VERTICALS/V04/05_MEMORABLE_M2/02_PROMPT_ANIMAR_MOTION.txt
452	7.43	/Users/lordjef/Downloads/ABRAXAS_V4_2_24_APPLE40M_RESUME_MASTER_PACKAGE/DELIVERABLES/JOC55_ABRAXAS_V4_2_24_PREBUILT/09_MOTIONS_V4_2/AI_SELECTED_V4_2_24/03_VERTICALS/V04/05_MEMORABLE_M2/10_ASSETS/MOTION2_TEXT_SEGMENTS_EXACT.json
88	7.43	/Users/lordjef/Downloads/ABRAXAS_V4_2_24_APPLE40M_RESUME_MASTER_PACKAGE/DELIVERABLES/JOC55_ABRAXAS_V4_2_24_PREBUILT/09_MOTIONS_V4_2/AI_SELECTED_V4_2_24/03_VERTICALS/V04/05_MEMORABLE_M2/20_MOTION_FINAL/COLOCAR_AQUI_MOTION_FINAL.txt
1536	7.43	/Users/lordjef/Downloads/ABRAXAS_V4_2_24_APPLE40M_RESUME_MASTER_PACKAGE/DELIVERABLES/JOC55_ABRAXAS_V4_2_24_PREBUILT/09_MOTIONS_V4_2/AI_SELECTED_V4_2_24/03_VERTICALS/V04/05_MEMORABLE_M2/MOTION_DECISION.json
673	7.43	/Users/lordjef/Downloads/ABRAXAS_V4_2_24_APPLE40M_RESUME_MASTER_PACKAGE/DELIVERABLES/JOC55_ABRAXAS_V4_2_24_PREBUILT/09_MOTIONS_V4_2/AI_SELECTED_V4_2_24/03_VERTICALS/V04/06_CLOSE_M3/02_PROMPT_ANIMAR_MOTION.txt
88	7.43	/Users/lordjef/Downloads/ABRAXAS_V4_2_24_APPLE40M_RESUME_MASTER_PACKAGE/DELIVERABLES/JOC55_ABRAXAS_V4_2_24_PREBUILT/09_MOTIONS_V4_2/AI_SELECTED_V4_2_24/03_VERTICALS/V04/06_CLOSE_M3/20_MOTION_FINAL/COLOCAR_AQUI_MOTION_FINAL.txt
1365	7.43	/Users/lordjef/Downloads/ABRAXAS_V4_2_24_APPLE40M_RESUME_MASTER_PACKAGE/DELIVERABLES/JOC55_ABRAXAS_V4_2_24_PREBUILT/09_MOTIONS_V4_2/AI_SELECTED_V4_2_24/03_VERTICALS/V04/06_CLOSE_M3/MOTION_DECISION.json
1238	7.43	/Users/lordjef/Downloads/ABRAXAS_V4_2_24_APPLE40M_RESUME_MASTER_PACKAGE/DELIVERABLES/JOC55_ABRAXAS_V4_2_24_PREBUILT/09_MOTIONS_V4_2/AI_SELECTED_V4_2_24/03_VERTICALS/V05/00_MOTION_INDEX.json
745	7.43	/Users/lordjef/Downloads/ABRAXAS_V4_2_24_APPLE40M_RESUME_MASTER_PACKAGE/DELIVERABLES/JOC55_ABRAXAS_V4_2_24_PREBUILT/09_MOTIONS_V4_2/AI_SELECTED_V4_2_24/03_VERTICALS/V05/01_HOOK_M3/02_PROMPT_ANIMAR_MOTION.txt
88	7.43	/Users/lordjef/Downloads/ABRAXAS_V4_2_24_APPLE40M_RESUME_MASTER_PACKAGE/DELIVERABLES/JOC55_ABRAXAS_V4_2_24_PREBUILT/09_MOTIONS_V4_2/AI_SELECTED_V4_2_24/03_VERTICALS/V05/01_HOOK_M3/20_MOTION_FINAL/COLOCAR_AQUI_MOTION_FINAL.txt
1434	7.43	/Users/lordjef/Downloads/ABRAXAS_V4_2_24_APPLE40M_RESUME_MASTER_PACKAGE/DELIVERABLES/JOC55_ABRAXAS_V4_2_24_PREBUILT/09_MOTIONS_V4_2/AI_SELECTED_V4_2_24/03_VERTICALS/V05/01_HOOK_M3/MOTION_DECISION.json
765	7.43	/Users/lordjef/Downloads/ABRAXAS_V4_2_24_APPLE40M_RESUME_MASTER_PACKAGE/DELIVERABLES/JOC55_ABRAXAS_V4_2_24_PREBUILT/09_MOTIONS_V4_2/AI_SELECTED_V4_2_24/03_VERTICALS/V05/02_TENSION_M1/02_PROMPT_ANIMAR_MOTION.txt
88	7.43	/Users/lordjef/Downloads/ABRAXAS_V4_2_24_APPLE40M_RESUME_MASTER_PACKAGE/DELIVERABLES/JOC55_ABRAXAS_V4_2_24_PREBUILT/09_MOTIONS_V4_2/AI_SELECTED_V4_2_24/03_VERTICALS/V05/02_TENSION_M1/20_MOTION_FINAL/COLOCAR_AQUI_MOTION_FINAL.txt
1472	7.43	/Users/lordjef/Downloads/ABRAXAS_V4_2_24_APPLE40M_RESUME_MASTER_PACKAGE/DELIVERABLES/JOC55_ABRAXAS_V4_2_24_PREBUILT/09_MOTIONS_V4_2/AI_SELECTED_V4_2_24/03_VERTICALS/V05/02_TENSION_M1/MOTION_DECISION.json
749	7.43	/Users/lordjef/Downloads/ABRAXAS_V4_2_24_APPLE40M_RESUME_MASTER_PACKAGE/DELIVERABLES/JOC55_ABRAXAS_V4_2_24_PREBUILT/09_MOTIONS_V4_2/AI_SELECTED_V4_2_24/03_VERTICALS/V05/03_CORE_M1/02_PROMPT_ANIMAR_MOTION.txt
88	7.43	/Users/lordjef/Downloads/ABRAXAS_V4_2_24_APPLE40M_RESUME_MASTER_PACKAGE/DELIVERABLES/JOC55_ABRAXAS_V4_2_24_PREBUILT/09_MOTIONS_V4_2/AI_SELECTED_V4_2_24/03_VERTICALS/V05/03_CORE_M1/20_MOTION_FINAL/COLOCAR_AQUI_MOTION_FINAL.txt
1483	7.43	/Users/lordjef/Downloads/ABRAXAS_V4_2_24_APPLE40M_RESUME_MASTER_PACKAGE/DELIVERABLES/JOC55_ABRAXAS_V4_2_24_PREBUILT/09_MOTIONS_V4_2/AI_SELECTED_V4_2_24/03_VERTICALS/V05/03_CORE_M1/MOTION_DECISION.json
683	7.43	/Users/lordjef/Downloads/ABRAXAS_V4_2_24_APPLE40M_RESUME_MASTER_PACKAGE/DELIVERABLES/JOC55_ABRAXAS_V4_2_24_PREBUILT/09_MOTIONS_V4_2/AI_SELECTED_V4_2_24/03_VERTICALS/V05/04_SHIFT_M1/02_PROMPT_ANIMAR_MOTION.txt
88	7.43	/Users/lordjef/Downloads/ABRAXAS_V4_2_24_APPLE40M_RESUME_MASTER_PACKAGE/DELIVERABLES/JOC55_ABRAXAS_V4_2_24_PREBUILT/09_MOTIONS_V4_2/AI_SELECTED_V4_2_24/03_VERTICALS/V05/04_SHIFT_M1/20_MOTION_FINAL/COLOCAR_AQUI_MOTION_FINAL.txt
1395	7.43	/Users/lordjef/Downloads/ABRAXAS_V4_2_24_APPLE40M_RESUME_MASTER_PACKAGE/DELIVERABLES/JOC55_ABRAXAS_V4_2_24_PREBUILT/09_MOTIONS_V4_2/AI_SELECTED_V4_2_24/03_VERTICALS/V05/04_SHIFT_M1/MOTION_DECISION.json
692	7.43	/Users/lordjef/Downloads/ABRAXAS_V4_2_24_APPLE40M_RESUME_MASTER_PACKAGE/DELIVERABLES/JOC55_ABRAXAS_V4_2_24_PREBUILT/09_MOTIONS_V4_2/AI_SELECTED_V4_2_24/03_VERTICALS/V05/05_MEMORABLE_M1/02_PROMPT_ANIMAR_MOTION.txt
88	7.43	/Users/lordjef/Downloads/ABRAXAS_V4_2_24_APPLE40M_RESUME_MASTER_PACKAGE/DELIVERABLES/JOC55_ABRAXAS_V4_2_24_PREBUILT/09_MOTIONS_V4_2/AI_SELECTED_V4_2_24/03_VERTICALS/V05/05_MEMORABLE_M1/20_MOTION_FINAL/COLOCAR_AQUI_MOTION_FINAL.txt
1427	7.43	/Users/lordjef/Downloads/ABRAXAS_V4_2_24_APPLE40M_RESUME_MASTER_PACKAGE/DELIVERABLES/JOC55_ABRAXAS_V4_2_24_PREBUILT/09_MOTIONS_V4_2/AI_SELECTED_V4_2_24/03_VERTICALS/V05/05_MEMORABLE_M1/MOTION_DECISION.json
726	7.43	/Users/lordjef/Downloads/ABRAXAS_V4_2_24_APPLE40M_RESUME_MASTER_PACKAGE/DELIVERABLES/JOC55_ABRAXAS_V4_2_24_PREBUILT/09_MOTIONS_V4_2/AI_SELECTED_V4_2_24/03_VERTICALS/V05/06_CLOSE_M5/02_PROMPT_ANIMAR_MOTION.txt
88	7.43	/Users/lordjef/Downloads/ABRAXAS_V4_2_24_APPLE40M_RESUME_MASTER_PACKAGE/DELIVERABLES/JOC55_ABRAXAS_V4_2_24_PREBUILT/09_MOTIONS_V4_2/AI_SELECTED_V4_2_24/03_VERTICALS/V05/06_CLOSE_M5/20_MOTION_FINAL/COLOCAR_AQUI_MOTION_FINAL.txt
1485	7.43	/Users/lordjef/Downloads/ABRAXAS_V4_2_24_APPLE40M_RESUME_MASTER_PACKAGE/DELIVERABLES/JOC55_ABRAXAS_V4_2_24_PREBUILT/09_MOTIONS_V4_2/AI_SELECTED_V4_2_24/03_VERTICALS/V05/06_CLOSE_M5/MOTION_DECISION.json
1238	7.43	/Users/lordjef/Downloads/ABRAXAS_V4_2_24_APPLE40M_RESUME_MASTER_PACKAGE/DELIVERABLES/JOC55_ABRAXAS_V4_2_24_PREBUILT/09_MOTIONS_V4_2/AI_SELECTED_V4_2_24/03_VERTICALS/V06/00_MOTION_INDEX.json
693	7.43	/Users/lordjef/Downloads/ABRAXAS_V4_2_24_APPLE40M_RESUME_MASTER_PACKAGE/DELIVERABLES/JOC55_ABRAXAS_V4_2_24_PREBUILT/09_MOTIONS_V4_2/AI_SELECTED_V4_2_24/03_VERTICALS/V06/01_HOOK_M1/02_PROMPT_ANIMAR_MOTION.txt
88	7.43	/Users/lordjef/Downloads/ABRAXAS_V4_2_24_APPLE40M_RESUME_MASTER_PACKAGE/DELIVERABLES/JOC55_ABRAXAS_V4_2_24_PREBUILT/09_MOTIONS_V4_2/AI_SELECTED_V4_2_24/03_VERTICALS/V06/01_HOOK_M1/20_MOTION_FINAL/COLOCAR_AQUI_MOTION_FINAL.txt
1430	7.43	/Users/lordjef/Downloads/ABRAXAS_V4_2_24_APPLE40M_RESUME_MASTER_PACKAGE/DELIVERABLES/JOC55_ABRAXAS_V4_2_24_PREBUILT/09_MOTIONS_V4_2/AI_SELECTED_V4_2_24/03_VERTICALS/V06/01_HOOK_M1/MOTION_DECISION.json
732	7.43	/Users/lordjef/Downloads/ABRAXAS_V4_2_24_APPLE40M_RESUME_MASTER_PACKAGE/DELIVERABLES/JOC55_ABRAXAS_V4_2_24_PREBUILT/09_MOTIONS_V4_2/AI_SELECTED_V4_2_24/03_VERTICALS/V06/02_TENSION_M1/02_PROMPT_ANIMAR_MOTION.txt
88	7.43	/Users/lordjef/Downloads/ABRAXAS_V4_2_24_APPLE40M_RESUME_MASTER_PACKAGE/DELIVERABLES/JOC55_ABRAXAS_V4_2_24_PREBUILT/09_MOTIONS_V4_2/AI_SELECTED_V4_2_24/03_VERTICALS/V06/02_TENSION_M1/20_MOTION_FINAL/COLOCAR_AQUI_MOTION_FINAL.txt
1460	7.43	/Users/lordjef/Downloads/ABRAXAS_V4_2_24_APPLE40M_RESUME_MASTER_PACKAGE/DELIVERABLES/JOC55_ABRAXAS_V4_2_24_PREBUILT/09_MOTIONS_V4_2/AI_SELECTED_V4_2_24/03_VERTICALS/V06/02_TENSION_M1/MOTION_DECISION.json
740	7.43	/Users/lordjef/Downloads/ABRAXAS_V4_2_24_APPLE40M_RESUME_MASTER_PACKAGE/DELIVERABLES/JOC55_ABRAXAS_V4_2_24_PREBUILT/09_MOTIONS_V4_2/AI_SELECTED_V4_2_24/03_VERTICALS/V06/03_CORE_M3/02_PROMPT_ANIMAR_MOTION.txt
88	7.43	/Users/lordjef/Downloads/ABRAXAS_V4_2_24_APPLE40M_RESUME_MASTER_PACKAGE/DELIVERABLES/JOC55_ABRAXAS_V4_2_24_PREBUILT/09_MOTIONS_V4_2/AI_SELECTED_V4_2_24/03_VERTICALS/V06/03_CORE_M3/20_MOTION_FINAL/COLOCAR_AQUI_MOTION_FINAL.txt
1446	7.43	/Users/lordjef/Downloads/ABRAXAS_V4_2_24_APPLE40M_RESUME_MASTER_PACKAGE/DELIVERABLES/JOC55_ABRAXAS_V4_2_24_PREBUILT/09_MOTIONS_V4_2/AI_SELECTED_V4_2_24/03_VERTICALS/V06/03_CORE_M3/MOTION_DECISION.json
769	7.43	/Users/lordjef/Downloads/ABRAXAS_V4_2_24_APPLE40M_RESUME_MASTER_PACKAGE/DELIVERABLES/JOC55_ABRAXAS_V4_2_24_PREBUILT/09_MOTIONS_V4_2/AI_SELECTED_V4_2_24/03_VERTICALS/V06/04_SHIFT_M1/02_PROMPT_ANIMAR_MOTION.txt
88	7.43	/Users/lordjef/Downloads/ABRAXAS_V4_2_24_APPLE40M_RESUME_MASTER_PACKAGE/DELIVERABLES/JOC55_ABRAXAS_V4_2_24_PREBUILT/09_MOTIONS_V4_2/AI_SELECTED_V4_2_24/03_VERTICALS/V06/04_SHIFT_M1/20_MOTION_FINAL/COLOCAR_AQUI_MOTION_FINAL.txt
1491	7.43	/Users/lordjef/Downloads/ABRAXAS_V4_2_24_APPLE40M_RESUME_MASTER_PACKAGE/DELIVERABLES/JOC55_ABRAXAS_V4_2_24_PREBUILT/09_MOTIONS_V4_2/AI_SELECTED_V4_2_24/03_VERTICALS/V06/04_SHIFT_M1/MOTION_DECISION.json
668	7.43	/Users/lordjef/Downloads/ABRAXAS_V4_2_24_APPLE40M_RESUME_MASTER_PACKAGE/DELIVERABLES/JOC55_ABRAXAS_V4_2_24_PREBUILT/09_MOTIONS_V4_2/AI_SELECTED_V4_2_24/03_VERTICALS/V06/05_MEMORABLE_M3/02_PROMPT_ANIMAR_MOTION.txt
88	7.43	/Users/lordjef/Downloads/ABRAXAS_V4_2_24_APPLE40M_RESUME_MASTER_PACKAGE/DELIVERABLES/JOC55_ABRAXAS_V4_2_24_PREBUILT/09_MOTIONS_V4_2/AI_SELECTED_V4_2_24/03_VERTICALS/V06/05_MEMORABLE_M3/20_MOTION_FINAL/COLOCAR_AQUI_MOTION_FINAL.txt
1377	7.43	/Users/lordjef/Downloads/ABRAXAS_V4_2_24_APPLE40M_RESUME_MASTER_PACKAGE/DELIVERABLES/JOC55_ABRAXAS_V4_2_24_PREBUILT/09_MOTIONS_V4_2/AI_SELECTED_V4_2_24/03_VERTICALS/V06/05_MEMORABLE_M3/MOTION_DECISION.json
666	7.43	/Users/lordjef/Downloads/ABRAXAS_V4_2_24_APPLE40M_RESUME_MASTER_PACKAGE/DELIVERABLES/JOC55_ABRAXAS_V4_2_24_PREBUILT/09_MOTIONS_V4_2/AI_SELECTED_V4_2_24/03_VERTICALS/V06/06_CLOSE_M3/02_PROMPT_ANIMAR_MOTION.txt
88	7.43	/Users/lordjef/Downloads/ABRAXAS_V4_2_24_APPLE40M_RESUME_MASTER_PACKAGE/DELIVERABLES/JOC55_ABRAXAS_V4_2_24_PREBUILT/09_MOTIONS_V4_2/AI_SELECTED_V4_2_24/03_VERTICALS/V06/06_CLOSE_M3/20_MOTION_FINAL/COLOCAR_AQUI_MOTION_FINAL.txt
1360	7.43	/Users/lordjef/Downloads/ABRAXAS_V4_2_24_APPLE40M_RESUME_MASTER_PACKAGE/DELIVERABLES/JOC55_ABRAXAS_V4_2_24_PREBUILT/09_MOTIONS_V4_2/AI_SELECTED_V4_2_24/03_VERTICALS/V06/06_CLOSE_M3/MOTION_DECISION.json
1238	7.43	/Users/lordjef/Downloads/ABRAXAS_V4_2_24_APPLE40M_RESUME_MASTER_PACKAGE/DELIVERABLES/JOC55_ABRAXAS_V4_2_24_PREBUILT/09_MOTIONS_V4_2/AI_SELECTED_V4_2_24/03_VERTICALS/V07/00_MOTION_INDEX.json
684	7.43	/Users/lordjef/Downloads/ABRAXAS_V4_2_24_APPLE40M_RESUME_MASTER_PACKAGE/DELIVERABLES/JOC55_ABRAXAS_V4_2_24_PREBUILT/09_MOTIONS_V4_2/AI_SELECTED_V4_2_24/03_VERTICALS/V07/01_HOOK_M3/02_PROMPT_ANIMAR_MOTION.txt
88	7.43	/Users/lordjef/Downloads/ABRAXAS_V4_2_24_APPLE40M_RESUME_MASTER_PACKAGE/DELIVERABLES/JOC55_ABRAXAS_V4_2_24_PREBUILT/09_MOTIONS_V4_2/AI_SELECTED_V4_2_24/03_VERTICALS/V07/01_HOOK_M3/20_MOTION_FINAL/COLOCAR_AQUI_MOTION_FINAL.txt
1374	7.43	/Users/lordjef/Downloads/ABRAXAS_V4_2_24_APPLE40M_RESUME_MASTER_PACKAGE/DELIVERABLES/JOC55_ABRAXAS_V4_2_24_PREBUILT/09_MOTIONS_V4_2/AI_SELECTED_V4_2_24/03_VERTICALS/V07/01_HOOK_M3/MOTION_DECISION.json
724	7.43	/Users/lordjef/Downloads/ABRAXAS_V4_2_24_APPLE40M_RESUME_MASTER_PACKAGE/DELIVERABLES/JOC55_ABRAXAS_V4_2_24_PREBUILT/09_MOTIONS_V4_2/AI_SELECTED_V4_2_24/03_VERTICALS/V07/02_TENSION_M2/02_PROMPT_ANIMAR_MOTION.txt
488	7.43	/Users/lordjef/Downloads/ABRAXAS_V4_2_24_APPLE40M_RESUME_MASTER_PACKAGE/DELIVERABLES/JOC55_ABRAXAS_V4_2_24_PREBUILT/09_MOTIONS_V4_2/AI_SELECTED_V4_2_24/03_VERTICALS/V07/02_TENSION_M2/10_ASSETS/MOTION2_TEXT_SEGMENTS_EXACT.json
88	7.43	/Users/lordjef/Downloads/ABRAXAS_V4_2_24_APPLE40M_RESUME_MASTER_PACKAGE/DELIVERABLES/JOC55_ABRAXAS_V4_2_24_PREBUILT/09_MOTIONS_V4_2/AI_SELECTED_V4_2_24/03_VERTICALS/V07/02_TENSION_M2/20_MOTION_FINAL/COLOCAR_AQUI_MOTION_FINAL.txt
1565	7.43	/Users/lordjef/Downloads/ABRAXAS_V4_2_24_APPLE40M_RESUME_MASTER_PACKAGE/DELIVERABLES/JOC55_ABRAXAS_V4_2_24_PREBUILT/09_MOTIONS_V4_2/AI_SELECTED_V4_2_24/03_VERTICALS/V07/02_TENSION_M2/MOTION_DECISION.json
657	7.43	/Users/lordjef/Downloads/ABRAXAS_V4_2_24_APPLE40M_RESUME_MASTER_PACKAGE/DELIVERABLES/JOC55_ABRAXAS_V4_2_24_PREBUILT/09_MOTIONS_V4_2/AI_SELECTED_V4_2_24/03_VERTICALS/V07/03_CORE_M4/02_PROMPT_ANIMAR_MOTION.txt
88	7.43	/Users/lordjef/Downloads/ABRAXAS_V4_2_24_APPLE40M_RESUME_MASTER_PACKAGE/DELIVERABLES/JOC55_ABRAXAS_V4_2_24_PREBUILT/09_MOTIONS_V4_2/AI_SELECTED_V4_2_24/03_VERTICALS/V07/03_CORE_M4/20_MOTION_FINAL/COLOCAR_AQUI_MOTION_FINAL.txt
1319	7.43	/Users/lordjef/Downloads/ABRAXAS_V4_2_24_APPLE40M_RESUME_MASTER_PACKAGE/DELIVERABLES/JOC55_ABRAXAS_V4_2_24_PREBUILT/09_MOTIONS_V4_2/AI_SELECTED_V4_2_24/03_VERTICALS/V07/03_CORE_M4/MOTION_DECISION.json
752	7.43	/Users/lordjef/Downloads/ABRAXAS_V4_2_24_APPLE40M_RESUME_MASTER_PACKAGE/DELIVERABLES/JOC55_ABRAXAS_V4_2_24_PREBUILT/09_MOTIONS_V4_2/AI_SELECTED_V4_2_24/03_VERTICALS/V07/04_SHIFT_M2/02_PROMPT_ANIMAR_MOTION.txt
578	7.43	/Users/lordjef/Downloads/ABRAXAS_V4_2_24_APPLE40M_RESUME_MASTER_PACKAGE/DELIVERABLES/JOC55_ABRAXAS_V4_2_24_PREBUILT/09_MOTIONS_V4_2/AI_SELECTED_V4_2_24/03_VERTICALS/V07/04_SHIFT_M2/10_ASSETS/MOTION2_TEXT_SEGMENTS_EXACT.json
88	7.43	/Users/lordjef/Downloads/ABRAXAS_V4_2_24_APPLE40M_RESUME_MASTER_PACKAGE/DELIVERABLES/JOC55_ABRAXAS_V4_2_24_PREBUILT/09_MOTIONS_V4_2/AI_SELECTED_V4_2_24/03_VERTICALS/V07/04_SHIFT_M2/20_MOTION_FINAL/COLOCAR_AQUI_MOTION_FINAL.txt
1578	7.43	/Users/lordjef/Downloads/ABRAXAS_V4_2_24_APPLE40M_RESUME_MASTER_PACKAGE/DELIVERABLES/JOC55_ABRAXAS_V4_2_24_PREBUILT/09_MOTIONS_V4_2/AI_SELECTED_V4_2_24/03_VERTICALS/V07/04_SHIFT_M2/MOTION_DECISION.json
670	7.43	/Users/lordjef/Downloads/ABRAXAS_V4_2_24_APPLE40M_RESUME_MASTER_PACKAGE/DELIVERABLES/JOC55_ABRAXAS_V4_2_24_PREBUILT/09_MOTIONS_V4_2/AI_SELECTED_V4_2_24/03_VERTICALS/V07/05_MEMORABLE_M3/02_PROMPT_ANIMAR_MOTION.txt
88	7.43	/Users/lordjef/Downloads/ABRAXAS_V4_2_24_APPLE40M_RESUME_MASTER_PACKAGE/DELIVERABLES/JOC55_ABRAXAS_V4_2_24_PREBUILT/09_MOTIONS_V4_2/AI_SELECTED_V4_2_24/03_VERTICALS/V07/05_MEMORABLE_M3/20_MOTION_FINAL/COLOCAR_AQUI_MOTION_FINAL.txt
1360	7.43	/Users/lordjef/Downloads/ABRAXAS_V4_2_24_APPLE40M_RESUME_MASTER_PACKAGE/DELIVERABLES/JOC55_ABRAXAS_V4_2_24_PREBUILT/09_MOTIONS_V4_2/AI_SELECTED_V4_2_24/03_VERTICALS/V07/05_MEMORABLE_M3/MOTION_DECISION.json
680	7.43	/Users/lordjef/Downloads/ABRAXAS_V4_2_24_APPLE40M_RESUME_MASTER_PACKAGE/DELIVERABLES/JOC55_ABRAXAS_V4_2_24_PREBUILT/09_MOTIONS_V4_2/AI_SELECTED_V4_2_24/03_VERTICALS/V07/06_CLOSE_M3/02_PROMPT_ANIMAR_MOTION.txt
88	7.43	/Users/lordjef/Downloads/ABRAXAS_V4_2_24_APPLE40M_RESUME_MASTER_PACKAGE/DELIVERABLES/JOC55_ABRAXAS_V4_2_24_PREBUILT/09_MOTIONS_V4_2/AI_SELECTED_V4_2_24/03_VERTICALS/V07/06_CLOSE_M3/20_MOTION_FINAL/COLOCAR_AQUI_MOTION_FINAL.txt
1395	7.43	/Users/lordjef/Downloads/ABRAXAS_V4_2_24_APPLE40M_RESUME_MASTER_PACKAGE/DELIVERABLES/JOC55_ABRAXAS_V4_2_24_PREBUILT/09_MOTIONS_V4_2/AI_SELECTED_V4_2_24/03_VERTICALS/V07/06_CLOSE_M3/MOTION_DECISION.json
1238	7.43	/Users/lordjef/Downloads/ABRAXAS_V4_2_24_APPLE40M_RESUME_MASTER_PACKAGE/DELIVERABLES/JOC55_ABRAXAS_V4_2_24_PREBUILT/09_MOTIONS_V4_2/AI_SELECTED_V4_2_24/03_VERTICALS/V08/00_MOTION_INDEX.json
676	7.43	/Users/lordjef/Downloads/ABRAXAS_V4_2_24_APPLE40M_RESUME_MASTER_PACKAGE/DELIVERABLES/JOC55_ABRAXAS_V4_2_24_PREBUILT/09_MOTIONS_V4_2/AI_SELECTED_V4_2_24/03_VERTICALS/V08/01_HOOK_M3/02_PROMPT_ANIMAR_MOTION.txt
88	7.43	/Users/lordjef/Downloads/ABRAXAS_V4_2_24_APPLE40M_RESUME_MASTER_PACKAGE/DELIVERABLES/JOC55_ABRAXAS_V4_2_24_PREBUILT/09_MOTIONS_V4_2/AI_SELECTED_V4_2_24/03_VERTICALS/V08/01_HOOK_M3/20_MOTION_FINAL/COLOCAR_AQUI_MOTION_FINAL.txt
1365	7.43	/Users/lordjef/Downloads/ABRAXAS_V4_2_24_APPLE40M_RESUME_MASTER_PACKAGE/DELIVERABLES/JOC55_ABRAXAS_V4_2_24_PREBUILT/09_MOTIONS_V4_2/AI_SELECTED_V4_2_24/03_VERTICALS/V08/01_HOOK_M3/MOTION_DECISION.json
768	7.43	/Users/lordjef/Downloads/ABRAXAS_V4_2_24_APPLE40M_RESUME_MASTER_PACKAGE/DELIVERABLES/JOC55_ABRAXAS_V4_2_24_PREBUILT/09_MOTIONS_V4_2/AI_SELECTED_V4_2_24/03_VERTICALS/V08/02_TENSION_M1/02_PROMPT_ANIMAR_MOTION.txt
88	7.43	/Users/lordjef/Downloads/ABRAXAS_V4_2_24_APPLE40M_RESUME_MASTER_PACKAGE/DELIVERABLES/JOC55_ABRAXAS_V4_2_24_PREBUILT/09_MOTIONS_V4_2/AI_SELECTED_V4_2_24/03_VERTICALS/V08/02_TENSION_M1/20_MOTION_FINAL/COLOCAR_AQUI_MOTION_FINAL.txt
1482	7.43	/Users/lordjef/Downloads/ABRAXAS_V4_2_24_APPLE40M_RESUME_MASTER_PACKAGE/DELIVERABLES/JOC55_ABRAXAS_V4_2_24_PREBUILT/09_MOTIONS_V4_2/AI_SELECTED_V4_2_24/03_VERTICALS/V08/02_TENSION_M1/MOTION_DECISION.json
718	7.43	/Users/lordjef/Downloads/ABRAXAS_V4_2_24_APPLE40M_RESUME_MASTER_PACKAGE/DELIVERABLES/JOC55_ABRAXAS_V4_2_24_PREBUILT/09_MOTIONS_V4_2/AI_SELECTED_V4_2_24/03_VERTICALS/V08/03_CORE_M4/02_PROMPT_ANIMAR_MOTION.txt
88	7.43	/Users/lordjef/Downloads/ABRAXAS_V4_2_24_APPLE40M_RESUME_MASTER_PACKAGE/DELIVERABLES/JOC55_ABRAXAS_V4_2_24_PREBUILT/09_MOTIONS_V4_2/AI_SELECTED_V4_2_24/03_VERTICALS/V08/03_CORE_M4/20_MOTION_FINAL/COLOCAR_AQUI_MOTION_FINAL.txt
1360	7.43	/Users/lordjef/Downloads/ABRAXAS_V4_2_24_APPLE40M_RESUME_MASTER_PACKAGE/DELIVERABLES/JOC55_ABRAXAS_V4_2_24_PREBUILT/09_MOTIONS_V4_2/AI_SELECTED_V4_2_24/03_VERTICALS/V08/03_CORE_M4/MOTION_DECISION.json
663	7.43	/Users/lordjef/Downloads/ABRAXAS_V4_2_24_APPLE40M_RESUME_MASTER_PACKAGE/DELIVERABLES/JOC55_ABRAXAS_V4_2_24_PREBUILT/09_MOTIONS_V4_2/AI_SELECTED_V4_2_24/03_VERTICALS/V08/04_SHIFT_M4/02_PROMPT_ANIMAR_MOTION.txt
88	7.43	/Users/lordjef/Downloads/ABRAXAS_V4_2_24_APPLE40M_RESUME_MASTER_PACKAGE/DELIVERABLES/JOC55_ABRAXAS_V4_2_24_PREBUILT/09_MOTIONS_V4_2/AI_SELECTED_V4_2_24/03_VERTICALS/V08/04_SHIFT_M4/20_MOTION_FINAL/COLOCAR_AQUI_MOTION_FINAL.txt
1310	7.43	/Users/lordjef/Downloads/ABRAXAS_V4_2_24_APPLE40M_RESUME_MASTER_PACKAGE/DELIVERABLES/JOC55_ABRAXAS_V4_2_24_PREBUILT/09_MOTIONS_V4_2/AI_SELECTED_V4_2_24/03_VERTICALS/V08/04_SHIFT_M4/MOTION_DECISION.json
761	7.43	/Users/lordjef/Downloads/ABRAXAS_V4_2_24_APPLE40M_RESUME_MASTER_PACKAGE/DELIVERABLES/JOC55_ABRAXAS_V4_2_24_PREBUILT/09_MOTIONS_V4_2/AI_SELECTED_V4_2_24/03_VERTICALS/V08/05_MEMORABLE_M1/02_PROMPT_ANIMAR_MOTION.txt
88	7.43	/Users/lordjef/Downloads/ABRAXAS_V4_2_24_APPLE40M_RESUME_MASTER_PACKAGE/DELIVERABLES/JOC55_ABRAXAS_V4_2_24_PREBUILT/09_MOTIONS_V4_2/AI_SELECTED_V4_2_24/03_VERTICALS/V08/05_MEMORABLE_M1/20_MOTION_FINAL/COLOCAR_AQUI_MOTION_FINAL.txt
1475	7.43	/Users/lordjef/Downloads/ABRAXAS_V4_2_24_APPLE40M_RESUME_MASTER_PACKAGE/DELIVERABLES/JOC55_ABRAXAS_V4_2_24_PREBUILT/09_MOTIONS_V4_2/AI_SELECTED_V4_2_24/03_VERTICALS/V08/05_MEMORABLE_M1/MOTION_DECISION.json
688	7.43	/Users/lordjef/Downloads/ABRAXAS_V4_2_24_APPLE40M_RESUME_MASTER_PACKAGE/DELIVERABLES/JOC55_ABRAXAS_V4_2_24_PREBUILT/09_MOTIONS_V4_2/AI_SELECTED_V4_2_24/03_VERTICALS/V08/06_CLOSE_M3/02_PROMPT_ANIMAR_MOTION.txt
88	7.43	/Users/lordjef/Downloads/ABRAXAS_V4_2_24_APPLE40M_RESUME_MASTER_PACKAGE/DELIVERABLES/JOC55_ABRAXAS_V4_2_24_PREBUILT/09_MOTIONS_V4_2/AI_SELECTED_V4_2_24/03_VERTICALS/V08/06_CLOSE_M3/20_MOTION_FINAL/COLOCAR_AQUI_MOTION_FINAL.txt
1382	7.43	/Users/lordjef/Downloads/ABRAXAS_V4_2_24_APPLE40M_RESUME_MASTER_PACKAGE/DELIVERABLES/JOC55_ABRAXAS_V4_2_24_PREBUILT/09_MOTIONS_V4_2/AI_SELECTED_V4_2_24/03_VERTICALS/V08/06_CLOSE_M3/MOTION_DECISION.json
1238	7.43	/Users/lordjef/Downloads/ABRAXAS_V4_2_24_APPLE40M_RESUME_MASTER_PACKAGE/DELIVERABLES/JOC55_ABRAXAS_V4_2_24_PREBUILT/09_MOTIONS_V4_2/AI_SELECTED_V4_2_24/03_VERTICALS/V09/00_MOTION_INDEX.json
606	7.43	/Users/lordjef/Downloads/ABRAXAS_V4_2_24_APPLE40M_RESUME_MASTER_PACKAGE/DELIVERABLES/JOC55_ABRAXAS_V4_2_24_PREBUILT/09_MOTIONS_V4_2/AI_SELECTED_V4_2_24/03_VERTICALS/V09/01_HOOK_M3/02_PROMPT_ANIMAR_MOTION.txt
88	7.43	/Users/lordjef/Downloads/ABRAXAS_V4_2_24_APPLE40M_RESUME_MASTER_PACKAGE/DELIVERABLES/JOC55_ABRAXAS_V4_2_24_PREBUILT/09_MOTIONS_V4_2/AI_SELECTED_V4_2_24/03_VERTICALS/V09/01_HOOK_M3/20_MOTION_FINAL/COLOCAR_AQUI_MOTION_FINAL.txt
1302	7.43	/Users/lordjef/Downloads/ABRAXAS_V4_2_24_APPLE40M_RESUME_MASTER_PACKAGE/DELIVERABLES/JOC55_ABRAXAS_V4_2_24_PREBUILT/09_MOTIONS_V4_2/AI_SELECTED_V4_2_24/03_VERTICALS/V09/01_HOOK_M3/MOTION_DECISION.json
750	7.43	/Users/lordjef/Downloads/ABRAXAS_V4_2_24_APPLE40M_RESUME_MASTER_PACKAGE/DELIVERABLES/JOC55_ABRAXAS_V4_2_24_PREBUILT/09_MOTIONS_V4_2/AI_SELECTED_V4_2_24/03_VERTICALS/V09/02_TENSION_M2/02_PROMPT_ANIMAR_MOTION.txt
566	7.43	/Users/lordjef/Downloads/ABRAXAS_V4_2_24_APPLE40M_RESUME_MASTER_PACKAGE/DELIVERABLES/JOC55_ABRAXAS_V4_2_24_PREBUILT/09_MOTIONS_V4_2/AI_SELECTED_V4_2_24/03_VERTICALS/V09/02_TENSION_M2/10_ASSETS/MOTION2_TEXT_SEGMENTS_EXACT.json
88	7.43	/Users/lordjef/Downloads/ABRAXAS_V4_2_24_APPLE40M_RESUME_MASTER_PACKAGE/DELIVERABLES/JOC55_ABRAXAS_V4_2_24_PREBUILT/09_MOTIONS_V4_2/AI_SELECTED_V4_2_24/03_VERTICALS/V09/02_TENSION_M2/20_MOTION_FINAL/COLOCAR_AQUI_MOTION_FINAL.txt
1570	7.43	/Users/lordjef/Downloads/ABRAXAS_V4_2_24_APPLE40M_RESUME_MASTER_PACKAGE/DELIVERABLES/JOC55_ABRAXAS_V4_2_24_PREBUILT/09_MOTIONS_V4_2/AI_SELECTED_V4_2_24/03_VERTICALS/V09/02_TENSION_M2/MOTION_DECISION.json
655	7.43	/Users/lordjef/Downloads/ABRAXAS_V4_2_24_APPLE40M_RESUME_MASTER_PACKAGE/DELIVERABLES/JOC55_ABRAXAS_V4_2_24_PREBUILT/09_MOTIONS_V4_2/AI_SELECTED_V4_2_24/03_VERTICALS/V09/03_CORE_M4/02_PROMPT_ANIMAR_MOTION.txt
88	7.43	/Users/lordjef/Downloads/ABRAXAS_V4_2_24_APPLE40M_RESUME_MASTER_PACKAGE/DELIVERABLES/JOC55_ABRAXAS_V4_2_24_PREBUILT/09_MOTIONS_V4_2/AI_SELECTED_V4_2_24/03_VERTICALS/V09/03_CORE_M4/20_MOTION_FINAL/COLOCAR_AQUI_MOTION_FINAL.txt
1301	7.43	/Users/lordjef/Downloads/ABRAXAS_V4_2_24_APPLE40M_RESUME_MASTER_PACKAGE/DELIVERABLES/JOC55_ABRAXAS_V4_2_24_PREBUILT/09_MOTIONS_V4_2/AI_SELECTED_V4_2_24/03_VERTICALS/V09/03_CORE_M4/MOTION_DECISION.json
665	7.43	/Users/lordjef/Downloads/ABRAXAS_V4_2_24_APPLE40M_RESUME_MASTER_PACKAGE/DELIVERABLES/JOC55_ABRAXAS_V4_2_24_PREBUILT/09_MOTIONS_V4_2/AI_SELECTED_V4_2_24/03_VERTICALS/V09/04_SHIFT_M1/02_PROMPT_ANIMAR_MOTION.txt
88	7.43	/Users/lordjef/Downloads/ABRAXAS_V4_2_24_APPLE40M_RESUME_MASTER_PACKAGE/DELIVERABLES/JOC55_ABRAXAS_V4_2_24_PREBUILT/09_MOTIONS_V4_2/AI_SELECTED_V4_2_24/03_VERTICALS/V09/04_SHIFT_M1/20_MOTION_FINAL/COLOCAR_AQUI_MOTION_FINAL.txt
1382	7.43	/Users/lordjef/Downloads/ABRAXAS_V4_2_24_APPLE40M_RESUME_MASTER_PACKAGE/DELIVERABLES/JOC55_ABRAXAS_V4_2_24_PREBUILT/09_MOTIONS_V4_2/AI_SELECTED_V4_2_24/03_VERTICALS/V09/04_SHIFT_M1/MOTION_DECISION.json
646	7.43	/Users/lordjef/Downloads/ABRAXAS_V4_2_24_APPLE40M_RESUME_MASTER_PACKAGE/DELIVERABLES/JOC55_ABRAXAS_V4_2_24_PREBUILT/09_MOTIONS_V4_2/AI_SELECTED_V4_2_24/03_VERTICALS/V09/05_MEMORABLE_M3/02_PROMPT_ANIMAR_MOTION.txt
88	7.43	/Users/lordjef/Downloads/ABRAXAS_V4_2_24_APPLE40M_RESUME_MASTER_PACKAGE/DELIVERABLES/JOC55_ABRAXAS_V4_2_24_PREBUILT/09_MOTIONS_V4_2/AI_SELECTED_V4_2_24/03_VERTICALS/V09/05_MEMORABLE_M3/20_MOTION_FINAL/COLOCAR_AQUI_MOTION_FINAL.txt
1353	7.43	/Users/lordjef/Downloads/ABRAXAS_V4_2_24_APPLE40M_RESUME_MASTER_PACKAGE/DELIVERABLES/JOC55_ABRAXAS_V4_2_24_PREBUILT/09_MOTIONS_V4_2/AI_SELECTED_V4_2_24/03_VERTICALS/V09/05_MEMORABLE_M3/MOTION_DECISION.json
654	7.43	/Users/lordjef/Downloads/ABRAXAS_V4_2_24_APPLE40M_RESUME_MASTER_PACKAGE/DELIVERABLES/JOC55_ABRAXAS_V4_2_24_PREBUILT/09_MOTIONS_V4_2/AI_SELECTED_V4_2_24/03_VERTICALS/V09/06_CLOSE_M3/02_PROMPT_ANIMAR_MOTION.txt
88	7.43	/Users/lordjef/Downloads/ABRAXAS_V4_2_24_APPLE40M_RESUME_MASTER_PACKAGE/DELIVERABLES/JOC55_ABRAXAS_V4_2_24_PREBUILT/09_MOTIONS_V4_2/AI_SELECTED_V4_2_24/03_VERTICALS/V09/06_CLOSE_M3/20_MOTION_FINAL/COLOCAR_AQUI_MOTION_FINAL.txt
1366	7.43	/Users/lordjef/Downloads/ABRAXAS_V4_2_24_APPLE40M_RESUME_MASTER_PACKAGE/DELIVERABLES/JOC55_ABRAXAS_V4_2_24_PREBUILT/09_MOTIONS_V4_2/AI_SELECTED_V4_2_24/03_VERTICALS/V09/06_CLOSE_M3/MOTION_DECISION.json
1238	7.43	/Users/lordjef/Downloads/ABRAXAS_V4_2_24_APPLE40M_RESUME_MASTER_PACKAGE/DELIVERABLES/JOC55_ABRAXAS_V4_2_24_PREBUILT/09_MOTIONS_V4_2/AI_SELECTED_V4_2_24/03_VERTICALS/V10/00_MOTION_INDEX.json
655	7.43	/Users/lordjef/Downloads/ABRAXAS_V4_2_24_APPLE40M_RESUME_MASTER_PACKAGE/DELIVERABLES/JOC55_ABRAXAS_V4_2_24_PREBUILT/09_MOTIONS_V4_2/AI_SELECTED_V4_2_24/03_VERTICALS/V10/01_HOOK_M3/02_PROMPT_ANIMAR_MOTION.txt
88	7.43	/Users/lordjef/Downloads/ABRAXAS_V4_2_24_APPLE40M_RESUME_MASTER_PACKAGE/DELIVERABLES/JOC55_ABRAXAS_V4_2_24_PREBUILT/09_MOTIONS_V4_2/AI_SELECTED_V4_2_24/03_VERTICALS/V10/01_HOOK_M3/20_MOTION_FINAL/COLOCAR_AQUI_MOTION_FINAL.txt
1350	7.43	/Users/lordjef/Downloads/ABRAXAS_V4_2_24_APPLE40M_RESUME_MASTER_PACKAGE/DELIVERABLES/JOC55_ABRAXAS_V4_2_24_PREBUILT/09_MOTIONS_V4_2/AI_SELECTED_V4_2_24/03_VERTICALS/V10/01_HOOK_M3/MOTION_DECISION.json
737	7.43	/Users/lordjef/Downloads/ABRAXAS_V4_2_24_APPLE40M_RESUME_MASTER_PACKAGE/DELIVERABLES/JOC55_ABRAXAS_V4_2_24_PREBUILT/09_MOTIONS_V4_2/AI_SELECTED_V4_2_24/03_VERTICALS/V10/02_TENSION_M3/02_PROMPT_ANIMAR_MOTION.txt
88	7.43	/Users/lordjef/Downloads/ABRAXAS_V4_2_24_APPLE40M_RESUME_MASTER_PACKAGE/DELIVERABLES/JOC55_ABRAXAS_V4_2_24_PREBUILT/09_MOTIONS_V4_2/AI_SELECTED_V4_2_24/03_VERTICALS/V10/02_TENSION_M3/20_MOTION_FINAL/COLOCAR_AQUI_MOTION_FINAL.txt
1422	7.43	/Users/lordjef/Downloads/ABRAXAS_V4_2_24_APPLE40M_RESUME_MASTER_PACKAGE/DELIVERABLES/JOC55_ABRAXAS_V4_2_24_PREBUILT/09_MOTIONS_V4_2/AI_SELECTED_V4_2_24/03_VERTICALS/V10/02_TENSION_M3/MOTION_DECISION.json
649	7.43	/Users/lordjef/Downloads/ABRAXAS_V4_2_24_APPLE40M_RESUME_MASTER_PACKAGE/DELIVERABLES/JOC55_ABRAXAS_V4_2_24_PREBUILT/09_MOTIONS_V4_2/AI_SELECTED_V4_2_24/03_VERTICALS/V10/03_CORE_M4/02_PROMPT_ANIMAR_MOTION.txt
88	7.43	/Users/lordjef/Downloads/ABRAXAS_V4_2_24_APPLE40M_RESUME_MASTER_PACKAGE/DELIVERABLES/JOC55_ABRAXAS_V4_2_24_PREBUILT/09_MOTIONS_V4_2/AI_SELECTED_V4_2_24/03_VERTICALS/V10/03_CORE_M4/20_MOTION_FINAL/COLOCAR_AQUI_MOTION_FINAL.txt
1312	7.43	/Users/lordjef/Downloads/ABRAXAS_V4_2_24_APPLE40M_RESUME_MASTER_PACKAGE/DELIVERABLES/JOC55_ABRAXAS_V4_2_24_PREBUILT/09_MOTIONS_V4_2/AI_SELECTED_V4_2_24/03_VERTICALS/V10/03_CORE_M4/MOTION_DECISION.json
669	7.43	/Users/lordjef/Downloads/ABRAXAS_V4_2_24_APPLE40M_RESUME_MASTER_PACKAGE/DELIVERABLES/JOC55_ABRAXAS_V4_2_24_PREBUILT/09_MOTIONS_V4_2/AI_SELECTED_V4_2_24/03_VERTICALS/V10/04_SHIFT_M4/02_PROMPT_ANIMAR_MOTION.txt
88	7.43	/Users/lordjef/Downloads/ABRAXAS_V4_2_24_APPLE40M_RESUME_MASTER_PACKAGE/DELIVERABLES/JOC55_ABRAXAS_V4_2_24_PREBUILT/09_MOTIONS_V4_2/AI_SELECTED_V4_2_24/03_VERTICALS/V10/04_SHIFT_M4/20_MOTION_FINAL/COLOCAR_AQUI_MOTION_FINAL.txt
1315	7.43	/Users/lordjef/Downloads/ABRAXAS_V4_2_24_APPLE40M_RESUME_MASTER_PACKAGE/DELIVERABLES/JOC55_ABRAXAS_V4_2_24_PREBUILT/09_MOTIONS_V4_2/AI_SELECTED_V4_2_24/03_VERTICALS/V10/04_SHIFT_M4/MOTION_DECISION.json
698	7.43	/Users/lordjef/Downloads/ABRAXAS_V4_2_24_APPLE40M_RESUME_MASTER_PACKAGE/DELIVERABLES/JOC55_ABRAXAS_V4_2_24_PREBUILT/09_MOTIONS_V4_2/AI_SELECTED_V4_2_24/03_VERTICALS/V10/05_MEMORABLE_M3/02_PROMPT_ANIMAR_MOTION.txt
88	7.43	/Users/lordjef/Downloads/ABRAXAS_V4_2_24_APPLE40M_RESUME_MASTER_PACKAGE/DELIVERABLES/JOC55_ABRAXAS_V4_2_24_PREBUILT/09_MOTIONS_V4_2/AI_SELECTED_V4_2_24/03_VERTICALS/V10/05_MEMORABLE_M3/20_MOTION_FINAL/COLOCAR_AQUI_MOTION_FINAL.txt
1386	7.43	/Users/lordjef/Downloads/ABRAXAS_V4_2_24_APPLE40M_RESUME_MASTER_PACKAGE/DELIVERABLES/JOC55_ABRAXAS_V4_2_24_PREBUILT/09_MOTIONS_V4_2/AI_SELECTED_V4_2_24/03_VERTICALS/V10/05_MEMORABLE_M3/MOTION_DECISION.json
717	7.43	/Users/lordjef/Downloads/ABRAXAS_V4_2_24_APPLE40M_RESUME_MASTER_PACKAGE/DELIVERABLES/JOC55_ABRAXAS_V4_2_24_PREBUILT/09_MOTIONS_V4_2/AI_SELECTED_V4_2_24/03_VERTICALS/V10/06_CLOSE_M1/02_PROMPT_ANIMAR_MOTION.txt
88	7.43	/Users/lordjef/Downloads/ABRAXAS_V4_2_24_APPLE40M_RESUME_MASTER_PACKAGE/DELIVERABLES/JOC55_ABRAXAS_V4_2_24_PREBUILT/09_MOTIONS_V4_2/AI_SELECTED_V4_2_24/03_VERTICALS/V10/06_CLOSE_M1/20_MOTION_FINAL/COLOCAR_AQUI_MOTION_FINAL.txt
1438	7.43	/Users/lordjef/Downloads/ABRAXAS_V4_2_24_APPLE40M_RESUME_MASTER_PACKAGE/DELIVERABLES/JOC55_ABRAXAS_V4_2_24_PREBUILT/09_MOTIONS_V4_2/AI_SELECTED_V4_2_24/03_VERTICALS/V10/06_CLOSE_M1/MOTION_DECISION.json
1238	7.43	/Users/lordjef/Downloads/ABRAXAS_V4_2_24_APPLE40M_RESUME_MASTER_PACKAGE/DELIVERABLES/JOC55_ABRAXAS_V4_2_24_PREBUILT/09_MOTIONS_V4_2/AI_SELECTED_V4_2_24/03_VERTICALS/V11/00_MOTION_INDEX.json
642	7.43	/Users/lordjef/Downloads/ABRAXAS_V4_2_24_APPLE40M_RESUME_MASTER_PACKAGE/DELIVERABLES/JOC55_ABRAXAS_V4_2_24_PREBUILT/09_MOTIONS_V4_2/AI_SELECTED_V4_2_24/03_VERTICALS/V11/01_HOOK_M3/02_PROMPT_ANIMAR_MOTION.txt
88	7.43	/Users/lordjef/Downloads/ABRAXAS_V4_2_24_APPLE40M_RESUME_MASTER_PACKAGE/DELIVERABLES/JOC55_ABRAXAS_V4_2_24_PREBUILT/09_MOTIONS_V4_2/AI_SELECTED_V4_2_24/03_VERTICALS/V11/01_HOOK_M3/20_MOTION_FINAL/COLOCAR_AQUI_MOTION_FINAL.txt
1336	7.43	/Users/lordjef/Downloads/ABRAXAS_V4_2_24_APPLE40M_RESUME_MASTER_PACKAGE/DELIVERABLES/JOC55_ABRAXAS_V4_2_24_PREBUILT/09_MOTIONS_V4_2/AI_SELECTED_V4_2_24/03_VERTICALS/V11/01_HOOK_M3/MOTION_DECISION.json
693	7.43	/Users/lordjef/Downloads/ABRAXAS_V4_2_24_APPLE40M_RESUME_MASTER_PACKAGE/DELIVERABLES/JOC55_ABRAXAS_V4_2_24_PREBUILT/09_MOTIONS_V4_2/AI_SELECTED_V4_2_24/03_VERTICALS/V11/02_TENSION_M1/02_PROMPT_ANIMAR_MOTION.txt
88	7.43	/Users/lordjef/Downloads/ABRAXAS_V4_2_24_APPLE40M_RESUME_MASTER_PACKAGE/DELIVERABLES/JOC55_ABRAXAS_V4_2_24_PREBUILT/09_MOTIONS_V4_2/AI_SELECTED_V4_2_24/03_VERTICALS/V11/02_TENSION_M1/20_MOTION_FINAL/COLOCAR_AQUI_MOTION_FINAL.txt
1420	7.43	/Users/lordjef/Downloads/ABRAXAS_V4_2_24_APPLE40M_RESUME_MASTER_PACKAGE/DELIVERABLES/JOC55_ABRAXAS_V4_2_24_PREBUILT/09_MOTIONS_V4_2/AI_SELECTED_V4_2_24/03_VERTICALS/V11/02_TENSION_M1/MOTION_DECISION.json
751	7.43	/Users/lordjef/Downloads/ABRAXAS_V4_2_24_APPLE40M_RESUME_MASTER_PACKAGE/DELIVERABLES/JOC55_ABRAXAS_V4_2_24_PREBUILT/09_MOTIONS_V4_2/AI_SELECTED_V4_2_24/03_VERTICALS/V11/03_CORE_M4/02_PROMPT_ANIMAR_MOTION.txt
88	7.43	/Users/lordjef/Downloads/ABRAXAS_V4_2_24_APPLE40M_RESUME_MASTER_PACKAGE/DELIVERABLES/JOC55_ABRAXAS_V4_2_24_PREBUILT/09_MOTIONS_V4_2/AI_SELECTED_V4_2_24/03_VERTICALS/V11/03_CORE_M4/20_MOTION_FINAL/COLOCAR_AQUI_MOTION_FINAL.txt
1398	7.43	/Users/lordjef/Downloads/ABRAXAS_V4_2_24_APPLE40M_RESUME_MASTER_PACKAGE/DELIVERABLES/JOC55_ABRAXAS_V4_2_24_PREBUILT/09_MOTIONS_V4_2/AI_SELECTED_V4_2_24/03_VERTICALS/V11/03_CORE_M4/MOTION_DECISION.json
719	7.43	/Users/lordjef/Downloads/ABRAXAS_V4_2_24_APPLE40M_RESUME_MASTER_PACKAGE/DELIVERABLES/JOC55_ABRAXAS_V4_2_24_PREBUILT/09_MOTIONS_V4_2/AI_SELECTED_V4_2_24/03_VERTICALS/V11/04_SHIFT_M1/02_PROMPT_ANIMAR_MOTION.txt
88	7.43	/Users/lordjef/Downloads/ABRAXAS_V4_2_24_APPLE40M_RESUME_MASTER_PACKAGE/DELIVERABLES/JOC55_ABRAXAS_V4_2_24_PREBUILT/09_MOTIONS_V4_2/AI_SELECTED_V4_2_24/03_VERTICALS/V11/04_SHIFT_M1/20_MOTION_FINAL/COLOCAR_AQUI_MOTION_FINAL.txt
1432	7.43	/Users/lordjef/Downloads/ABRAXAS_V4_2_24_APPLE40M_RESUME_MASTER_PACKAGE/DELIVERABLES/JOC55_ABRAXAS_V4_2_24_PREBUILT/09_MOTIONS_V4_2/AI_SELECTED_V4_2_24/03_VERTICALS/V11/04_SHIFT_M1/MOTION_DECISION.json
687	7.43	/Users/lordjef/Downloads/ABRAXAS_V4_2_24_APPLE40M_RESUME_MASTER_PACKAGE/DELIVERABLES/JOC55_ABRAXAS_V4_2_24_PREBUILT/09_MOTIONS_V4_2/AI_SELECTED_V4_2_24/03_VERTICALS/V11/05_MEMORABLE_M3/02_PROMPT_ANIMAR_MOTION.txt
88	7.43	/Users/lordjef/Downloads/ABRAXAS_V4_2_24_APPLE40M_RESUME_MASTER_PACKAGE/DELIVERABLES/JOC55_ABRAXAS_V4_2_24_PREBUILT/09_MOTIONS_V4_2/AI_SELECTED_V4_2_24/03_VERTICALS/V11/05_MEMORABLE_M3/20_MOTION_FINAL/COLOCAR_AQUI_MOTION_FINAL.txt
1375	7.43	/Users/lordjef/Downloads/ABRAXAS_V4_2_24_APPLE40M_RESUME_MASTER_PACKAGE/DELIVERABLES/JOC55_ABRAXAS_V4_2_24_PREBUILT/09_MOTIONS_V4_2/AI_SELECTED_V4_2_24/03_VERTICALS/V11/05_MEMORABLE_M3/MOTION_DECISION.json
710	7.43	/Users/lordjef/Downloads/ABRAXAS_V4_2_24_APPLE40M_RESUME_MASTER_PACKAGE/DELIVERABLES/JOC55_ABRAXAS_V4_2_24_PREBUILT/09_MOTIONS_V4_2/AI_SELECTED_V4_2_24/03_VERTICALS/V11/06_CLOSE_M3/02_PROMPT_ANIMAR_MOTION.txt
88	7.43	/Users/lordjef/Downloads/ABRAXAS_V4_2_24_APPLE40M_RESUME_MASTER_PACKAGE/DELIVERABLES/JOC55_ABRAXAS_V4_2_24_PREBUILT/09_MOTIONS_V4_2/AI_SELECTED_V4_2_24/03_VERTICALS/V11/06_CLOSE_M3/20_MOTION_FINAL/COLOCAR_AQUI_MOTION_FINAL.txt
1404	7.43	/Users/lordjef/Downloads/ABRAXAS_V4_2_24_APPLE40M_RESUME_MASTER_PACKAGE/DELIVERABLES/JOC55_ABRAXAS_V4_2_24_PREBUILT/09_MOTIONS_V4_2/AI_SELECTED_V4_2_24/03_VERTICALS/V11/06_CLOSE_M3/MOTION_DECISION.json
1238	7.43	/Users/lordjef/Downloads/ABRAXAS_V4_2_24_APPLE40M_RESUME_MASTER_PACKAGE/DELIVERABLES/JOC55_ABRAXAS_V4_2_24_PREBUILT/09_MOTIONS_V4_2/AI_SELECTED_V4_2_24/03_VERTICALS/V12/00_MOTION_INDEX.json
667	7.43	/Users/lordjef/Downloads/ABRAXAS_V4_2_24_APPLE40M_RESUME_MASTER_PACKAGE/DELIVERABLES/JOC55_ABRAXAS_V4_2_24_PREBUILT/09_MOTIONS_V4_2/AI_SELECTED_V4_2_24/03_VERTICALS/V12/01_HOOK_M3/02_PROMPT_ANIMAR_MOTION.txt
88	7.43	/Users/lordjef/Downloads/ABRAXAS_V4_2_24_APPLE40M_RESUME_MASTER_PACKAGE/DELIVERABLES/JOC55_ABRAXAS_V4_2_24_PREBUILT/09_MOTIONS_V4_2/AI_SELECTED_V4_2_24/03_VERTICALS/V12/01_HOOK_M3/20_MOTION_FINAL/COLOCAR_AQUI_MOTION_FINAL.txt
1353	7.43	/Users/lordjef/Downloads/ABRAXAS_V4_2_24_APPLE40M_RESUME_MASTER_PACKAGE/DELIVERABLES/JOC55_ABRAXAS_V4_2_24_PREBUILT/09_MOTIONS_V4_2/AI_SELECTED_V4_2_24/03_VERTICALS/V12/01_HOOK_M3/MOTION_DECISION.json
677	7.43	/Users/lordjef/Downloads/ABRAXAS_V4_2_24_APPLE40M_RESUME_MASTER_PACKAGE/DELIVERABLES/JOC55_ABRAXAS_V4_2_24_PREBUILT/09_MOTIONS_V4_2/AI_SELECTED_V4_2_24/03_VERTICALS/V12/02_TENSION_M3/02_PROMPT_ANIMAR_MOTION.txt
88	7.43	/Users/lordjef/Downloads/ABRAXAS_V4_2_24_APPLE40M_RESUME_MASTER_PACKAGE/DELIVERABLES/JOC55_ABRAXAS_V4_2_24_PREBUILT/09_MOTIONS_V4_2/AI_SELECTED_V4_2_24/03_VERTICALS/V12/02_TENSION_M3/20_MOTION_FINAL/COLOCAR_AQUI_MOTION_FINAL.txt
1383	7.43	/Users/lordjef/Downloads/ABRAXAS_V4_2_24_APPLE40M_RESUME_MASTER_PACKAGE/DELIVERABLES/JOC55_ABRAXAS_V4_2_24_PREBUILT/09_MOTIONS_V4_2/AI_SELECTED_V4_2_24/03_VERTICALS/V12/02_TENSION_M3/MOTION_DECISION.json
695	7.43	/Users/lordjef/Downloads/ABRAXAS_V4_2_24_APPLE40M_RESUME_MASTER_PACKAGE/DELIVERABLES/JOC55_ABRAXAS_V4_2_24_PREBUILT/09_MOTIONS_V4_2/AI_SELECTED_V4_2_24/03_VERTICALS/V12/03_CORE_M2/02_PROMPT_ANIMAR_MOTION.txt
410	7.43	/Users/lordjef/Downloads/ABRAXAS_V4_2_24_APPLE40M_RESUME_MASTER_PACKAGE/DELIVERABLES/JOC55_ABRAXAS_V4_2_24_PREBUILT/09_MOTIONS_V4_2/AI_SELECTED_V4_2_24/03_VERTICALS/V12/03_CORE_M2/10_ASSETS/MOTION2_TEXT_SEGMENTS_EXACT.json
88	7.43	/Users/lordjef/Downloads/ABRAXAS_V4_2_24_APPLE40M_RESUME_MASTER_PACKAGE/DELIVERABLES/JOC55_ABRAXAS_V4_2_24_PREBUILT/09_MOTIONS_V4_2/AI_SELECTED_V4_2_24/03_VERTICALS/V12/03_CORE_M2/20_MOTION_FINAL/COLOCAR_AQUI_MOTION_FINAL.txt
1520	7.43	/Users/lordjef/Downloads/ABRAXAS_V4_2_24_APPLE40M_RESUME_MASTER_PACKAGE/DELIVERABLES/JOC55_ABRAXAS_V4_2_24_PREBUILT/09_MOTIONS_V4_2/AI_SELECTED_V4_2_24/03_VERTICALS/V12/03_CORE_M2/MOTION_DECISION.json
686	7.43	/Users/lordjef/Downloads/ABRAXAS_V4_2_24_APPLE40M_RESUME_MASTER_PACKAGE/DELIVERABLES/JOC55_ABRAXAS_V4_2_24_PREBUILT/09_MOTIONS_V4_2/AI_SELECTED_V4_2_24/03_VERTICALS/V12/04_SHIFT_M1/02_PROMPT_ANIMAR_MOTION.txt
88	7.43	/Users/lordjef/Downloads/ABRAXAS_V4_2_24_APPLE40M_RESUME_MASTER_PACKAGE/DELIVERABLES/JOC55_ABRAXAS_V4_2_24_PREBUILT/09_MOTIONS_V4_2/AI_SELECTED_V4_2_24/03_VERTICALS/V12/04_SHIFT_M1/20_MOTION_FINAL/COLOCAR_AQUI_MOTION_FINAL.txt
1418	7.43	/Users/lordjef/Downloads/ABRAXAS_V4_2_24_APPLE40M_RESUME_MASTER_PACKAGE/DELIVERABLES/JOC55_ABRAXAS_V4_2_24_PREBUILT/09_MOTIONS_V4_2/AI_SELECTED_V4_2_24/03_VERTICALS/V12/04_SHIFT_M1/MOTION_DECISION.json
632	7.43	/Users/lordjef/Downloads/ABRAXAS_V4_2_24_APPLE40M_RESUME_MASTER_PACKAGE/DELIVERABLES/JOC55_ABRAXAS_V4_2_24_PREBUILT/09_MOTIONS_V4_2/AI_SELECTED_V4_2_24/03_VERTICALS/V12/05_MEMORABLE_M3/02_PROMPT_ANIMAR_MOTION.txt
88	7.43	/Users/lordjef/Downloads/ABRAXAS_V4_2_24_APPLE40M_RESUME_MASTER_PACKAGE/DELIVERABLES/JOC55_ABRAXAS_V4_2_24_PREBUILT/09_MOTIONS_V4_2/AI_SELECTED_V4_2_24/03_VERTICALS/V12/05_MEMORABLE_M3/20_MOTION_FINAL/COLOCAR_AQUI_MOTION_FINAL.txt
1341	7.43	/Users/lordjef/Downloads/ABRAXAS_V4_2_24_APPLE40M_RESUME_MASTER_PACKAGE/DELIVERABLES/JOC55_ABRAXAS_V4_2_24_PREBUILT/09_MOTIONS_V4_2/AI_SELECTED_V4_2_24/03_VERTICALS/V12/05_MEMORABLE_M3/MOTION_DECISION.json
697	7.43	/Users/lordjef/Downloads/ABRAXAS_V4_2_24_APPLE40M_RESUME_MASTER_PACKAGE/DELIVERABLES/JOC55_ABRAXAS_V4_2_24_PREBUILT/09_MOTIONS_V4_2/AI_SELECTED_V4_2_24/03_VERTICALS/V12/06_CLOSE_M2/02_PROMPT_ANIMAR_MOTION.txt
413	7.43	/Users/lordjef/Downloads/ABRAXAS_V4_2_24_APPLE40M_RESUME_MASTER_PACKAGE/DELIVERABLES/JOC55_ABRAXAS_V4_2_24_PREBUILT/09_MOTIONS_V4_2/AI_SELECTED_V4_2_24/03_VERTICALS/V12/06_CLOSE_M2/10_ASSETS/MOTION2_TEXT_SEGMENTS_EXACT.json
88	7.43	/Users/lordjef/Downloads/ABRAXAS_V4_2_24_APPLE40M_RESUME_MASTER_PACKAGE/DELIVERABLES/JOC55_ABRAXAS_V4_2_24_PREBUILT/09_MOTIONS_V4_2/AI_SELECTED_V4_2_24/03_VERTICALS/V12/06_CLOSE_M2/20_MOTION_FINAL/COLOCAR_AQUI_MOTION_FINAL.txt
1528	7.43	/Users/lordjef/Downloads/ABRAXAS_V4_2_24_APPLE40M_RESUME_MASTER_PACKAGE/DELIVERABLES/JOC55_ABRAXAS_V4_2_24_PREBUILT/09_MOTIONS_V4_2/AI_SELECTED_V4_2_24/03_VERTICALS/V12/06_CLOSE_M2/MOTION_DECISION.json
1238	7.43	/Users/lordjef/Downloads/ABRAXAS_V4_2_24_APPLE40M_RESUME_MASTER_PACKAGE/DELIVERABLES/JOC55_ABRAXAS_V4_2_24_PREBUILT/09_MOTIONS_V4_2/AI_SELECTED_V4_2_24/03_VERTICALS/V13/00_MOTION_INDEX.json
637	7.43	/Users/lordjef/Downloads/ABRAXAS_V4_2_24_APPLE40M_RESUME_MASTER_PACKAGE/DELIVERABLES/JOC55_ABRAXAS_V4_2_24_PREBUILT/09_MOTIONS_V4_2/AI_SELECTED_V4_2_24/03_VERTICALS/V13/01_HOOK_M3/02_PROMPT_ANIMAR_MOTION.txt
88	7.43	/Users/lordjef/Downloads/ABRAXAS_V4_2_24_APPLE40M_RESUME_MASTER_PACKAGE/DELIVERABLES/JOC55_ABRAXAS_V4_2_24_PREBUILT/09_MOTIONS_V4_2/AI_SELECTED_V4_2_24/03_VERTICALS/V13/01_HOOK_M3/20_MOTION_FINAL/COLOCAR_AQUI_MOTION_FINAL.txt
1348	7.43	/Users/lordjef/Downloads/ABRAXAS_V4_2_24_APPLE40M_RESUME_MASTER_PACKAGE/DELIVERABLES/JOC55_ABRAXAS_V4_2_24_PREBUILT/09_MOTIONS_V4_2/AI_SELECTED_V4_2_24/03_VERTICALS/V13/01_HOOK_M3/MOTION_DECISION.json
714	7.43	/Users/lordjef/Downloads/ABRAXAS_V4_2_24_APPLE40M_RESUME_MASTER_PACKAGE/DELIVERABLES/JOC55_ABRAXAS_V4_2_24_PREBUILT/09_MOTIONS_V4_2/AI_SELECTED_V4_2_24/03_VERTICALS/V13/02_TENSION_M3/02_PROMPT_ANIMAR_MOTION.txt
88	7.43	/Users/lordjef/Downloads/ABRAXAS_V4_2_24_APPLE40M_RESUME_MASTER_PACKAGE/DELIVERABLES/JOC55_ABRAXAS_V4_2_24_PREBUILT/09_MOTIONS_V4_2/AI_SELECTED_V4_2_24/03_VERTICALS/V13/02_TENSION_M3/20_MOTION_FINAL/COLOCAR_AQUI_MOTION_FINAL.txt
1420	7.43	/Users/lordjef/Downloads/ABRAXAS_V4_2_24_APPLE40M_RESUME_MASTER_PACKAGE/DELIVERABLES/JOC55_ABRAXAS_V4_2_24_PREBUILT/09_MOTIONS_V4_2/AI_SELECTED_V4_2_24/03_VERTICALS/V13/02_TENSION_M3/MOTION_DECISION.json
685	7.43	/Users/lordjef/Downloads/ABRAXAS_V4_2_24_APPLE40M_RESUME_MASTER_PACKAGE/DELIVERABLES/JOC55_ABRAXAS_V4_2_24_PREBUILT/09_MOTIONS_V4_2/AI_SELECTED_V4_2_24/03_VERTICALS/V13/03_CORE_M4/02_PROMPT_ANIMAR_MOTION.txt
88	7.43	/Users/lordjef/Downloads/ABRAXAS_V4_2_24_APPLE40M_RESUME_MASTER_PACKAGE/DELIVERABLES/JOC55_ABRAXAS_V4_2_24_PREBUILT/09_MOTIONS_V4_2/AI_SELECTED_V4_2_24/03_VERTICALS/V13/03_CORE_M4/20_MOTION_FINAL/COLOCAR_AQUI_MOTION_FINAL.txt
1348	7.43	/Users/lordjef/Downloads/ABRAXAS_V4_2_24_APPLE40M_RESUME_MASTER_PACKAGE/DELIVERABLES/JOC55_ABRAXAS_V4_2_24_PREBUILT/09_MOTIONS_V4_2/AI_SELECTED_V4_2_24/03_VERTICALS/V13/03_CORE_M4/MOTION_DECISION.json
687	7.43	/Users/lordjef/Downloads/ABRAXAS_V4_2_24_APPLE40M_RESUME_MASTER_PACKAGE/DELIVERABLES/JOC55_ABRAXAS_V4_2_24_PREBUILT/09_MOTIONS_V4_2/AI_SELECTED_V4_2_24/03_VERTICALS/V13/04_SHIFT_M1/02_PROMPT_ANIMAR_MOTION.txt
88	7.43	/Users/lordjef/Downloads/ABRAXAS_V4_2_24_APPLE40M_RESUME_MASTER_PACKAGE/DELIVERABLES/JOC55_ABRAXAS_V4_2_24_PREBUILT/09_MOTIONS_V4_2/AI_SELECTED_V4_2_24/03_VERTICALS/V13/04_SHIFT_M1/20_MOTION_FINAL/COLOCAR_AQUI_MOTION_FINAL.txt
1440	7.43	/Users/lordjef/Downloads/ABRAXAS_V4_2_24_APPLE40M_RESUME_MASTER_PACKAGE/DELIVERABLES/JOC55_ABRAXAS_V4_2_24_PREBUILT/09_MOTIONS_V4_2/AI_SELECTED_V4_2_24/03_VERTICALS/V13/04_SHIFT_M1/MOTION_DECISION.json
646	7.43	/Users/lordjef/Downloads/ABRAXAS_V4_2_24_APPLE40M_RESUME_MASTER_PACKAGE/DELIVERABLES/JOC55_ABRAXAS_V4_2_24_PREBUILT/09_MOTIONS_V4_2/AI_SELECTED_V4_2_24/03_VERTICALS/V13/05_MEMORABLE_M3/02_PROMPT_ANIMAR_MOTION.txt
88	7.43	/Users/lordjef/Downloads/ABRAXAS_V4_2_24_APPLE40M_RESUME_MASTER_PACKAGE/DELIVERABLES/JOC55_ABRAXAS_V4_2_24_PREBUILT/09_MOTIONS_V4_2/AI_SELECTED_V4_2_24/03_VERTICALS/V13/05_MEMORABLE_M3/20_MOTION_FINAL/COLOCAR_AQUI_MOTION_FINAL.txt
1334	7.43	/Users/lordjef/Downloads/ABRAXAS_V4_2_24_APPLE40M_RESUME_MASTER_PACKAGE/DELIVERABLES/JOC55_ABRAXAS_V4_2_24_PREBUILT/09_MOTIONS_V4_2/AI_SELECTED_V4_2_24/03_VERTICALS/V13/05_MEMORABLE_M3/MOTION_DECISION.json
687	7.43	/Users/lordjef/Downloads/ABRAXAS_V4_2_24_APPLE40M_RESUME_MASTER_PACKAGE/DELIVERABLES/JOC55_ABRAXAS_V4_2_24_PREBUILT/09_MOTIONS_V4_2/AI_SELECTED_V4_2_24/03_VERTICALS/V13/06_CLOSE_M3/02_PROMPT_ANIMAR_MOTION.txt
88	7.43	/Users/lordjef/Downloads/ABRAXAS_V4_2_24_APPLE40M_RESUME_MASTER_PACKAGE/DELIVERABLES/JOC55_ABRAXAS_V4_2_24_PREBUILT/09_MOTIONS_V4_2/AI_SELECTED_V4_2_24/03_VERTICALS/V13/06_CLOSE_M3/20_MOTION_FINAL/COLOCAR_AQUI_MOTION_FINAL.txt
1380	7.43	/Users/lordjef/Downloads/ABRAXAS_V4_2_24_APPLE40M_RESUME_MASTER_PACKAGE/DELIVERABLES/JOC55_ABRAXAS_V4_2_24_PREBUILT/09_MOTIONS_V4_2/AI_SELECTED_V4_2_24/03_VERTICALS/V13/06_CLOSE_M3/MOTION_DECISION.json
1238	7.43	/Users/lordjef/Downloads/ABRAXAS_V4_2_24_APPLE40M_RESUME_MASTER_PACKAGE/DELIVERABLES/JOC55_ABRAXAS_V4_2_24_PREBUILT/09_MOTIONS_V4_2/AI_SELECTED_V4_2_24/03_VERTICALS/V14/00_MOTION_INDEX.json
665	7.43	/Users/lordjef/Downloads/ABRAXAS_V4_2_24_APPLE40M_RESUME_MASTER_PACKAGE/DELIVERABLES/JOC55_ABRAXAS_V4_2_24_PREBUILT/09_MOTIONS_V4_2/AI_SELECTED_V4_2_24/03_VERTICALS/V14/01_HOOK_M3/02_PROMPT_ANIMAR_MOTION.txt
88	7.43	/Users/lordjef/Downloads/ABRAXAS_V4_2_24_APPLE40M_RESUME_MASTER_PACKAGE/DELIVERABLES/JOC55_ABRAXAS_V4_2_24_PREBUILT/09_MOTIONS_V4_2/AI_SELECTED_V4_2_24/03_VERTICALS/V14/01_HOOK_M3/20_MOTION_FINAL/COLOCAR_AQUI_MOTION_FINAL.txt
1391	7.43	/Users/lordjef/Downloads/ABRAXAS_V4_2_24_APPLE40M_RESUME_MASTER_PACKAGE/DELIVERABLES/JOC55_ABRAXAS_V4_2_24_PREBUILT/09_MOTIONS_V4_2/AI_SELECTED_V4_2_24/03_VERTICALS/V14/01_HOOK_M3/MOTION_DECISION.json
656	7.43	/Users/lordjef/Downloads/ABRAXAS_V4_2_24_APPLE40M_RESUME_MASTER_PACKAGE/DELIVERABLES/JOC55_ABRAXAS_V4_2_24_PREBUILT/09_MOTIONS_V4_2/AI_SELECTED_V4_2_24/03_VERTICALS/V14/02_TENSION_M3/02_PROMPT_ANIMAR_MOTION.txt
88	7.43	/Users/lordjef/Downloads/ABRAXAS_V4_2_24_APPLE40M_RESUME_MASTER_PACKAGE/DELIVERABLES/JOC55_ABRAXAS_V4_2_24_PREBUILT/09_MOTIONS_V4_2/AI_SELECTED_V4_2_24/03_VERTICALS/V14/02_TENSION_M3/20_MOTION_FINAL/COLOCAR_AQUI_MOTION_FINAL.txt
1361	7.43	/Users/lordjef/Downloads/ABRAXAS_V4_2_24_APPLE40M_RESUME_MASTER_PACKAGE/DELIVERABLES/JOC55_ABRAXAS_V4_2_24_PREBUILT/09_MOTIONS_V4_2/AI_SELECTED_V4_2_24/03_VERTICALS/V14/02_TENSION_M3/MOTION_DECISION.json
698	7.43	/Users/lordjef/Downloads/ABRAXAS_V4_2_24_APPLE40M_RESUME_MASTER_PACKAGE/DELIVERABLES/JOC55_ABRAXAS_V4_2_24_PREBUILT/09_MOTIONS_V4_2/AI_SELECTED_V4_2_24/03_VERTICALS/V14/03_CORE_M4/02_PROMPT_ANIMAR_MOTION.txt
88	7.43	/Users/lordjef/Downloads/ABRAXAS_V4_2_24_APPLE40M_RESUME_MASTER_PACKAGE/DELIVERABLES/JOC55_ABRAXAS_V4_2_24_PREBUILT/09_MOTIONS_V4_2/AI_SELECTED_V4_2_24/03_VERTICALS/V14/03_CORE_M4/20_MOTION_FINAL/COLOCAR_AQUI_MOTION_FINAL.txt
1358	7.43	/Users/lordjef/Downloads/ABRAXAS_V4_2_24_APPLE40M_RESUME_MASTER_PACKAGE/DELIVERABLES/JOC55_ABRAXAS_V4_2_24_PREBUILT/09_MOTIONS_V4_2/AI_SELECTED_V4_2_24/03_VERTICALS/V14/03_CORE_M4/MOTION_DECISION.json
658	7.43	/Users/lordjef/Downloads/ABRAXAS_V4_2_24_APPLE40M_RESUME_MASTER_PACKAGE/DELIVERABLES/JOC55_ABRAXAS_V4_2_24_PREBUILT/09_MOTIONS_V4_2/AI_SELECTED_V4_2_24/03_VERTICALS/V14/04_SHIFT_M4/02_PROMPT_ANIMAR_MOTION.txt
88	7.43	/Users/lordjef/Downloads/ABRAXAS_V4_2_24_APPLE40M_RESUME_MASTER_PACKAGE/DELIVERABLES/JOC55_ABRAXAS_V4_2_24_PREBUILT/09_MOTIONS_V4_2/AI_SELECTED_V4_2_24/03_VERTICALS/V14/04_SHIFT_M4/20_MOTION_FINAL/COLOCAR_AQUI_MOTION_FINAL.txt
1309	7.43	/Users/lordjef/Downloads/ABRAXAS_V4_2_24_APPLE40M_RESUME_MASTER_PACKAGE/DELIVERABLES/JOC55_ABRAXAS_V4_2_24_PREBUILT/09_MOTIONS_V4_2/AI_SELECTED_V4_2_24/03_VERTICALS/V14/04_SHIFT_M4/MOTION_DECISION.json
642	7.43	/Users/lordjef/Downloads/ABRAXAS_V4_2_24_APPLE40M_RESUME_MASTER_PACKAGE/DELIVERABLES/JOC55_ABRAXAS_V4_2_24_PREBUILT/09_MOTIONS_V4_2/AI_SELECTED_V4_2_24/03_VERTICALS/V14/05_MEMORABLE_M3/02_PROMPT_ANIMAR_MOTION.txt
88	7.43	/Users/lordjef/Downloads/ABRAXAS_V4_2_24_APPLE40M_RESUME_MASTER_PACKAGE/DELIVERABLES/JOC55_ABRAXAS_V4_2_24_PREBUILT/09_MOTIONS_V4_2/AI_SELECTED_V4_2_24/03_VERTICALS/V14/05_MEMORABLE_M3/20_MOTION_FINAL/COLOCAR_AQUI_MOTION_FINAL.txt
1351	7.43	/Users/lordjef/Downloads/ABRAXAS_V4_2_24_APPLE40M_RESUME_MASTER_PACKAGE/DELIVERABLES/JOC55_ABRAXAS_V4_2_24_PREBUILT/09_MOTIONS_V4_2/AI_SELECTED_V4_2_24/03_VERTICALS/V14/05_MEMORABLE_M3/MOTION_DECISION.json
676	7.43	/Users/lordjef/Downloads/ABRAXAS_V4_2_24_APPLE40M_RESUME_MASTER_PACKAGE/DELIVERABLES/JOC55_ABRAXAS_V4_2_24_PREBUILT/09_MOTIONS_V4_2/AI_SELECTED_V4_2_24/03_VERTICALS/V14/06_CLOSE_M3/02_PROMPT_ANIMAR_MOTION.txt
88	7.43	/Users/lordjef/Downloads/ABRAXAS_V4_2_24_APPLE40M_RESUME_MASTER_PACKAGE/DELIVERABLES/JOC55_ABRAXAS_V4_2_24_PREBUILT/09_MOTIONS_V4_2/AI_SELECTED_V4_2_24/03_VERTICALS/V14/06_CLOSE_M3/20_MOTION_FINAL/COLOCAR_AQUI_MOTION_FINAL.txt
1389	7.43	/Users/lordjef/Downloads/ABRAXAS_V4_2_24_APPLE40M_RESUME_MASTER_PACKAGE/DELIVERABLES/JOC55_ABRAXAS_V4_2_24_PREBUILT/09_MOTIONS_V4_2/AI_SELECTED_V4_2_24/03_VERTICALS/V14/06_CLOSE_M3/MOTION_DECISION.json
1238	7.43	/Users/lordjef/Downloads/ABRAXAS_V4_2_24_APPLE40M_RESUME_MASTER_PACKAGE/DELIVERABLES/JOC55_ABRAXAS_V4_2_24_PREBUILT/09_MOTIONS_V4_2/AI_SELECTED_V4_2_24/03_VERTICALS/V15/00_MOTION_INDEX.json
701	7.43	/Users/lordjef/Downloads/ABRAXAS_V4_2_24_APPLE40M_RESUME_MASTER_PACKAGE/DELIVERABLES/JOC55_ABRAXAS_V4_2_24_PREBUILT/09_MOTIONS_V4_2/AI_SELECTED_V4_2_24/03_VERTICALS/V15/01_HOOK_M3/02_PROMPT_ANIMAR_MOTION.txt
88	7.43	/Users/lordjef/Downloads/ABRAXAS_V4_2_24_APPLE40M_RESUME_MASTER_PACKAGE/DELIVERABLES/JOC55_ABRAXAS_V4_2_24_PREBUILT/09_MOTIONS_V4_2/AI_SELECTED_V4_2_24/03_VERTICALS/V15/01_HOOK_M3/20_MOTION_FINAL/COLOCAR_AQUI_MOTION_FINAL.txt
1386	7.43	/Users/lordjef/Downloads/ABRAXAS_V4_2_24_APPLE40M_RESUME_MASTER_PACKAGE/DELIVERABLES/JOC55_ABRAXAS_V4_2_24_PREBUILT/09_MOTIONS_V4_2/AI_SELECTED_V4_2_24/03_VERTICALS/V15/01_HOOK_M3/MOTION_DECISION.json
647	7.43	/Users/lordjef/Downloads/ABRAXAS_V4_2_24_APPLE40M_RESUME_MASTER_PACKAGE/DELIVERABLES/JOC55_ABRAXAS_V4_2_24_PREBUILT/09_MOTIONS_V4_2/AI_SELECTED_V4_2_24/03_VERTICALS/V15/02_TENSION_M1/02_PROMPT_ANIMAR_MOTION.txt
88	7.43	/Users/lordjef/Downloads/ABRAXAS_V4_2_24_APPLE40M_RESUME_MASTER_PACKAGE/DELIVERABLES/JOC55_ABRAXAS_V4_2_24_PREBUILT/09_MOTIONS_V4_2/AI_SELECTED_V4_2_24/03_VERTICALS/V15/02_TENSION_M1/20_MOTION_FINAL/COLOCAR_AQUI_MOTION_FINAL.txt
1389	7.43	/Users/lordjef/Downloads/ABRAXAS_V4_2_24_APPLE40M_RESUME_MASTER_PACKAGE/DELIVERABLES/JOC55_ABRAXAS_V4_2_24_PREBUILT/09_MOTIONS_V4_2/AI_SELECTED_V4_2_24/03_VERTICALS/V15/02_TENSION_M1/MOTION_DECISION.json
725	7.43	/Users/lordjef/Downloads/ABRAXAS_V4_2_24_APPLE40M_RESUME_MASTER_PACKAGE/DELIVERABLES/JOC55_ABRAXAS_V4_2_24_PREBUILT/09_MOTIONS_V4_2/AI_SELECTED_V4_2_24/03_VERTICALS/V15/03_CORE_M4/02_PROMPT_ANIMAR_MOTION.txt
88	7.43	/Users/lordjef/Downloads/ABRAXAS_V4_2_24_APPLE40M_RESUME_MASTER_PACKAGE/DELIVERABLES/JOC55_ABRAXAS_V4_2_24_PREBUILT/09_MOTIONS_V4_2/AI_SELECTED_V4_2_24/03_VERTICALS/V15/03_CORE_M4/20_MOTION_FINAL/COLOCAR_AQUI_MOTION_FINAL.txt
1385	7.43	/Users/lordjef/Downloads/ABRAXAS_V4_2_24_APPLE40M_RESUME_MASTER_PACKAGE/DELIVERABLES/JOC55_ABRAXAS_V4_2_24_PREBUILT/09_MOTIONS_V4_2/AI_SELECTED_V4_2_24/03_VERTICALS/V15/03_CORE_M4/MOTION_DECISION.json
678	7.43	/Users/lordjef/Downloads/ABRAXAS_V4_2_24_APPLE40M_RESUME_MASTER_PACKAGE/DELIVERABLES/JOC55_ABRAXAS_V4_2_24_PREBUILT/09_MOTIONS_V4_2/AI_SELECTED_V4_2_24/03_VERTICALS/V15/04_SHIFT_M1/02_PROMPT_ANIMAR_MOTION.txt
88	7.43	/Users/lordjef/Downloads/ABRAXAS_V4_2_24_APPLE40M_RESUME_MASTER_PACKAGE/DELIVERABLES/JOC55_ABRAXAS_V4_2_24_PREBUILT/09_MOTIONS_V4_2/AI_SELECTED_V4_2_24/03_VERTICALS/V15/04_SHIFT_M1/20_MOTION_FINAL/COLOCAR_AQUI_MOTION_FINAL.txt
1395	7.43	/Users/lordjef/Downloads/ABRAXAS_V4_2_24_APPLE40M_RESUME_MASTER_PACKAGE/DELIVERABLES/JOC55_ABRAXAS_V4_2_24_PREBUILT/09_MOTIONS_V4_2/AI_SELECTED_V4_2_24/03_VERTICALS/V15/04_SHIFT_M1/MOTION_DECISION.json
664	7.43	/Users/lordjef/Downloads/ABRAXAS_V4_2_24_APPLE40M_RESUME_MASTER_PACKAGE/DELIVERABLES/JOC55_ABRAXAS_V4_2_24_PREBUILT/09_MOTIONS_V4_2/AI_SELECTED_V4_2_24/03_VERTICALS/V15/05_MEMORABLE_M3/02_PROMPT_ANIMAR_MOTION.txt
88	7.43	/Users/lordjef/Downloads/ABRAXAS_V4_2_24_APPLE40M_RESUME_MASTER_PACKAGE/DELIVERABLES/JOC55_ABRAXAS_V4_2_24_PREBUILT/09_MOTIONS_V4_2/AI_SELECTED_V4_2_24/03_VERTICALS/V15/05_MEMORABLE_M3/20_MOTION_FINAL/COLOCAR_AQUI_MOTION_FINAL.txt
1372	7.43	/Users/lordjef/Downloads/ABRAXAS_V4_2_24_APPLE40M_RESUME_MASTER_PACKAGE/DELIVERABLES/JOC55_ABRAXAS_V4_2_24_PREBUILT/09_MOTIONS_V4_2/AI_SELECTED_V4_2_24/03_VERTICALS/V15/05_MEMORABLE_M3/MOTION_DECISION.json
703	7.43	/Users/lordjef/Downloads/ABRAXAS_V4_2_24_APPLE40M_RESUME_MASTER_PACKAGE/DELIVERABLES/JOC55_ABRAXAS_V4_2_24_PREBUILT/09_MOTIONS_V4_2/AI_SELECTED_V4_2_24/03_VERTICALS/V15/06_CLOSE_M3/02_PROMPT_ANIMAR_MOTION.txt
88	7.43	/Users/lordjef/Downloads/ABRAXAS_V4_2_24_APPLE40M_RESUME_MASTER_PACKAGE/DELIVERABLES/JOC55_ABRAXAS_V4_2_24_PREBUILT/09_MOTIONS_V4_2/AI_SELECTED_V4_2_24/03_VERTICALS/V15/06_CLOSE_M3/20_MOTION_FINAL/COLOCAR_AQUI_MOTION_FINAL.txt
1397	7.43	/Users/lordjef/Downloads/ABRAXAS_V4_2_24_APPLE40M_RESUME_MASTER_PACKAGE/DELIVERABLES/JOC55_ABRAXAS_V4_2_24_PREBUILT/09_MOTIONS_V4_2/AI_SELECTED_V4_2_24/03_VERTICALS/V15/06_CLOSE_M3/MOTION_DECISION.json
1238	7.43	/Users/lordjef/Downloads/ABRAXAS_V4_2_24_APPLE40M_RESUME_MASTER_PACKAGE/DELIVERABLES/JOC55_ABRAXAS_V4_2_24_PREBUILT/09_MOTIONS_V4_2/AI_SELECTED_V4_2_24/03_VERTICALS/V16/00_MOTION_INDEX.json
628	7.43	/Users/lordjef/Downloads/ABRAXAS_V4_2_24_APPLE40M_RESUME_MASTER_PACKAGE/DELIVERABLES/JOC55_ABRAXAS_V4_2_24_PREBUILT/09_MOTIONS_V4_2/AI_SELECTED_V4_2_24/03_VERTICALS/V16/01_HOOK_M3/02_PROMPT_ANIMAR_MOTION.txt
88	7.43	/Users/lordjef/Downloads/ABRAXAS_V4_2_24_APPLE40M_RESUME_MASTER_PACKAGE/DELIVERABLES/JOC55_ABRAXAS_V4_2_24_PREBUILT/09_MOTIONS_V4_2/AI_SELECTED_V4_2_24/03_VERTICALS/V16/01_HOOK_M3/20_MOTION_FINAL/COLOCAR_AQUI_MOTION_FINAL.txt
1342	7.43	/Users/lordjef/Downloads/ABRAXAS_V4_2_24_APPLE40M_RESUME_MASTER_PACKAGE/DELIVERABLES/JOC55_ABRAXAS_V4_2_24_PREBUILT/09_MOTIONS_V4_2/AI_SELECTED_V4_2_24/03_VERTICALS/V16/01_HOOK_M3/MOTION_DECISION.json
680	7.43	/Users/lordjef/Downloads/ABRAXAS_V4_2_24_APPLE40M_RESUME_MASTER_PACKAGE/DELIVERABLES/JOC55_ABRAXAS_V4_2_24_PREBUILT/09_MOTIONS_V4_2/AI_SELECTED_V4_2_24/03_VERTICALS/V16/02_TENSION_M3/02_PROMPT_ANIMAR_MOTION.txt
88	7.43	/Users/lordjef/Downloads/ABRAXAS_V4_2_24_APPLE40M_RESUME_MASTER_PACKAGE/DELIVERABLES/JOC55_ABRAXAS_V4_2_24_PREBUILT/09_MOTIONS_V4_2/AI_SELECTED_V4_2_24/03_VERTICALS/V16/02_TENSION_M3/20_MOTION_FINAL/COLOCAR_AQUI_MOTION_FINAL.txt
1385	7.43	/Users/lordjef/Downloads/ABRAXAS_V4_2_24_APPLE40M_RESUME_MASTER_PACKAGE/DELIVERABLES/JOC55_ABRAXAS_V4_2_24_PREBUILT/09_MOTIONS_V4_2/AI_SELECTED_V4_2_24/03_VERTICALS/V16/02_TENSION_M3/MOTION_DECISION.json
720	7.43	/Users/lordjef/Downloads/ABRAXAS_V4_2_24_APPLE40M_RESUME_MASTER_PACKAGE/DELIVERABLES/JOC55_ABRAXAS_V4_2_24_PREBUILT/09_MOTIONS_V4_2/AI_SELECTED_V4_2_24/03_VERTICALS/V16/03_CORE_M4/02_PROMPT_ANIMAR_MOTION.txt
88	7.43	/Users/lordjef/Downloads/ABRAXAS_V4_2_24_APPLE40M_RESUME_MASTER_PACKAGE/DELIVERABLES/JOC55_ABRAXAS_V4_2_24_PREBUILT/09_MOTIONS_V4_2/AI_SELECTED_V4_2_24/03_VERTICALS/V16/03_CORE_M4/20_MOTION_FINAL/COLOCAR_AQUI_MOTION_FINAL.txt
1365	7.43	/Users/lordjef/Downloads/ABRAXAS_V4_2_24_APPLE40M_RESUME_MASTER_PACKAGE/DELIVERABLES/JOC55_ABRAXAS_V4_2_24_PREBUILT/09_MOTIONS_V4_2/AI_SELECTED_V4_2_24/03_VERTICALS/V16/03_CORE_M4/MOTION_DECISION.json
652	7.43	/Users/lordjef/Downloads/ABRAXAS_V4_2_24_APPLE40M_RESUME_MASTER_PACKAGE/DELIVERABLES/JOC55_ABRAXAS_V4_2_24_PREBUILT/09_MOTIONS_V4_2/AI_SELECTED_V4_2_24/03_VERTICALS/V16/04_SHIFT_M1/02_PROMPT_ANIMAR_MOTION.txt
88	7.43	/Users/lordjef/Downloads/ABRAXAS_V4_2_24_APPLE40M_RESUME_MASTER_PACKAGE/DELIVERABLES/JOC55_ABRAXAS_V4_2_24_PREBUILT/09_MOTIONS_V4_2/AI_SELECTED_V4_2_24/03_VERTICALS/V16/04_SHIFT_M1/20_MOTION_FINAL/COLOCAR_AQUI_MOTION_FINAL.txt
1370	7.43	/Users/lordjef/Downloads/ABRAXAS_V4_2_24_APPLE40M_RESUME_MASTER_PACKAGE/DELIVERABLES/JOC55_ABRAXAS_V4_2_24_PREBUILT/09_MOTIONS_V4_2/AI_SELECTED_V4_2_24/03_VERTICALS/V16/04_SHIFT_M1/MOTION_DECISION.json
696	7.43	/Users/lordjef/Downloads/ABRAXAS_V4_2_24_APPLE40M_RESUME_MASTER_PACKAGE/DELIVERABLES/JOC55_ABRAXAS_V4_2_24_PREBUILT/09_MOTIONS_V4_2/AI_SELECTED_V4_2_24/03_VERTICALS/V16/05_MEMORABLE_M3/02_PROMPT_ANIMAR_MOTION.txt
88	7.43	/Users/lordjef/Downloads/ABRAXAS_V4_2_24_APPLE40M_RESUME_MASTER_PACKAGE/DELIVERABLES/JOC55_ABRAXAS_V4_2_24_PREBUILT/09_MOTIONS_V4_2/AI_SELECTED_V4_2_24/03_VERTICALS/V16/05_MEMORABLE_M3/20_MOTION_FINAL/COLOCAR_AQUI_MOTION_FINAL.txt
1388	7.43	/Users/lordjef/Downloads/ABRAXAS_V4_2_24_APPLE40M_RESUME_MASTER_PACKAGE/DELIVERABLES/JOC55_ABRAXAS_V4_2_24_PREBUILT/09_MOTIONS_V4_2/AI_SELECTED_V4_2_24/03_VERTICALS/V16/05_MEMORABLE_M3/MOTION_DECISION.json
745	7.43	/Users/lordjef/Downloads/ABRAXAS_V4_2_24_APPLE40M_RESUME_MASTER_PACKAGE/DELIVERABLES/JOC55_ABRAXAS_V4_2_24_PREBUILT/09_MOTIONS_V4_2/AI_SELECTED_V4_2_24/03_VERTICALS/V16/06_CLOSE_M6/02_PROMPT_ANIMAR_MOTION.txt
88	7.43	/Users/lordjef/Downloads/ABRAXAS_V4_2_24_APPLE40M_RESUME_MASTER_PACKAGE/DELIVERABLES/JOC55_ABRAXAS_V4_2_24_PREBUILT/09_MOTIONS_V4_2/AI_SELECTED_V4_2_24/03_VERTICALS/V16/06_CLOSE_M6/20_MOTION_FINAL/COLOCAR_AQUI_MOTION_FINAL.txt
1444	7.43	/Users/lordjef/Downloads/ABRAXAS_V4_2_24_APPLE40M_RESUME_MASTER_PACKAGE/DELIVERABLES/JOC55_ABRAXAS_V4_2_24_PREBUILT/09_MOTIONS_V4_2/AI_SELECTED_V4_2_24/03_VERTICALS/V16/06_CLOSE_M6/MOTION_DECISION.json
1238	7.43	/Users/lordjef/Downloads/ABRAXAS_V4_2_24_APPLE40M_RESUME_MASTER_PACKAGE/DELIVERABLES/JOC55_ABRAXAS_V4_2_24_PREBUILT/09_MOTIONS_V4_2/AI_SELECTED_V4_2_24/03_VERTICALS/V17/00_MOTION_INDEX.json
723	7.43	/Users/lordjef/Downloads/ABRAXAS_V4_2_24_APPLE40M_RESUME_MASTER_PACKAGE/DELIVERABLES/JOC55_ABRAXAS_V4_2_24_PREBUILT/09_MOTIONS_V4_2/AI_SELECTED_V4_2_24/03_VERTICALS/V17/01_HOOK_M6/02_PROMPT_ANIMAR_MOTION.txt
88	7.43	/Users/lordjef/Downloads/ABRAXAS_V4_2_24_APPLE40M_RESUME_MASTER_PACKAGE/DELIVERABLES/JOC55_ABRAXAS_V4_2_24_PREBUILT/09_MOTIONS_V4_2/AI_SELECTED_V4_2_24/03_VERTICALS/V17/01_HOOK_M6/20_MOTION_FINAL/COLOCAR_AQUI_MOTION_FINAL.txt
1433	7.43	/Users/lordjef/Downloads/ABRAXAS_V4_2_24_APPLE40M_RESUME_MASTER_PACKAGE/DELIVERABLES/JOC55_ABRAXAS_V4_2_24_PREBUILT/09_MOTIONS_V4_2/AI_SELECTED_V4_2_24/03_VERTICALS/V17/01_HOOK_M6/MOTION_DECISION.json
712	7.43	/Users/lordjef/Downloads/ABRAXAS_V4_2_24_APPLE40M_RESUME_MASTER_PACKAGE/DELIVERABLES/JOC55_ABRAXAS_V4_2_24_PREBUILT/09_MOTIONS_V4_2/AI_SELECTED_V4_2_24/03_VERTICALS/V17/02_TENSION_M1/02_PROMPT_ANIMAR_MOTION.txt
88	7.43	/Users/lordjef/Downloads/ABRAXAS_V4_2_24_APPLE40M_RESUME_MASTER_PACKAGE/DELIVERABLES/JOC55_ABRAXAS_V4_2_24_PREBUILT/09_MOTIONS_V4_2/AI_SELECTED_V4_2_24/03_VERTICALS/V17/02_TENSION_M1/20_MOTION_FINAL/COLOCAR_AQUI_MOTION_FINAL.txt
1453	7.43	/Users/lordjef/Downloads/ABRAXAS_V4_2_24_APPLE40M_RESUME_MASTER_PACKAGE/DELIVERABLES/JOC55_ABRAXAS_V4_2_24_PREBUILT/09_MOTIONS_V4_2/AI_SELECTED_V4_2_24/03_VERTICALS/V17/02_TENSION_M1/MOTION_DECISION.json
634	7.43	/Users/lordjef/Downloads/ABRAXAS_V4_2_24_APPLE40M_RESUME_MASTER_PACKAGE/DELIVERABLES/JOC55_ABRAXAS_V4_2_24_PREBUILT/09_MOTIONS_V4_2/AI_SELECTED_V4_2_24/03_VERTICALS/V17/03_CORE_M4/02_PROMPT_ANIMAR_MOTION.txt
88	7.43	/Users/lordjef/Downloads/ABRAXAS_V4_2_24_APPLE40M_RESUME_MASTER_PACKAGE/DELIVERABLES/JOC55_ABRAXAS_V4_2_24_PREBUILT/09_MOTIONS_V4_2/AI_SELECTED_V4_2_24/03_VERTICALS/V17/03_CORE_M4/20_MOTION_FINAL/COLOCAR_AQUI_MOTION_FINAL.txt
1315	7.43	/Users/lordjef/Downloads/ABRAXAS_V4_2_24_APPLE40M_RESUME_MASTER_PACKAGE/DELIVERABLES/JOC55_ABRAXAS_V4_2_24_PREBUILT/09_MOTIONS_V4_2/AI_SELECTED_V4_2_24/03_VERTICALS/V17/03_CORE_M4/MOTION_DECISION.json
707	7.43	/Users/lordjef/Downloads/ABRAXAS_V4_2_24_APPLE40M_RESUME_MASTER_PACKAGE/DELIVERABLES/JOC55_ABRAXAS_V4_2_24_PREBUILT/09_MOTIONS_V4_2/AI_SELECTED_V4_2_24/03_VERTICALS/V17/04_SHIFT_M6/02_PROMPT_ANIMAR_MOTION.txt
88	7.43	/Users/lordjef/Downloads/ABRAXAS_V4_2_24_APPLE40M_RESUME_MASTER_PACKAGE/DELIVERABLES/JOC55_ABRAXAS_V4_2_24_PREBUILT/09_MOTIONS_V4_2/AI_SELECTED_V4_2_24/03_VERTICALS/V17/04_SHIFT_M6/20_MOTION_FINAL/COLOCAR_AQUI_MOTION_FINAL.txt
1404	7.43	/Users/lordjef/Downloads/ABRAXAS_V4_2_24_APPLE40M_RESUME_MASTER_PACKAGE/DELIVERABLES/JOC55_ABRAXAS_V4_2_24_PREBUILT/09_MOTIONS_V4_2/AI_SELECTED_V4_2_24/03_VERTICALS/V17/04_SHIFT_M6/MOTION_DECISION.json
663	7.43	/Users/lordjef/Downloads/ABRAXAS_V4_2_24_APPLE40M_RESUME_MASTER_PACKAGE/DELIVERABLES/JOC55_ABRAXAS_V4_2_24_PREBUILT/09_MOTIONS_V4_2/AI_SELECTED_V4_2_24/03_VERTICALS/V17/05_MEMORABLE_M3/02_PROMPT_ANIMAR_MOTION.txt
88	7.43	/Users/lordjef/Downloads/ABRAXAS_V4_2_24_APPLE40M_RESUME_MASTER_PACKAGE/DELIVERABLES/JOC55_ABRAXAS_V4_2_24_PREBUILT/09_MOTIONS_V4_2/AI_SELECTED_V4_2_24/03_VERTICALS/V17/05_MEMORABLE_M3/20_MOTION_FINAL/COLOCAR_AQUI_MOTION_FINAL.txt
1351	7.43	/Users/lordjef/Downloads/ABRAXAS_V4_2_24_APPLE40M_RESUME_MASTER_PACKAGE/DELIVERABLES/JOC55_ABRAXAS_V4_2_24_PREBUILT/09_MOTIONS_V4_2/AI_SELECTED_V4_2_24/03_VERTICALS/V17/05_MEMORABLE_M3/MOTION_DECISION.json
652	7.43	/Users/lordjef/Downloads/ABRAXAS_V4_2_24_APPLE40M_RESUME_MASTER_PACKAGE/DELIVERABLES/JOC55_ABRAXAS_V4_2_24_PREBUILT/09_MOTIONS_V4_2/AI_SELECTED_V4_2_24/03_VERTICALS/V17/06_CLOSE_M3/02_PROMPT_ANIMAR_MOTION.txt
88	7.43	/Users/lordjef/Downloads/ABRAXAS_V4_2_24_APPLE40M_RESUME_MASTER_PACKAGE/DELIVERABLES/JOC55_ABRAXAS_V4_2_24_PREBUILT/09_MOTIONS_V4_2/AI_SELECTED_V4_2_24/03_VERTICALS/V17/06_CLOSE_M3/20_MOTION_FINAL/COLOCAR_AQUI_MOTION_FINAL.txt
1346	7.43	/Users/lordjef/Downloads/ABRAXAS_V4_2_24_APPLE40M_RESUME_MASTER_PACKAGE/DELIVERABLES/JOC55_ABRAXAS_V4_2_24_PREBUILT/09_MOTIONS_V4_2/AI_SELECTED_V4_2_24/03_VERTICALS/V17/06_CLOSE_M3/MOTION_DECISION.json
1238	7.43	/Users/lordjef/Downloads/ABRAXAS_V4_2_24_APPLE40M_RESUME_MASTER_PACKAGE/DELIVERABLES/JOC55_ABRAXAS_V4_2_24_PREBUILT/09_MOTIONS_V4_2/AI_SELECTED_V4_2_24/03_VERTICALS/V18/00_MOTION_INDEX.json
685	7.43	/Users/lordjef/Downloads/ABRAXAS_V4_2_24_APPLE40M_RESUME_MASTER_PACKAGE/DELIVERABLES/JOC55_ABRAXAS_V4_2_24_PREBUILT/09_MOTIONS_V4_2/AI_SELECTED_V4_2_24/03_VERTICALS/V18/01_HOOK_M3/02_PROMPT_ANIMAR_MOTION.txt
88	7.43	/Users/lordjef/Downloads/ABRAXAS_V4_2_24_APPLE40M_RESUME_MASTER_PACKAGE/DELIVERABLES/JOC55_ABRAXAS_V4_2_24_PREBUILT/09_MOTIONS_V4_2/AI_SELECTED_V4_2_24/03_VERTICALS/V18/01_HOOK_M3/20_MOTION_FINAL/COLOCAR_AQUI_MOTION_FINAL.txt
1371	7.43	/Users/lordjef/Downloads/ABRAXAS_V4_2_24_APPLE40M_RESUME_MASTER_PACKAGE/DELIVERABLES/JOC55_ABRAXAS_V4_2_24_PREBUILT/09_MOTIONS_V4_2/AI_SELECTED_V4_2_24/03_VERTICALS/V18/01_HOOK_M3/MOTION_DECISION.json
728	7.43	/Users/lordjef/Downloads/ABRAXAS_V4_2_24_APPLE40M_RESUME_MASTER_PACKAGE/DELIVERABLES/JOC55_ABRAXAS_V4_2_24_PREBUILT/09_MOTIONS_V4_2/AI_SELECTED_V4_2_24/03_VERTICALS/V18/02_TENSION_M1/02_PROMPT_ANIMAR_MOTION.txt
88	7.43	/Users/lordjef/Downloads/ABRAXAS_V4_2_24_APPLE40M_RESUME_MASTER_PACKAGE/DELIVERABLES/JOC55_ABRAXAS_V4_2_24_PREBUILT/09_MOTIONS_V4_2/AI_SELECTED_V4_2_24/03_VERTICALS/V18/02_TENSION_M1/20_MOTION_FINAL/COLOCAR_AQUI_MOTION_FINAL.txt
1435	7.43	/Users/lordjef/Downloads/ABRAXAS_V4_2_24_APPLE40M_RESUME_MASTER_PACKAGE/DELIVERABLES/JOC55_ABRAXAS_V4_2_24_PREBUILT/09_MOTIONS_V4_2/AI_SELECTED_V4_2_24/03_VERTICALS/V18/02_TENSION_M1/MOTION_DECISION.json
666	7.43	/Users/lordjef/Downloads/ABRAXAS_V4_2_24_APPLE40M_RESUME_MASTER_PACKAGE/DELIVERABLES/JOC55_ABRAXAS_V4_2_24_PREBUILT/09_MOTIONS_V4_2/AI_SELECTED_V4_2_24/03_VERTICALS/V18/03_CORE_M1/02_PROMPT_ANIMAR_MOTION.txt
88	7.43	/Users/lordjef/Downloads/ABRAXAS_V4_2_24_APPLE40M_RESUME_MASTER_PACKAGE/DELIVERABLES/JOC55_ABRAXAS_V4_2_24_PREBUILT/09_MOTIONS_V4_2/AI_SELECTED_V4_2_24/03_VERTICALS/V18/03_CORE_M1/20_MOTION_FINAL/COLOCAR_AQUI_MOTION_FINAL.txt
1379	7.43	/Users/lordjef/Downloads/ABRAXAS_V4_2_24_APPLE40M_RESUME_MASTER_PACKAGE/DELIVERABLES/JOC55_ABRAXAS_V4_2_24_PREBUILT/09_MOTIONS_V4_2/AI_SELECTED_V4_2_24/03_VERTICALS/V18/03_CORE_M1/MOTION_DECISION.json
675	7.43	/Users/lordjef/Downloads/ABRAXAS_V4_2_24_APPLE40M_RESUME_MASTER_PACKAGE/DELIVERABLES/JOC55_ABRAXAS_V4_2_24_PREBUILT/09_MOTIONS_V4_2/AI_SELECTED_V4_2_24/03_VERTICALS/V18/04_SHIFT_M1/02_PROMPT_ANIMAR_MOTION.txt
88	7.43	/Users/lordjef/Downloads/ABRAXAS_V4_2_24_APPLE40M_RESUME_MASTER_PACKAGE/DELIVERABLES/JOC55_ABRAXAS_V4_2_24_PREBUILT/09_MOTIONS_V4_2/AI_SELECTED_V4_2_24/03_VERTICALS/V18/04_SHIFT_M1/20_MOTION_FINAL/COLOCAR_AQUI_MOTION_FINAL.txt
1393	7.43	/Users/lordjef/Downloads/ABRAXAS_V4_2_24_APPLE40M_RESUME_MASTER_PACKAGE/DELIVERABLES/JOC55_ABRAXAS_V4_2_24_PREBUILT/09_MOTIONS_V4_2/AI_SELECTED_V4_2_24/03_VERTICALS/V18/04_SHIFT_M1/MOTION_DECISION.json
623	7.43	/Users/lordjef/Downloads/ABRAXAS_V4_2_24_APPLE40M_RESUME_MASTER_PACKAGE/DELIVERABLES/JOC55_ABRAXAS_V4_2_24_PREBUILT/09_MOTIONS_V4_2/AI_SELECTED_V4_2_24/03_VERTICALS/V18/05_MEMORABLE_M3/02_PROMPT_ANIMAR_MOTION.txt
88	7.43	/Users/lordjef/Downloads/ABRAXAS_V4_2_24_APPLE40M_RESUME_MASTER_PACKAGE/DELIVERABLES/JOC55_ABRAXAS_V4_2_24_PREBUILT/09_MOTIONS_V4_2/AI_SELECTED_V4_2_24/03_VERTICALS/V18/05_MEMORABLE_M3/20_MOTION_FINAL/COLOCAR_AQUI_MOTION_FINAL.txt
1332	7.43	/Users/lordjef/Downloads/ABRAXAS_V4_2_24_APPLE40M_RESUME_MASTER_PACKAGE/DELIVERABLES/JOC55_ABRAXAS_V4_2_24_PREBUILT/09_MOTIONS_V4_2/AI_SELECTED_V4_2_24/03_VERTICALS/V18/05_MEMORABLE_M3/MOTION_DECISION.json
636	7.43	/Users/lordjef/Downloads/ABRAXAS_V4_2_24_APPLE40M_RESUME_MASTER_PACKAGE/DELIVERABLES/JOC55_ABRAXAS_V4_2_24_PREBUILT/09_MOTIONS_V4_2/AI_SELECTED_V4_2_24/03_VERTICALS/V18/06_CLOSE_M3/02_PROMPT_ANIMAR_MOTION.txt
88	7.43	/Users/lordjef/Downloads/ABRAXAS_V4_2_24_APPLE40M_RESUME_MASTER_PACKAGE/DELIVERABLES/JOC55_ABRAXAS_V4_2_24_PREBUILT/09_MOTIONS_V4_2/AI_SELECTED_V4_2_24/03_VERTICALS/V18/06_CLOSE_M3/20_MOTION_FINAL/COLOCAR_AQUI_MOTION_FINAL.txt
1350	7.43	/Users/lordjef/Downloads/ABRAXAS_V4_2_24_APPLE40M_RESUME_MASTER_PACKAGE/DELIVERABLES/JOC55_ABRAXAS_V4_2_24_PREBUILT/09_MOTIONS_V4_2/AI_SELECTED_V4_2_24/03_VERTICALS/V18/06_CLOSE_M3/MOTION_DECISION.json
4559	7.43	/Users/lordjef/Downloads/ABRAXAS_V4_2_24_APPLE40M_RESUME_MASTER_PACKAGE/DELIVERABLES/JOC55_ABRAXAS_V4_2_24_PREBUILT/09_MOTIONS_V4_2/AI_SELECTED_V4_2_24/04_HORIZONTALS/H01/00_MOTION_INDEX.json
739	7.43	/Users/lordjef/Downloads/ABRAXAS_V4_2_24_APPLE40M_RESUME_MASTER_PACKAGE/DELIVERABLES/JOC55_ABRAXAS_V4_2_24_PREBUILT/09_MOTIONS_V4_2/AI_SELECTED_V4_2_24/04_HORIZONTALS/H01/01_EDITORIAL_M1/02_PROMPT_ANIMAR_MOTION.txt
88	7.43	/Users/lordjef/Downloads/ABRAXAS_V4_2_24_APPLE40M_RESUME_MASTER_PACKAGE/DELIVERABLES/JOC55_ABRAXAS_V4_2_24_PREBUILT/09_MOTIONS_V4_2/AI_SELECTED_V4_2_24/04_HORIZONTALS/H01/01_EDITORIAL_M1/20_MOTION_FINAL/COLOCAR_AQUI_MOTION_FINAL.txt
1460	7.43	/Users/lordjef/Downloads/ABRAXAS_V4_2_24_APPLE40M_RESUME_MASTER_PACKAGE/DELIVERABLES/JOC55_ABRAXAS_V4_2_24_PREBUILT/09_MOTIONS_V4_2/AI_SELECTED_V4_2_24/04_HORIZONTALS/H01/01_EDITORIAL_M1/MOTION_DECISION.json
714	7.43	/Users/lordjef/Downloads/ABRAXAS_V4_2_24_APPLE40M_RESUME_MASTER_PACKAGE/DELIVERABLES/JOC55_ABRAXAS_V4_2_24_PREBUILT/09_MOTIONS_V4_2/AI_SELECTED_V4_2_24/04_HORIZONTALS/H01/02_EDITORIAL_M1/02_PROMPT_ANIMAR_MOTION.txt
88	7.43	/Users/lordjef/Downloads/ABRAXAS_V4_2_24_APPLE40M_RESUME_MASTER_PACKAGE/DELIVERABLES/JOC55_ABRAXAS_V4_2_24_PREBUILT/09_MOTIONS_V4_2/AI_SELECTED_V4_2_24/04_HORIZONTALS/H01/02_EDITORIAL_M1/20_MOTION_FINAL/COLOCAR_AQUI_MOTION_FINAL.txt
1431	7.43	/Users/lordjef/Downloads/ABRAXAS_V4_2_24_APPLE40M_RESUME_MASTER_PACKAGE/DELIVERABLES/JOC55_ABRAXAS_V4_2_24_PREBUILT/09_MOTIONS_V4_2/AI_SELECTED_V4_2_24/04_HORIZONTALS/H01/02_EDITORIAL_M1/MOTION_DECISION.json
728	7.43	/Users/lordjef/Downloads/ABRAXAS_V4_2_24_APPLE40M_RESUME_MASTER_PACKAGE/DELIVERABLES/JOC55_ABRAXAS_V4_2_24_PREBUILT/09_MOTIONS_V4_2/AI_SELECTED_V4_2_24/04_HORIZONTALS/H01/03_EDITORIAL_M1/02_PROMPT_ANIMAR_MOTION.txt
88	7.43	/Users/lordjef/Downloads/ABRAXAS_V4_2_24_APPLE40M_RESUME_MASTER_PACKAGE/DELIVERABLES/JOC55_ABRAXAS_V4_2_24_PREBUILT/09_MOTIONS_V4_2/AI_SELECTED_V4_2_24/04_HORIZONTALS/H01/03_EDITORIAL_M1/20_MOTION_FINAL/COLOCAR_AQUI_MOTION_FINAL.txt
1451	7.43	/Users/lordjef/Downloads/ABRAXAS_V4_2_24_APPLE40M_RESUME_MASTER_PACKAGE/DELIVERABLES/JOC55_ABRAXAS_V4_2_24_PREBUILT/09_MOTIONS_V4_2/AI_SELECTED_V4_2_24/04_HORIZONTALS/H01/03_EDITORIAL_M1/MOTION_DECISION.json
699	7.43	/Users/lordjef/Downloads/ABRAXAS_V4_2_24_APPLE40M_RESUME_MASTER_PACKAGE/DELIVERABLES/JOC55_ABRAXAS_V4_2_24_PREBUILT/09_MOTIONS_V4_2/AI_SELECTED_V4_2_24/04_HORIZONTALS/H01/04_EDITORIAL_M1/02_PROMPT_ANIMAR_MOTION.txt
88	7.43	/Users/lordjef/Downloads/ABRAXAS_V4_2_24_APPLE40M_RESUME_MASTER_PACKAGE/DELIVERABLES/JOC55_ABRAXAS_V4_2_24_PREBUILT/09_MOTIONS_V4_2/AI_SELECTED_V4_2_24/04_HORIZONTALS/H01/04_EDITORIAL_M1/20_MOTION_FINAL/COLOCAR_AQUI_MOTION_FINAL.txt
1418	7.43	/Users/lordjef/Downloads/ABRAXAS_V4_2_24_APPLE40M_RESUME_MASTER_PACKAGE/DELIVERABLES/JOC55_ABRAXAS_V4_2_24_PREBUILT/09_MOTIONS_V4_2/AI_SELECTED_V4_2_24/04_HORIZONTALS/H01/04_EDITORIAL_M1/MOTION_DECISION.json
747	7.43	/Users/lordjef/Downloads/ABRAXAS_V4_2_24_APPLE40M_RESUME_MASTER_PACKAGE/DELIVERABLES/JOC55_ABRAXAS_V4_2_24_PREBUILT/09_MOTIONS_V4_2/AI_SELECTED_V4_2_24/04_HORIZONTALS/H01/05_EDITORIAL_M1/02_PROMPT_ANIMAR_MOTION.txt
88	7.43	/Users/lordjef/Downloads/ABRAXAS_V4_2_24_APPLE40M_RESUME_MASTER_PACKAGE/DELIVERABLES/JOC55_ABRAXAS_V4_2_24_PREBUILT/09_MOTIONS_V4_2/AI_SELECTED_V4_2_24/04_HORIZONTALS/H01/05_EDITORIAL_M1/20_MOTION_FINAL/COLOCAR_AQUI_MOTION_FINAL.txt
1466	7.43	/Users/lordjef/Downloads/ABRAXAS_V4_2_24_APPLE40M_RESUME_MASTER_PACKAGE/DELIVERABLES/JOC55_ABRAXAS_V4_2_24_PREBUILT/09_MOTIONS_V4_2/AI_SELECTED_V4_2_24/04_HORIZONTALS/H01/05_EDITORIAL_M1/MOTION_DECISION.json
769	7.43	/Users/lordjef/Downloads/ABRAXAS_V4_2_24_APPLE40M_RESUME_MASTER_PACKAGE/DELIVERABLES/JOC55_ABRAXAS_V4_2_24_PREBUILT/09_MOTIONS_V4_2/AI_SELECTED_V4_2_24/04_HORIZONTALS/H01/06_EDITORIAL_M1/02_PROMPT_ANIMAR_MOTION.txt
88	7.43	/Users/lordjef/Downloads/ABRAXAS_V4_2_24_APPLE40M_RESUME_MASTER_PACKAGE/DELIVERABLES/JOC55_ABRAXAS_V4_2_24_PREBUILT/09_MOTIONS_V4_2/AI_SELECTED_V4_2_24/04_HORIZONTALS/H01/06_EDITORIAL_M1/20_MOTION_FINAL/COLOCAR_AQUI_MOTION_FINAL.txt
1488	7.43	/Users/lordjef/Downloads/ABRAXAS_V4_2_24_APPLE40M_RESUME_MASTER_PACKAGE/DELIVERABLES/JOC55_ABRAXAS_V4_2_24_PREBUILT/09_MOTIONS_V4_2/AI_SELECTED_V4_2_24/04_HORIZONTALS/H01/06_EDITORIAL_M1/MOTION_DECISION.json
764	7.43	/Users/lordjef/Downloads/ABRAXAS_V4_2_24_APPLE40M_RESUME_MASTER_PACKAGE/DELIVERABLES/JOC55_ABRAXAS_V4_2_24_PREBUILT/09_MOTIONS_V4_2/AI_SELECTED_V4_2_24/04_HORIZONTALS/H01/07_EDITORIAL_M1/02_PROMPT_ANIMAR_MOTION.txt
88	7.43	/Users/lordjef/Downloads/ABRAXAS_V4_2_24_APPLE40M_RESUME_MASTER_PACKAGE/DELIVERABLES/JOC55_ABRAXAS_V4_2_24_PREBUILT/09_MOTIONS_V4_2/AI_SELECTED_V4_2_24/04_HORIZONTALS/H01/07_EDITORIAL_M1/20_MOTION_FINAL/COLOCAR_AQUI_MOTION_FINAL.txt
1489	7.43	/Users/lordjef/Downloads/ABRAXAS_V4_2_24_APPLE40M_RESUME_MASTER_PACKAGE/DELIVERABLES/JOC55_ABRAXAS_V4_2_24_PREBUILT/09_MOTIONS_V4_2/AI_SELECTED_V4_2_24/04_HORIZONTALS/H01/07_EDITORIAL_M1/MOTION_DECISION.json
688	7.43	/Users/lordjef/Downloads/ABRAXAS_V4_2_24_APPLE40M_RESUME_MASTER_PACKAGE/DELIVERABLES/JOC55_ABRAXAS_V4_2_24_PREBUILT/09_MOTIONS_V4_2/AI_SELECTED_V4_2_24/04_HORIZONTALS/H01/08_EDITORIAL_M1/02_PROMPT_ANIMAR_MOTION.txt
88	7.43	/Users/lordjef/Downloads/ABRAXAS_V4_2_24_APPLE40M_RESUME_MASTER_PACKAGE/DELIVERABLES/JOC55_ABRAXAS_V4_2_24_PREBUILT/09_MOTIONS_V4_2/AI_SELECTED_V4_2_24/04_HORIZONTALS/H01/08_EDITORIAL_M1/20_MOTION_FINAL/COLOCAR_AQUI_MOTION_FINAL.txt
1409	7.43	/Users/lordjef/Downloads/ABRAXAS_V4_2_24_APPLE40M_RESUME_MASTER_PACKAGE/DELIVERABLES/JOC55_ABRAXAS_V4_2_24_PREBUILT/09_MOTIONS_V4_2/AI_SELECTED_V4_2_24/04_HORIZONTALS/H01/08_EDITORIAL_M1/MOTION_DECISION.json
758	7.43	/Users/lordjef/Downloads/ABRAXAS_V4_2_24_APPLE40M_RESUME_MASTER_PACKAGE/DELIVERABLES/JOC55_ABRAXAS_V4_2_24_PREBUILT/09_MOTIONS_V4_2/AI_SELECTED_V4_2_24/04_HORIZONTALS/H01/09_EDITORIAL_M4/02_PROMPT_ANIMAR_MOTION.txt
88	7.43	/Users/lordjef/Downloads/ABRAXAS_V4_2_24_APPLE40M_RESUME_MASTER_PACKAGE/DELIVERABLES/JOC55_ABRAXAS_V4_2_24_PREBUILT/09_MOTIONS_V4_2/AI_SELECTED_V4_2_24/04_HORIZONTALS/H01/09_EDITORIAL_M4/20_MOTION_FINAL/COLOCAR_AQUI_MOTION_FINAL.txt
1430	7.43	/Users/lordjef/Downloads/ABRAXAS_V4_2_24_APPLE40M_RESUME_MASTER_PACKAGE/DELIVERABLES/JOC55_ABRAXAS_V4_2_24_PREBUILT/09_MOTIONS_V4_2/AI_SELECTED_V4_2_24/04_HORIZONTALS/H01/09_EDITORIAL_M4/MOTION_DECISION.json
745	7.43	/Users/lordjef/Downloads/ABRAXAS_V4_2_24_APPLE40M_RESUME_MASTER_PACKAGE/DELIVERABLES/JOC55_ABRAXAS_V4_2_24_PREBUILT/09_MOTIONS_V4_2/AI_SELECTED_V4_2_24/04_HORIZONTALS/H01/10_EDITORIAL_M1/02_PROMPT_ANIMAR_MOTION.txt
88	7.43	/Users/lordjef/Downloads/ABRAXAS_V4_2_24_APPLE40M_RESUME_MASTER_PACKAGE/DELIVERABLES/JOC55_ABRAXAS_V4_2_24_PREBUILT/09_MOTIONS_V4_2/AI_SELECTED_V4_2_24/04_HORIZONTALS/H01/10_EDITORIAL_M1/20_MOTION_FINAL/COLOCAR_AQUI_MOTION_FINAL.txt
1465	7.43	/Users/lordjef/Downloads/ABRAXAS_V4_2_24_APPLE40M_RESUME_MASTER_PACKAGE/DELIVERABLES/JOC55_ABRAXAS_V4_2_24_PREBUILT/09_MOTIONS_V4_2/AI_SELECTED_V4_2_24/04_HORIZONTALS/H01/10_EDITORIAL_M1/MOTION_DECISION.json
760	7.43	/Users/lordjef/Downloads/ABRAXAS_V4_2_24_APPLE40M_RESUME_MASTER_PACKAGE/DELIVERABLES/JOC55_ABRAXAS_V4_2_24_PREBUILT/09_MOTIONS_V4_2/AI_SELECTED_V4_2_24/04_HORIZONTALS/H01/11_EDITORIAL_M1/02_PROMPT_ANIMAR_MOTION.txt
88	7.43	/Users/lordjef/Downloads/ABRAXAS_V4_2_24_APPLE40M_RESUME_MASTER_PACKAGE/DELIVERABLES/JOC55_ABRAXAS_V4_2_24_PREBUILT/09_MOTIONS_V4_2/AI_SELECTED_V4_2_24/04_HORIZONTALS/H01/11_EDITORIAL_M1/20_MOTION_FINAL/COLOCAR_AQUI_MOTION_FINAL.txt
1480	7.43	/Users/lordjef/Downloads/ABRAXAS_V4_2_24_APPLE40M_RESUME_MASTER_PACKAGE/DELIVERABLES/JOC55_ABRAXAS_V4_2_24_PREBUILT/09_MOTIONS_V4_2/AI_SELECTED_V4_2_24/04_HORIZONTALS/H01/11_EDITORIAL_M1/MOTION_DECISION.json
693	7.43	/Users/lordjef/Downloads/ABRAXAS_V4_2_24_APPLE40M_RESUME_MASTER_PACKAGE/DELIVERABLES/JOC55_ABRAXAS_V4_2_24_PREBUILT/09_MOTIONS_V4_2/AI_SELECTED_V4_2_24/04_HORIZONTALS/H01/12_EDITORIAL_M1/02_PROMPT_ANIMAR_MOTION.txt
88	7.43	/Users/lordjef/Downloads/ABRAXAS_V4_2_24_APPLE40M_RESUME_MASTER_PACKAGE/DELIVERABLES/JOC55_ABRAXAS_V4_2_24_PREBUILT/09_MOTIONS_V4_2/AI_SELECTED_V4_2_24/04_HORIZONTALS/H01/12_EDITORIAL_M1/20_MOTION_FINAL/COLOCAR_AQUI_MOTION_FINAL.txt
1421	7.43	/Users/lordjef/Downloads/ABRAXAS_V4_2_24_APPLE40M_RESUME_MASTER_PACKAGE/DELIVERABLES/JOC55_ABRAXAS_V4_2_24_PREBUILT/09_MOTIONS_V4_2/AI_SELECTED_V4_2_24/04_HORIZONTALS/H01/12_EDITORIAL_M1/MOTION_DECISION.json
766	7.43	/Users/lordjef/Downloads/ABRAXAS_V4_2_24_APPLE40M_RESUME_MASTER_PACKAGE/DELIVERABLES/JOC55_ABRAXAS_V4_2_24_PREBUILT/09_MOTIONS_V4_2/AI_SELECTED_V4_2_24/04_HORIZONTALS/H01/13_EDITORIAL_M1/02_PROMPT_ANIMAR_MOTION.txt
88	7.43	/Users/lordjef/Downloads/ABRAXAS_V4_2_24_APPLE40M_RESUME_MASTER_PACKAGE/DELIVERABLES/JOC55_ABRAXAS_V4_2_24_PREBUILT/09_MOTIONS_V4_2/AI_SELECTED_V4_2_24/04_HORIZONTALS/H01/13_EDITORIAL_M1/20_MOTION_FINAL/COLOCAR_AQUI_MOTION_FINAL.txt
1486	7.43	/Users/lordjef/Downloads/ABRAXAS_V4_2_24_APPLE40M_RESUME_MASTER_PACKAGE/DELIVERABLES/JOC55_ABRAXAS_V4_2_24_PREBUILT/09_MOTIONS_V4_2/AI_SELECTED_V4_2_24/04_HORIZONTALS/H01/13_EDITORIAL_M1/MOTION_DECISION.json
748	7.43	/Users/lordjef/Downloads/ABRAXAS_V4_2_24_APPLE40M_RESUME_MASTER_PACKAGE/DELIVERABLES/JOC55_ABRAXAS_V4_2_24_PREBUILT/09_MOTIONS_V4_2/AI_SELECTED_V4_2_24/04_HORIZONTALS/H01/14_EDITORIAL_M3/02_PROMPT_ANIMAR_MOTION.txt
88	7.43	/Users/lordjef/Downloads/ABRAXAS_V4_2_24_APPLE40M_RESUME_MASTER_PACKAGE/DELIVERABLES/JOC55_ABRAXAS_V4_2_24_PREBUILT/09_MOTIONS_V4_2/AI_SELECTED_V4_2_24/04_HORIZONTALS/H01/14_EDITORIAL_M3/20_MOTION_FINAL/COLOCAR_AQUI_MOTION_FINAL.txt
1446	7.43	/Users/lordjef/Downloads/ABRAXAS_V4_2_24_APPLE40M_RESUME_MASTER_PACKAGE/DELIVERABLES/JOC55_ABRAXAS_V4_2_24_PREBUILT/09_MOTIONS_V4_2/AI_SELECTED_V4_2_24/04_HORIZONTALS/H01/14_EDITORIAL_M3/MOTION_DECISION.json
759	7.43	/Users/lordjef/Downloads/ABRAXAS_V4_2_24_APPLE40M_RESUME_MASTER_PACKAGE/DELIVERABLES/JOC55_ABRAXAS_V4_2_24_PREBUILT/09_MOTIONS_V4_2/AI_SELECTED_V4_2_24/04_HORIZONTALS/H01/15_EDITORIAL_M1/02_PROMPT_ANIMAR_MOTION.txt
88	7.43	/Users/lordjef/Downloads/ABRAXAS_V4_2_24_APPLE40M_RESUME_MASTER_PACKAGE/DELIVERABLES/JOC55_ABRAXAS_V4_2_24_PREBUILT/09_MOTIONS_V4_2/AI_SELECTED_V4_2_24/04_HORIZONTALS/H01/15_EDITORIAL_M1/20_MOTION_FINAL/COLOCAR_AQUI_MOTION_FINAL.txt
1479	7.43	/Users/lordjef/Downloads/ABRAXAS_V4_2_24_APPLE40M_RESUME_MASTER_PACKAGE/DELIVERABLES/JOC55_ABRAXAS_V4_2_24_PREBUILT/09_MOTIONS_V4_2/AI_SELECTED_V4_2_24/04_HORIZONTALS/H01/15_EDITORIAL_M1/MOTION_DECISION.json
720	7.43	/Users/lordjef/Downloads/ABRAXAS_V4_2_24_APPLE40M_RESUME_MASTER_PACKAGE/DELIVERABLES/JOC55_ABRAXAS_V4_2_24_PREBUILT/09_MOTIONS_V4_2/AI_SELECTED_V4_2_24/04_HORIZONTALS/H01/16_EDITORIAL_M1/02_PROMPT_ANIMAR_MOTION.txt
88	7.43	/Users/lordjef/Downloads/ABRAXAS_V4_2_24_APPLE40M_RESUME_MASTER_PACKAGE/DELIVERABLES/JOC55_ABRAXAS_V4_2_24_PREBUILT/09_MOTIONS_V4_2/AI_SELECTED_V4_2_24/04_HORIZONTALS/H01/16_EDITORIAL_M1/20_MOTION_FINAL/COLOCAR_AQUI_MOTION_FINAL.txt
1440	7.43	/Users/lordjef/Downloads/ABRAXAS_V4_2_24_APPLE40M_RESUME_MASTER_PACKAGE/DELIVERABLES/JOC55_ABRAXAS_V4_2_24_PREBUILT/09_MOTIONS_V4_2/AI_SELECTED_V4_2_24/04_HORIZONTALS/H01/16_EDITORIAL_M1/MOTION_DECISION.json
659	7.43	/Users/lordjef/Downloads/ABRAXAS_V4_2_24_APPLE40M_RESUME_MASTER_PACKAGE/DELIVERABLES/JOC55_ABRAXAS_V4_2_24_PREBUILT/09_MOTIONS_V4_2/AI_SELECTED_V4_2_24/04_HORIZONTALS/H01/17_EDITORIAL_M1/02_PROMPT_ANIMAR_MOTION.txt
88	7.43	/Users/lordjef/Downloads/ABRAXAS_V4_2_24_APPLE40M_RESUME_MASTER_PACKAGE/DELIVERABLES/JOC55_ABRAXAS_V4_2_24_PREBUILT/09_MOTIONS_V4_2/AI_SELECTED_V4_2_24/04_HORIZONTALS/H01/17_EDITORIAL_M1/20_MOTION_FINAL/COLOCAR_AQUI_MOTION_FINAL.txt
1388	7.43	/Users/lordjef/Downloads/ABRAXAS_V4_2_24_APPLE40M_RESUME_MASTER_PACKAGE/DELIVERABLES/JOC55_ABRAXAS_V4_2_24_PREBUILT/09_MOTIONS_V4_2/AI_SELECTED_V4_2_24/04_HORIZONTALS/H01/17_EDITORIAL_M1/MOTION_DECISION.json
705	7.43	/Users/lordjef/Downloads/ABRAXAS_V4_2_24_APPLE40M_RESUME_MASTER_PACKAGE/DELIVERABLES/JOC55_ABRAXAS_V4_2_24_PREBUILT/09_MOTIONS_V4_2/AI_SELECTED_V4_2_24/04_HORIZONTALS/H01/18_EDITORIAL_M4/02_PROMPT_ANIMAR_MOTION.txt
88	7.43	/Users/lordjef/Downloads/ABRAXAS_V4_2_24_APPLE40M_RESUME_MASTER_PACKAGE/DELIVERABLES/JOC55_ABRAXAS_V4_2_24_PREBUILT/09_MOTIONS_V4_2/AI_SELECTED_V4_2_24/04_HORIZONTALS/H01/18_EDITORIAL_M4/20_MOTION_FINAL/COLOCAR_AQUI_MOTION_FINAL.txt
1380	7.43	/Users/lordjef/Downloads/ABRAXAS_V4_2_24_APPLE40M_RESUME_MASTER_PACKAGE/DELIVERABLES/JOC55_ABRAXAS_V4_2_24_PREBUILT/09_MOTIONS_V4_2/AI_SELECTED_V4_2_24/04_HORIZONTALS/H01/18_EDITORIAL_M4/MOTION_DECISION.json
730	7.43	/Users/lordjef/Downloads/ABRAXAS_V4_2_24_APPLE40M_RESUME_MASTER_PACKAGE/DELIVERABLES/JOC55_ABRAXAS_V4_2_24_PREBUILT/09_MOTIONS_V4_2/AI_SELECTED_V4_2_24/04_HORIZONTALS/H01/19_EDITORIAL_M1/02_PROMPT_ANIMAR_MOTION.txt
88	7.43	/Users/lordjef/Downloads/ABRAXAS_V4_2_24_APPLE40M_RESUME_MASTER_PACKAGE/DELIVERABLES/JOC55_ABRAXAS_V4_2_24_PREBUILT/09_MOTIONS_V4_2/AI_SELECTED_V4_2_24/04_HORIZONTALS/H01/19_EDITORIAL_M1/20_MOTION_FINAL/COLOCAR_AQUI_MOTION_FINAL.txt
1452	7.43	/Users/lordjef/Downloads/ABRAXAS_V4_2_24_APPLE40M_RESUME_MASTER_PACKAGE/DELIVERABLES/JOC55_ABRAXAS_V4_2_24_PREBUILT/09_MOTIONS_V4_2/AI_SELECTED_V4_2_24/04_HORIZONTALS/H01/19_EDITORIAL_M1/MOTION_DECISION.json
733	7.43	/Users/lordjef/Downloads/ABRAXAS_V4_2_24_APPLE40M_RESUME_MASTER_PACKAGE/DELIVERABLES/JOC55_ABRAXAS_V4_2_24_PREBUILT/09_MOTIONS_V4_2/AI_SELECTED_V4_2_24/04_HORIZONTALS/H01/20_EDITORIAL_M2/02_PROMPT_ANIMAR_MOTION.txt
503	7.43	/Users/lordjef/Downloads/ABRAXAS_V4_2_24_APPLE40M_RESUME_MASTER_PACKAGE/DELIVERABLES/JOC55_ABRAXAS_V4_2_24_PREBUILT/09_MOTIONS_V4_2/AI_SELECTED_V4_2_24/04_HORIZONTALS/H01/20_EDITORIAL_M2/10_ASSETS/MOTION2_TEXT_SEGMENTS_EXACT.json
88	7.43	/Users/lordjef/Downloads/ABRAXAS_V4_2_24_APPLE40M_RESUME_MASTER_PACKAGE/DELIVERABLES/JOC55_ABRAXAS_V4_2_24_PREBUILT/09_MOTIONS_V4_2/AI_SELECTED_V4_2_24/04_HORIZONTALS/H01/20_EDITORIAL_M2/20_MOTION_FINAL/COLOCAR_AQUI_MOTION_FINAL.txt
1569	7.43	/Users/lordjef/Downloads/ABRAXAS_V4_2_24_APPLE40M_RESUME_MASTER_PACKAGE/DELIVERABLES/JOC55_ABRAXAS_V4_2_24_PREBUILT/09_MOTIONS_V4_2/AI_SELECTED_V4_2_24/04_HORIZONTALS/H01/20_EDITORIAL_M2/MOTION_DECISION.json
732	7.43	/Users/lordjef/Downloads/ABRAXAS_V4_2_24_APPLE40M_RESUME_MASTER_PACKAGE/DELIVERABLES/JOC55_ABRAXAS_V4_2_24_PREBUILT/09_MOTIONS_V4_2/AI_SELECTED_V4_2_24/04_HORIZONTALS/H01/21_EDITORIAL_M1/02_PROMPT_ANIMAR_MOTION.txt
88	7.43	/Users/lordjef/Downloads/ABRAXAS_V4_2_24_APPLE40M_RESUME_MASTER_PACKAGE/DELIVERABLES/JOC55_ABRAXAS_V4_2_24_PREBUILT/09_MOTIONS_V4_2/AI_SELECTED_V4_2_24/04_HORIZONTALS/H01/21_EDITORIAL_M1/20_MOTION_FINAL/COLOCAR_AQUI_MOTION_FINAL.txt
1460	7.43	/Users/lordjef/Downloads/ABRAXAS_V4_2_24_APPLE40M_RESUME_MASTER_PACKAGE/DELIVERABLES/JOC55_ABRAXAS_V4_2_24_PREBUILT/09_MOTIONS_V4_2/AI_SELECTED_V4_2_24/04_HORIZONTALS/H01/21_EDITORIAL_M1/MOTION_DECISION.json
730	7.43	/Users/lordjef/Downloads/ABRAXAS_V4_2_24_APPLE40M_RESUME_MASTER_PACKAGE/DELIVERABLES/JOC55_ABRAXAS_V4_2_24_PREBUILT/09_MOTIONS_V4_2/AI_SELECTED_V4_2_24/04_HORIZONTALS/H01/22_EDITORIAL_M1/02_PROMPT_ANIMAR_MOTION.txt
88	7.43	/Users/lordjef/Downloads/ABRAXAS_V4_2_24_APPLE40M_RESUME_MASTER_PACKAGE/DELIVERABLES/JOC55_ABRAXAS_V4_2_24_PREBUILT/09_MOTIONS_V4_2/AI_SELECTED_V4_2_24/04_HORIZONTALS/H01/22_EDITORIAL_M1/20_MOTION_FINAL/COLOCAR_AQUI_MOTION_FINAL.txt
1452	7.43	/Users/lordjef/Downloads/ABRAXAS_V4_2_24_APPLE40M_RESUME_MASTER_PACKAGE/DELIVERABLES/JOC55_ABRAXAS_V4_2_24_PREBUILT/09_MOTIONS_V4_2/AI_SELECTED_V4_2_24/04_HORIZONTALS/H01/22_EDITORIAL_M1/MOTION_DECISION.json
790	7.43	/Users/lordjef/Downloads/ABRAXAS_V4_2_24_APPLE40M_RESUME_MASTER_PACKAGE/DELIVERABLES/JOC55_ABRAXAS_V4_2_24_PREBUILT/09_MOTIONS_V4_2/AI_SELECTED_V4_2_24/04_HORIZONTALS/H01/23_EDITORIAL_M1/02_PROMPT_ANIMAR_MOTION.txt
88	7.43	/Users/lordjef/Downloads/ABRAXAS_V4_2_24_APPLE40M_RESUME_MASTER_PACKAGE/DELIVERABLES/JOC55_ABRAXAS_V4_2_24_PREBUILT/09_MOTIONS_V4_2/AI_SELECTED_V4_2_24/04_HORIZONTALS/H01/23_EDITORIAL_M1/20_MOTION_FINAL/COLOCAR_AQUI_MOTION_FINAL.txt
1512	7.43	/Users/lordjef/Downloads/ABRAXAS_V4_2_24_APPLE40M_RESUME_MASTER_PACKAGE/DELIVERABLES/JOC55_ABRAXAS_V4_2_24_PREBUILT/09_MOTIONS_V4_2/AI_SELECTED_V4_2_24/04_HORIZONTALS/H01/23_EDITORIAL_M1/MOTION_DECISION.json
4559	7.43	/Users/lordjef/Downloads/ABRAXAS_V4_2_24_APPLE40M_RESUME_MASTER_PACKAGE/DELIVERABLES/JOC55_ABRAXAS_V4_2_24_PREBUILT/09_MOTIONS_V4_2/AI_SELECTED_V4_2_24/04_HORIZONTALS/H02/00_MOTION_INDEX.json
725	7.43	/Users/lordjef/Downloads/ABRAXAS_V4_2_24_APPLE40M_RESUME_MASTER_PACKAGE/DELIVERABLES/JOC55_ABRAXAS_V4_2_24_PREBUILT/09_MOTIONS_V4_2/AI_SELECTED_V4_2_24/04_HORIZONTALS/H02/01_EDITORIAL_M1/02_PROMPT_ANIMAR_MOTION.txt
88	7.43	/Users/lordjef/Downloads/ABRAXAS_V4_2_24_APPLE40M_RESUME_MASTER_PACKAGE/DELIVERABLES/JOC55_ABRAXAS_V4_2_24_PREBUILT/09_MOTIONS_V4_2/AI_SELECTED_V4_2_24/04_HORIZONTALS/H02/01_EDITORIAL_M1/20_MOTION_FINAL/COLOCAR_AQUI_MOTION_FINAL.txt
1447	7.43	/Users/lordjef/Downloads/ABRAXAS_V4_2_24_APPLE40M_RESUME_MASTER_PACKAGE/DELIVERABLES/JOC55_ABRAXAS_V4_2_24_PREBUILT/09_MOTIONS_V4_2/AI_SELECTED_V4_2_24/04_HORIZONTALS/H02/01_EDITORIAL_M1/MOTION_DECISION.json
751	7.43	/Users/lordjef/Downloads/ABRAXAS_V4_2_24_APPLE40M_RESUME_MASTER_PACKAGE/DELIVERABLES/JOC55_ABRAXAS_V4_2_24_PREBUILT/09_MOTIONS_V4_2/AI_SELECTED_V4_2_24/04_HORIZONTALS/H02/02_EDITORIAL_M1/02_PROMPT_ANIMAR_MOTION.txt
88	7.43	/Users/lordjef/Downloads/ABRAXAS_V4_2_24_APPLE40M_RESUME_MASTER_PACKAGE/DELIVERABLES/JOC55_ABRAXAS_V4_2_24_PREBUILT/09_MOTIONS_V4_2/AI_SELECTED_V4_2_24/04_HORIZONTALS/H02/02_EDITORIAL_M1/20_MOTION_FINAL/COLOCAR_AQUI_MOTION_FINAL.txt
1468	7.43	/Users/lordjef/Downloads/ABRAXAS_V4_2_24_APPLE40M_RESUME_MASTER_PACKAGE/DELIVERABLES/JOC55_ABRAXAS_V4_2_24_PREBUILT/09_MOTIONS_V4_2/AI_SELECTED_V4_2_24/04_HORIZONTALS/H02/02_EDITORIAL_M1/MOTION_DECISION.json
788	7.43	/Users/lordjef/Downloads/ABRAXAS_V4_2_24_APPLE40M_RESUME_MASTER_PACKAGE/DELIVERABLES/JOC55_ABRAXAS_V4_2_24_PREBUILT/09_MOTIONS_V4_2/AI_SELECTED_V4_2_24/04_HORIZONTALS/H02/03_EDITORIAL_M1/02_PROMPT_ANIMAR_MOTION.txt
88	7.43	/Users/lordjef/Downloads/ABRAXAS_V4_2_24_APPLE40M_RESUME_MASTER_PACKAGE/DELIVERABLES/JOC55_ABRAXAS_V4_2_24_PREBUILT/09_MOTIONS_V4_2/AI_SELECTED_V4_2_24/04_HORIZONTALS/H02/03_EDITORIAL_M1/20_MOTION_FINAL/COLOCAR_AQUI_MOTION_FINAL.txt
1511	7.43	/Users/lordjef/Downloads/ABRAXAS_V4_2_24_APPLE40M_RESUME_MASTER_PACKAGE/DELIVERABLES/JOC55_ABRAXAS_V4_2_24_PREBUILT/09_MOTIONS_V4_2/AI_SELECTED_V4_2_24/04_HORIZONTALS/H02/03_EDITORIAL_M1/MOTION_DECISION.json
762	7.43	/Users/lordjef/Downloads/ABRAXAS_V4_2_24_APPLE40M_RESUME_MASTER_PACKAGE/DELIVERABLES/JOC55_ABRAXAS_V4_2_24_PREBUILT/09_MOTIONS_V4_2/AI_SELECTED_V4_2_24/04_HORIZONTALS/H02/04_EDITORIAL_M1/02_PROMPT_ANIMAR_MOTION.txt
88	7.43	/Users/lordjef/Downloads/ABRAXAS_V4_2_24_APPLE40M_RESUME_MASTER_PACKAGE/DELIVERABLES/JOC55_ABRAXAS_V4_2_24_PREBUILT/09_MOTIONS_V4_2/AI_SELECTED_V4_2_24/04_HORIZONTALS/H02/04_EDITORIAL_M1/20_MOTION_FINAL/COLOCAR_AQUI_MOTION_FINAL.txt
1481	7.43	/Users/lordjef/Downloads/ABRAXAS_V4_2_24_APPLE40M_RESUME_MASTER_PACKAGE/DELIVERABLES/JOC55_ABRAXAS_V4_2_24_PREBUILT/09_MOTIONS_V4_2/AI_SELECTED_V4_2_24/04_HORIZONTALS/H02/04_EDITORIAL_M1/MOTION_DECISION.json
785	7.43	/Users/lordjef/Downloads/ABRAXAS_V4_2_24_APPLE40M_RESUME_MASTER_PACKAGE/DELIVERABLES/JOC55_ABRAXAS_V4_2_24_PREBUILT/09_MOTIONS_V4_2/AI_SELECTED_V4_2_24/04_HORIZONTALS/H02/05_EDITORIAL_M6/02_PROMPT_ANIMAR_MOTION.txt
88	7.43	/Users/lordjef/Downloads/ABRAXAS_V4_2_24_APPLE40M_RESUME_MASTER_PACKAGE/DELIVERABLES/JOC55_ABRAXAS_V4_2_24_PREBUILT/09_MOTIONS_V4_2/AI_SELECTED_V4_2_24/04_HORIZONTALS/H02/05_EDITORIAL_M6/20_MOTION_FINAL/COLOCAR_AQUI_MOTION_FINAL.txt
1489	7.43	/Users/lordjef/Downloads/ABRAXAS_V4_2_24_APPLE40M_RESUME_MASTER_PACKAGE/DELIVERABLES/JOC55_ABRAXAS_V4_2_24_PREBUILT/09_MOTIONS_V4_2/AI_SELECTED_V4_2_24/04_HORIZONTALS/H02/05_EDITORIAL_M6/MOTION_DECISION.json
760	7.43	/Users/lordjef/Downloads/ABRAXAS_V4_2_24_APPLE40M_RESUME_MASTER_PACKAGE/DELIVERABLES/JOC55_ABRAXAS_V4_2_24_PREBUILT/09_MOTIONS_V4_2/AI_SELECTED_V4_2_24/04_HORIZONTALS/H02/06_EDITORIAL_M1/02_PROMPT_ANIMAR_MOTION.txt
88	7.43	/Users/lordjef/Downloads/ABRAXAS_V4_2_24_APPLE40M_RESUME_MASTER_PACKAGE/DELIVERABLES/JOC55_ABRAXAS_V4_2_24_PREBUILT/09_MOTIONS_V4_2/AI_SELECTED_V4_2_24/04_HORIZONTALS/H02/06_EDITORIAL_M1/20_MOTION_FINAL/COLOCAR_AQUI_MOTION_FINAL.txt
1483	7.43	/Users/lordjef/Downloads/ABRAXAS_V4_2_24_APPLE40M_RESUME_MASTER_PACKAGE/DELIVERABLES/JOC55_ABRAXAS_V4_2_24_PREBUILT/09_MOTIONS_V4_2/AI_SELECTED_V4_2_24/04_HORIZONTALS/H02/06_EDITORIAL_M1/MOTION_DECISION.json
725	7.43	/Users/lordjef/Downloads/ABRAXAS_V4_2_24_APPLE40M_RESUME_MASTER_PACKAGE/DELIVERABLES/JOC55_ABRAXAS_V4_2_24_PREBUILT/09_MOTIONS_V4_2/AI_SELECTED_V4_2_24/04_HORIZONTALS/H02/07_EDITORIAL_M6/02_PROMPT_ANIMAR_MOTION.txt
88	7.43	/Users/lordjef/Downloads/ABRAXAS_V4_2_24_APPLE40M_RESUME_MASTER_PACKAGE/DELIVERABLES/JOC55_ABRAXAS_V4_2_24_PREBUILT/09_MOTIONS_V4_2/AI_SELECTED_V4_2_24/04_HORIZONTALS/H02/07_EDITORIAL_M6/20_MOTION_FINAL/COLOCAR_AQUI_MOTION_FINAL.txt
1431	7.43	/Users/lordjef/Downloads/ABRAXAS_V4_2_24_APPLE40M_RESUME_MASTER_PACKAGE/DELIVERABLES/JOC55_ABRAXAS_V4_2_24_PREBUILT/09_MOTIONS_V4_2/AI_SELECTED_V4_2_24/04_HORIZONTALS/H02/07_EDITORIAL_M6/MOTION_DECISION.json
779	7.43	/Users/lordjef/Downloads/ABRAXAS_V4_2_24_APPLE40M_RESUME_MASTER_PACKAGE/DELIVERABLES/JOC55_ABRAXAS_V4_2_24_PREBUILT/09_MOTIONS_V4_2/AI_SELECTED_V4_2_24/04_HORIZONTALS/H02/08_EDITORIAL_M5/02_PROMPT_ANIMAR_MOTION.txt
88	7.43	/Users/lordjef/Downloads/ABRAXAS_V4_2_24_APPLE40M_RESUME_MASTER_PACKAGE/DELIVERABLES/JOC55_ABRAXAS_V4_2_24_PREBUILT/09_MOTIONS_V4_2/AI_SELECTED_V4_2_24/04_HORIZONTALS/H02/08_EDITORIAL_M5/20_MOTION_FINAL/COLOCAR_AQUI_MOTION_FINAL.txt
1521	7.43	/Users/lordjef/Downloads/ABRAXAS_V4_2_24_APPLE40M_RESUME_MASTER_PACKAGE/DELIVERABLES/JOC55_ABRAXAS_V4_2_24_PREBUILT/09_MOTIONS_V4_2/AI_SELECTED_V4_2_24/04_HORIZONTALS/H02/08_EDITORIAL_M5/MOTION_DECISION.json
710	7.43	/Users/lordjef/Downloads/ABRAXAS_V4_2_24_APPLE40M_RESUME_MASTER_PACKAGE/DELIVERABLES/JOC55_ABRAXAS_V4_2_24_PREBUILT/09_MOTIONS_V4_2/AI_SELECTED_V4_2_24/04_HORIZONTALS/H02/09_EDITORIAL_M1/02_PROMPT_ANIMAR_MOTION.txt
88	7.43	/Users/lordjef/Downloads/ABRAXAS_V4_2_24_APPLE40M_RESUME_MASTER_PACKAGE/DELIVERABLES/JOC55_ABRAXAS_V4_2_24_PREBUILT/09_MOTIONS_V4_2/AI_SELECTED_V4_2_24/04_HORIZONTALS/H02/09_EDITORIAL_M1/20_MOTION_FINAL/COLOCAR_AQUI_MOTION_FINAL.txt
1429	7.43	/Users/lordjef/Downloads/ABRAXAS_V4_2_24_APPLE40M_RESUME_MASTER_PACKAGE/DELIVERABLES/JOC55_ABRAXAS_V4_2_24_PREBUILT/09_MOTIONS_V4_2/AI_SELECTED_V4_2_24/04_HORIZONTALS/H02/09_EDITORIAL_M1/MOTION_DECISION.json
763	7.43	/Users/lordjef/Downloads/ABRAXAS_V4_2_24_APPLE40M_RESUME_MASTER_PACKAGE/DELIVERABLES/JOC55_ABRAXAS_V4_2_24_PREBUILT/09_MOTIONS_V4_2/AI_SELECTED_V4_2_24/04_HORIZONTALS/H02/10_EDITORIAL_M1/02_PROMPT_ANIMAR_MOTION.txt
88	7.43	/Users/lordjef/Downloads/ABRAXAS_V4_2_24_APPLE40M_RESUME_MASTER_PACKAGE/DELIVERABLES/JOC55_ABRAXAS_V4_2_24_PREBUILT/09_MOTIONS_V4_2/AI_SELECTED_V4_2_24/04_HORIZONTALS/H02/10_EDITORIAL_M1/20_MOTION_FINAL/COLOCAR_AQUI_MOTION_FINAL.txt
1489	7.43	/Users/lordjef/Downloads/ABRAXAS_V4_2_24_APPLE40M_RESUME_MASTER_PACKAGE/DELIVERABLES/JOC55_ABRAXAS_V4_2_24_PREBUILT/09_MOTIONS_V4_2/AI_SELECTED_V4_2_24/04_HORIZONTALS/H02/10_EDITORIAL_M1/MOTION_DECISION.json
721	7.43	/Users/lordjef/Downloads/ABRAXAS_V4_2_24_APPLE40M_RESUME_MASTER_PACKAGE/DELIVERABLES/JOC55_ABRAXAS_V4_2_24_PREBUILT/09_MOTIONS_V4_2/AI_SELECTED_V4_2_24/04_HORIZONTALS/H02/11_EDITORIAL_M1/02_PROMPT_ANIMAR_MOTION.txt
88	7.43	/Users/lordjef/Downloads/ABRAXAS_V4_2_24_APPLE40M_RESUME_MASTER_PACKAGE/DELIVERABLES/JOC55_ABRAXAS_V4_2_24_PREBUILT/09_MOTIONS_V4_2/AI_SELECTED_V4_2_24/04_HORIZONTALS/H02/11_EDITORIAL_M1/20_MOTION_FINAL/COLOCAR_AQUI_MOTION_FINAL.txt
1441	7.43	/Users/lordjef/Downloads/ABRAXAS_V4_2_24_APPLE40M_RESUME_MASTER_PACKAGE/DELIVERABLES/JOC55_ABRAXAS_V4_2_24_PREBUILT/09_MOTIONS_V4_2/AI_SELECTED_V4_2_24/04_HORIZONTALS/H02/11_EDITORIAL_M1/MOTION_DECISION.json
690	7.43	/Users/lordjef/Downloads/ABRAXAS_V4_2_24_APPLE40M_RESUME_MASTER_PACKAGE/DELIVERABLES/JOC55_ABRAXAS_V4_2_24_PREBUILT/09_MOTIONS_V4_2/AI_SELECTED_V4_2_24/04_HORIZONTALS/H02/12_EDITORIAL_M1/02_PROMPT_ANIMAR_MOTION.txt
88	7.43	/Users/lordjef/Downloads/ABRAXAS_V4_2_24_APPLE40M_RESUME_MASTER_PACKAGE/DELIVERABLES/JOC55_ABRAXAS_V4_2_24_PREBUILT/09_MOTIONS_V4_2/AI_SELECTED_V4_2_24/04_HORIZONTALS/H02/12_EDITORIAL_M1/20_MOTION_FINAL/COLOCAR_AQUI_MOTION_FINAL.txt
1418	7.43	/Users/lordjef/Downloads/ABRAXAS_V4_2_24_APPLE40M_RESUME_MASTER_PACKAGE/DELIVERABLES/JOC55_ABRAXAS_V4_2_24_PREBUILT/09_MOTIONS_V4_2/AI_SELECTED_V4_2_24/04_HORIZONTALS/H02/12_EDITORIAL_M1/MOTION_DECISION.json
765	7.43	/Users/lordjef/Downloads/ABRAXAS_V4_2_24_APPLE40M_RESUME_MASTER_PACKAGE/DELIVERABLES/JOC55_ABRAXAS_V4_2_24_PREBUILT/09_MOTIONS_V4_2/AI_SELECTED_V4_2_24/04_HORIZONTALS/H02/13_EDITORIAL_M1/02_PROMPT_ANIMAR_MOTION.txt
88	7.43	/Users/lordjef/Downloads/ABRAXAS_V4_2_24_APPLE40M_RESUME_MASTER_PACKAGE/DELIVERABLES/JOC55_ABRAXAS_V4_2_24_PREBUILT/09_MOTIONS_V4_2/AI_SELECTED_V4_2_24/04_HORIZONTALS/H02/13_EDITORIAL_M1/20_MOTION_FINAL/COLOCAR_AQUI_MOTION_FINAL.txt
1489	7.43	/Users/lordjef/Downloads/ABRAXAS_V4_2_24_APPLE40M_RESUME_MASTER_PACKAGE/DELIVERABLES/JOC55_ABRAXAS_V4_2_24_PREBUILT/09_MOTIONS_V4_2/AI_SELECTED_V4_2_24/04_HORIZONTALS/H02/13_EDITORIAL_M1/MOTION_DECISION.json
677	7.43	/Users/lordjef/Downloads/ABRAXAS_V4_2_24_APPLE40M_RESUME_MASTER_PACKAGE/DELIVERABLES/JOC55_ABRAXAS_V4_2_24_PREBUILT/09_MOTIONS_V4_2/AI_SELECTED_V4_2_24/04_HORIZONTALS/H02/14_EDITORIAL_M1/02_PROMPT_ANIMAR_MOTION.txt
88	7.43	/Users/lordjef/Downloads/ABRAXAS_V4_2_24_APPLE40M_RESUME_MASTER_PACKAGE/DELIVERABLES/JOC55_ABRAXAS_V4_2_24_PREBUILT/09_MOTIONS_V4_2/AI_SELECTED_V4_2_24/04_HORIZONTALS/H02/14_EDITORIAL_M1/20_MOTION_FINAL/COLOCAR_AQUI_MOTION_FINAL.txt
1404	7.43	/Users/lordjef/Downloads/ABRAXAS_V4_2_24_APPLE40M_RESUME_MASTER_PACKAGE/DELIVERABLES/JOC55_ABRAXAS_V4_2_24_PREBUILT/09_MOTIONS_V4_2/AI_SELECTED_V4_2_24/04_HORIZONTALS/H02/14_EDITORIAL_M1/MOTION_DECISION.json
666	7.43	/Users/lordjef/Downloads/ABRAXAS_V4_2_24_APPLE40M_RESUME_MASTER_PACKAGE/DELIVERABLES/JOC55_ABRAXAS_V4_2_24_PREBUILT/09_MOTIONS_V4_2/AI_SELECTED_V4_2_24/04_HORIZONTALS/H02/15_EDITORIAL_M1/02_PROMPT_ANIMAR_MOTION.txt
88	7.43	/Users/lordjef/Downloads/ABRAXAS_V4_2_24_APPLE40M_RESUME_MASTER_PACKAGE/DELIVERABLES/JOC55_ABRAXAS_V4_2_24_PREBUILT/09_MOTIONS_V4_2/AI_SELECTED_V4_2_24/04_HORIZONTALS/H02/15_EDITORIAL_M1/20_MOTION_FINAL/COLOCAR_AQUI_MOTION_FINAL.txt
1393	7.43	/Users/lordjef/Downloads/ABRAXAS_V4_2_24_APPLE40M_RESUME_MASTER_PACKAGE/DELIVERABLES/JOC55_ABRAXAS_V4_2_24_PREBUILT/09_MOTIONS_V4_2/AI_SELECTED_V4_2_24/04_HORIZONTALS/H02/15_EDITORIAL_M1/MOTION_DECISION.json
697	7.43	/Users/lordjef/Downloads/ABRAXAS_V4_2_24_APPLE40M_RESUME_MASTER_PACKAGE/DELIVERABLES/JOC55_ABRAXAS_V4_2_24_PREBUILT/09_MOTIONS_V4_2/AI_SELECTED_V4_2_24/04_HORIZONTALS/H02/16_EDITORIAL_M1/02_PROMPT_ANIMAR_MOTION.txt
88	7.43	/Users/lordjef/Downloads/ABRAXAS_V4_2_24_APPLE40M_RESUME_MASTER_PACKAGE/DELIVERABLES/JOC55_ABRAXAS_V4_2_24_PREBUILT/09_MOTIONS_V4_2/AI_SELECTED_V4_2_24/04_HORIZONTALS/H02/16_EDITORIAL_M1/20_MOTION_FINAL/COLOCAR_AQUI_MOTION_FINAL.txt
1419	7.43	/Users/lordjef/Downloads/ABRAXAS_V4_2_24_APPLE40M_RESUME_MASTER_PACKAGE/DELIVERABLES/JOC55_ABRAXAS_V4_2_24_PREBUILT/09_MOTIONS_V4_2/AI_SELECTED_V4_2_24/04_HORIZONTALS/H02/16_EDITORIAL_M1/MOTION_DECISION.json
739	7.43	/Users/lordjef/Downloads/ABRAXAS_V4_2_24_APPLE40M_RESUME_MASTER_PACKAGE/DELIVERABLES/JOC55_ABRAXAS_V4_2_24_PREBUILT/09_MOTIONS_V4_2/AI_SELECTED_V4_2_24/04_HORIZONTALS/H02/17_EDITORIAL_M4/02_PROMPT_ANIMAR_MOTION.txt
88	7.43	/Users/lordjef/Downloads/ABRAXAS_V4_2_24_APPLE40M_RESUME_MASTER_PACKAGE/DELIVERABLES/JOC55_ABRAXAS_V4_2_24_PREBUILT/09_MOTIONS_V4_2/AI_SELECTED_V4_2_24/04_HORIZONTALS/H02/17_EDITORIAL_M4/20_MOTION_FINAL/COLOCAR_AQUI_MOTION_FINAL.txt
1412	7.43	/Users/lordjef/Downloads/ABRAXAS_V4_2_24_APPLE40M_RESUME_MASTER_PACKAGE/DELIVERABLES/JOC55_ABRAXAS_V4_2_24_PREBUILT/09_MOTIONS_V4_2/AI_SELECTED_V4_2_24/04_HORIZONTALS/H02/17_EDITORIAL_M4/MOTION_DECISION.json
764	7.43	/Users/lordjef/Downloads/ABRAXAS_V4_2_24_APPLE40M_RESUME_MASTER_PACKAGE/DELIVERABLES/JOC55_ABRAXAS_V4_2_24_PREBUILT/09_MOTIONS_V4_2/AI_SELECTED_V4_2_24/04_HORIZONTALS/H02/18_EDITORIAL_M1/02_PROMPT_ANIMAR_MOTION.txt
88	7.43	/Users/lordjef/Downloads/ABRAXAS_V4_2_24_APPLE40M_RESUME_MASTER_PACKAGE/DELIVERABLES/JOC55_ABRAXAS_V4_2_24_PREBUILT/09_MOTIONS_V4_2/AI_SELECTED_V4_2_24/04_HORIZONTALS/H02/18_EDITORIAL_M1/20_MOTION_FINAL/COLOCAR_AQUI_MOTION_FINAL.txt
1484	7.43	/Users/lordjef/Downloads/ABRAXAS_V4_2_24_APPLE40M_RESUME_MASTER_PACKAGE/DELIVERABLES/JOC55_ABRAXAS_V4_2_24_PREBUILT/09_MOTIONS_V4_2/AI_SELECTED_V4_2_24/04_HORIZONTALS/H02/18_EDITORIAL_M1/MOTION_DECISION.json
744	7.43	/Users/lordjef/Downloads/ABRAXAS_V4_2_24_APPLE40M_RESUME_MASTER_PACKAGE/DELIVERABLES/JOC55_ABRAXAS_V4_2_24_PREBUILT/09_MOTIONS_V4_2/AI_SELECTED_V4_2_24/04_HORIZONTALS/H02/19_EDITORIAL_M1/02_PROMPT_ANIMAR_MOTION.txt
88	7.43	/Users/lordjef/Downloads/ABRAXAS_V4_2_24_APPLE40M_RESUME_MASTER_PACKAGE/DELIVERABLES/JOC55_ABRAXAS_V4_2_24_PREBUILT/09_MOTIONS_V4_2/AI_SELECTED_V4_2_24/04_HORIZONTALS/H02/19_EDITORIAL_M1/20_MOTION_FINAL/COLOCAR_AQUI_MOTION_FINAL.txt
1464	7.43	/Users/lordjef/Downloads/ABRAXAS_V4_2_24_APPLE40M_RESUME_MASTER_PACKAGE/DELIVERABLES/JOC55_ABRAXAS_V4_2_24_PREBUILT/09_MOTIONS_V4_2/AI_SELECTED_V4_2_24/04_HORIZONTALS/H02/19_EDITORIAL_M1/MOTION_DECISION.json
680	7.43	/Users/lordjef/Downloads/ABRAXAS_V4_2_24_APPLE40M_RESUME_MASTER_PACKAGE/DELIVERABLES/JOC55_ABRAXAS_V4_2_24_PREBUILT/09_MOTIONS_V4_2/AI_SELECTED_V4_2_24/04_HORIZONTALS/H02/20_EDITORIAL_M1/02_PROMPT_ANIMAR_MOTION.txt
88	7.43	/Users/lordjef/Downloads/ABRAXAS_V4_2_24_APPLE40M_RESUME_MASTER_PACKAGE/DELIVERABLES/JOC55_ABRAXAS_V4_2_24_PREBUILT/09_MOTIONS_V4_2/AI_SELECTED_V4_2_24/04_HORIZONTALS/H02/20_EDITORIAL_M1/20_MOTION_FINAL/COLOCAR_AQUI_MOTION_FINAL.txt
1408	7.43	/Users/lordjef/Downloads/ABRAXAS_V4_2_24_APPLE40M_RESUME_MASTER_PACKAGE/DELIVERABLES/JOC55_ABRAXAS_V4_2_24_PREBUILT/09_MOTIONS_V4_2/AI_SELECTED_V4_2_24/04_HORIZONTALS/H02/20_EDITORIAL_M1/MOTION_DECISION.json
729	7.43	/Users/lordjef/Downloads/ABRAXAS_V4_2_24_APPLE40M_RESUME_MASTER_PACKAGE/DELIVERABLES/JOC55_ABRAXAS_V4_2_24_PREBUILT/09_MOTIONS_V4_2/AI_SELECTED_V4_2_24/04_HORIZONTALS/H02/21_EDITORIAL_M1/02_PROMPT_ANIMAR_MOTION.txt
88	7.43	/Users/lordjef/Downloads/ABRAXAS_V4_2_24_APPLE40M_RESUME_MASTER_PACKAGE/DELIVERABLES/JOC55_ABRAXAS_V4_2_24_PREBUILT/09_MOTIONS_V4_2/AI_SELECTED_V4_2_24/04_HORIZONTALS/H02/21_EDITORIAL_M1/20_MOTION_FINAL/COLOCAR_AQUI_MOTION_FINAL.txt
1451	7.43	/Users/lordjef/Downloads/ABRAXAS_V4_2_24_APPLE40M_RESUME_MASTER_PACKAGE/DELIVERABLES/JOC55_ABRAXAS_V4_2_24_PREBUILT/09_MOTIONS_V4_2/AI_SELECTED_V4_2_24/04_HORIZONTALS/H02/21_EDITORIAL_M1/MOTION_DECISION.json
690	7.43	/Users/lordjef/Downloads/ABRAXAS_V4_2_24_APPLE40M_RESUME_MASTER_PACKAGE/DELIVERABLES/JOC55_ABRAXAS_V4_2_24_PREBUILT/09_MOTIONS_V4_2/AI_SELECTED_V4_2_24/04_HORIZONTALS/H02/22_EDITORIAL_M1/02_PROMPT_ANIMAR_MOTION.txt
88	7.43	/Users/lordjef/Downloads/ABRAXAS_V4_2_24_APPLE40M_RESUME_MASTER_PACKAGE/DELIVERABLES/JOC55_ABRAXAS_V4_2_24_PREBUILT/09_MOTIONS_V4_2/AI_SELECTED_V4_2_24/04_HORIZONTALS/H02/22_EDITORIAL_M1/20_MOTION_FINAL/COLOCAR_AQUI_MOTION_FINAL.txt
1420	7.43	/Users/lordjef/Downloads/ABRAXAS_V4_2_24_APPLE40M_RESUME_MASTER_PACKAGE/DELIVERABLES/JOC55_ABRAXAS_V4_2_24_PREBUILT/09_MOTIONS_V4_2/AI_SELECTED_V4_2_24/04_HORIZONTALS/H02/22_EDITORIAL_M1/MOTION_DECISION.json
711	7.43	/Users/lordjef/Downloads/ABRAXAS_V4_2_24_APPLE40M_RESUME_MASTER_PACKAGE/DELIVERABLES/JOC55_ABRAXAS_V4_2_24_PREBUILT/09_MOTIONS_V4_2/AI_SELECTED_V4_2_24/04_HORIZONTALS/H02/23_EDITORIAL_M1/02_PROMPT_ANIMAR_MOTION.txt
88	7.43	/Users/lordjef/Downloads/ABRAXAS_V4_2_24_APPLE40M_RESUME_MASTER_PACKAGE/DELIVERABLES/JOC55_ABRAXAS_V4_2_24_PREBUILT/09_MOTIONS_V4_2/AI_SELECTED_V4_2_24/04_HORIZONTALS/H02/23_EDITORIAL_M1/20_MOTION_FINAL/COLOCAR_AQUI_MOTION_FINAL.txt
1434	7.43	/Users/lordjef/Downloads/ABRAXAS_V4_2_24_APPLE40M_RESUME_MASTER_PACKAGE/DELIVERABLES/JOC55_ABRAXAS_V4_2_24_PREBUILT/09_MOTIONS_V4_2/AI_SELECTED_V4_2_24/04_HORIZONTALS/H02/23_EDITORIAL_M1/MOTION_DECISION.json
4752	7.43	/Users/lordjef/Downloads/ABRAXAS_V4_2_24_APPLE40M_RESUME_MASTER_PACKAGE/DELIVERABLES/JOC55_ABRAXAS_V4_2_24_PREBUILT/09_MOTIONS_V4_2/AI_SELECTED_V4_2_24/04_HORIZONTALS/H03/00_MOTION_INDEX.json
753	7.43	/Users/lordjef/Downloads/ABRAXAS_V4_2_24_APPLE40M_RESUME_MASTER_PACKAGE/DELIVERABLES/JOC55_ABRAXAS_V4_2_24_PREBUILT/09_MOTIONS_V4_2/AI_SELECTED_V4_2_24/04_HORIZONTALS/H03/01_EDITORIAL_M4/02_PROMPT_ANIMAR_MOTION.txt
88	7.43	/Users/lordjef/Downloads/ABRAXAS_V4_2_24_APPLE40M_RESUME_MASTER_PACKAGE/DELIVERABLES/JOC55_ABRAXAS_V4_2_24_PREBUILT/09_MOTIONS_V4_2/AI_SELECTED_V4_2_24/04_HORIZONTALS/H03/01_EDITORIAL_M4/20_MOTION_FINAL/COLOCAR_AQUI_MOTION_FINAL.txt
1423	7.43	/Users/lordjef/Downloads/ABRAXAS_V4_2_24_APPLE40M_RESUME_MASTER_PACKAGE/DELIVERABLES/JOC55_ABRAXAS_V4_2_24_PREBUILT/09_MOTIONS_V4_2/AI_SELECTED_V4_2_24/04_HORIZONTALS/H03/01_EDITORIAL_M4/MOTION_DECISION.json
690	7.43	/Users/lordjef/Downloads/ABRAXAS_V4_2_24_APPLE40M_RESUME_MASTER_PACKAGE/DELIVERABLES/JOC55_ABRAXAS_V4_2_24_PREBUILT/09_MOTIONS_V4_2/AI_SELECTED_V4_2_24/04_HORIZONTALS/H03/02_EDITORIAL_M1/02_PROMPT_ANIMAR_MOTION.txt
88	7.43	/Users/lordjef/Downloads/ABRAXAS_V4_2_24_APPLE40M_RESUME_MASTER_PACKAGE/DELIVERABLES/JOC55_ABRAXAS_V4_2_24_PREBUILT/09_MOTIONS_V4_2/AI_SELECTED_V4_2_24/04_HORIZONTALS/H03/02_EDITORIAL_M1/20_MOTION_FINAL/COLOCAR_AQUI_MOTION_FINAL.txt
1408	7.43	/Users/lordjef/Downloads/ABRAXAS_V4_2_24_APPLE40M_RESUME_MASTER_PACKAGE/DELIVERABLES/JOC55_ABRAXAS_V4_2_24_PREBUILT/09_MOTIONS_V4_2/AI_SELECTED_V4_2_24/04_HORIZONTALS/H03/02_EDITORIAL_M1/MOTION_DECISION.json
727	7.43	/Users/lordjef/Downloads/ABRAXAS_V4_2_24_APPLE40M_RESUME_MASTER_PACKAGE/DELIVERABLES/JOC55_ABRAXAS_V4_2_24_PREBUILT/09_MOTIONS_V4_2/AI_SELECTED_V4_2_24/04_HORIZONTALS/H03/03_EDITORIAL_M1/02_PROMPT_ANIMAR_MOTION.txt
88	7.43	/Users/lordjef/Downloads/ABRAXAS_V4_2_24_APPLE40M_RESUME_MASTER_PACKAGE/DELIVERABLES/JOC55_ABRAXAS_V4_2_24_PREBUILT/09_MOTIONS_V4_2/AI_SELECTED_V4_2_24/04_HORIZONTALS/H03/03_EDITORIAL_M1/20_MOTION_FINAL/COLOCAR_AQUI_MOTION_FINAL.txt
1444	7.43	/Users/lordjef/Downloads/ABRAXAS_V4_2_24_APPLE40M_RESUME_MASTER_PACKAGE/DELIVERABLES/JOC55_ABRAXAS_V4_2_24_PREBUILT/09_MOTIONS_V4_2/AI_SELECTED_V4_2_24/04_HORIZONTALS/H03/03_EDITORIAL_M1/MOTION_DECISION.json
723	7.43	/Users/lordjef/Downloads/ABRAXAS_V4_2_24_APPLE40M_RESUME_MASTER_PACKAGE/DELIVERABLES/JOC55_ABRAXAS_V4_2_24_PREBUILT/09_MOTIONS_V4_2/AI_SELECTED_V4_2_24/04_HORIZONTALS/H03/04_EDITORIAL_M1/02_PROMPT_ANIMAR_MOTION.txt
88	7.43	/Users/lordjef/Downloads/ABRAXAS_V4_2_24_APPLE40M_RESUME_MASTER_PACKAGE/DELIVERABLES/JOC55_ABRAXAS_V4_2_24_PREBUILT/09_MOTIONS_V4_2/AI_SELECTED_V4_2_24/04_HORIZONTALS/H03/04_EDITORIAL_M1/20_MOTION_FINAL/COLOCAR_AQUI_MOTION_FINAL.txt
1446	7.43	/Users/lordjef/Downloads/ABRAXAS_V4_2_24_APPLE40M_RESUME_MASTER_PACKAGE/DELIVERABLES/JOC55_ABRAXAS_V4_2_24_PREBUILT/09_MOTIONS_V4_2/AI_SELECTED_V4_2_24/04_HORIZONTALS/H03/04_EDITORIAL_M1/MOTION_DECISION.json
754	7.43	/Users/lordjef/Downloads/ABRAXAS_V4_2_24_APPLE40M_RESUME_MASTER_PACKAGE/DELIVERABLES/JOC55_ABRAXAS_V4_2_24_PREBUILT/09_MOTIONS_V4_2/AI_SELECTED_V4_2_24/04_HORIZONTALS/H03/05_EDITORIAL_M1/02_PROMPT_ANIMAR_MOTION.txt
88	7.43	/Users/lordjef/Downloads/ABRAXAS_V4_2_24_APPLE40M_RESUME_MASTER_PACKAGE/DELIVERABLES/JOC55_ABRAXAS_V4_2_24_PREBUILT/09_MOTIONS_V4_2/AI_SELECTED_V4_2_24/04_HORIZONTALS/H03/05_EDITORIAL_M1/20_MOTION_FINAL/COLOCAR_AQUI_MOTION_FINAL.txt
1479	7.43	/Users/lordjef/Downloads/ABRAXAS_V4_2_24_APPLE40M_RESUME_MASTER_PACKAGE/DELIVERABLES/JOC55_ABRAXAS_V4_2_24_PREBUILT/09_MOTIONS_V4_2/AI_SELECTED_V4_2_24/04_HORIZONTALS/H03/05_EDITORIAL_M1/MOTION_DECISION.json
728	7.43	/Users/lordjef/Downloads/ABRAXAS_V4_2_24_APPLE40M_RESUME_MASTER_PACKAGE/DELIVERABLES/JOC55_ABRAXAS_V4_2_24_PREBUILT/09_MOTIONS_V4_2/AI_SELECTED_V4_2_24/04_HORIZONTALS/H03/06_EDITORIAL_M1/02_PROMPT_ANIMAR_MOTION.txt
88	7.43	/Users/lordjef/Downloads/ABRAXAS_V4_2_24_APPLE40M_RESUME_MASTER_PACKAGE/DELIVERABLES/JOC55_ABRAXAS_V4_2_24_PREBUILT/09_MOTIONS_V4_2/AI_SELECTED_V4_2_24/04_HORIZONTALS/H03/06_EDITORIAL_M1/20_MOTION_FINAL/COLOCAR_AQUI_MOTION_FINAL.txt
1447	7.43	/Users/lordjef/Downloads/ABRAXAS_V4_2_24_APPLE40M_RESUME_MASTER_PACKAGE/DELIVERABLES/JOC55_ABRAXAS_V4_2_24_PREBUILT/09_MOTIONS_V4_2/AI_SELECTED_V4_2_24/04_HORIZONTALS/H03/06_EDITORIAL_M1/MOTION_DECISION.json
754	7.43	/Users/lordjef/Downloads/ABRAXAS_V4_2_24_APPLE40M_RESUME_MASTER_PACKAGE/DELIVERABLES/JOC55_ABRAXAS_V4_2_24_PREBUILT/09_MOTIONS_V4_2/AI_SELECTED_V4_2_24/04_HORIZONTALS/H03/07_EDITORIAL_M1/02_PROMPT_ANIMAR_MOTION.txt
88	7.43	/Users/lordjef/Downloads/ABRAXAS_V4_2_24_APPLE40M_RESUME_MASTER_PACKAGE/DELIVERABLES/JOC55_ABRAXAS_V4_2_24_PREBUILT/09_MOTIONS_V4_2/AI_SELECTED_V4_2_24/04_HORIZONTALS/H03/07_EDITORIAL_M1/20_MOTION_FINAL/COLOCAR_AQUI_MOTION_FINAL.txt
1473	7.43	/Users/lordjef/Downloads/ABRAXAS_V4_2_24_APPLE40M_RESUME_MASTER_PACKAGE/DELIVERABLES/JOC55_ABRAXAS_V4_2_24_PREBUILT/09_MOTIONS_V4_2/AI_SELECTED_V4_2_24/04_HORIZONTALS/H03/07_EDITORIAL_M1/MOTION_DECISION.json
775	7.43	/Users/lordjef/Downloads/ABRAXAS_V4_2_24_APPLE40M_RESUME_MASTER_PACKAGE/DELIVERABLES/JOC55_ABRAXAS_V4_2_24_PREBUILT/09_MOTIONS_V4_2/AI_SELECTED_V4_2_24/04_HORIZONTALS/H03/08_EDITORIAL_M1/02_PROMPT_ANIMAR_MOTION.txt
88	7.43	/Users/lordjef/Downloads/ABRAXAS_V4_2_24_APPLE40M_RESUME_MASTER_PACKAGE/DELIVERABLES/JOC55_ABRAXAS_V4_2_24_PREBUILT/09_MOTIONS_V4_2/AI_SELECTED_V4_2_24/04_HORIZONTALS/H03/08_EDITORIAL_M1/20_MOTION_FINAL/COLOCAR_AQUI_MOTION_FINAL.txt
1494	7.43	/Users/lordjef/Downloads/ABRAXAS_V4_2_24_APPLE40M_RESUME_MASTER_PACKAGE/DELIVERABLES/JOC55_ABRAXAS_V4_2_24_PREBUILT/09_MOTIONS_V4_2/AI_SELECTED_V4_2_24/04_HORIZONTALS/H03/08_EDITORIAL_M1/MOTION_DECISION.json
758	7.43	/Users/lordjef/Downloads/ABRAXAS_V4_2_24_APPLE40M_RESUME_MASTER_PACKAGE/DELIVERABLES/JOC55_ABRAXAS_V4_2_24_PREBUILT/09_MOTIONS_V4_2/AI_SELECTED_V4_2_24/04_HORIZONTALS/H03/09_EDITORIAL_M2/02_PROMPT_ANIMAR_MOTION.txt
578	7.43	/Users/lordjef/Downloads/ABRAXAS_V4_2_24_APPLE40M_RESUME_MASTER_PACKAGE/DELIVERABLES/JOC55_ABRAXAS_V4_2_24_PREBUILT/09_MOTIONS_V4_2/AI_SELECTED_V4_2_24/04_HORIZONTALS/H03/09_EDITORIAL_M2/10_ASSETS/MOTION2_TEXT_SEGMENTS_EXACT.json
88	7.43	/Users/lordjef/Downloads/ABRAXAS_V4_2_24_APPLE40M_RESUME_MASTER_PACKAGE/DELIVERABLES/JOC55_ABRAXAS_V4_2_24_PREBUILT/09_MOTIONS_V4_2/AI_SELECTED_V4_2_24/04_HORIZONTALS/H03/09_EDITORIAL_M2/20_MOTION_FINAL/COLOCAR_AQUI_MOTION_FINAL.txt
1590	7.43	/Users/lordjef/Downloads/ABRAXAS_V4_2_24_APPLE40M_RESUME_MASTER_PACKAGE/DELIVERABLES/JOC55_ABRAXAS_V4_2_24_PREBUILT/09_MOTIONS_V4_2/AI_SELECTED_V4_2_24/04_HORIZONTALS/H03/09_EDITORIAL_M2/MOTION_DECISION.json
749	7.43	/Users/lordjef/Downloads/ABRAXAS_V4_2_24_APPLE40M_RESUME_MASTER_PACKAGE/DELIVERABLES/JOC55_ABRAXAS_V4_2_24_PREBUILT/09_MOTIONS_V4_2/AI_SELECTED_V4_2_24/04_HORIZONTALS/H03/10_EDITORIAL_M1/02_PROMPT_ANIMAR_MOTION.txt
88	7.43	/Users/lordjef/Downloads/ABRAXAS_V4_2_24_APPLE40M_RESUME_MASTER_PACKAGE/DELIVERABLES/JOC55_ABRAXAS_V4_2_24_PREBUILT/09_MOTIONS_V4_2/AI_SELECTED_V4_2_24/04_HORIZONTALS/H03/10_EDITORIAL_M1/20_MOTION_FINAL/COLOCAR_AQUI_MOTION_FINAL.txt
1469	7.43	/Users/lordjef/Downloads/ABRAXAS_V4_2_24_APPLE40M_RESUME_MASTER_PACKAGE/DELIVERABLES/JOC55_ABRAXAS_V4_2_24_PREBUILT/09_MOTIONS_V4_2/AI_SELECTED_V4_2_24/04_HORIZONTALS/H03/10_EDITORIAL_M1/MOTION_DECISION.json
775	7.43	/Users/lordjef/Downloads/ABRAXAS_V4_2_24_APPLE40M_RESUME_MASTER_PACKAGE/DELIVERABLES/JOC55_ABRAXAS_V4_2_24_PREBUILT/09_MOTIONS_V4_2/AI_SELECTED_V4_2_24/04_HORIZONTALS/H03/11_EDITORIAL_M6/02_PROMPT_ANIMAR_MOTION.txt
88	7.43	/Users/lordjef/Downloads/ABRAXAS_V4_2_24_APPLE40M_RESUME_MASTER_PACKAGE/DELIVERABLES/JOC55_ABRAXAS_V4_2_24_PREBUILT/09_MOTIONS_V4_2/AI_SELECTED_V4_2_24/04_HORIZONTALS/H03/11_EDITORIAL_M6/20_MOTION_FINAL/COLOCAR_AQUI_MOTION_FINAL.txt
1480	7.43	/Users/lordjef/Downloads/ABRAXAS_V4_2_24_APPLE40M_RESUME_MASTER_PACKAGE/DELIVERABLES/JOC55_ABRAXAS_V4_2_24_PREBUILT/09_MOTIONS_V4_2/AI_SELECTED_V4_2_24/04_HORIZONTALS/H03/11_EDITORIAL_M6/MOTION_DECISION.json
692	7.43	/Users/lordjef/Downloads/ABRAXAS_V4_2_24_APPLE40M_RESUME_MASTER_PACKAGE/DELIVERABLES/JOC55_ABRAXAS_V4_2_24_PREBUILT/09_MOTIONS_V4_2/AI_SELECTED_V4_2_24/04_HORIZONTALS/H03/12_EDITORIAL_M1/02_PROMPT_ANIMAR_MOTION.txt
88	7.43	/Users/lordjef/Downloads/ABRAXAS_V4_2_24_APPLE40M_RESUME_MASTER_PACKAGE/DELIVERABLES/JOC55_ABRAXAS_V4_2_24_PREBUILT/09_MOTIONS_V4_2/AI_SELECTED_V4_2_24/04_HORIZONTALS/H03/12_EDITORIAL_M1/20_MOTION_FINAL/COLOCAR_AQUI_MOTION_FINAL.txt
1412	7.43	/Users/lordjef/Downloads/ABRAXAS_V4_2_24_APPLE40M_RESUME_MASTER_PACKAGE/DELIVERABLES/JOC55_ABRAXAS_V4_2_24_PREBUILT/09_MOTIONS_V4_2/AI_SELECTED_V4_2_24/04_HORIZONTALS/H03/12_EDITORIAL_M1/MOTION_DECISION.json
794	7.43	/Users/lordjef/Downloads/ABRAXAS_V4_2_24_APPLE40M_RESUME_MASTER_PACKAGE/DELIVERABLES/JOC55_ABRAXAS_V4_2_24_PREBUILT/09_MOTIONS_V4_2/AI_SELECTED_V4_2_24/04_HORIZONTALS/H03/13_EDITORIAL_M1/02_PROMPT_ANIMAR_MOTION.txt
88	7.43	/Users/lordjef/Downloads/ABRAXAS_V4_2_24_APPLE40M_RESUME_MASTER_PACKAGE/DELIVERABLES/JOC55_ABRAXAS_V4_2_24_PREBUILT/09_MOTIONS_V4_2/AI_SELECTED_V4_2_24/04_HORIZONTALS/H03/13_EDITORIAL_M1/20_MOTION_FINAL/COLOCAR_AQUI_MOTION_FINAL.txt
1514	7.43	/Users/lordjef/Downloads/ABRAXAS_V4_2_24_APPLE40M_RESUME_MASTER_PACKAGE/DELIVERABLES/JOC55_ABRAXAS_V4_2_24_PREBUILT/09_MOTIONS_V4_2/AI_SELECTED_V4_2_24/04_HORIZONTALS/H03/13_EDITORIAL_M1/MOTION_DECISION.json
746	7.43	/Users/lordjef/Downloads/ABRAXAS_V4_2_24_APPLE40M_RESUME_MASTER_PACKAGE/DELIVERABLES/JOC55_ABRAXAS_V4_2_24_PREBUILT/09_MOTIONS_V4_2/AI_SELECTED_V4_2_24/04_HORIZONTALS/H03/14_EDITORIAL_M5/02_PROMPT_ANIMAR_MOTION.txt
88	7.43	/Users/lordjef/Downloads/ABRAXAS_V4_2_24_APPLE40M_RESUME_MASTER_PACKAGE/DELIVERABLES/JOC55_ABRAXAS_V4_2_24_PREBUILT/09_MOTIONS_V4_2/AI_SELECTED_V4_2_24/04_HORIZONTALS/H03/14_EDITORIAL_M5/20_MOTION_FINAL/COLOCAR_AQUI_MOTION_FINAL.txt
1489	7.43	/Users/lordjef/Downloads/ABRAXAS_V4_2_24_APPLE40M_RESUME_MASTER_PACKAGE/DELIVERABLES/JOC55_ABRAXAS_V4_2_24_PREBUILT/09_MOTIONS_V4_2/AI_SELECTED_V4_2_24/04_HORIZONTALS/H03/14_EDITORIAL_M5/MOTION_DECISION.json
739	7.43	/Users/lordjef/Downloads/ABRAXAS_V4_2_24_APPLE40M_RESUME_MASTER_PACKAGE/DELIVERABLES/JOC55_ABRAXAS_V4_2_24_PREBUILT/09_MOTIONS_V4_2/AI_SELECTED_V4_2_24/04_HORIZONTALS/H03/15_EDITORIAL_M1/02_PROMPT_ANIMAR_MOTION.txt
88	7.43	/Users/lordjef/Downloads/ABRAXAS_V4_2_24_APPLE40M_RESUME_MASTER_PACKAGE/DELIVERABLES/JOC55_ABRAXAS_V4_2_24_PREBUILT/09_MOTIONS_V4_2/AI_SELECTED_V4_2_24/04_HORIZONTALS/H03/15_EDITORIAL_M1/20_MOTION_FINAL/COLOCAR_AQUI_MOTION_FINAL.txt
1459	7.43	/Users/lordjef/Downloads/ABRAXAS_V4_2_24_APPLE40M_RESUME_MASTER_PACKAGE/DELIVERABLES/JOC55_ABRAXAS_V4_2_24_PREBUILT/09_MOTIONS_V4_2/AI_SELECTED_V4_2_24/04_HORIZONTALS/H03/15_EDITORIAL_M1/MOTION_DECISION.json
699	7.43	/Users/lordjef/Downloads/ABRAXAS_V4_2_24_APPLE40M_RESUME_MASTER_PACKAGE/DELIVERABLES/JOC55_ABRAXAS_V4_2_24_PREBUILT/09_MOTIONS_V4_2/AI_SELECTED_V4_2_24/04_HORIZONTALS/H03/16_EDITORIAL_M1/02_PROMPT_ANIMAR_MOTION.txt
88	7.43	/Users/lordjef/Downloads/ABRAXAS_V4_2_24_APPLE40M_RESUME_MASTER_PACKAGE/DELIVERABLES/JOC55_ABRAXAS_V4_2_24_PREBUILT/09_MOTIONS_V4_2/AI_SELECTED_V4_2_24/04_HORIZONTALS/H03/16_EDITORIAL_M1/20_MOTION_FINAL/COLOCAR_AQUI_MOTION_FINAL.txt
1427	7.43	/Users/lordjef/Downloads/ABRAXAS_V4_2_24_APPLE40M_RESUME_MASTER_PACKAGE/DELIVERABLES/JOC55_ABRAXAS_V4_2_24_PREBUILT/09_MOTIONS_V4_2/AI_SELECTED_V4_2_24/04_HORIZONTALS/H03/16_EDITORIAL_M1/MOTION_DECISION.json
764	7.43	/Users/lordjef/Downloads/ABRAXAS_V4_2_24_APPLE40M_RESUME_MASTER_PACKAGE/DELIVERABLES/JOC55_ABRAXAS_V4_2_24_PREBUILT/09_MOTIONS_V4_2/AI_SELECTED_V4_2_24/04_HORIZONTALS/H03/17_EDITORIAL_M4/02_PROMPT_ANIMAR_MOTION.txt
88	7.43	/Users/lordjef/Downloads/ABRAXAS_V4_2_24_APPLE40M_RESUME_MASTER_PACKAGE/DELIVERABLES/JOC55_ABRAXAS_V4_2_24_PREBUILT/09_MOTIONS_V4_2/AI_SELECTED_V4_2_24/04_HORIZONTALS/H03/17_EDITORIAL_M4/20_MOTION_FINAL/COLOCAR_AQUI_MOTION_FINAL.txt
1437	7.43	/Users/lordjef/Downloads/ABRAXAS_V4_2_24_APPLE40M_RESUME_MASTER_PACKAGE/DELIVERABLES/JOC55_ABRAXAS_V4_2_24_PREBUILT/09_MOTIONS_V4_2/AI_SELECTED_V4_2_24/04_HORIZONTALS/H03/17_EDITORIAL_M4/MOTION_DECISION.json
749	7.43	/Users/lordjef/Downloads/ABRAXAS_V4_2_24_APPLE40M_RESUME_MASTER_PACKAGE/DELIVERABLES/JOC55_ABRAXAS_V4_2_24_PREBUILT/09_MOTIONS_V4_2/AI_SELECTED_V4_2_24/04_HORIZONTALS/H03/18_EDITORIAL_M1/02_PROMPT_ANIMAR_MOTION.txt
88	7.43	/Users/lordjef/Downloads/ABRAXAS_V4_2_24_APPLE40M_RESUME_MASTER_PACKAGE/DELIVERABLES/JOC55_ABRAXAS_V4_2_24_PREBUILT/09_MOTIONS_V4_2/AI_SELECTED_V4_2_24/04_HORIZONTALS/H03/18_EDITORIAL_M1/20_MOTION_FINAL/COLOCAR_AQUI_MOTION_FINAL.txt
1469	7.43	/Users/lordjef/Downloads/ABRAXAS_V4_2_24_APPLE40M_RESUME_MASTER_PACKAGE/DELIVERABLES/JOC55_ABRAXAS_V4_2_24_PREBUILT/09_MOTIONS_V4_2/AI_SELECTED_V4_2_24/04_HORIZONTALS/H03/18_EDITORIAL_M1/MOTION_DECISION.json
765	7.43	/Users/lordjef/Downloads/ABRAXAS_V4_2_24_APPLE40M_RESUME_MASTER_PACKAGE/DELIVERABLES/JOC55_ABRAXAS_V4_2_24_PREBUILT/09_MOTIONS_V4_2/AI_SELECTED_V4_2_24/04_HORIZONTALS/H03/19_EDITORIAL_M1/02_PROMPT_ANIMAR_MOTION.txt
88	7.43	/Users/lordjef/Downloads/ABRAXAS_V4_2_24_APPLE40M_RESUME_MASTER_PACKAGE/DELIVERABLES/JOC55_ABRAXAS_V4_2_24_PREBUILT/09_MOTIONS_V4_2/AI_SELECTED_V4_2_24/04_HORIZONTALS/H03/19_EDITORIAL_M1/20_MOTION_FINAL/COLOCAR_AQUI_MOTION_FINAL.txt
1487	7.43	/Users/lordjef/Downloads/ABRAXAS_V4_2_24_APPLE40M_RESUME_MASTER_PACKAGE/DELIVERABLES/JOC55_ABRAXAS_V4_2_24_PREBUILT/09_MOTIONS_V4_2/AI_SELECTED_V4_2_24/04_HORIZONTALS/H03/19_EDITORIAL_M1/MOTION_DECISION.json
744	7.43	/Users/lordjef/Downloads/ABRAXAS_V4_2_24_APPLE40M_RESUME_MASTER_PACKAGE/DELIVERABLES/JOC55_ABRAXAS_V4_2_24_PREBUILT/09_MOTIONS_V4_2/AI_SELECTED_V4_2_24/04_HORIZONTALS/H03/20_EDITORIAL_M1/02_PROMPT_ANIMAR_MOTION.txt
88	7.43	/Users/lordjef/Downloads/ABRAXAS_V4_2_24_APPLE40M_RESUME_MASTER_PACKAGE/DELIVERABLES/JOC55_ABRAXAS_V4_2_24_PREBUILT/09_MOTIONS_V4_2/AI_SELECTED_V4_2_24/04_HORIZONTALS/H03/20_EDITORIAL_M1/20_MOTION_FINAL/COLOCAR_AQUI_MOTION_FINAL.txt
1466	7.43	/Users/lordjef/Downloads/ABRAXAS_V4_2_24_APPLE40M_RESUME_MASTER_PACKAGE/DELIVERABLES/JOC55_ABRAXAS_V4_2_24_PREBUILT/09_MOTIONS_V4_2/AI_SELECTED_V4_2_24/04_HORIZONTALS/H03/20_EDITORIAL_M1/MOTION_DECISION.json
768	7.43	/Users/lordjef/Downloads/ABRAXAS_V4_2_24_APPLE40M_RESUME_MASTER_PACKAGE/DELIVERABLES/JOC55_ABRAXAS_V4_2_24_PREBUILT/09_MOTIONS_V4_2/AI_SELECTED_V4_2_24/04_HORIZONTALS/H03/21_EDITORIAL_M1/02_PROMPT_ANIMAR_MOTION.txt
88	7.43	/Users/lordjef/Downloads/ABRAXAS_V4_2_24_APPLE40M_RESUME_MASTER_PACKAGE/DELIVERABLES/JOC55_ABRAXAS_V4_2_24_PREBUILT/09_MOTIONS_V4_2/AI_SELECTED_V4_2_24/04_HORIZONTALS/H03/21_EDITORIAL_M1/20_MOTION_FINAL/COLOCAR_AQUI_MOTION_FINAL.txt
1490	7.43	/Users/lordjef/Downloads/ABRAXAS_V4_2_24_APPLE40M_RESUME_MASTER_PACKAGE/DELIVERABLES/JOC55_ABRAXAS_V4_2_24_PREBUILT/09_MOTIONS_V4_2/AI_SELECTED_V4_2_24/04_HORIZONTALS/H03/21_EDITORIAL_M1/MOTION_DECISION.json
760	7.43	/Users/lordjef/Downloads/ABRAXAS_V4_2_24_APPLE40M_RESUME_MASTER_PACKAGE/DELIVERABLES/JOC55_ABRAXAS_V4_2_24_PREBUILT/09_MOTIONS_V4_2/AI_SELECTED_V4_2_24/04_HORIZONTALS/H03/22_EDITORIAL_M5/02_PROMPT_ANIMAR_MOTION.txt
88	7.43	/Users/lordjef/Downloads/ABRAXAS_V4_2_24_APPLE40M_RESUME_MASTER_PACKAGE/DELIVERABLES/JOC55_ABRAXAS_V4_2_24_PREBUILT/09_MOTIONS_V4_2/AI_SELECTED_V4_2_24/04_HORIZONTALS/H03/22_EDITORIAL_M5/20_MOTION_FINAL/COLOCAR_AQUI_MOTION_FINAL.txt
1505	7.43	/Users/lordjef/Downloads/ABRAXAS_V4_2_24_APPLE40M_RESUME_MASTER_PACKAGE/DELIVERABLES/JOC55_ABRAXAS_V4_2_24_PREBUILT/09_MOTIONS_V4_2/AI_SELECTED_V4_2_24/04_HORIZONTALS/H03/22_EDITORIAL_M5/MOTION_DECISION.json
735	7.43	/Users/lordjef/Downloads/ABRAXAS_V4_2_24_APPLE40M_RESUME_MASTER_PACKAGE/DELIVERABLES/JOC55_ABRAXAS_V4_2_24_PREBUILT/09_MOTIONS_V4_2/AI_SELECTED_V4_2_24/04_HORIZONTALS/H03/23_EDITORIAL_M1/02_PROMPT_ANIMAR_MOTION.txt
88	7.43	/Users/lordjef/Downloads/ABRAXAS_V4_2_24_APPLE40M_RESUME_MASTER_PACKAGE/DELIVERABLES/JOC55_ABRAXAS_V4_2_24_PREBUILT/09_MOTIONS_V4_2/AI_SELECTED_V4_2_24/04_HORIZONTALS/H03/23_EDITORIAL_M1/20_MOTION_FINAL/COLOCAR_AQUI_MOTION_FINAL.txt
1457	7.43	/Users/lordjef/Downloads/ABRAXAS_V4_2_24_APPLE40M_RESUME_MASTER_PACKAGE/DELIVERABLES/JOC55_ABRAXAS_V4_2_24_PREBUILT/09_MOTIONS_V4_2/AI_SELECTED_V4_2_24/04_HORIZONTALS/H03/23_EDITORIAL_M1/MOTION_DECISION.json
732	7.43	/Users/lordjef/Downloads/ABRAXAS_V4_2_24_APPLE40M_RESUME_MASTER_PACKAGE/DELIVERABLES/JOC55_ABRAXAS_V4_2_24_PREBUILT/09_MOTIONS_V4_2/AI_SELECTED_V4_2_24/04_HORIZONTALS/H03/24_EDITORIAL_M4/02_PROMPT_ANIMAR_MOTION.txt
88	7.43	/Users/lordjef/Downloads/ABRAXAS_V4_2_24_APPLE40M_RESUME_MASTER_PACKAGE/DELIVERABLES/JOC55_ABRAXAS_V4_2_24_PREBUILT/09_MOTIONS_V4_2/AI_SELECTED_V4_2_24/04_HORIZONTALS/H03/24_EDITORIAL_M4/20_MOTION_FINAL/COLOCAR_AQUI_MOTION_FINAL.txt
1407	7.43	/Users/lordjef/Downloads/ABRAXAS_V4_2_24_APPLE40M_RESUME_MASTER_PACKAGE/DELIVERABLES/JOC55_ABRAXAS_V4_2_24_PREBUILT/09_MOTIONS_V4_2/AI_SELECTED_V4_2_24/04_HORIZONTALS/H03/24_EDITORIAL_M4/MOTION_DECISION.json
3980	7.43	/Users/lordjef/Downloads/ABRAXAS_V4_2_24_APPLE40M_RESUME_MASTER_PACKAGE/DELIVERABLES/JOC55_ABRAXAS_V4_2_24_PREBUILT/09_MOTIONS_V4_2/AI_SELECTED_V4_2_24/04_HORIZONTALS/H04/00_MOTION_INDEX.json
664	7.43	/Users/lordjef/Downloads/ABRAXAS_V4_2_24_APPLE40M_RESUME_MASTER_PACKAGE/DELIVERABLES/JOC55_ABRAXAS_V4_2_24_PREBUILT/09_MOTIONS_V4_2/AI_SELECTED_V4_2_24/04_HORIZONTALS/H04/01_EDITORIAL_M1/02_PROMPT_ANIMAR_MOTION.txt
88	7.43	/Users/lordjef/Downloads/ABRAXAS_V4_2_24_APPLE40M_RESUME_MASTER_PACKAGE/DELIVERABLES/JOC55_ABRAXAS_V4_2_24_PREBUILT/09_MOTIONS_V4_2/AI_SELECTED_V4_2_24/04_HORIZONTALS/H04/01_EDITORIAL_M1/20_MOTION_FINAL/COLOCAR_AQUI_MOTION_FINAL.txt
1388	7.43	/Users/lordjef/Downloads/ABRAXAS_V4_2_24_APPLE40M_RESUME_MASTER_PACKAGE/DELIVERABLES/JOC55_ABRAXAS_V4_2_24_PREBUILT/09_MOTIONS_V4_2/AI_SELECTED_V4_2_24/04_HORIZONTALS/H04/01_EDITORIAL_M1/MOTION_DECISION.json
677	7.43	/Users/lordjef/Downloads/ABRAXAS_V4_2_24_APPLE40M_RESUME_MASTER_PACKAGE/DELIVERABLES/JOC55_ABRAXAS_V4_2_24_PREBUILT/09_MOTIONS_V4_2/AI_SELECTED_V4_2_24/04_HORIZONTALS/H04/02_EDITORIAL_M1/02_PROMPT_ANIMAR_MOTION.txt
88	7.43	/Users/lordjef/Downloads/ABRAXAS_V4_2_24_APPLE40M_RESUME_MASTER_PACKAGE/DELIVERABLES/JOC55_ABRAXAS_V4_2_24_PREBUILT/09_MOTIONS_V4_2/AI_SELECTED_V4_2_24/04_HORIZONTALS/H04/02_EDITORIAL_M1/20_MOTION_FINAL/COLOCAR_AQUI_MOTION_FINAL.txt
1401	7.43	/Users/lordjef/Downloads/ABRAXAS_V4_2_24_APPLE40M_RESUME_MASTER_PACKAGE/DELIVERABLES/JOC55_ABRAXAS_V4_2_24_PREBUILT/09_MOTIONS_V4_2/AI_SELECTED_V4_2_24/04_HORIZONTALS/H04/02_EDITORIAL_M1/MOTION_DECISION.json
734	7.43	/Users/lordjef/Downloads/ABRAXAS_V4_2_24_APPLE40M_RESUME_MASTER_PACKAGE/DELIVERABLES/JOC55_ABRAXAS_V4_2_24_PREBUILT/09_MOTIONS_V4_2/AI_SELECTED_V4_2_24/04_HORIZONTALS/H04/03_EDITORIAL_M1/02_PROMPT_ANIMAR_MOTION.txt
88	7.43	/Users/lordjef/Downloads/ABRAXAS_V4_2_24_APPLE40M_RESUME_MASTER_PACKAGE/DELIVERABLES/JOC55_ABRAXAS_V4_2_24_PREBUILT/09_MOTIONS_V4_2/AI_SELECTED_V4_2_24/04_HORIZONTALS/H04/03_EDITORIAL_M1/20_MOTION_FINAL/COLOCAR_AQUI_MOTION_FINAL.txt
1452	7.43	/Users/lordjef/Downloads/ABRAXAS_V4_2_24_APPLE40M_RESUME_MASTER_PACKAGE/DELIVERABLES/JOC55_ABRAXAS_V4_2_24_PREBUILT/09_MOTIONS_V4_2/AI_SELECTED_V4_2_24/04_HORIZONTALS/H04/03_EDITORIAL_M1/MOTION_DECISION.json
765	7.43	/Users/lordjef/Downloads/ABRAXAS_V4_2_24_APPLE40M_RESUME_MASTER_PACKAGE/DELIVERABLES/JOC55_ABRAXAS_V4_2_24_PREBUILT/09_MOTIONS_V4_2/AI_SELECTED_V4_2_24/04_HORIZONTALS/H04/04_EDITORIAL_M4/02_PROMPT_ANIMAR_MOTION.txt
88	7.43	/Users/lordjef/Downloads/ABRAXAS_V4_2_24_APPLE40M_RESUME_MASTER_PACKAGE/DELIVERABLES/JOC55_ABRAXAS_V4_2_24_PREBUILT/09_MOTIONS_V4_2/AI_SELECTED_V4_2_24/04_HORIZONTALS/H04/04_EDITORIAL_M4/20_MOTION_FINAL/COLOCAR_AQUI_MOTION_FINAL.txt
1437	7.43	/Users/lordjef/Downloads/ABRAXAS_V4_2_24_APPLE40M_RESUME_MASTER_PACKAGE/DELIVERABLES/JOC55_ABRAXAS_V4_2_24_PREBUILT/09_MOTIONS_V4_2/AI_SELECTED_V4_2_24/04_HORIZONTALS/H04/04_EDITORIAL_M4/MOTION_DECISION.json
734	7.43	/Users/lordjef/Downloads/ABRAXAS_V4_2_24_APPLE40M_RESUME_MASTER_PACKAGE/DELIVERABLES/JOC55_ABRAXAS_V4_2_24_PREBUILT/09_MOTIONS_V4_2/AI_SELECTED_V4_2_24/04_HORIZONTALS/H04/05_EDITORIAL_M4/02_PROMPT_ANIMAR_MOTION.txt
88	7.43	/Users/lordjef/Downloads/ABRAXAS_V4_2_24_APPLE40M_RESUME_MASTER_PACKAGE/DELIVERABLES/JOC55_ABRAXAS_V4_2_24_PREBUILT/09_MOTIONS_V4_2/AI_SELECTED_V4_2_24/04_HORIZONTALS/H04/05_EDITORIAL_M4/20_MOTION_FINAL/COLOCAR_AQUI_MOTION_FINAL.txt
1406	7.43	/Users/lordjef/Downloads/ABRAXAS_V4_2_24_APPLE40M_RESUME_MASTER_PACKAGE/DELIVERABLES/JOC55_ABRAXAS_V4_2_24_PREBUILT/09_MOTIONS_V4_2/AI_SELECTED_V4_2_24/04_HORIZONTALS/H04/05_EDITORIAL_M4/MOTION_DECISION.json
712	7.43	/Users/lordjef/Downloads/ABRAXAS_V4_2_24_APPLE40M_RESUME_MASTER_PACKAGE/DELIVERABLES/JOC55_ABRAXAS_V4_2_24_PREBUILT/09_MOTIONS_V4_2/AI_SELECTED_V4_2_24/04_HORIZONTALS/H04/06_EDITORIAL_M1/02_PROMPT_ANIMAR_MOTION.txt
88	7.43	/Users/lordjef/Downloads/ABRAXAS_V4_2_24_APPLE40M_RESUME_MASTER_PACKAGE/DELIVERABLES/JOC55_ABRAXAS_V4_2_24_PREBUILT/09_MOTIONS_V4_2/AI_SELECTED_V4_2_24/04_HORIZONTALS/H04/06_EDITORIAL_M1/20_MOTION_FINAL/COLOCAR_AQUI_MOTION_FINAL.txt
1437	7.43	/Users/lordjef/Downloads/ABRAXAS_V4_2_24_APPLE40M_RESUME_MASTER_PACKAGE/DELIVERABLES/JOC55_ABRAXAS_V4_2_24_PREBUILT/09_MOTIONS_V4_2/AI_SELECTED_V4_2_24/04_HORIZONTALS/H04/06_EDITORIAL_M1/MOTION_DECISION.json
736	7.43	/Users/lordjef/Downloads/ABRAXAS_V4_2_24_APPLE40M_RESUME_MASTER_PACKAGE/DELIVERABLES/JOC55_ABRAXAS_V4_2_24_PREBUILT/09_MOTIONS_V4_2/AI_SELECTED_V4_2_24/04_HORIZONTALS/H04/07_EDITORIAL_M1/02_PROMPT_ANIMAR_MOTION.txt
88	7.43	/Users/lordjef/Downloads/ABRAXAS_V4_2_24_APPLE40M_RESUME_MASTER_PACKAGE/DELIVERABLES/JOC55_ABRAXAS_V4_2_24_PREBUILT/09_MOTIONS_V4_2/AI_SELECTED_V4_2_24/04_HORIZONTALS/H04/07_EDITORIAL_M1/20_MOTION_FINAL/COLOCAR_AQUI_MOTION_FINAL.txt
1455	7.43	/Users/lordjef/Downloads/ABRAXAS_V4_2_24_APPLE40M_RESUME_MASTER_PACKAGE/DELIVERABLES/JOC55_ABRAXAS_V4_2_24_PREBUILT/09_MOTIONS_V4_2/AI_SELECTED_V4_2_24/04_HORIZONTALS/H04/07_EDITORIAL_M1/MOTION_DECISION.json
732	7.43	/Users/lordjef/Downloads/ABRAXAS_V4_2_24_APPLE40M_RESUME_MASTER_PACKAGE/DELIVERABLES/JOC55_ABRAXAS_V4_2_24_PREBUILT/09_MOTIONS_V4_2/AI_SELECTED_V4_2_24/04_HORIZONTALS/H04/08_EDITORIAL_M3/02_PROMPT_ANIMAR_MOTION.txt
88	7.43	/Users/lordjef/Downloads/ABRAXAS_V4_2_24_APPLE40M_RESUME_MASTER_PACKAGE/DELIVERABLES/JOC55_ABRAXAS_V4_2_24_PREBUILT/09_MOTIONS_V4_2/AI_SELECTED_V4_2_24/04_HORIZONTALS/H04/08_EDITORIAL_M3/20_MOTION_FINAL/COLOCAR_AQUI_MOTION_FINAL.txt
1429	7.43	/Users/lordjef/Downloads/ABRAXAS_V4_2_24_APPLE40M_RESUME_MASTER_PACKAGE/DELIVERABLES/JOC55_ABRAXAS_V4_2_24_PREBUILT/09_MOTIONS_V4_2/AI_SELECTED_V4_2_24/04_HORIZONTALS/H04/08_EDITORIAL_M3/MOTION_DECISION.json
681	7.43	/Users/lordjef/Downloads/ABRAXAS_V4_2_24_APPLE40M_RESUME_MASTER_PACKAGE/DELIVERABLES/JOC55_ABRAXAS_V4_2_24_PREBUILT/09_MOTIONS_V4_2/AI_SELECTED_V4_2_24/04_HORIZONTALS/H04/09_EDITORIAL_M1/02_PROMPT_ANIMAR_MOTION.txt
88	7.43	/Users/lordjef/Downloads/ABRAXAS_V4_2_24_APPLE40M_RESUME_MASTER_PACKAGE/DELIVERABLES/JOC55_ABRAXAS_V4_2_24_PREBUILT/09_MOTIONS_V4_2/AI_SELECTED_V4_2_24/04_HORIZONTALS/H04/09_EDITORIAL_M1/20_MOTION_FINAL/COLOCAR_AQUI_MOTION_FINAL.txt
1408	7.43	/Users/lordjef/Downloads/ABRAXAS_V4_2_24_APPLE40M_RESUME_MASTER_PACKAGE/DELIVERABLES/JOC55_ABRAXAS_V4_2_24_PREBUILT/09_MOTIONS_V4_2/AI_SELECTED_V4_2_24/04_HORIZONTALS/H04/09_EDITORIAL_M1/MOTION_DECISION.json
775	7.43	/Users/lordjef/Downloads/ABRAXAS_V4_2_24_APPLE40M_RESUME_MASTER_PACKAGE/DELIVERABLES/JOC55_ABRAXAS_V4_2_24_PREBUILT/09_MOTIONS_V4_2/AI_SELECTED_V4_2_24/04_HORIZONTALS/H04/10_EDITORIAL_M3/02_PROMPT_ANIMAR_MOTION.txt
88	7.43	/Users/lordjef/Downloads/ABRAXAS_V4_2_24_APPLE40M_RESUME_MASTER_PACKAGE/DELIVERABLES/JOC55_ABRAXAS_V4_2_24_PREBUILT/09_MOTIONS_V4_2/AI_SELECTED_V4_2_24/04_HORIZONTALS/H04/10_EDITORIAL_M3/20_MOTION_FINAL/COLOCAR_AQUI_MOTION_FINAL.txt
1473	7.43	/Users/lordjef/Downloads/ABRAXAS_V4_2_24_APPLE40M_RESUME_MASTER_PACKAGE/DELIVERABLES/JOC55_ABRAXAS_V4_2_24_PREBUILT/09_MOTIONS_V4_2/AI_SELECTED_V4_2_24/04_HORIZONTALS/H04/10_EDITORIAL_M3/MOTION_DECISION.json
714	7.43	/Users/lordjef/Downloads/ABRAXAS_V4_2_24_APPLE40M_RESUME_MASTER_PACKAGE/DELIVERABLES/JOC55_ABRAXAS_V4_2_24_PREBUILT/09_MOTIONS_V4_2/AI_SELECTED_V4_2_24/04_HORIZONTALS/H04/11_EDITORIAL_M1/02_PROMPT_ANIMAR_MOTION.txt
88	7.43	/Users/lordjef/Downloads/ABRAXAS_V4_2_24_APPLE40M_RESUME_MASTER_PACKAGE/DELIVERABLES/JOC55_ABRAXAS_V4_2_24_PREBUILT/09_MOTIONS_V4_2/AI_SELECTED_V4_2_24/04_HORIZONTALS/H04/11_EDITORIAL_M1/20_MOTION_FINAL/COLOCAR_AQUI_MOTION_FINAL.txt
1434	7.43	/Users/lordjef/Downloads/ABRAXAS_V4_2_24_APPLE40M_RESUME_MASTER_PACKAGE/DELIVERABLES/JOC55_ABRAXAS_V4_2_24_PREBUILT/09_MOTIONS_V4_2/AI_SELECTED_V4_2_24/04_HORIZONTALS/H04/11_EDITORIAL_M1/MOTION_DECISION.json
727	7.43	/Users/lordjef/Downloads/ABRAXAS_V4_2_24_APPLE40M_RESUME_MASTER_PACKAGE/DELIVERABLES/JOC55_ABRAXAS_V4_2_24_PREBUILT/09_MOTIONS_V4_2/AI_SELECTED_V4_2_24/04_HORIZONTALS/H04/12_EDITORIAL_M4/02_PROMPT_ANIMAR_MOTION.txt
88	7.43	/Users/lordjef/Downloads/ABRAXAS_V4_2_24_APPLE40M_RESUME_MASTER_PACKAGE/DELIVERABLES/JOC55_ABRAXAS_V4_2_24_PREBUILT/09_MOTIONS_V4_2/AI_SELECTED_V4_2_24/04_HORIZONTALS/H04/12_EDITORIAL_M4/20_MOTION_FINAL/COLOCAR_AQUI_MOTION_FINAL.txt
1400	7.43	/Users/lordjef/Downloads/ABRAXAS_V4_2_24_APPLE40M_RESUME_MASTER_PACKAGE/DELIVERABLES/JOC55_ABRAXAS_V4_2_24_PREBUILT/09_MOTIONS_V4_2/AI_SELECTED_V4_2_24/04_HORIZONTALS/H04/12_EDITORIAL_M4/MOTION_DECISION.json
739	7.43	/Users/lordjef/Downloads/ABRAXAS_V4_2_24_APPLE40M_RESUME_MASTER_PACKAGE/DELIVERABLES/JOC55_ABRAXAS_V4_2_24_PREBUILT/09_MOTIONS_V4_2/AI_SELECTED_V4_2_24/04_HORIZONTALS/H04/13_EDITORIAL_M1/02_PROMPT_ANIMAR_MOTION.txt
88	7.43	/Users/lordjef/Downloads/ABRAXAS_V4_2_24_APPLE40M_RESUME_MASTER_PACKAGE/DELIVERABLES/JOC55_ABRAXAS_V4_2_24_PREBUILT/09_MOTIONS_V4_2/AI_SELECTED_V4_2_24/04_HORIZONTALS/H04/13_EDITORIAL_M1/20_MOTION_FINAL/COLOCAR_AQUI_MOTION_FINAL.txt
1459	7.43	/Users/lordjef/Downloads/ABRAXAS_V4_2_24_APPLE40M_RESUME_MASTER_PACKAGE/DELIVERABLES/JOC55_ABRAXAS_V4_2_24_PREBUILT/09_MOTIONS_V4_2/AI_SELECTED_V4_2_24/04_HORIZONTALS/H04/13_EDITORIAL_M1/MOTION_DECISION.json
717	7.43	/Users/lordjef/Downloads/ABRAXAS_V4_2_24_APPLE40M_RESUME_MASTER_PACKAGE/DELIVERABLES/JOC55_ABRAXAS_V4_2_24_PREBUILT/09_MOTIONS_V4_2/AI_SELECTED_V4_2_24/04_HORIZONTALS/H04/14_EDITORIAL_M1/02_PROMPT_ANIMAR_MOTION.txt
88	7.43	/Users/lordjef/Downloads/ABRAXAS_V4_2_24_APPLE40M_RESUME_MASTER_PACKAGE/DELIVERABLES/JOC55_ABRAXAS_V4_2_24_PREBUILT/09_MOTIONS_V4_2/AI_SELECTED_V4_2_24/04_HORIZONTALS/H04/14_EDITORIAL_M1/20_MOTION_FINAL/COLOCAR_AQUI_MOTION_FINAL.txt
1439	7.43	/Users/lordjef/Downloads/ABRAXAS_V4_2_24_APPLE40M_RESUME_MASTER_PACKAGE/DELIVERABLES/JOC55_ABRAXAS_V4_2_24_PREBUILT/09_MOTIONS_V4_2/AI_SELECTED_V4_2_24/04_HORIZONTALS/H04/14_EDITORIAL_M1/MOTION_DECISION.json
665	7.43	/Users/lordjef/Downloads/ABRAXAS_V4_2_24_APPLE40M_RESUME_MASTER_PACKAGE/DELIVERABLES/JOC55_ABRAXAS_V4_2_24_PREBUILT/09_MOTIONS_V4_2/AI_SELECTED_V4_2_24/04_HORIZONTALS/H04/15_EDITORIAL_M1/02_PROMPT_ANIMAR_MOTION.txt
88	7.43	/Users/lordjef/Downloads/ABRAXAS_V4_2_24_APPLE40M_RESUME_MASTER_PACKAGE/DELIVERABLES/JOC55_ABRAXAS_V4_2_24_PREBUILT/09_MOTIONS_V4_2/AI_SELECTED_V4_2_24/04_HORIZONTALS/H04/15_EDITORIAL_M1/20_MOTION_FINAL/COLOCAR_AQUI_MOTION_FINAL.txt
1393	7.43	/Users/lordjef/Downloads/ABRAXAS_V4_2_24_APPLE40M_RESUME_MASTER_PACKAGE/DELIVERABLES/JOC55_ABRAXAS_V4_2_24_PREBUILT/09_MOTIONS_V4_2/AI_SELECTED_V4_2_24/04_HORIZONTALS/H04/15_EDITORIAL_M1/MOTION_DECISION.json
674	7.43	/Users/lordjef/Downloads/ABRAXAS_V4_2_24_APPLE40M_RESUME_MASTER_PACKAGE/DELIVERABLES/JOC55_ABRAXAS_V4_2_24_PREBUILT/09_MOTIONS_V4_2/AI_SELECTED_V4_2_24/04_HORIZONTALS/H04/16_EDITORIAL_M1/02_PROMPT_ANIMAR_MOTION.txt
88	7.43	/Users/lordjef/Downloads/ABRAXAS_V4_2_24_APPLE40M_RESUME_MASTER_PACKAGE/DELIVERABLES/JOC55_ABRAXAS_V4_2_24_PREBUILT/09_MOTIONS_V4_2/AI_SELECTED_V4_2_24/04_HORIZONTALS/H04/16_EDITORIAL_M1/20_MOTION_FINAL/COLOCAR_AQUI_MOTION_FINAL.txt
1408	7.43	/Users/lordjef/Downloads/ABRAXAS_V4_2_24_APPLE40M_RESUME_MASTER_PACKAGE/DELIVERABLES/JOC55_ABRAXAS_V4_2_24_PREBUILT/09_MOTIONS_V4_2/AI_SELECTED_V4_2_24/04_HORIZONTALS/H04/16_EDITORIAL_M1/MOTION_DECISION.json
772	7.43	/Users/lordjef/Downloads/ABRAXAS_V4_2_24_APPLE40M_RESUME_MASTER_PACKAGE/DELIVERABLES/JOC55_ABRAXAS_V4_2_24_PREBUILT/09_MOTIONS_V4_2/AI_SELECTED_V4_2_24/04_HORIZONTALS/H04/17_EDITORIAL_M1/02_PROMPT_ANIMAR_MOTION.txt
88	7.43	/Users/lordjef/Downloads/ABRAXAS_V4_2_24_APPLE40M_RESUME_MASTER_PACKAGE/DELIVERABLES/JOC55_ABRAXAS_V4_2_24_PREBUILT/09_MOTIONS_V4_2/AI_SELECTED_V4_2_24/04_HORIZONTALS/H04/17_EDITORIAL_M1/20_MOTION_FINAL/COLOCAR_AQUI_MOTION_FINAL.txt
1496	7.43	/Users/lordjef/Downloads/ABRAXAS_V4_2_24_APPLE40M_RESUME_MASTER_PACKAGE/DELIVERABLES/JOC55_ABRAXAS_V4_2_24_PREBUILT/09_MOTIONS_V4_2/AI_SELECTED_V4_2_24/04_HORIZONTALS/H04/17_EDITORIAL_M1/MOTION_DECISION.json
767	7.43	/Users/lordjef/Downloads/ABRAXAS_V4_2_24_APPLE40M_RESUME_MASTER_PACKAGE/DELIVERABLES/JOC55_ABRAXAS_V4_2_24_PREBUILT/09_MOTIONS_V4_2/AI_SELECTED_V4_2_24/04_HORIZONTALS/H04/18_EDITORIAL_M1/02_PROMPT_ANIMAR_MOTION.txt
88	7.43	/Users/lordjef/Downloads/ABRAXAS_V4_2_24_APPLE40M_RESUME_MASTER_PACKAGE/DELIVERABLES/JOC55_ABRAXAS_V4_2_24_PREBUILT/09_MOTIONS_V4_2/AI_SELECTED_V4_2_24/04_HORIZONTALS/H04/18_EDITORIAL_M1/20_MOTION_FINAL/COLOCAR_AQUI_MOTION_FINAL.txt
1487	7.43	/Users/lordjef/Downloads/ABRAXAS_V4_2_24_APPLE40M_RESUME_MASTER_PACKAGE/DELIVERABLES/JOC55_ABRAXAS_V4_2_24_PREBUILT/09_MOTIONS_V4_2/AI_SELECTED_V4_2_24/04_HORIZONTALS/H04/18_EDITORIAL_M1/MOTION_DECISION.json
735	7.43	/Users/lordjef/Downloads/ABRAXAS_V4_2_24_APPLE40M_RESUME_MASTER_PACKAGE/DELIVERABLES/JOC55_ABRAXAS_V4_2_24_PREBUILT/09_MOTIONS_V4_2/AI_SELECTED_V4_2_24/04_HORIZONTALS/H04/19_EDITORIAL_M1/02_PROMPT_ANIMAR_MOTION.txt
88	7.43	/Users/lordjef/Downloads/ABRAXAS_V4_2_24_APPLE40M_RESUME_MASTER_PACKAGE/DELIVERABLES/JOC55_ABRAXAS_V4_2_24_PREBUILT/09_MOTIONS_V4_2/AI_SELECTED_V4_2_24/04_HORIZONTALS/H04/19_EDITORIAL_M1/20_MOTION_FINAL/COLOCAR_AQUI_MOTION_FINAL.txt
1455	7.43	/Users/lordjef/Downloads/ABRAXAS_V4_2_24_APPLE40M_RESUME_MASTER_PACKAGE/DELIVERABLES/JOC55_ABRAXAS_V4_2_24_PREBUILT/09_MOTIONS_V4_2/AI_SELECTED_V4_2_24/04_HORIZONTALS/H04/19_EDITORIAL_M1/MOTION_DECISION.json
725	7.43	/Users/lordjef/Downloads/ABRAXAS_V4_2_24_APPLE40M_RESUME_MASTER_PACKAGE/DELIVERABLES/JOC55_ABRAXAS_V4_2_24_PREBUILT/09_MOTIONS_V4_2/AI_SELECTED_V4_2_24/04_HORIZONTALS/H04/20_EDITORIAL_M1/02_PROMPT_ANIMAR_MOTION.txt
88	7.43	/Users/lordjef/Downloads/ABRAXAS_V4_2_24_APPLE40M_RESUME_MASTER_PACKAGE/DELIVERABLES/JOC55_ABRAXAS_V4_2_24_PREBUILT/09_MOTIONS_V4_2/AI_SELECTED_V4_2_24/04_HORIZONTALS/H04/20_EDITORIAL_M1/20_MOTION_FINAL/COLOCAR_AQUI_MOTION_FINAL.txt
1445	7.43	/Users/lordjef/Downloads/ABRAXAS_V4_2_24_APPLE40M_RESUME_MASTER_PACKAGE/DELIVERABLES/JOC55_ABRAXAS_V4_2_24_PREBUILT/09_MOTIONS_V4_2/AI_SELECTED_V4_2_24/04_HORIZONTALS/H04/20_EDITORIAL_M1/MOTION_DECISION.json
3595	7.43	/Users/lordjef/Downloads/ABRAXAS_V4_2_24_APPLE40M_RESUME_MASTER_PACKAGE/DELIVERABLES/JOC55_ABRAXAS_V4_2_24_PREBUILT/09_MOTIONS_V4_2/AI_SELECTED_V4_2_24/04_HORIZONTALS/JH01/00_MOTION_INDEX.json
737	7.43	/Users/lordjef/Downloads/ABRAXAS_V4_2_24_APPLE40M_RESUME_MASTER_PACKAGE/DELIVERABLES/JOC55_ABRAXAS_V4_2_24_PREBUILT/09_MOTIONS_V4_2/AI_SELECTED_V4_2_24/04_HORIZONTALS/JH01/01_EDITORIAL_M1/02_PROMPT_ANIMAR_MOTION.txt
88	7.43	/Users/lordjef/Downloads/ABRAXAS_V4_2_24_APPLE40M_RESUME_MASTER_PACKAGE/DELIVERABLES/JOC55_ABRAXAS_V4_2_24_PREBUILT/09_MOTIONS_V4_2/AI_SELECTED_V4_2_24/04_HORIZONTALS/JH01/01_EDITORIAL_M1/20_MOTION_FINAL/COLOCAR_AQUI_MOTION_FINAL.txt
1460	7.43	/Users/lordjef/Downloads/ABRAXAS_V4_2_24_APPLE40M_RESUME_MASTER_PACKAGE/DELIVERABLES/JOC55_ABRAXAS_V4_2_24_PREBUILT/09_MOTIONS_V4_2/AI_SELECTED_V4_2_24/04_HORIZONTALS/JH01/01_EDITORIAL_M1/MOTION_DECISION.json
769	7.43	/Users/lordjef/Downloads/ABRAXAS_V4_2_24_APPLE40M_RESUME_MASTER_PACKAGE/DELIVERABLES/JOC55_ABRAXAS_V4_2_24_PREBUILT/09_MOTIONS_V4_2/AI_SELECTED_V4_2_24/04_HORIZONTALS/JH01/02_EDITORIAL_M1/02_PROMPT_ANIMAR_MOTION.txt
88	7.43	/Users/lordjef/Downloads/ABRAXAS_V4_2_24_APPLE40M_RESUME_MASTER_PACKAGE/DELIVERABLES/JOC55_ABRAXAS_V4_2_24_PREBUILT/09_MOTIONS_V4_2/AI_SELECTED_V4_2_24/04_HORIZONTALS/JH01/02_EDITORIAL_M1/20_MOTION_FINAL/COLOCAR_AQUI_MOTION_FINAL.txt
1498	7.43	/Users/lordjef/Downloads/ABRAXAS_V4_2_24_APPLE40M_RESUME_MASTER_PACKAGE/DELIVERABLES/JOC55_ABRAXAS_V4_2_24_PREBUILT/09_MOTIONS_V4_2/AI_SELECTED_V4_2_24/04_HORIZONTALS/JH01/02_EDITORIAL_M1/MOTION_DECISION.json
743	7.43	/Users/lordjef/Downloads/ABRAXAS_V4_2_24_APPLE40M_RESUME_MASTER_PACKAGE/DELIVERABLES/JOC55_ABRAXAS_V4_2_24_PREBUILT/09_MOTIONS_V4_2/AI_SELECTED_V4_2_24/04_HORIZONTALS/JH01/03_EDITORIAL_M1/02_PROMPT_ANIMAR_MOTION.txt
88	7.43	/Users/lordjef/Downloads/ABRAXAS_V4_2_24_APPLE40M_RESUME_MASTER_PACKAGE/DELIVERABLES/JOC55_ABRAXAS_V4_2_24_PREBUILT/09_MOTIONS_V4_2/AI_SELECTED_V4_2_24/04_HORIZONTALS/JH01/03_EDITORIAL_M1/20_MOTION_FINAL/COLOCAR_AQUI_MOTION_FINAL.txt
1472	7.43	/Users/lordjef/Downloads/ABRAXAS_V4_2_24_APPLE40M_RESUME_MASTER_PACKAGE/DELIVERABLES/JOC55_ABRAXAS_V4_2_24_PREBUILT/09_MOTIONS_V4_2/AI_SELECTED_V4_2_24/04_HORIZONTALS/JH01/03_EDITORIAL_M1/MOTION_DECISION.json
771	7.43	/Users/lordjef/Downloads/ABRAXAS_V4_2_24_APPLE40M_RESUME_MASTER_PACKAGE/DELIVERABLES/JOC55_ABRAXAS_V4_2_24_PREBUILT/09_MOTIONS_V4_2/AI_SELECTED_V4_2_24/04_HORIZONTALS/JH01/04_EDITORIAL_M1/02_PROMPT_ANIMAR_MOTION.txt
88	7.43	/Users/lordjef/Downloads/ABRAXAS_V4_2_24_APPLE40M_RESUME_MASTER_PACKAGE/DELIVERABLES/JOC55_ABRAXAS_V4_2_24_PREBUILT/09_MOTIONS_V4_2/AI_SELECTED_V4_2_24/04_HORIZONTALS/JH01/04_EDITORIAL_M1/20_MOTION_FINAL/COLOCAR_AQUI_MOTION_FINAL.txt
1502	7.43	/Users/lordjef/Downloads/ABRAXAS_V4_2_24_APPLE40M_RESUME_MASTER_PACKAGE/DELIVERABLES/JOC55_ABRAXAS_V4_2_24_PREBUILT/09_MOTIONS_V4_2/AI_SELECTED_V4_2_24/04_HORIZONTALS/JH01/04_EDITORIAL_M1/MOTION_DECISION.json
734	7.43	/Users/lordjef/Downloads/ABRAXAS_V4_2_24_APPLE40M_RESUME_MASTER_PACKAGE/DELIVERABLES/JOC55_ABRAXAS_V4_2_24_PREBUILT/09_MOTIONS_V4_2/AI_SELECTED_V4_2_24/04_HORIZONTALS/JH01/05_EDITORIAL_M1/02_PROMPT_ANIMAR_MOTION.txt
88	7.43	/Users/lordjef/Downloads/ABRAXAS_V4_2_24_APPLE40M_RESUME_MASTER_PACKAGE/DELIVERABLES/JOC55_ABRAXAS_V4_2_24_PREBUILT/09_MOTIONS_V4_2/AI_SELECTED_V4_2_24/04_HORIZONTALS/JH01/05_EDITORIAL_M1/20_MOTION_FINAL/COLOCAR_AQUI_MOTION_FINAL.txt
1459	7.43	/Users/lordjef/Downloads/ABRAXAS_V4_2_24_APPLE40M_RESUME_MASTER_PACKAGE/DELIVERABLES/JOC55_ABRAXAS_V4_2_24_PREBUILT/09_MOTIONS_V4_2/AI_SELECTED_V4_2_24/04_HORIZONTALS/JH01/05_EDITORIAL_M1/MOTION_DECISION.json
782	7.43	/Users/lordjef/Downloads/ABRAXAS_V4_2_24_APPLE40M_RESUME_MASTER_PACKAGE/DELIVERABLES/JOC55_ABRAXAS_V4_2_24_PREBUILT/09_MOTIONS_V4_2/AI_SELECTED_V4_2_24/04_HORIZONTALS/JH01/06_EDITORIAL_M5/02_PROMPT_ANIMAR_MOTION.txt
88	7.43	/Users/lordjef/Downloads/ABRAXAS_V4_2_24_APPLE40M_RESUME_MASTER_PACKAGE/DELIVERABLES/JOC55_ABRAXAS_V4_2_24_PREBUILT/09_MOTIONS_V4_2/AI_SELECTED_V4_2_24/04_HORIZONTALS/JH01/06_EDITORIAL_M5/20_MOTION_FINAL/COLOCAR_AQUI_MOTION_FINAL.txt
1530	7.43	/Users/lordjef/Downloads/ABRAXAS_V4_2_24_APPLE40M_RESUME_MASTER_PACKAGE/DELIVERABLES/JOC55_ABRAXAS_V4_2_24_PREBUILT/09_MOTIONS_V4_2/AI_SELECTED_V4_2_24/04_HORIZONTALS/JH01/06_EDITORIAL_M5/MOTION_DECISION.json
747	7.43	/Users/lordjef/Downloads/ABRAXAS_V4_2_24_APPLE40M_RESUME_MASTER_PACKAGE/DELIVERABLES/JOC55_ABRAXAS_V4_2_24_PREBUILT/09_MOTIONS_V4_2/AI_SELECTED_V4_2_24/04_HORIZONTALS/JH01/07_EDITORIAL_M1/02_PROMPT_ANIMAR_MOTION.txt
88	7.43	/Users/lordjef/Downloads/ABRAXAS_V4_2_24_APPLE40M_RESUME_MASTER_PACKAGE/DELIVERABLES/JOC55_ABRAXAS_V4_2_24_PREBUILT/09_MOTIONS_V4_2/AI_SELECTED_V4_2_24/04_HORIZONTALS/JH01/07_EDITORIAL_M1/20_MOTION_FINAL/COLOCAR_AQUI_MOTION_FINAL.txt
1474	7.43	/Users/lordjef/Downloads/ABRAXAS_V4_2_24_APPLE40M_RESUME_MASTER_PACKAGE/DELIVERABLES/JOC55_ABRAXAS_V4_2_24_PREBUILT/09_MOTIONS_V4_2/AI_SELECTED_V4_2_24/04_HORIZONTALS/JH01/07_EDITORIAL_M1/MOTION_DECISION.json
710	7.43	/Users/lordjef/Downloads/ABRAXAS_V4_2_24_APPLE40M_RESUME_MASTER_PACKAGE/DELIVERABLES/JOC55_ABRAXAS_V4_2_24_PREBUILT/09_MOTIONS_V4_2/AI_SELECTED_V4_2_24/04_HORIZONTALS/JH01/08_EDITORIAL_M1/02_PROMPT_ANIMAR_MOTION.txt
88	7.43	/Users/lordjef/Downloads/ABRAXAS_V4_2_24_APPLE40M_RESUME_MASTER_PACKAGE/DELIVERABLES/JOC55_ABRAXAS_V4_2_24_PREBUILT/09_MOTIONS_V4_2/AI_SELECTED_V4_2_24/04_HORIZONTALS/JH01/08_EDITORIAL_M1/20_MOTION_FINAL/COLOCAR_AQUI_MOTION_FINAL.txt
1435	7.43	/Users/lordjef/Downloads/ABRAXAS_V4_2_24_APPLE40M_RESUME_MASTER_PACKAGE/DELIVERABLES/JOC55_ABRAXAS_V4_2_24_PREBUILT/09_MOTIONS_V4_2/AI_SELECTED_V4_2_24/04_HORIZONTALS/JH01/08_EDITORIAL_M1/MOTION_DECISION.json
782	7.43	/Users/lordjef/Downloads/ABRAXAS_V4_2_24_APPLE40M_RESUME_MASTER_PACKAGE/DELIVERABLES/JOC55_ABRAXAS_V4_2_24_PREBUILT/09_MOTIONS_V4_2/AI_SELECTED_V4_2_24/04_HORIZONTALS/JH01/09_EDITORIAL_M5/02_PROMPT_ANIMAR_MOTION.txt
88	7.43	/Users/lordjef/Downloads/ABRAXAS_V4_2_24_APPLE40M_RESUME_MASTER_PACKAGE/DELIVERABLES/JOC55_ABRAXAS_V4_2_24_PREBUILT/09_MOTIONS_V4_2/AI_SELECTED_V4_2_24/04_HORIZONTALS/JH01/09_EDITORIAL_M5/20_MOTION_FINAL/COLOCAR_AQUI_MOTION_FINAL.txt
1530	7.43	/Users/lordjef/Downloads/ABRAXAS_V4_2_24_APPLE40M_RESUME_MASTER_PACKAGE/DELIVERABLES/JOC55_ABRAXAS_V4_2_24_PREBUILT/09_MOTIONS_V4_2/AI_SELECTED_V4_2_24/04_HORIZONTALS/JH01/09_EDITORIAL_M5/MOTION_DECISION.json
776	7.43	/Users/lordjef/Downloads/ABRAXAS_V4_2_24_APPLE40M_RESUME_MASTER_PACKAGE/DELIVERABLES/JOC55_ABRAXAS_V4_2_24_PREBUILT/09_MOTIONS_V4_2/AI_SELECTED_V4_2_24/04_HORIZONTALS/JH01/10_EDITORIAL_M3/02_PROMPT_ANIMAR_MOTION.txt
88	7.43	/Users/lordjef/Downloads/ABRAXAS_V4_2_24_APPLE40M_RESUME_MASTER_PACKAGE/DELIVERABLES/JOC55_ABRAXAS_V4_2_24_PREBUILT/09_MOTIONS_V4_2/AI_SELECTED_V4_2_24/04_HORIZONTALS/JH01/10_EDITORIAL_M3/20_MOTION_FINAL/COLOCAR_AQUI_MOTION_FINAL.txt
1482	7.43	/Users/lordjef/Downloads/ABRAXAS_V4_2_24_APPLE40M_RESUME_MASTER_PACKAGE/DELIVERABLES/JOC55_ABRAXAS_V4_2_24_PREBUILT/09_MOTIONS_V4_2/AI_SELECTED_V4_2_24/04_HORIZONTALS/JH01/10_EDITORIAL_M3/MOTION_DECISION.json
769	7.43	/Users/lordjef/Downloads/ABRAXAS_V4_2_24_APPLE40M_RESUME_MASTER_PACKAGE/DELIVERABLES/JOC55_ABRAXAS_V4_2_24_PREBUILT/09_MOTIONS_V4_2/AI_SELECTED_V4_2_24/04_HORIZONTALS/JH01/11_EDITORIAL_M1/02_PROMPT_ANIMAR_MOTION.txt
88	7.43	/Users/lordjef/Downloads/ABRAXAS_V4_2_24_APPLE40M_RESUME_MASTER_PACKAGE/DELIVERABLES/JOC55_ABRAXAS_V4_2_24_PREBUILT/09_MOTIONS_V4_2/AI_SELECTED_V4_2_24/04_HORIZONTALS/JH01/11_EDITORIAL_M1/20_MOTION_FINAL/COLOCAR_AQUI_MOTION_FINAL.txt
1495	7.43	/Users/lordjef/Downloads/ABRAXAS_V4_2_24_APPLE40M_RESUME_MASTER_PACKAGE/DELIVERABLES/JOC55_ABRAXAS_V4_2_24_PREBUILT/09_MOTIONS_V4_2/AI_SELECTED_V4_2_24/04_HORIZONTALS/JH01/11_EDITORIAL_M1/MOTION_DECISION.json
699	7.43	/Users/lordjef/Downloads/ABRAXAS_V4_2_24_APPLE40M_RESUME_MASTER_PACKAGE/DELIVERABLES/JOC55_ABRAXAS_V4_2_24_PREBUILT/09_MOTIONS_V4_2/AI_SELECTED_V4_2_24/04_HORIZONTALS/JH01/12_EDITORIAL_M1/02_PROMPT_ANIMAR_MOTION.txt
88	7.43	/Users/lordjef/Downloads/ABRAXAS_V4_2_24_APPLE40M_RESUME_MASTER_PACKAGE/DELIVERABLES/JOC55_ABRAXAS_V4_2_24_PREBUILT/09_MOTIONS_V4_2/AI_SELECTED_V4_2_24/04_HORIZONTALS/JH01/12_EDITORIAL_M1/20_MOTION_FINAL/COLOCAR_AQUI_MOTION_FINAL.txt
1427	7.43	/Users/lordjef/Downloads/ABRAXAS_V4_2_24_APPLE40M_RESUME_MASTER_PACKAGE/DELIVERABLES/JOC55_ABRAXAS_V4_2_24_PREBUILT/09_MOTIONS_V4_2/AI_SELECTED_V4_2_24/04_HORIZONTALS/JH01/12_EDITORIAL_M1/MOTION_DECISION.json
672	7.43	/Users/lordjef/Downloads/ABRAXAS_V4_2_24_APPLE40M_RESUME_MASTER_PACKAGE/DELIVERABLES/JOC55_ABRAXAS_V4_2_24_PREBUILT/09_MOTIONS_V4_2/AI_SELECTED_V4_2_24/04_HORIZONTALS/JH01/13_EDITORIAL_M1/02_PROMPT_ANIMAR_MOTION.txt
88	7.43	/Users/lordjef/Downloads/ABRAXAS_V4_2_24_APPLE40M_RESUME_MASTER_PACKAGE/DELIVERABLES/JOC55_ABRAXAS_V4_2_24_PREBUILT/09_MOTIONS_V4_2/AI_SELECTED_V4_2_24/04_HORIZONTALS/JH01/13_EDITORIAL_M1/20_MOTION_FINAL/COLOCAR_AQUI_MOTION_FINAL.txt
1399	7.43	/Users/lordjef/Downloads/ABRAXAS_V4_2_24_APPLE40M_RESUME_MASTER_PACKAGE/DELIVERABLES/JOC55_ABRAXAS_V4_2_24_PREBUILT/09_MOTIONS_V4_2/AI_SELECTED_V4_2_24/04_HORIZONTALS/JH01/13_EDITORIAL_M1/MOTION_DECISION.json
649	7.43	/Users/lordjef/Downloads/ABRAXAS_V4_2_24_APPLE40M_RESUME_MASTER_PACKAGE/DELIVERABLES/JOC55_ABRAXAS_V4_2_24_PREBUILT/09_MOTIONS_V4_2/AI_SELECTED_V4_2_24/04_HORIZONTALS/JH01/14_EDITORIAL_M3/02_PROMPT_ANIMAR_MOTION.txt
88	7.43	/Users/lordjef/Downloads/ABRAXAS_V4_2_24_APPLE40M_RESUME_MASTER_PACKAGE/DELIVERABLES/JOC55_ABRAXAS_V4_2_24_PREBUILT/09_MOTIONS_V4_2/AI_SELECTED_V4_2_24/04_HORIZONTALS/JH01/14_EDITORIAL_M3/20_MOTION_FINAL/COLOCAR_AQUI_MOTION_FINAL.txt
1359	7.43	/Users/lordjef/Downloads/ABRAXAS_V4_2_24_APPLE40M_RESUME_MASTER_PACKAGE/DELIVERABLES/JOC55_ABRAXAS_V4_2_24_PREBUILT/09_MOTIONS_V4_2/AI_SELECTED_V4_2_24/04_HORIZONTALS/JH01/14_EDITORIAL_M3/MOTION_DECISION.json
695	7.43	/Users/lordjef/Downloads/ABRAXAS_V4_2_24_APPLE40M_RESUME_MASTER_PACKAGE/DELIVERABLES/JOC55_ABRAXAS_V4_2_24_PREBUILT/09_MOTIONS_V4_2/AI_SELECTED_V4_2_24/04_HORIZONTALS/JH01/15_EDITORIAL_M1/02_PROMPT_ANIMAR_MOTION.txt
88	7.43	/Users/lordjef/Downloads/ABRAXAS_V4_2_24_APPLE40M_RESUME_MASTER_PACKAGE/DELIVERABLES/JOC55_ABRAXAS_V4_2_24_PREBUILT/09_MOTIONS_V4_2/AI_SELECTED_V4_2_24/04_HORIZONTALS/JH01/15_EDITORIAL_M1/20_MOTION_FINAL/COLOCAR_AQUI_MOTION_FINAL.txt
1425	7.43	/Users/lordjef/Downloads/ABRAXAS_V4_2_24_APPLE40M_RESUME_MASTER_PACKAGE/DELIVERABLES/JOC55_ABRAXAS_V4_2_24_PREBUILT/09_MOTIONS_V4_2/AI_SELECTED_V4_2_24/04_HORIZONTALS/JH01/15_EDITORIAL_M1/MOTION_DECISION.json
740	7.43	/Users/lordjef/Downloads/ABRAXAS_V4_2_24_APPLE40M_RESUME_MASTER_PACKAGE/DELIVERABLES/JOC55_ABRAXAS_V4_2_24_PREBUILT/09_MOTIONS_V4_2/AI_SELECTED_V4_2_24/04_HORIZONTALS/JH01/16_EDITORIAL_M1/02_PROMPT_ANIMAR_MOTION.txt
88	7.43	/Users/lordjef/Downloads/ABRAXAS_V4_2_24_APPLE40M_RESUME_MASTER_PACKAGE/DELIVERABLES/JOC55_ABRAXAS_V4_2_24_PREBUILT/09_MOTIONS_V4_2/AI_SELECTED_V4_2_24/04_HORIZONTALS/JH01/16_EDITORIAL_M1/20_MOTION_FINAL/COLOCAR_AQUI_MOTION_FINAL.txt
1472	7.43	/Users/lordjef/Downloads/ABRAXAS_V4_2_24_APPLE40M_RESUME_MASTER_PACKAGE/DELIVERABLES/JOC55_ABRAXAS_V4_2_24_PREBUILT/09_MOTIONS_V4_2/AI_SELECTED_V4_2_24/04_HORIZONTALS/JH01/16_EDITORIAL_M1/MOTION_DECISION.json
685	7.43	/Users/lordjef/Downloads/ABRAXAS_V4_2_24_APPLE40M_RESUME_MASTER_PACKAGE/DELIVERABLES/JOC55_ABRAXAS_V4_2_24_PREBUILT/09_MOTIONS_V4_2/AI_SELECTED_V4_2_24/04_HORIZONTALS/JH01/17_EDITORIAL_M1/02_PROMPT_ANIMAR_MOTION.txt
88	7.43	/Users/lordjef/Downloads/ABRAXAS_V4_2_24_APPLE40M_RESUME_MASTER_PACKAGE/DELIVERABLES/JOC55_ABRAXAS_V4_2_24_PREBUILT/09_MOTIONS_V4_2/AI_SELECTED_V4_2_24/04_HORIZONTALS/JH01/17_EDITORIAL_M1/20_MOTION_FINAL/COLOCAR_AQUI_MOTION_FINAL.txt
1415	7.43	/Users/lordjef/Downloads/ABRAXAS_V4_2_24_APPLE40M_RESUME_MASTER_PACKAGE/DELIVERABLES/JOC55_ABRAXAS_V4_2_24_PREBUILT/09_MOTIONS_V4_2/AI_SELECTED_V4_2_24/04_HORIZONTALS/JH01/17_EDITORIAL_M1/MOTION_DECISION.json
707	7.43	/Users/lordjef/Downloads/ABRAXAS_V4_2_24_APPLE40M_RESUME_MASTER_PACKAGE/DELIVERABLES/JOC55_ABRAXAS_V4_2_24_PREBUILT/09_MOTIONS_V4_2/AI_SELECTED_V4_2_24/04_HORIZONTALS/JH01/18_EDITORIAL_M1/02_PROMPT_ANIMAR_MOTION.txt
88	7.43	/Users/lordjef/Downloads/ABRAXAS_V4_2_24_APPLE40M_RESUME_MASTER_PACKAGE/DELIVERABLES/JOC55_ABRAXAS_V4_2_24_PREBUILT/09_MOTIONS_V4_2/AI_SELECTED_V4_2_24/04_HORIZONTALS/JH01/18_EDITORIAL_M1/20_MOTION_FINAL/COLOCAR_AQUI_MOTION_FINAL.txt
1435	7.43	/Users/lordjef/Downloads/ABRAXAS_V4_2_24_APPLE40M_RESUME_MASTER_PACKAGE/DELIVERABLES/JOC55_ABRAXAS_V4_2_24_PREBUILT/09_MOTIONS_V4_2/AI_SELECTED_V4_2_24/04_HORIZONTALS/JH01/18_EDITORIAL_M1/MOTION_DECISION.json
3981	7.43	/Users/lordjef/Downloads/ABRAXAS_V4_2_24_APPLE40M_RESUME_MASTER_PACKAGE/DELIVERABLES/JOC55_ABRAXAS_V4_2_24_PREBUILT/09_MOTIONS_V4_2/AI_SELECTED_V4_2_24/04_HORIZONTALS/JH02/00_MOTION_INDEX.json
759	7.43	/Users/lordjef/Downloads/ABRAXAS_V4_2_24_APPLE40M_RESUME_MASTER_PACKAGE/DELIVERABLES/JOC55_ABRAXAS_V4_2_24_PREBUILT/09_MOTIONS_V4_2/AI_SELECTED_V4_2_24/04_HORIZONTALS/JH02/01_EDITORIAL_M4/02_PROMPT_ANIMAR_MOTION.txt
88	7.43	/Users/lordjef/Downloads/ABRAXAS_V4_2_24_APPLE40M_RESUME_MASTER_PACKAGE/DELIVERABLES/JOC55_ABRAXAS_V4_2_24_PREBUILT/09_MOTIONS_V4_2/AI_SELECTED_V4_2_24/04_HORIZONTALS/JH02/01_EDITORIAL_M4/20_MOTION_FINAL/COLOCAR_AQUI_MOTION_FINAL.txt
1435	7.43	/Users/lordjef/Downloads/ABRAXAS_V4_2_24_APPLE40M_RESUME_MASTER_PACKAGE/DELIVERABLES/JOC55_ABRAXAS_V4_2_24_PREBUILT/09_MOTIONS_V4_2/AI_SELECTED_V4_2_24/04_HORIZONTALS/JH02/01_EDITORIAL_M4/MOTION_DECISION.json
761	7.43	/Users/lordjef/Downloads/ABRAXAS_V4_2_24_APPLE40M_RESUME_MASTER_PACKAGE/DELIVERABLES/JOC55_ABRAXAS_V4_2_24_PREBUILT/09_MOTIONS_V4_2/AI_SELECTED_V4_2_24/04_HORIZONTALS/JH02/02_EDITORIAL_M1/02_PROMPT_ANIMAR_MOTION.txt
88	7.43	/Users/lordjef/Downloads/ABRAXAS_V4_2_24_APPLE40M_RESUME_MASTER_PACKAGE/DELIVERABLES/JOC55_ABRAXAS_V4_2_24_PREBUILT/09_MOTIONS_V4_2/AI_SELECTED_V4_2_24/04_HORIZONTALS/JH02/02_EDITORIAL_M1/20_MOTION_FINAL/COLOCAR_AQUI_MOTION_FINAL.txt
1484	7.43	/Users/lordjef/Downloads/ABRAXAS_V4_2_24_APPLE40M_RESUME_MASTER_PACKAGE/DELIVERABLES/JOC55_ABRAXAS_V4_2_24_PREBUILT/09_MOTIONS_V4_2/AI_SELECTED_V4_2_24/04_HORIZONTALS/JH02/02_EDITORIAL_M1/MOTION_DECISION.json
706	7.43	/Users/lordjef/Downloads/ABRAXAS_V4_2_24_APPLE40M_RESUME_MASTER_PACKAGE/DELIVERABLES/JOC55_ABRAXAS_V4_2_24_PREBUILT/09_MOTIONS_V4_2/AI_SELECTED_V4_2_24/04_HORIZONTALS/JH02/03_EDITORIAL_M1/02_PROMPT_ANIMAR_MOTION.txt
88	7.43	/Users/lordjef/Downloads/ABRAXAS_V4_2_24_APPLE40M_RESUME_MASTER_PACKAGE/DELIVERABLES/JOC55_ABRAXAS_V4_2_24_PREBUILT/09_MOTIONS_V4_2/AI_SELECTED_V4_2_24/04_HORIZONTALS/JH02/03_EDITORIAL_M1/20_MOTION_FINAL/COLOCAR_AQUI_MOTION_FINAL.txt
1429	7.43	/Users/lordjef/Downloads/ABRAXAS_V4_2_24_APPLE40M_RESUME_MASTER_PACKAGE/DELIVERABLES/JOC55_ABRAXAS_V4_2_24_PREBUILT/09_MOTIONS_V4_2/AI_SELECTED_V4_2_24/04_HORIZONTALS/JH02/03_EDITORIAL_M1/MOTION_DECISION.json
767	7.43	/Users/lordjef/Downloads/ABRAXAS_V4_2_24_APPLE40M_RESUME_MASTER_PACKAGE/DELIVERABLES/JOC55_ABRAXAS_V4_2_24_PREBUILT/09_MOTIONS_V4_2/AI_SELECTED_V4_2_24/04_HORIZONTALS/JH02/04_EDITORIAL_M1/02_PROMPT_ANIMAR_MOTION.txt
88	7.43	/Users/lordjef/Downloads/ABRAXAS_V4_2_24_APPLE40M_RESUME_MASTER_PACKAGE/DELIVERABLES/JOC55_ABRAXAS_V4_2_24_PREBUILT/09_MOTIONS_V4_2/AI_SELECTED_V4_2_24/04_HORIZONTALS/JH02/04_EDITORIAL_M1/20_MOTION_FINAL/COLOCAR_AQUI_MOTION_FINAL.txt
1492	7.43	/Users/lordjef/Downloads/ABRAXAS_V4_2_24_APPLE40M_RESUME_MASTER_PACKAGE/DELIVERABLES/JOC55_ABRAXAS_V4_2_24_PREBUILT/09_MOTIONS_V4_2/AI_SELECTED_V4_2_24/04_HORIZONTALS/JH02/04_EDITORIAL_M1/MOTION_DECISION.json
749	7.43	/Users/lordjef/Downloads/ABRAXAS_V4_2_24_APPLE40M_RESUME_MASTER_PACKAGE/DELIVERABLES/JOC55_ABRAXAS_V4_2_24_PREBUILT/09_MOTIONS_V4_2/AI_SELECTED_V4_2_24/04_HORIZONTALS/JH02/05_EDITORIAL_M3/02_PROMPT_ANIMAR_MOTION.txt
88	7.43	/Users/lordjef/Downloads/ABRAXAS_V4_2_24_APPLE40M_RESUME_MASTER_PACKAGE/DELIVERABLES/JOC55_ABRAXAS_V4_2_24_PREBUILT/09_MOTIONS_V4_2/AI_SELECTED_V4_2_24/04_HORIZONTALS/JH02/05_EDITORIAL_M3/20_MOTION_FINAL/COLOCAR_AQUI_MOTION_FINAL.txt
1452	7.43	/Users/lordjef/Downloads/ABRAXAS_V4_2_24_APPLE40M_RESUME_MASTER_PACKAGE/DELIVERABLES/JOC55_ABRAXAS_V4_2_24_PREBUILT/09_MOTIONS_V4_2/AI_SELECTED_V4_2_24/04_HORIZONTALS/JH02/05_EDITORIAL_M3/MOTION_DECISION.json
691	7.43	/Users/lordjef/Downloads/ABRAXAS_V4_2_24_APPLE40M_RESUME_MASTER_PACKAGE/DELIVERABLES/JOC55_ABRAXAS_V4_2_24_PREBUILT/09_MOTIONS_V4_2/AI_SELECTED_V4_2_24/04_HORIZONTALS/JH02/06_EDITORIAL_M1/02_PROMPT_ANIMAR_MOTION.txt
88	7.43	/Users/lordjef/Downloads/ABRAXAS_V4_2_24_APPLE40M_RESUME_MASTER_PACKAGE/DELIVERABLES/JOC55_ABRAXAS_V4_2_24_PREBUILT/09_MOTIONS_V4_2/AI_SELECTED_V4_2_24/04_HORIZONTALS/JH02/06_EDITORIAL_M1/20_MOTION_FINAL/COLOCAR_AQUI_MOTION_FINAL.txt
1420	7.43	/Users/lordjef/Downloads/ABRAXAS_V4_2_24_APPLE40M_RESUME_MASTER_PACKAGE/DELIVERABLES/JOC55_ABRAXAS_V4_2_24_PREBUILT/09_MOTIONS_V4_2/AI_SELECTED_V4_2_24/04_HORIZONTALS/JH02/06_EDITORIAL_M1/MOTION_DECISION.json
681	7.43	/Users/lordjef/Downloads/ABRAXAS_V4_2_24_APPLE40M_RESUME_MASTER_PACKAGE/DELIVERABLES/JOC55_ABRAXAS_V4_2_24_PREBUILT/09_MOTIONS_V4_2/AI_SELECTED_V4_2_24/04_HORIZONTALS/JH02/07_EDITORIAL_M1/02_PROMPT_ANIMAR_MOTION.txt
88	7.43	/Users/lordjef/Downloads/ABRAXAS_V4_2_24_APPLE40M_RESUME_MASTER_PACKAGE/DELIVERABLES/JOC55_ABRAXAS_V4_2_24_PREBUILT/09_MOTIONS_V4_2/AI_SELECTED_V4_2_24/04_HORIZONTALS/JH02/07_EDITORIAL_M1/20_MOTION_FINAL/COLOCAR_AQUI_MOTION_FINAL.txt
1410	7.43	/Users/lordjef/Downloads/ABRAXAS_V4_2_24_APPLE40M_RESUME_MASTER_PACKAGE/DELIVERABLES/JOC55_ABRAXAS_V4_2_24_PREBUILT/09_MOTIONS_V4_2/AI_SELECTED_V4_2_24/04_HORIZONTALS/JH02/07_EDITORIAL_M1/MOTION_DECISION.json
760	7.43	/Users/lordjef/Downloads/ABRAXAS_V4_2_24_APPLE40M_RESUME_MASTER_PACKAGE/DELIVERABLES/JOC55_ABRAXAS_V4_2_24_PREBUILT/09_MOTIONS_V4_2/AI_SELECTED_V4_2_24/04_HORIZONTALS/JH02/08_EDITORIAL_M1/02_PROMPT_ANIMAR_MOTION.txt
88	7.43	/Users/lordjef/Downloads/ABRAXAS_V4_2_24_APPLE40M_RESUME_MASTER_PACKAGE/DELIVERABLES/JOC55_ABRAXAS_V4_2_24_PREBUILT/09_MOTIONS_V4_2/AI_SELECTED_V4_2_24/04_HORIZONTALS/JH02/08_EDITORIAL_M1/20_MOTION_FINAL/COLOCAR_AQUI_MOTION_FINAL.txt
1485	7.43	/Users/lordjef/Downloads/ABRAXAS_V4_2_24_APPLE40M_RESUME_MASTER_PACKAGE/DELIVERABLES/JOC55_ABRAXAS_V4_2_24_PREBUILT/09_MOTIONS_V4_2/AI_SELECTED_V4_2_24/04_HORIZONTALS/JH02/08_EDITORIAL_M1/MOTION_DECISION.json
660	7.43	/Users/lordjef/Downloads/ABRAXAS_V4_2_24_APPLE40M_RESUME_MASTER_PACKAGE/DELIVERABLES/JOC55_ABRAXAS_V4_2_24_PREBUILT/09_MOTIONS_V4_2/AI_SELECTED_V4_2_24/04_HORIZONTALS/JH02/09_EDITORIAL_M1/02_PROMPT_ANIMAR_MOTION.txt
88	7.43	/Users/lordjef/Downloads/ABRAXAS_V4_2_24_APPLE40M_RESUME_MASTER_PACKAGE/DELIVERABLES/JOC55_ABRAXAS_V4_2_24_PREBUILT/09_MOTIONS_V4_2/AI_SELECTED_V4_2_24/04_HORIZONTALS/JH02/09_EDITORIAL_M1/20_MOTION_FINAL/COLOCAR_AQUI_MOTION_FINAL.txt
1389	7.43	/Users/lordjef/Downloads/ABRAXAS_V4_2_24_APPLE40M_RESUME_MASTER_PACKAGE/DELIVERABLES/JOC55_ABRAXAS_V4_2_24_PREBUILT/09_MOTIONS_V4_2/AI_SELECTED_V4_2_24/04_HORIZONTALS/JH02/09_EDITORIAL_M1/MOTION_DECISION.json
706	7.43	/Users/lordjef/Downloads/ABRAXAS_V4_2_24_APPLE40M_RESUME_MASTER_PACKAGE/DELIVERABLES/JOC55_ABRAXAS_V4_2_24_PREBUILT/09_MOTIONS_V4_2/AI_SELECTED_V4_2_24/04_HORIZONTALS/JH02/10_EDITORIAL_M4/02_PROMPT_ANIMAR_MOTION.txt
88	7.43	/Users/lordjef/Downloads/ABRAXAS_V4_2_24_APPLE40M_RESUME_MASTER_PACKAGE/DELIVERABLES/JOC55_ABRAXAS_V4_2_24_PREBUILT/09_MOTIONS_V4_2/AI_SELECTED_V4_2_24/04_HORIZONTALS/JH02/10_EDITORIAL_M4/20_MOTION_FINAL/COLOCAR_AQUI_MOTION_FINAL.txt
1385	7.43	/Users/lordjef/Downloads/ABRAXAS_V4_2_24_APPLE40M_RESUME_MASTER_PACKAGE/DELIVERABLES/JOC55_ABRAXAS_V4_2_24_PREBUILT/09_MOTIONS_V4_2/AI_SELECTED_V4_2_24/04_HORIZONTALS/JH02/10_EDITORIAL_M4/MOTION_DECISION.json
749	7.43	/Users/lordjef/Downloads/ABRAXAS_V4_2_24_APPLE40M_RESUME_MASTER_PACKAGE/DELIVERABLES/JOC55_ABRAXAS_V4_2_24_PREBUILT/09_MOTIONS_V4_2/AI_SELECTED_V4_2_24/04_HORIZONTALS/JH02/11_EDITORIAL_M1/02_PROMPT_ANIMAR_MOTION.txt
88	7.43	/Users/lordjef/Downloads/ABRAXAS_V4_2_24_APPLE40M_RESUME_MASTER_PACKAGE/DELIVERABLES/JOC55_ABRAXAS_V4_2_24_PREBUILT/09_MOTIONS_V4_2/AI_SELECTED_V4_2_24/04_HORIZONTALS/JH02/11_EDITORIAL_M1/20_MOTION_FINAL/COLOCAR_AQUI_MOTION_FINAL.txt
1475	7.43	/Users/lordjef/Downloads/ABRAXAS_V4_2_24_APPLE40M_RESUME_MASTER_PACKAGE/DELIVERABLES/JOC55_ABRAXAS_V4_2_24_PREBUILT/09_MOTIONS_V4_2/AI_SELECTED_V4_2_24/04_HORIZONTALS/JH02/11_EDITORIAL_M1/MOTION_DECISION.json
734	7.43	/Users/lordjef/Downloads/ABRAXAS_V4_2_24_APPLE40M_RESUME_MASTER_PACKAGE/DELIVERABLES/JOC55_ABRAXAS_V4_2_24_PREBUILT/09_MOTIONS_V4_2/AI_SELECTED_V4_2_24/04_HORIZONTALS/JH02/12_EDITORIAL_M2/02_PROMPT_ANIMAR_MOTION.txt
503	7.43	/Users/lordjef/Downloads/ABRAXAS_V4_2_24_APPLE40M_RESUME_MASTER_PACKAGE/DELIVERABLES/JOC55_ABRAXAS_V4_2_24_PREBUILT/09_MOTIONS_V4_2/AI_SELECTED_V4_2_24/04_HORIZONTALS/JH02/12_EDITORIAL_M2/10_ASSETS/MOTION2_TEXT_SEGMENTS_EXACT.json
88	7.43	/Users/lordjef/Downloads/ABRAXAS_V4_2_24_APPLE40M_RESUME_MASTER_PACKAGE/DELIVERABLES/JOC55_ABRAXAS_V4_2_24_PREBUILT/09_MOTIONS_V4_2/AI_SELECTED_V4_2_24/04_HORIZONTALS/JH02/12_EDITORIAL_M2/20_MOTION_FINAL/COLOCAR_AQUI_MOTION_FINAL.txt
1574	7.43	/Users/lordjef/Downloads/ABRAXAS_V4_2_24_APPLE40M_RESUME_MASTER_PACKAGE/DELIVERABLES/JOC55_ABRAXAS_V4_2_24_PREBUILT/09_MOTIONS_V4_2/AI_SELECTED_V4_2_24/04_HORIZONTALS/JH02/12_EDITORIAL_M2/MOTION_DECISION.json
733	7.43	/Users/lordjef/Downloads/ABRAXAS_V4_2_24_APPLE40M_RESUME_MASTER_PACKAGE/DELIVERABLES/JOC55_ABRAXAS_V4_2_24_PREBUILT/09_MOTIONS_V4_2/AI_SELECTED_V4_2_24/04_HORIZONTALS/JH02/13_EDITORIAL_M1/02_PROMPT_ANIMAR_MOTION.txt
88	7.43	/Users/lordjef/Downloads/ABRAXAS_V4_2_24_APPLE40M_RESUME_MASTER_PACKAGE/DELIVERABLES/JOC55_ABRAXAS_V4_2_24_PREBUILT/09_MOTIONS_V4_2/AI_SELECTED_V4_2_24/04_HORIZONTALS/JH02/13_EDITORIAL_M1/20_MOTION_FINAL/COLOCAR_AQUI_MOTION_FINAL.txt
1465	7.43	/Users/lordjef/Downloads/ABRAXAS_V4_2_24_APPLE40M_RESUME_MASTER_PACKAGE/DELIVERABLES/JOC55_ABRAXAS_V4_2_24_PREBUILT/09_MOTIONS_V4_2/AI_SELECTED_V4_2_24/04_HORIZONTALS/JH02/13_EDITORIAL_M1/MOTION_DECISION.json
731	7.43	/Users/lordjef/Downloads/ABRAXAS_V4_2_24_APPLE40M_RESUME_MASTER_PACKAGE/DELIVERABLES/JOC55_ABRAXAS_V4_2_24_PREBUILT/09_MOTIONS_V4_2/AI_SELECTED_V4_2_24/04_HORIZONTALS/JH02/14_EDITORIAL_M1/02_PROMPT_ANIMAR_MOTION.txt
88	7.43	/Users/lordjef/Downloads/ABRAXAS_V4_2_24_APPLE40M_RESUME_MASTER_PACKAGE/DELIVERABLES/JOC55_ABRAXAS_V4_2_24_PREBUILT/09_MOTIONS_V4_2/AI_SELECTED_V4_2_24/04_HORIZONTALS/JH02/14_EDITORIAL_M1/20_MOTION_FINAL/COLOCAR_AQUI_MOTION_FINAL.txt
1457	7.43	/Users/lordjef/Downloads/ABRAXAS_V4_2_24_APPLE40M_RESUME_MASTER_PACKAGE/DELIVERABLES/JOC55_ABRAXAS_V4_2_24_PREBUILT/09_MOTIONS_V4_2/AI_SELECTED_V4_2_24/04_HORIZONTALS/JH02/14_EDITORIAL_M1/MOTION_DECISION.json
707	7.43	/Users/lordjef/Downloads/ABRAXAS_V4_2_24_APPLE40M_RESUME_MASTER_PACKAGE/DELIVERABLES/JOC55_ABRAXAS_V4_2_24_PREBUILT/09_MOTIONS_V4_2/AI_SELECTED_V4_2_24/04_HORIZONTALS/JH02/15_EDITORIAL_M1/02_PROMPT_ANIMAR_MOTION.txt
88	7.43	/Users/lordjef/Downloads/ABRAXAS_V4_2_24_APPLE40M_RESUME_MASTER_PACKAGE/DELIVERABLES/JOC55_ABRAXAS_V4_2_24_PREBUILT/09_MOTIONS_V4_2/AI_SELECTED_V4_2_24/04_HORIZONTALS/JH02/15_EDITORIAL_M1/20_MOTION_FINAL/COLOCAR_AQUI_MOTION_FINAL.txt
1435	7.43	/Users/lordjef/Downloads/ABRAXAS_V4_2_24_APPLE40M_RESUME_MASTER_PACKAGE/DELIVERABLES/JOC55_ABRAXAS_V4_2_24_PREBUILT/09_MOTIONS_V4_2/AI_SELECTED_V4_2_24/04_HORIZONTALS/JH02/15_EDITORIAL_M1/MOTION_DECISION.json
755	7.43	/Users/lordjef/Downloads/ABRAXAS_V4_2_24_APPLE40M_RESUME_MASTER_PACKAGE/DELIVERABLES/JOC55_ABRAXAS_V4_2_24_PREBUILT/09_MOTIONS_V4_2/AI_SELECTED_V4_2_24/04_HORIZONTALS/JH02/16_EDITORIAL_M4/02_PROMPT_ANIMAR_MOTION.txt
88	7.43	/Users/lordjef/Downloads/ABRAXAS_V4_2_24_APPLE40M_RESUME_MASTER_PACKAGE/DELIVERABLES/JOC55_ABRAXAS_V4_2_24_PREBUILT/09_MOTIONS_V4_2/AI_SELECTED_V4_2_24/04_HORIZONTALS/JH02/16_EDITORIAL_M4/20_MOTION_FINAL/COLOCAR_AQUI_MOTION_FINAL.txt
1434	7.43	/Users/lordjef/Downloads/ABRAXAS_V4_2_24_APPLE40M_RESUME_MASTER_PACKAGE/DELIVERABLES/JOC55_ABRAXAS_V4_2_24_PREBUILT/09_MOTIONS_V4_2/AI_SELECTED_V4_2_24/04_HORIZONTALS/JH02/16_EDITORIAL_M4/MOTION_DECISION.json
648	7.43	/Users/lordjef/Downloads/ABRAXAS_V4_2_24_APPLE40M_RESUME_MASTER_PACKAGE/DELIVERABLES/JOC55_ABRAXAS_V4_2_24_PREBUILT/09_MOTIONS_V4_2/AI_SELECTED_V4_2_24/04_HORIZONTALS/JH02/17_EDITORIAL_M4/02_PROMPT_ANIMAR_MOTION.txt
88	7.43	/Users/lordjef/Downloads/ABRAXAS_V4_2_24_APPLE40M_RESUME_MASTER_PACKAGE/DELIVERABLES/JOC55_ABRAXAS_V4_2_24_PREBUILT/09_MOTIONS_V4_2/AI_SELECTED_V4_2_24/04_HORIZONTALS/JH02/17_EDITORIAL_M4/20_MOTION_FINAL/COLOCAR_AQUI_MOTION_FINAL.txt
1329	7.43	/Users/lordjef/Downloads/ABRAXAS_V4_2_24_APPLE40M_RESUME_MASTER_PACKAGE/DELIVERABLES/JOC55_ABRAXAS_V4_2_24_PREBUILT/09_MOTIONS_V4_2/AI_SELECTED_V4_2_24/04_HORIZONTALS/JH02/17_EDITORIAL_M4/MOTION_DECISION.json
776	7.43	/Users/lordjef/Downloads/ABRAXAS_V4_2_24_APPLE40M_RESUME_MASTER_PACKAGE/DELIVERABLES/JOC55_ABRAXAS_V4_2_24_PREBUILT/09_MOTIONS_V4_2/AI_SELECTED_V4_2_24/04_HORIZONTALS/JH02/18_EDITORIAL_M1/02_PROMPT_ANIMAR_MOTION.txt
88	7.43	/Users/lordjef/Downloads/ABRAXAS_V4_2_24_APPLE40M_RESUME_MASTER_PACKAGE/DELIVERABLES/JOC55_ABRAXAS_V4_2_24_PREBUILT/09_MOTIONS_V4_2/AI_SELECTED_V4_2_24/04_HORIZONTALS/JH02/18_EDITORIAL_M1/20_MOTION_FINAL/COLOCAR_AQUI_MOTION_FINAL.txt
1502	7.43	/Users/lordjef/Downloads/ABRAXAS_V4_2_24_APPLE40M_RESUME_MASTER_PACKAGE/DELIVERABLES/JOC55_ABRAXAS_V4_2_24_PREBUILT/09_MOTIONS_V4_2/AI_SELECTED_V4_2_24/04_HORIZONTALS/JH02/18_EDITORIAL_M1/MOTION_DECISION.json
710	7.43	/Users/lordjef/Downloads/ABRAXAS_V4_2_24_APPLE40M_RESUME_MASTER_PACKAGE/DELIVERABLES/JOC55_ABRAXAS_V4_2_24_PREBUILT/09_MOTIONS_V4_2/AI_SELECTED_V4_2_24/04_HORIZONTALS/JH02/19_EDITORIAL_M2/02_PROMPT_ANIMAR_MOTION.txt
431	7.43	/Users/lordjef/Downloads/ABRAXAS_V4_2_24_APPLE40M_RESUME_MASTER_PACKAGE/DELIVERABLES/JOC55_ABRAXAS_V4_2_24_PREBUILT/09_MOTIONS_V4_2/AI_SELECTED_V4_2_24/04_HORIZONTALS/JH02/19_EDITORIAL_M2/10_ASSETS/MOTION2_TEXT_SEGMENTS_EXACT.json
88	7.43	/Users/lordjef/Downloads/ABRAXAS_V4_2_24_APPLE40M_RESUME_MASTER_PACKAGE/DELIVERABLES/JOC55_ABRAXAS_V4_2_24_PREBUILT/09_MOTIONS_V4_2/AI_SELECTED_V4_2_24/04_HORIZONTALS/JH02/19_EDITORIAL_M2/20_MOTION_FINAL/COLOCAR_AQUI_MOTION_FINAL.txt
1554	7.43	/Users/lordjef/Downloads/ABRAXAS_V4_2_24_APPLE40M_RESUME_MASTER_PACKAGE/DELIVERABLES/JOC55_ABRAXAS_V4_2_24_PREBUILT/09_MOTIONS_V4_2/AI_SELECTED_V4_2_24/04_HORIZONTALS/JH02/19_EDITORIAL_M2/MOTION_DECISION.json
783	7.43	/Users/lordjef/Downloads/ABRAXAS_V4_2_24_APPLE40M_RESUME_MASTER_PACKAGE/DELIVERABLES/JOC55_ABRAXAS_V4_2_24_PREBUILT/09_MOTIONS_V4_2/AI_SELECTED_V4_2_24/04_HORIZONTALS/JH02/20_EDITORIAL_M1/02_PROMPT_ANIMAR_MOTION.txt
88	7.43	/Users/lordjef/Downloads/ABRAXAS_V4_2_24_APPLE40M_RESUME_MASTER_PACKAGE/DELIVERABLES/JOC55_ABRAXAS_V4_2_24_PREBUILT/09_MOTIONS_V4_2/AI_SELECTED_V4_2_24/04_HORIZONTALS/JH02/20_EDITORIAL_M1/20_MOTION_FINAL/COLOCAR_AQUI_MOTION_FINAL.txt
1513	7.43	/Users/lordjef/Downloads/ABRAXAS_V4_2_24_APPLE40M_RESUME_MASTER_PACKAGE/DELIVERABLES/JOC55_ABRAXAS_V4_2_24_PREBUILT/09_MOTIONS_V4_2/AI_SELECTED_V4_2_24/04_HORIZONTALS/JH02/20_EDITORIAL_M1/MOTION_DECISION.json
3595	7.43	/Users/lordjef/Downloads/ABRAXAS_V4_2_24_APPLE40M_RESUME_MASTER_PACKAGE/DELIVERABLES/JOC55_ABRAXAS_V4_2_24_PREBUILT/09_MOTIONS_V4_2/AI_SELECTED_V4_2_24/04_HORIZONTALS/JH03/00_MOTION_INDEX.json
667	7.43	/Users/lordjef/Downloads/ABRAXAS_V4_2_24_APPLE40M_RESUME_MASTER_PACKAGE/DELIVERABLES/JOC55_ABRAXAS_V4_2_24_PREBUILT/09_MOTIONS_V4_2/AI_SELECTED_V4_2_24/04_HORIZONTALS/JH03/01_EDITORIAL_M1/02_PROMPT_ANIMAR_MOTION.txt
88	7.43	/Users/lordjef/Downloads/ABRAXAS_V4_2_24_APPLE40M_RESUME_MASTER_PACKAGE/DELIVERABLES/JOC55_ABRAXAS_V4_2_24_PREBUILT/09_MOTIONS_V4_2/AI_SELECTED_V4_2_24/04_HORIZONTALS/JH03/01_EDITORIAL_M1/20_MOTION_FINAL/COLOCAR_AQUI_MOTION_FINAL.txt
1392	7.43	/Users/lordjef/Downloads/ABRAXAS_V4_2_24_APPLE40M_RESUME_MASTER_PACKAGE/DELIVERABLES/JOC55_ABRAXAS_V4_2_24_PREBUILT/09_MOTIONS_V4_2/AI_SELECTED_V4_2_24/04_HORIZONTALS/JH03/01_EDITORIAL_M1/MOTION_DECISION.json
719	7.43	/Users/lordjef/Downloads/ABRAXAS_V4_2_24_APPLE40M_RESUME_MASTER_PACKAGE/DELIVERABLES/JOC55_ABRAXAS_V4_2_24_PREBUILT/09_MOTIONS_V4_2/AI_SELECTED_V4_2_24/04_HORIZONTALS/JH03/02_EDITORIAL_M1/02_PROMPT_ANIMAR_MOTION.txt
88	7.43	/Users/lordjef/Downloads/ABRAXAS_V4_2_24_APPLE40M_RESUME_MASTER_PACKAGE/DELIVERABLES/JOC55_ABRAXAS_V4_2_24_PREBUILT/09_MOTIONS_V4_2/AI_SELECTED_V4_2_24/04_HORIZONTALS/JH03/02_EDITORIAL_M1/20_MOTION_FINAL/COLOCAR_AQUI_MOTION_FINAL.txt
1440	7.43	/Users/lordjef/Downloads/ABRAXAS_V4_2_24_APPLE40M_RESUME_MASTER_PACKAGE/DELIVERABLES/JOC55_ABRAXAS_V4_2_24_PREBUILT/09_MOTIONS_V4_2/AI_SELECTED_V4_2_24/04_HORIZONTALS/JH03/02_EDITORIAL_M1/MOTION_DECISION.json
740	7.43	/Users/lordjef/Downloads/ABRAXAS_V4_2_24_APPLE40M_RESUME_MASTER_PACKAGE/DELIVERABLES/JOC55_ABRAXAS_V4_2_24_PREBUILT/09_MOTIONS_V4_2/AI_SELECTED_V4_2_24/04_HORIZONTALS/JH03/03_EDITORIAL_M4/02_PROMPT_ANIMAR_MOTION.txt
88	7.43	/Users/lordjef/Downloads/ABRAXAS_V4_2_24_APPLE40M_RESUME_MASTER_PACKAGE/DELIVERABLES/JOC55_ABRAXAS_V4_2_24_PREBUILT/09_MOTIONS_V4_2/AI_SELECTED_V4_2_24/04_HORIZONTALS/JH03/03_EDITORIAL_M4/20_MOTION_FINAL/COLOCAR_AQUI_MOTION_FINAL.txt
1426	7.43	/Users/lordjef/Downloads/ABRAXAS_V4_2_24_APPLE40M_RESUME_MASTER_PACKAGE/DELIVERABLES/JOC55_ABRAXAS_V4_2_24_PREBUILT/09_MOTIONS_V4_2/AI_SELECTED_V4_2_24/04_HORIZONTALS/JH03/03_EDITORIAL_M4/MOTION_DECISION.json
721	7.43	/Users/lordjef/Downloads/ABRAXAS_V4_2_24_APPLE40M_RESUME_MASTER_PACKAGE/DELIVERABLES/JOC55_ABRAXAS_V4_2_24_PREBUILT/09_MOTIONS_V4_2/AI_SELECTED_V4_2_24/04_HORIZONTALS/JH03/04_EDITORIAL_M2/02_PROMPT_ANIMAR_MOTION.txt
464	7.43	/Users/lordjef/Downloads/ABRAXAS_V4_2_24_APPLE40M_RESUME_MASTER_PACKAGE/DELIVERABLES/JOC55_ABRAXAS_V4_2_24_PREBUILT/09_MOTIONS_V4_2/AI_SELECTED_V4_2_24/04_HORIZONTALS/JH03/04_EDITORIAL_M2/10_ASSETS/MOTION2_TEXT_SEGMENTS_EXACT.json
88	7.43	/Users/lordjef/Downloads/ABRAXAS_V4_2_24_APPLE40M_RESUME_MASTER_PACKAGE/DELIVERABLES/JOC55_ABRAXAS_V4_2_24_PREBUILT/09_MOTIONS_V4_2/AI_SELECTED_V4_2_24/04_HORIZONTALS/JH03/04_EDITORIAL_M2/20_MOTION_FINAL/COLOCAR_AQUI_MOTION_FINAL.txt
1561	7.43	/Users/lordjef/Downloads/ABRAXAS_V4_2_24_APPLE40M_RESUME_MASTER_PACKAGE/DELIVERABLES/JOC55_ABRAXAS_V4_2_24_PREBUILT/09_MOTIONS_V4_2/AI_SELECTED_V4_2_24/04_HORIZONTALS/JH03/04_EDITORIAL_M2/MOTION_DECISION.json
713	7.43	/Users/lordjef/Downloads/ABRAXAS_V4_2_24_APPLE40M_RESUME_MASTER_PACKAGE/DELIVERABLES/JOC55_ABRAXAS_V4_2_24_PREBUILT/09_MOTIONS_V4_2/AI_SELECTED_V4_2_24/04_HORIZONTALS/JH03/05_EDITORIAL_M1/02_PROMPT_ANIMAR_MOTION.txt
88	7.43	/Users/lordjef/Downloads/ABRAXAS_V4_2_24_APPLE40M_RESUME_MASTER_PACKAGE/DELIVERABLES/JOC55_ABRAXAS_V4_2_24_PREBUILT/09_MOTIONS_V4_2/AI_SELECTED_V4_2_24/04_HORIZONTALS/JH03/05_EDITORIAL_M1/20_MOTION_FINAL/COLOCAR_AQUI_MOTION_FINAL.txt
1446	7.43	/Users/lordjef/Downloads/ABRAXAS_V4_2_24_APPLE40M_RESUME_MASTER_PACKAGE/DELIVERABLES/JOC55_ABRAXAS_V4_2_24_PREBUILT/09_MOTIONS_V4_2/AI_SELECTED_V4_2_24/04_HORIZONTALS/JH03/05_EDITORIAL_M1/MOTION_DECISION.json
767	7.43	/Users/lordjef/Downloads/ABRAXAS_V4_2_24_APPLE40M_RESUME_MASTER_PACKAGE/DELIVERABLES/JOC55_ABRAXAS_V4_2_24_PREBUILT/09_MOTIONS_V4_2/AI_SELECTED_V4_2_24/04_HORIZONTALS/JH03/06_EDITORIAL_M1/02_PROMPT_ANIMAR_MOTION.txt
88	7.43	/Users/lordjef/Downloads/ABRAXAS_V4_2_24_APPLE40M_RESUME_MASTER_PACKAGE/DELIVERABLES/JOC55_ABRAXAS_V4_2_24_PREBUILT/09_MOTIONS_V4_2/AI_SELECTED_V4_2_24/04_HORIZONTALS/JH03/06_EDITORIAL_M1/20_MOTION_FINAL/COLOCAR_AQUI_MOTION_FINAL.txt
1500	7.43	/Users/lordjef/Downloads/ABRAXAS_V4_2_24_APPLE40M_RESUME_MASTER_PACKAGE/DELIVERABLES/JOC55_ABRAXAS_V4_2_24_PREBUILT/09_MOTIONS_V4_2/AI_SELECTED_V4_2_24/04_HORIZONTALS/JH03/06_EDITORIAL_M1/MOTION_DECISION.json
766	7.43	/Users/lordjef/Downloads/ABRAXAS_V4_2_24_APPLE40M_RESUME_MASTER_PACKAGE/DELIVERABLES/JOC55_ABRAXAS_V4_2_24_PREBUILT/09_MOTIONS_V4_2/AI_SELECTED_V4_2_24/04_HORIZONTALS/JH03/07_EDITORIAL_M2/02_PROMPT_ANIMAR_MOTION.txt
599	7.43	/Users/lordjef/Downloads/ABRAXAS_V4_2_24_APPLE40M_RESUME_MASTER_PACKAGE/DELIVERABLES/JOC55_ABRAXAS_V4_2_24_PREBUILT/09_MOTIONS_V4_2/AI_SELECTED_V4_2_24/04_HORIZONTALS/JH03/07_EDITORIAL_M2/10_ASSETS/MOTION2_TEXT_SEGMENTS_EXACT.json
88	7.43	/Users/lordjef/Downloads/ABRAXAS_V4_2_24_APPLE40M_RESUME_MASTER_PACKAGE/DELIVERABLES/JOC55_ABRAXAS_V4_2_24_PREBUILT/09_MOTIONS_V4_2/AI_SELECTED_V4_2_24/04_HORIZONTALS/JH03/07_EDITORIAL_M2/20_MOTION_FINAL/COLOCAR_AQUI_MOTION_FINAL.txt
1612	7.43	/Users/lordjef/Downloads/ABRAXAS_V4_2_24_APPLE40M_RESUME_MASTER_PACKAGE/DELIVERABLES/JOC55_ABRAXAS_V4_2_24_PREBUILT/09_MOTIONS_V4_2/AI_SELECTED_V4_2_24/04_HORIZONTALS/JH03/07_EDITORIAL_M2/MOTION_DECISION.json
744	7.43	/Users/lordjef/Downloads/ABRAXAS_V4_2_24_APPLE40M_RESUME_MASTER_PACKAGE/DELIVERABLES/JOC55_ABRAXAS_V4_2_24_PREBUILT/09_MOTIONS_V4_2/AI_SELECTED_V4_2_24/04_HORIZONTALS/JH03/08_EDITORIAL_M1/02_PROMPT_ANIMAR_MOTION.txt
88	7.43	/Users/lordjef/Downloads/ABRAXAS_V4_2_24_APPLE40M_RESUME_MASTER_PACKAGE/DELIVERABLES/JOC55_ABRAXAS_V4_2_24_PREBUILT/09_MOTIONS_V4_2/AI_SELECTED_V4_2_24/04_HORIZONTALS/JH03/08_EDITORIAL_M1/20_MOTION_FINAL/COLOCAR_AQUI_MOTION_FINAL.txt
1477	7.43	/Users/lordjef/Downloads/ABRAXAS_V4_2_24_APPLE40M_RESUME_MASTER_PACKAGE/DELIVERABLES/JOC55_ABRAXAS_V4_2_24_PREBUILT/09_MOTIONS_V4_2/AI_SELECTED_V4_2_24/04_HORIZONTALS/JH03/08_EDITORIAL_M1/MOTION_DECISION.json
744	7.43	/Users/lordjef/Downloads/ABRAXAS_V4_2_24_APPLE40M_RESUME_MASTER_PACKAGE/DELIVERABLES/JOC55_ABRAXAS_V4_2_24_PREBUILT/09_MOTIONS_V4_2/AI_SELECTED_V4_2_24/04_HORIZONTALS/JH03/09_EDITORIAL_M1/02_PROMPT_ANIMAR_MOTION.txt
88	7.43	/Users/lordjef/Downloads/ABRAXAS_V4_2_24_APPLE40M_RESUME_MASTER_PACKAGE/DELIVERABLES/JOC55_ABRAXAS_V4_2_24_PREBUILT/09_MOTIONS_V4_2/AI_SELECTED_V4_2_24/04_HORIZONTALS/JH03/09_EDITORIAL_M1/20_MOTION_FINAL/COLOCAR_AQUI_MOTION_FINAL.txt
1467	7.43	/Users/lordjef/Downloads/ABRAXAS_V4_2_24_APPLE40M_RESUME_MASTER_PACKAGE/DELIVERABLES/JOC55_ABRAXAS_V4_2_24_PREBUILT/09_MOTIONS_V4_2/AI_SELECTED_V4_2_24/04_HORIZONTALS/JH03/09_EDITORIAL_M1/MOTION_DECISION.json
774	7.43	/Users/lordjef/Downloads/ABRAXAS_V4_2_24_APPLE40M_RESUME_MASTER_PACKAGE/DELIVERABLES/JOC55_ABRAXAS_V4_2_24_PREBUILT/09_MOTIONS_V4_2/AI_SELECTED_V4_2_24/04_HORIZONTALS/JH03/10_EDITORIAL_M1/02_PROMPT_ANIMAR_MOTION.txt
88	7.43	/Users/lordjef/Downloads/ABRAXAS_V4_2_24_APPLE40M_RESUME_MASTER_PACKAGE/DELIVERABLES/JOC55_ABRAXAS_V4_2_24_PREBUILT/09_MOTIONS_V4_2/AI_SELECTED_V4_2_24/04_HORIZONTALS/JH03/10_EDITORIAL_M1/20_MOTION_FINAL/COLOCAR_AQUI_MOTION_FINAL.txt
1500	7.43	/Users/lordjef/Downloads/ABRAXAS_V4_2_24_APPLE40M_RESUME_MASTER_PACKAGE/DELIVERABLES/JOC55_ABRAXAS_V4_2_24_PREBUILT/09_MOTIONS_V4_2/AI_SELECTED_V4_2_24/04_HORIZONTALS/JH03/10_EDITORIAL_M1/MOTION_DECISION.json
765	7.43	/Users/lordjef/Downloads/ABRAXAS_V4_2_24_APPLE40M_RESUME_MASTER_PACKAGE/DELIVERABLES/JOC55_ABRAXAS_V4_2_24_PREBUILT/09_MOTIONS_V4_2/AI_SELECTED_V4_2_24/04_HORIZONTALS/JH03/11_EDITORIAL_M4/02_PROMPT_ANIMAR_MOTION.txt
88	7.43	/Users/lordjef/Downloads/ABRAXAS_V4_2_24_APPLE40M_RESUME_MASTER_PACKAGE/DELIVERABLES/JOC55_ABRAXAS_V4_2_24_PREBUILT/09_MOTIONS_V4_2/AI_SELECTED_V4_2_24/04_HORIZONTALS/JH03/11_EDITORIAL_M4/20_MOTION_FINAL/COLOCAR_AQUI_MOTION_FINAL.txt
1452	7.43	/Users/lordjef/Downloads/ABRAXAS_V4_2_24_APPLE40M_RESUME_MASTER_PACKAGE/DELIVERABLES/JOC55_ABRAXAS_V4_2_24_PREBUILT/09_MOTIONS_V4_2/AI_SELECTED_V4_2_24/04_HORIZONTALS/JH03/11_EDITORIAL_M4/MOTION_DECISION.json
710	7.43	/Users/lordjef/Downloads/ABRAXAS_V4_2_24_APPLE40M_RESUME_MASTER_PACKAGE/DELIVERABLES/JOC55_ABRAXAS_V4_2_24_PREBUILT/09_MOTIONS_V4_2/AI_SELECTED_V4_2_24/04_HORIZONTALS/JH03/12_EDITORIAL_M1/02_PROMPT_ANIMAR_MOTION.txt
88	7.43	/Users/lordjef/Downloads/ABRAXAS_V4_2_24_APPLE40M_RESUME_MASTER_PACKAGE/DELIVERABLES/JOC55_ABRAXAS_V4_2_24_PREBUILT/09_MOTIONS_V4_2/AI_SELECTED_V4_2_24/04_HORIZONTALS/JH03/12_EDITORIAL_M1/20_MOTION_FINAL/COLOCAR_AQUI_MOTION_FINAL.txt
1446	7.43	/Users/lordjef/Downloads/ABRAXAS_V4_2_24_APPLE40M_RESUME_MASTER_PACKAGE/DELIVERABLES/JOC55_ABRAXAS_V4_2_24_PREBUILT/09_MOTIONS_V4_2/AI_SELECTED_V4_2_24/04_HORIZONTALS/JH03/12_EDITORIAL_M1/MOTION_DECISION.json
788	7.43	/Users/lordjef/Downloads/ABRAXAS_V4_2_24_APPLE40M_RESUME_MASTER_PACKAGE/DELIVERABLES/JOC55_ABRAXAS_V4_2_24_PREBUILT/09_MOTIONS_V4_2/AI_SELECTED_V4_2_24/04_HORIZONTALS/JH03/13_EDITORIAL_M1/02_PROMPT_ANIMAR_MOTION.txt
88	7.43	/Users/lordjef/Downloads/ABRAXAS_V4_2_24_APPLE40M_RESUME_MASTER_PACKAGE/DELIVERABLES/JOC55_ABRAXAS_V4_2_24_PREBUILT/09_MOTIONS_V4_2/AI_SELECTED_V4_2_24/04_HORIZONTALS/JH03/13_EDITORIAL_M1/20_MOTION_FINAL/COLOCAR_AQUI_MOTION_FINAL.txt
1512	7.43	/Users/lordjef/Downloads/ABRAXAS_V4_2_24_APPLE40M_RESUME_MASTER_PACKAGE/DELIVERABLES/JOC55_ABRAXAS_V4_2_24_PREBUILT/09_MOTIONS_V4_2/AI_SELECTED_V4_2_24/04_HORIZONTALS/JH03/13_EDITORIAL_M1/MOTION_DECISION.json
668	7.43	/Users/lordjef/Downloads/ABRAXAS_V4_2_24_APPLE40M_RESUME_MASTER_PACKAGE/DELIVERABLES/JOC55_ABRAXAS_V4_2_24_PREBUILT/09_MOTIONS_V4_2/AI_SELECTED_V4_2_24/04_HORIZONTALS/JH03/14_EDITORIAL_M1/02_PROMPT_ANIMAR_MOTION.txt
88	7.43	/Users/lordjef/Downloads/ABRAXAS_V4_2_24_APPLE40M_RESUME_MASTER_PACKAGE/DELIVERABLES/JOC55_ABRAXAS_V4_2_24_PREBUILT/09_MOTIONS_V4_2/AI_SELECTED_V4_2_24/04_HORIZONTALS/JH03/14_EDITORIAL_M1/20_MOTION_FINAL/COLOCAR_AQUI_MOTION_FINAL.txt
1406	7.43	/Users/lordjef/Downloads/ABRAXAS_V4_2_24_APPLE40M_RESUME_MASTER_PACKAGE/DELIVERABLES/JOC55_ABRAXAS_V4_2_24_PREBUILT/09_MOTIONS_V4_2/AI_SELECTED_V4_2_24/04_HORIZONTALS/JH03/14_EDITORIAL_M1/MOTION_DECISION.json
747	7.43	/Users/lordjef/Downloads/ABRAXAS_V4_2_24_APPLE40M_RESUME_MASTER_PACKAGE/DELIVERABLES/JOC55_ABRAXAS_V4_2_24_PREBUILT/09_MOTIONS_V4_2/AI_SELECTED_V4_2_24/04_HORIZONTALS/JH03/15_EDITORIAL_M3/02_PROMPT_ANIMAR_MOTION.txt
88	7.43	/Users/lordjef/Downloads/ABRAXAS_V4_2_24_APPLE40M_RESUME_MASTER_PACKAGE/DELIVERABLES/JOC55_ABRAXAS_V4_2_24_PREBUILT/09_MOTIONS_V4_2/AI_SELECTED_V4_2_24/04_HORIZONTALS/JH03/15_EDITORIAL_M3/20_MOTION_FINAL/COLOCAR_AQUI_MOTION_FINAL.txt
1459	7.43	/Users/lordjef/Downloads/ABRAXAS_V4_2_24_APPLE40M_RESUME_MASTER_PACKAGE/DELIVERABLES/JOC55_ABRAXAS_V4_2_24_PREBUILT/09_MOTIONS_V4_2/AI_SELECTED_V4_2_24/04_HORIZONTALS/JH03/15_EDITORIAL_M3/MOTION_DECISION.json
774	7.43	/Users/lordjef/Downloads/ABRAXAS_V4_2_24_APPLE40M_RESUME_MASTER_PACKAGE/DELIVERABLES/JOC55_ABRAXAS_V4_2_24_PREBUILT/09_MOTIONS_V4_2/AI_SELECTED_V4_2_24/04_HORIZONTALS/JH03/16_EDITORIAL_M1/02_PROMPT_ANIMAR_MOTION.txt
88	7.43	/Users/lordjef/Downloads/ABRAXAS_V4_2_24_APPLE40M_RESUME_MASTER_PACKAGE/DELIVERABLES/JOC55_ABRAXAS_V4_2_24_PREBUILT/09_MOTIONS_V4_2/AI_SELECTED_V4_2_24/04_HORIZONTALS/JH03/16_EDITORIAL_M1/20_MOTION_FINAL/COLOCAR_AQUI_MOTION_FINAL.txt
1508	7.43	/Users/lordjef/Downloads/ABRAXAS_V4_2_24_APPLE40M_RESUME_MASTER_PACKAGE/DELIVERABLES/JOC55_ABRAXAS_V4_2_24_PREBUILT/09_MOTIONS_V4_2/AI_SELECTED_V4_2_24/04_HORIZONTALS/JH03/16_EDITORIAL_M1/MOTION_DECISION.json
764	7.43	/Users/lordjef/Downloads/ABRAXAS_V4_2_24_APPLE40M_RESUME_MASTER_PACKAGE/DELIVERABLES/JOC55_ABRAXAS_V4_2_24_PREBUILT/09_MOTIONS_V4_2/AI_SELECTED_V4_2_24/04_HORIZONTALS/JH03/17_EDITORIAL_M1/02_PROMPT_ANIMAR_MOTION.txt
88	7.43	/Users/lordjef/Downloads/ABRAXAS_V4_2_24_APPLE40M_RESUME_MASTER_PACKAGE/DELIVERABLES/JOC55_ABRAXAS_V4_2_24_PREBUILT/09_MOTIONS_V4_2/AI_SELECTED_V4_2_24/04_HORIZONTALS/JH03/17_EDITORIAL_M1/20_MOTION_FINAL/COLOCAR_AQUI_MOTION_FINAL.txt
1490	7.43	/Users/lordjef/Downloads/ABRAXAS_V4_2_24_APPLE40M_RESUME_MASTER_PACKAGE/DELIVERABLES/JOC55_ABRAXAS_V4_2_24_PREBUILT/09_MOTIONS_V4_2/AI_SELECTED_V4_2_24/04_HORIZONTALS/JH03/17_EDITORIAL_M1/MOTION_DECISION.json
755	7.43	/Users/lordjef/Downloads/ABRAXAS_V4_2_24_APPLE40M_RESUME_MASTER_PACKAGE/DELIVERABLES/JOC55_ABRAXAS_V4_2_24_PREBUILT/09_MOTIONS_V4_2/AI_SELECTED_V4_2_24/04_HORIZONTALS/JH03/18_EDITORIAL_M3/02_PROMPT_ANIMAR_MOTION.txt
88	7.43	/Users/lordjef/Downloads/ABRAXAS_V4_2_24_APPLE40M_RESUME_MASTER_PACKAGE/DELIVERABLES/JOC55_ABRAXAS_V4_2_24_PREBUILT/09_MOTIONS_V4_2/AI_SELECTED_V4_2_24/04_HORIZONTALS/JH03/18_EDITORIAL_M3/20_MOTION_FINAL/COLOCAR_AQUI_MOTION_FINAL.txt
1459	7.43	/Users/lordjef/Downloads/ABRAXAS_V4_2_24_APPLE40M_RESUME_MASTER_PACKAGE/DELIVERABLES/JOC55_ABRAXAS_V4_2_24_PREBUILT/09_MOTIONS_V4_2/AI_SELECTED_V4_2_24/04_HORIZONTALS/JH03/18_EDITORIAL_M3/MOTION_DECISION.json
3981	7.43	/Users/lordjef/Downloads/ABRAXAS_V4_2_24_APPLE40M_RESUME_MASTER_PACKAGE/DELIVERABLES/JOC55_ABRAXAS_V4_2_24_PREBUILT/09_MOTIONS_V4_2/AI_SELECTED_V4_2_24/04_HORIZONTALS/JH04/00_MOTION_INDEX.json
733	7.43	/Users/lordjef/Downloads/ABRAXAS_V4_2_24_APPLE40M_RESUME_MASTER_PACKAGE/DELIVERABLES/JOC55_ABRAXAS_V4_2_24_PREBUILT/09_MOTIONS_V4_2/AI_SELECTED_V4_2_24/04_HORIZONTALS/JH04/01_EDITORIAL_M4/02_PROMPT_ANIMAR_MOTION.txt
88	7.43	/Users/lordjef/Downloads/ABRAXAS_V4_2_24_APPLE40M_RESUME_MASTER_PACKAGE/DELIVERABLES/JOC55_ABRAXAS_V4_2_24_PREBUILT/09_MOTIONS_V4_2/AI_SELECTED_V4_2_24/04_HORIZONTALS/JH04/01_EDITORIAL_M4/20_MOTION_FINAL/COLOCAR_AQUI_MOTION_FINAL.txt
1417	7.43	/Users/lordjef/Downloads/ABRAXAS_V4_2_24_APPLE40M_RESUME_MASTER_PACKAGE/DELIVERABLES/JOC55_ABRAXAS_V4_2_24_PREBUILT/09_MOTIONS_V4_2/AI_SELECTED_V4_2_24/04_HORIZONTALS/JH04/01_EDITORIAL_M4/MOTION_DECISION.json
685	7.43	/Users/lordjef/Downloads/ABRAXAS_V4_2_24_APPLE40M_RESUME_MASTER_PACKAGE/DELIVERABLES/JOC55_ABRAXAS_V4_2_24_PREBUILT/09_MOTIONS_V4_2/AI_SELECTED_V4_2_24/04_HORIZONTALS/JH04/02_EDITORIAL_M1/02_PROMPT_ANIMAR_MOTION.txt
88	7.43	/Users/lordjef/Downloads/ABRAXAS_V4_2_24_APPLE40M_RESUME_MASTER_PACKAGE/DELIVERABLES/JOC55_ABRAXAS_V4_2_24_PREBUILT/09_MOTIONS_V4_2/AI_SELECTED_V4_2_24/04_HORIZONTALS/JH04/02_EDITORIAL_M1/20_MOTION_FINAL/COLOCAR_AQUI_MOTION_FINAL.txt
1419	7.43	/Users/lordjef/Downloads/ABRAXAS_V4_2_24_APPLE40M_RESUME_MASTER_PACKAGE/DELIVERABLES/JOC55_ABRAXAS_V4_2_24_PREBUILT/09_MOTIONS_V4_2/AI_SELECTED_V4_2_24/04_HORIZONTALS/JH04/02_EDITORIAL_M1/MOTION_DECISION.json
743	7.43	/Users/lordjef/Downloads/ABRAXAS_V4_2_24_APPLE40M_RESUME_MASTER_PACKAGE/DELIVERABLES/JOC55_ABRAXAS_V4_2_24_PREBUILT/09_MOTIONS_V4_2/AI_SELECTED_V4_2_24/04_HORIZONTALS/JH04/03_EDITORIAL_M1/02_PROMPT_ANIMAR_MOTION.txt
88	7.43	/Users/lordjef/Downloads/ABRAXAS_V4_2_24_APPLE40M_RESUME_MASTER_PACKAGE/DELIVERABLES/JOC55_ABRAXAS_V4_2_24_PREBUILT/09_MOTIONS_V4_2/AI_SELECTED_V4_2_24/04_HORIZONTALS/JH04/03_EDITORIAL_M1/20_MOTION_FINAL/COLOCAR_AQUI_MOTION_FINAL.txt
1477	7.43	/Users/lordjef/Downloads/ABRAXAS_V4_2_24_APPLE40M_RESUME_MASTER_PACKAGE/DELIVERABLES/JOC55_ABRAXAS_V4_2_24_PREBUILT/09_MOTIONS_V4_2/AI_SELECTED_V4_2_24/04_HORIZONTALS/JH04/03_EDITORIAL_M1/MOTION_DECISION.json
691	7.43	/Users/lordjef/Downloads/ABRAXAS_V4_2_24_APPLE40M_RESUME_MASTER_PACKAGE/DELIVERABLES/JOC55_ABRAXAS_V4_2_24_PREBUILT/09_MOTIONS_V4_2/AI_SELECTED_V4_2_24/04_HORIZONTALS/JH04/04_EDITORIAL_M4/02_PROMPT_ANIMAR_MOTION.txt
88	7.43	/Users/lordjef/Downloads/ABRAXAS_V4_2_24_APPLE40M_RESUME_MASTER_PACKAGE/DELIVERABLES/JOC55_ABRAXAS_V4_2_24_PREBUILT/09_MOTIONS_V4_2/AI_SELECTED_V4_2_24/04_HORIZONTALS/JH04/04_EDITORIAL_M4/20_MOTION_FINAL/COLOCAR_AQUI_MOTION_FINAL.txt
1378	7.43	/Users/lordjef/Downloads/ABRAXAS_V4_2_24_APPLE40M_RESUME_MASTER_PACKAGE/DELIVERABLES/JOC55_ABRAXAS_V4_2_24_PREBUILT/09_MOTIONS_V4_2/AI_SELECTED_V4_2_24/04_HORIZONTALS/JH04/04_EDITORIAL_M4/MOTION_DECISION.json
748	7.43	/Users/lordjef/Downloads/ABRAXAS_V4_2_24_APPLE40M_RESUME_MASTER_PACKAGE/DELIVERABLES/JOC55_ABRAXAS_V4_2_24_PREBUILT/09_MOTIONS_V4_2/AI_SELECTED_V4_2_24/04_HORIZONTALS/JH04/05_EDITORIAL_M1/02_PROMPT_ANIMAR_MOTION.txt
88	7.43	/Users/lordjef/Downloads/ABRAXAS_V4_2_24_APPLE40M_RESUME_MASTER_PACKAGE/DELIVERABLES/JOC55_ABRAXAS_V4_2_24_PREBUILT/09_MOTIONS_V4_2/AI_SELECTED_V4_2_24/04_HORIZONTALS/JH04/05_EDITORIAL_M1/20_MOTION_FINAL/COLOCAR_AQUI_MOTION_FINAL.txt
1483	7.43	/Users/lordjef/Downloads/ABRAXAS_V4_2_24_APPLE40M_RESUME_MASTER_PACKAGE/DELIVERABLES/JOC55_ABRAXAS_V4_2_24_PREBUILT/09_MOTIONS_V4_2/AI_SELECTED_V4_2_24/04_HORIZONTALS/JH04/05_EDITORIAL_M1/MOTION_DECISION.json
679	7.43	/Users/lordjef/Downloads/ABRAXAS_V4_2_24_APPLE40M_RESUME_MASTER_PACKAGE/DELIVERABLES/JOC55_ABRAXAS_V4_2_24_PREBUILT/09_MOTIONS_V4_2/AI_SELECTED_V4_2_24/04_HORIZONTALS/JH04/06_EDITORIAL_M1/02_PROMPT_ANIMAR_MOTION.txt
88	7.43	/Users/lordjef/Downloads/ABRAXAS_V4_2_24_APPLE40M_RESUME_MASTER_PACKAGE/DELIVERABLES/JOC55_ABRAXAS_V4_2_24_PREBUILT/09_MOTIONS_V4_2/AI_SELECTED_V4_2_24/04_HORIZONTALS/JH04/06_EDITORIAL_M1/20_MOTION_FINAL/COLOCAR_AQUI_MOTION_FINAL.txt
1404	7.43	/Users/lordjef/Downloads/ABRAXAS_V4_2_24_APPLE40M_RESUME_MASTER_PACKAGE/DELIVERABLES/JOC55_ABRAXAS_V4_2_24_PREBUILT/09_MOTIONS_V4_2/AI_SELECTED_V4_2_24/04_HORIZONTALS/JH04/06_EDITORIAL_M1/MOTION_DECISION.json
708	7.43	/Users/lordjef/Downloads/ABRAXAS_V4_2_24_APPLE40M_RESUME_MASTER_PACKAGE/DELIVERABLES/JOC55_ABRAXAS_V4_2_24_PREBUILT/09_MOTIONS_V4_2/AI_SELECTED_V4_2_24/04_HORIZONTALS/JH04/07_EDITORIAL_M1/02_PROMPT_ANIMAR_MOTION.txt
88	7.43	/Users/lordjef/Downloads/ABRAXAS_V4_2_24_APPLE40M_RESUME_MASTER_PACKAGE/DELIVERABLES/JOC55_ABRAXAS_V4_2_24_PREBUILT/09_MOTIONS_V4_2/AI_SELECTED_V4_2_24/04_HORIZONTALS/JH04/07_EDITORIAL_M1/20_MOTION_FINAL/COLOCAR_AQUI_MOTION_FINAL.txt
1431	7.43	/Users/lordjef/Downloads/ABRAXAS_V4_2_24_APPLE40M_RESUME_MASTER_PACKAGE/DELIVERABLES/JOC55_ABRAXAS_V4_2_24_PREBUILT/09_MOTIONS_V4_2/AI_SELECTED_V4_2_24/04_HORIZONTALS/JH04/07_EDITORIAL_M1/MOTION_DECISION.json
687	7.43	/Users/lordjef/Downloads/ABRAXAS_V4_2_24_APPLE40M_RESUME_MASTER_PACKAGE/DELIVERABLES/JOC55_ABRAXAS_V4_2_24_PREBUILT/09_MOTIONS_V4_2/AI_SELECTED_V4_2_24/04_HORIZONTALS/JH04/08_EDITORIAL_M6/02_PROMPT_ANIMAR_MOTION.txt
88	7.43	/Users/lordjef/Downloads/ABRAXAS_V4_2_24_APPLE40M_RESUME_MASTER_PACKAGE/DELIVERABLES/JOC55_ABRAXAS_V4_2_24_PREBUILT/09_MOTIONS_V4_2/AI_SELECTED_V4_2_24/04_HORIZONTALS/JH04/08_EDITORIAL_M6/20_MOTION_FINAL/COLOCAR_AQUI_MOTION_FINAL.txt
1397	7.43	/Users/lordjef/Downloads/ABRAXAS_V4_2_24_APPLE40M_RESUME_MASTER_PACKAGE/DELIVERABLES/JOC55_ABRAXAS_V4_2_24_PREBUILT/09_MOTIONS_V4_2/AI_SELECTED_V4_2_24/04_HORIZONTALS/JH04/08_EDITORIAL_M6/MOTION_DECISION.json
714	7.43	/Users/lordjef/Downloads/ABRAXAS_V4_2_24_APPLE40M_RESUME_MASTER_PACKAGE/DELIVERABLES/JOC55_ABRAXAS_V4_2_24_PREBUILT/09_MOTIONS_V4_2/AI_SELECTED_V4_2_24/04_HORIZONTALS/JH04/09_EDITORIAL_M6/02_PROMPT_ANIMAR_MOTION.txt
88	7.43	/Users/lordjef/Downloads/ABRAXAS_V4_2_24_APPLE40M_RESUME_MASTER_PACKAGE/DELIVERABLES/JOC55_ABRAXAS_V4_2_24_PREBUILT/09_MOTIONS_V4_2/AI_SELECTED_V4_2_24/04_HORIZONTALS/JH04/09_EDITORIAL_M6/20_MOTION_FINAL/COLOCAR_AQUI_MOTION_FINAL.txt
1432	7.43	/Users/lordjef/Downloads/ABRAXAS_V4_2_24_APPLE40M_RESUME_MASTER_PACKAGE/DELIVERABLES/JOC55_ABRAXAS_V4_2_24_PREBUILT/09_MOTIONS_V4_2/AI_SELECTED_V4_2_24/04_HORIZONTALS/JH04/09_EDITORIAL_M6/MOTION_DECISION.json
781	7.43	/Users/lordjef/Downloads/ABRAXAS_V4_2_24_APPLE40M_RESUME_MASTER_PACKAGE/DELIVERABLES/JOC55_ABRAXAS_V4_2_24_PREBUILT/09_MOTIONS_V4_2/AI_SELECTED_V4_2_24/04_HORIZONTALS/JH04/10_EDITORIAL_M1/02_PROMPT_ANIMAR_MOTION.txt
88	7.43	/Users/lordjef/Downloads/ABRAXAS_V4_2_24_APPLE40M_RESUME_MASTER_PACKAGE/DELIVERABLES/JOC55_ABRAXAS_V4_2_24_PREBUILT/09_MOTIONS_V4_2/AI_SELECTED_V4_2_24/04_HORIZONTALS/JH04/10_EDITORIAL_M1/20_MOTION_FINAL/COLOCAR_AQUI_MOTION_FINAL.txt
1515	7.43	/Users/lordjef/Downloads/ABRAXAS_V4_2_24_APPLE40M_RESUME_MASTER_PACKAGE/DELIVERABLES/JOC55_ABRAXAS_V4_2_24_PREBUILT/09_MOTIONS_V4_2/AI_SELECTED_V4_2_24/04_HORIZONTALS/JH04/10_EDITORIAL_M1/MOTION_DECISION.json
635	7.43	/Users/lordjef/Downloads/ABRAXAS_V4_2_24_APPLE40M_RESUME_MASTER_PACKAGE/DELIVERABLES/JOC55_ABRAXAS_V4_2_24_PREBUILT/09_MOTIONS_V4_2/AI_SELECTED_V4_2_24/04_HORIZONTALS/JH04/11_EDITORIAL_M3/02_PROMPT_ANIMAR_MOTION.txt
88	7.43	/Users/lordjef/Downloads/ABRAXAS_V4_2_24_APPLE40M_RESUME_MASTER_PACKAGE/DELIVERABLES/JOC55_ABRAXAS_V4_2_24_PREBUILT/09_MOTIONS_V4_2/AI_SELECTED_V4_2_24/04_HORIZONTALS/JH04/11_EDITORIAL_M3/20_MOTION_FINAL/COLOCAR_AQUI_MOTION_FINAL.txt
1351	7.43	/Users/lordjef/Downloads/ABRAXAS_V4_2_24_APPLE40M_RESUME_MASTER_PACKAGE/DELIVERABLES/JOC55_ABRAXAS_V4_2_24_PREBUILT/09_MOTIONS_V4_2/AI_SELECTED_V4_2_24/04_HORIZONTALS/JH04/11_EDITORIAL_M3/MOTION_DECISION.json
710	7.43	/Users/lordjef/Downloads/ABRAXAS_V4_2_24_APPLE40M_RESUME_MASTER_PACKAGE/DELIVERABLES/JOC55_ABRAXAS_V4_2_24_PREBUILT/09_MOTIONS_V4_2/AI_SELECTED_V4_2_24/04_HORIZONTALS/JH04/12_EDITORIAL_M1/02_PROMPT_ANIMAR_MOTION.txt
88	7.43	/Users/lordjef/Downloads/ABRAXAS_V4_2_24_APPLE40M_RESUME_MASTER_PACKAGE/DELIVERABLES/JOC55_ABRAXAS_V4_2_24_PREBUILT/09_MOTIONS_V4_2/AI_SELECTED_V4_2_24/04_HORIZONTALS/JH04/12_EDITORIAL_M1/20_MOTION_FINAL/COLOCAR_AQUI_MOTION_FINAL.txt
1446	7.43	/Users/lordjef/Downloads/ABRAXAS_V4_2_24_APPLE40M_RESUME_MASTER_PACKAGE/DELIVERABLES/JOC55_ABRAXAS_V4_2_24_PREBUILT/09_MOTIONS_V4_2/AI_SELECTED_V4_2_24/04_HORIZONTALS/JH04/12_EDITORIAL_M1/MOTION_DECISION.json
760	7.43	/Users/lordjef/Downloads/ABRAXAS_V4_2_24_APPLE40M_RESUME_MASTER_PACKAGE/DELIVERABLES/JOC55_ABRAXAS_V4_2_24_PREBUILT/09_MOTIONS_V4_2/AI_SELECTED_V4_2_24/04_HORIZONTALS/JH04/13_EDITORIAL_M1/02_PROMPT_ANIMAR_MOTION.txt
88	7.43	/Users/lordjef/Downloads/ABRAXAS_V4_2_24_APPLE40M_RESUME_MASTER_PACKAGE/DELIVERABLES/JOC55_ABRAXAS_V4_2_24_PREBUILT/09_MOTIONS_V4_2/AI_SELECTED_V4_2_24/04_HORIZONTALS/JH04/13_EDITORIAL_M1/20_MOTION_FINAL/COLOCAR_AQUI_MOTION_FINAL.txt
1496	7.43	/Users/lordjef/Downloads/ABRAXAS_V4_2_24_APPLE40M_RESUME_MASTER_PACKAGE/DELIVERABLES/JOC55_ABRAXAS_V4_2_24_PREBUILT/09_MOTIONS_V4_2/AI_SELECTED_V4_2_24/04_HORIZONTALS/JH04/13_EDITORIAL_M1/MOTION_DECISION.json
766	7.43	/Users/lordjef/Downloads/ABRAXAS_V4_2_24_APPLE40M_RESUME_MASTER_PACKAGE/DELIVERABLES/JOC55_ABRAXAS_V4_2_24_PREBUILT/09_MOTIONS_V4_2/AI_SELECTED_V4_2_24/04_HORIZONTALS/JH04/14_EDITORIAL_M4/02_PROMPT_ANIMAR_MOTION.txt
88	7.43	/Users/lordjef/Downloads/ABRAXAS_V4_2_24_APPLE40M_RESUME_MASTER_PACKAGE/DELIVERABLES/JOC55_ABRAXAS_V4_2_24_PREBUILT/09_MOTIONS_V4_2/AI_SELECTED_V4_2_24/04_HORIZONTALS/JH04/14_EDITORIAL_M4/20_MOTION_FINAL/COLOCAR_AQUI_MOTION_FINAL.txt
1453	7.43	/Users/lordjef/Downloads/ABRAXAS_V4_2_24_APPLE40M_RESUME_MASTER_PACKAGE/DELIVERABLES/JOC55_ABRAXAS_V4_2_24_PREBUILT/09_MOTIONS_V4_2/AI_SELECTED_V4_2_24/04_HORIZONTALS/JH04/14_EDITORIAL_M4/MOTION_DECISION.json
713	7.43	/Users/lordjef/Downloads/ABRAXAS_V4_2_24_APPLE40M_RESUME_MASTER_PACKAGE/DELIVERABLES/JOC55_ABRAXAS_V4_2_24_PREBUILT/09_MOTIONS_V4_2/AI_SELECTED_V4_2_24/04_HORIZONTALS/JH04/15_EDITORIAL_M1/02_PROMPT_ANIMAR_MOTION.txt
88	7.43	/Users/lordjef/Downloads/ABRAXAS_V4_2_24_APPLE40M_RESUME_MASTER_PACKAGE/DELIVERABLES/JOC55_ABRAXAS_V4_2_24_PREBUILT/09_MOTIONS_V4_2/AI_SELECTED_V4_2_24/04_HORIZONTALS/JH04/15_EDITORIAL_M1/20_MOTION_FINAL/COLOCAR_AQUI_MOTION_FINAL.txt
1451	7.43	/Users/lordjef/Downloads/ABRAXAS_V4_2_24_APPLE40M_RESUME_MASTER_PACKAGE/DELIVERABLES/JOC55_ABRAXAS_V4_2_24_PREBUILT/09_MOTIONS_V4_2/AI_SELECTED_V4_2_24/04_HORIZONTALS/JH04/15_EDITORIAL_M1/MOTION_DECISION.json
737	7.43	/Users/lordjef/Downloads/ABRAXAS_V4_2_24_APPLE40M_RESUME_MASTER_PACKAGE/DELIVERABLES/JOC55_ABRAXAS_V4_2_24_PREBUILT/09_MOTIONS_V4_2/AI_SELECTED_V4_2_24/04_HORIZONTALS/JH04/16_EDITORIAL_M1/02_PROMPT_ANIMAR_MOTION.txt
88	7.43	/Users/lordjef/Downloads/ABRAXAS_V4_2_24_APPLE40M_RESUME_MASTER_PACKAGE/DELIVERABLES/JOC55_ABRAXAS_V4_2_24_PREBUILT/09_MOTIONS_V4_2/AI_SELECTED_V4_2_24/04_HORIZONTALS/JH04/16_EDITORIAL_M1/20_MOTION_FINAL/COLOCAR_AQUI_MOTION_FINAL.txt
1471	7.43	/Users/lordjef/Downloads/ABRAXAS_V4_2_24_APPLE40M_RESUME_MASTER_PACKAGE/DELIVERABLES/JOC55_ABRAXAS_V4_2_24_PREBUILT/09_MOTIONS_V4_2/AI_SELECTED_V4_2_24/04_HORIZONTALS/JH04/16_EDITORIAL_M1/MOTION_DECISION.json
733	7.43	/Users/lordjef/Downloads/ABRAXAS_V4_2_24_APPLE40M_RESUME_MASTER_PACKAGE/DELIVERABLES/JOC55_ABRAXAS_V4_2_24_PREBUILT/09_MOTIONS_V4_2/AI_SELECTED_V4_2_24/04_HORIZONTALS/JH04/17_EDITORIAL_M1/02_PROMPT_ANIMAR_MOTION.txt
88	7.43	/Users/lordjef/Downloads/ABRAXAS_V4_2_24_APPLE40M_RESUME_MASTER_PACKAGE/DELIVERABLES/JOC55_ABRAXAS_V4_2_24_PREBUILT/09_MOTIONS_V4_2/AI_SELECTED_V4_2_24/04_HORIZONTALS/JH04/17_EDITORIAL_M1/20_MOTION_FINAL/COLOCAR_AQUI_MOTION_FINAL.txt
1467	7.43	/Users/lordjef/Downloads/ABRAXAS_V4_2_24_APPLE40M_RESUME_MASTER_PACKAGE/DELIVERABLES/JOC55_ABRAXAS_V4_2_24_PREBUILT/09_MOTIONS_V4_2/AI_SELECTED_V4_2_24/04_HORIZONTALS/JH04/17_EDITORIAL_M1/MOTION_DECISION.json
694	7.43	/Users/lordjef/Downloads/ABRAXAS_V4_2_24_APPLE40M_RESUME_MASTER_PACKAGE/DELIVERABLES/JOC55_ABRAXAS_V4_2_24_PREBUILT/09_MOTIONS_V4_2/AI_SELECTED_V4_2_24/04_HORIZONTALS/JH04/18_EDITORIAL_M1/02_PROMPT_ANIMAR_MOTION.txt
88	7.43	/Users/lordjef/Downloads/ABRAXAS_V4_2_24_APPLE40M_RESUME_MASTER_PACKAGE/DELIVERABLES/JOC55_ABRAXAS_V4_2_24_PREBUILT/09_MOTIONS_V4_2/AI_SELECTED_V4_2_24/04_HORIZONTALS/JH04/18_EDITORIAL_M1/20_MOTION_FINAL/COLOCAR_AQUI_MOTION_FINAL.txt
1434	7.43	/Users/lordjef/Downloads/ABRAXAS_V4_2_24_APPLE40M_RESUME_MASTER_PACKAGE/DELIVERABLES/JOC55_ABRAXAS_V4_2_24_PREBUILT/09_MOTIONS_V4_2/AI_SELECTED_V4_2_24/04_HORIZONTALS/JH04/18_EDITORIAL_M1/MOTION_DECISION.json
730	7.43	/Users/lordjef/Downloads/ABRAXAS_V4_2_24_APPLE40M_RESUME_MASTER_PACKAGE/DELIVERABLES/JOC55_ABRAXAS_V4_2_24_PREBUILT/09_MOTIONS_V4_2/AI_SELECTED_V4_2_24/04_HORIZONTALS/JH04/19_EDITORIAL_M1/02_PROMPT_ANIMAR_MOTION.txt
88	7.43	/Users/lordjef/Downloads/ABRAXAS_V4_2_24_APPLE40M_RESUME_MASTER_PACKAGE/DELIVERABLES/JOC55_ABRAXAS_V4_2_24_PREBUILT/09_MOTIONS_V4_2/AI_SELECTED_V4_2_24/04_HORIZONTALS/JH04/19_EDITORIAL_M1/20_MOTION_FINAL/COLOCAR_AQUI_MOTION_FINAL.txt
1456	7.43	/Users/lordjef/Downloads/ABRAXAS_V4_2_24_APPLE40M_RESUME_MASTER_PACKAGE/DELIVERABLES/JOC55_ABRAXAS_V4_2_24_PREBUILT/09_MOTIONS_V4_2/AI_SELECTED_V4_2_24/04_HORIZONTALS/JH04/19_EDITORIAL_M1/MOTION_DECISION.json
776	7.43	/Users/lordjef/Downloads/ABRAXAS_V4_2_24_APPLE40M_RESUME_MASTER_PACKAGE/DELIVERABLES/JOC55_ABRAXAS_V4_2_24_PREBUILT/09_MOTIONS_V4_2/AI_SELECTED_V4_2_24/04_HORIZONTALS/JH04/20_EDITORIAL_M3/02_PROMPT_ANIMAR_MOTION.txt
88	7.43	/Users/lordjef/Downloads/ABRAXAS_V4_2_24_APPLE40M_RESUME_MASTER_PACKAGE/DELIVERABLES/JOC55_ABRAXAS_V4_2_24_PREBUILT/09_MOTIONS_V4_2/AI_SELECTED_V4_2_24/04_HORIZONTALS/JH04/20_EDITORIAL_M3/20_MOTION_FINAL/COLOCAR_AQUI_MOTION_FINAL.txt
1480	7.43	/Users/lordjef/Downloads/ABRAXAS_V4_2_24_APPLE40M_RESUME_MASTER_PACKAGE/DELIVERABLES/JOC55_ABRAXAS_V4_2_24_PREBUILT/09_MOTIONS_V4_2/AI_SELECTED_V4_2_24/04_HORIZONTALS/JH04/20_EDITORIAL_M3/MOTION_DECISION.json
4560	7.43	/Users/lordjef/Downloads/ABRAXAS_V4_2_24_APPLE40M_RESUME_MASTER_PACKAGE/DELIVERABLES/JOC55_ABRAXAS_V4_2_24_PREBUILT/09_MOTIONS_V4_2/AI_SELECTED_V4_2_24/04_HORIZONTALS/MH01/00_MOTION_INDEX.json
811	7.43	/Users/lordjef/Downloads/ABRAXAS_V4_2_24_APPLE40M_RESUME_MASTER_PACKAGE/DELIVERABLES/JOC55_ABRAXAS_V4_2_24_PREBUILT/09_MOTIONS_V4_2/AI_SELECTED_V4_2_24/04_HORIZONTALS/MH01/01_EDITORIAL_M2/02_PROMPT_ANIMAR_MOTION.txt
734	7.43	/Users/lordjef/Downloads/ABRAXAS_V4_2_24_APPLE40M_RESUME_MASTER_PACKAGE/DELIVERABLES/JOC55_ABRAXAS_V4_2_24_PREBUILT/09_MOTIONS_V4_2/AI_SELECTED_V4_2_24/04_HORIZONTALS/MH01/01_EDITORIAL_M2/10_ASSETS/MOTION2_TEXT_SEGMENTS_EXACT.json
88	7.43	/Users/lordjef/Downloads/ABRAXAS_V4_2_24_APPLE40M_RESUME_MASTER_PACKAGE/DELIVERABLES/JOC55_ABRAXAS_V4_2_24_PREBUILT/09_MOTIONS_V4_2/AI_SELECTED_V4_2_24/04_HORIZONTALS/MH01/01_EDITORIAL_M2/20_MOTION_FINAL/COLOCAR_AQUI_MOTION_FINAL.txt
1646	7.43	/Users/lordjef/Downloads/ABRAXAS_V4_2_24_APPLE40M_RESUME_MASTER_PACKAGE/DELIVERABLES/JOC55_ABRAXAS_V4_2_24_PREBUILT/09_MOTIONS_V4_2/AI_SELECTED_V4_2_24/04_HORIZONTALS/MH01/01_EDITORIAL_M2/MOTION_DECISION.json
759	7.43	/Users/lordjef/Downloads/ABRAXAS_V4_2_24_APPLE40M_RESUME_MASTER_PACKAGE/DELIVERABLES/JOC55_ABRAXAS_V4_2_24_PREBUILT/09_MOTIONS_V4_2/AI_SELECTED_V4_2_24/04_HORIZONTALS/MH01/02_EDITORIAL_M1/02_PROMPT_ANIMAR_MOTION.txt
88	7.43	/Users/lordjef/Downloads/ABRAXAS_V4_2_24_APPLE40M_RESUME_MASTER_PACKAGE/DELIVERABLES/JOC55_ABRAXAS_V4_2_24_PREBUILT/09_MOTIONS_V4_2/AI_SELECTED_V4_2_24/04_HORIZONTALS/MH01/02_EDITORIAL_M1/20_MOTION_FINAL/COLOCAR_AQUI_MOTION_FINAL.txt
1488	7.43	/Users/lordjef/Downloads/ABRAXAS_V4_2_24_APPLE40M_RESUME_MASTER_PACKAGE/DELIVERABLES/JOC55_ABRAXAS_V4_2_24_PREBUILT/09_MOTIONS_V4_2/AI_SELECTED_V4_2_24/04_HORIZONTALS/MH01/02_EDITORIAL_M1/MOTION_DECISION.json
738	7.43	/Users/lordjef/Downloads/ABRAXAS_V4_2_24_APPLE40M_RESUME_MASTER_PACKAGE/DELIVERABLES/JOC55_ABRAXAS_V4_2_24_PREBUILT/09_MOTIONS_V4_2/AI_SELECTED_V4_2_24/04_HORIZONTALS/MH01/03_EDITORIAL_M1/02_PROMPT_ANIMAR_MOTION.txt
88	7.43	/Users/lordjef/Downloads/ABRAXAS_V4_2_24_APPLE40M_RESUME_MASTER_PACKAGE/DELIVERABLES/JOC55_ABRAXAS_V4_2_24_PREBUILT/09_MOTIONS_V4_2/AI_SELECTED_V4_2_24/04_HORIZONTALS/MH01/03_EDITORIAL_M1/20_MOTION_FINAL/COLOCAR_AQUI_MOTION_FINAL.txt
1463	7.43	/Users/lordjef/Downloads/ABRAXAS_V4_2_24_APPLE40M_RESUME_MASTER_PACKAGE/DELIVERABLES/JOC55_ABRAXAS_V4_2_24_PREBUILT/09_MOTIONS_V4_2/AI_SELECTED_V4_2_24/04_HORIZONTALS/MH01/03_EDITORIAL_M1/MOTION_DECISION.json
689	7.43	/Users/lordjef/Downloads/ABRAXAS_V4_2_24_APPLE40M_RESUME_MASTER_PACKAGE/DELIVERABLES/JOC55_ABRAXAS_V4_2_24_PREBUILT/09_MOTIONS_V4_2/AI_SELECTED_V4_2_24/04_HORIZONTALS/MH01/04_EDITORIAL_M1/02_PROMPT_ANIMAR_MOTION.txt
88	7.43	/Users/lordjef/Downloads/ABRAXAS_V4_2_24_APPLE40M_RESUME_MASTER_PACKAGE/DELIVERABLES/JOC55_ABRAXAS_V4_2_24_PREBUILT/09_MOTIONS_V4_2/AI_SELECTED_V4_2_24/04_HORIZONTALS/MH01/04_EDITORIAL_M1/20_MOTION_FINAL/COLOCAR_AQUI_MOTION_FINAL.txt
1414	7.43	/Users/lordjef/Downloads/ABRAXAS_V4_2_24_APPLE40M_RESUME_MASTER_PACKAGE/DELIVERABLES/JOC55_ABRAXAS_V4_2_24_PREBUILT/09_MOTIONS_V4_2/AI_SELECTED_V4_2_24/04_HORIZONTALS/MH01/04_EDITORIAL_M1/MOTION_DECISION.json
737	7.43	/Users/lordjef/Downloads/ABRAXAS_V4_2_24_APPLE40M_RESUME_MASTER_PACKAGE/DELIVERABLES/JOC55_ABRAXAS_V4_2_24_PREBUILT/09_MOTIONS_V4_2/AI_SELECTED_V4_2_24/04_HORIZONTALS/MH01/05_EDITORIAL_M1/02_PROMPT_ANIMAR_MOTION.txt
88	7.43	/Users/lordjef/Downloads/ABRAXAS_V4_2_24_APPLE40M_RESUME_MASTER_PACKAGE/DELIVERABLES/JOC55_ABRAXAS_V4_2_24_PREBUILT/09_MOTIONS_V4_2/AI_SELECTED_V4_2_24/04_HORIZONTALS/MH01/05_EDITORIAL_M1/20_MOTION_FINAL/COLOCAR_AQUI_MOTION_FINAL.txt
1462	7.43	/Users/lordjef/Downloads/ABRAXAS_V4_2_24_APPLE40M_RESUME_MASTER_PACKAGE/DELIVERABLES/JOC55_ABRAXAS_V4_2_24_PREBUILT/09_MOTIONS_V4_2/AI_SELECTED_V4_2_24/04_HORIZONTALS/MH01/05_EDITORIAL_M1/MOTION_DECISION.json
743	7.43	/Users/lordjef/Downloads/ABRAXAS_V4_2_24_APPLE40M_RESUME_MASTER_PACKAGE/DELIVERABLES/JOC55_ABRAXAS_V4_2_24_PREBUILT/09_MOTIONS_V4_2/AI_SELECTED_V4_2_24/04_HORIZONTALS/MH01/06_EDITORIAL_M1/02_PROMPT_ANIMAR_MOTION.txt
88	7.43	/Users/lordjef/Downloads/ABRAXAS_V4_2_24_APPLE40M_RESUME_MASTER_PACKAGE/DELIVERABLES/JOC55_ABRAXAS_V4_2_24_PREBUILT/09_MOTIONS_V4_2/AI_SELECTED_V4_2_24/04_HORIZONTALS/MH01/06_EDITORIAL_M1/20_MOTION_FINAL/COLOCAR_AQUI_MOTION_FINAL.txt
1474	7.43	/Users/lordjef/Downloads/ABRAXAS_V4_2_24_APPLE40M_RESUME_MASTER_PACKAGE/DELIVERABLES/JOC55_ABRAXAS_V4_2_24_PREBUILT/09_MOTIONS_V4_2/AI_SELECTED_V4_2_24/04_HORIZONTALS/MH01/06_EDITORIAL_M1/MOTION_DECISION.json
761	7.43	/Users/lordjef/Downloads/ABRAXAS_V4_2_24_APPLE40M_RESUME_MASTER_PACKAGE/DELIVERABLES/JOC55_ABRAXAS_V4_2_24_PREBUILT/09_MOTIONS_V4_2/AI_SELECTED_V4_2_24/04_HORIZONTALS/MH01/07_EDITORIAL_M1/02_PROMPT_ANIMAR_MOTION.txt
88	7.43	/Users/lordjef/Downloads/ABRAXAS_V4_2_24_APPLE40M_RESUME_MASTER_PACKAGE/DELIVERABLES/JOC55_ABRAXAS_V4_2_24_PREBUILT/09_MOTIONS_V4_2/AI_SELECTED_V4_2_24/04_HORIZONTALS/MH01/07_EDITORIAL_M1/20_MOTION_FINAL/COLOCAR_AQUI_MOTION_FINAL.txt
1492	7.43	/Users/lordjef/Downloads/ABRAXAS_V4_2_24_APPLE40M_RESUME_MASTER_PACKAGE/DELIVERABLES/JOC55_ABRAXAS_V4_2_24_PREBUILT/09_MOTIONS_V4_2/AI_SELECTED_V4_2_24/04_HORIZONTALS/MH01/07_EDITORIAL_M1/MOTION_DECISION.json
771	7.43	/Users/lordjef/Downloads/ABRAXAS_V4_2_24_APPLE40M_RESUME_MASTER_PACKAGE/DELIVERABLES/JOC55_ABRAXAS_V4_2_24_PREBUILT/09_MOTIONS_V4_2/AI_SELECTED_V4_2_24/04_HORIZONTALS/MH01/08_EDITORIAL_M1/02_PROMPT_ANIMAR_MOTION.txt
88	7.43	/Users/lordjef/Downloads/ABRAXAS_V4_2_24_APPLE40M_RESUME_MASTER_PACKAGE/DELIVERABLES/JOC55_ABRAXAS_V4_2_24_PREBUILT/09_MOTIONS_V4_2/AI_SELECTED_V4_2_24/04_HORIZONTALS/MH01/08_EDITORIAL_M1/20_MOTION_FINAL/COLOCAR_AQUI_MOTION_FINAL.txt
1496	7.43	/Users/lordjef/Downloads/ABRAXAS_V4_2_24_APPLE40M_RESUME_MASTER_PACKAGE/DELIVERABLES/JOC55_ABRAXAS_V4_2_24_PREBUILT/09_MOTIONS_V4_2/AI_SELECTED_V4_2_24/04_HORIZONTALS/MH01/08_EDITORIAL_M1/MOTION_DECISION.json
771	7.43	/Users/lordjef/Downloads/ABRAXAS_V4_2_24_APPLE40M_RESUME_MASTER_PACKAGE/DELIVERABLES/JOC55_ABRAXAS_V4_2_24_PREBUILT/09_MOTIONS_V4_2/AI_SELECTED_V4_2_24/04_HORIZONTALS/MH01/09_EDITORIAL_M1/02_PROMPT_ANIMAR_MOTION.txt
88	7.43	/Users/lordjef/Downloads/ABRAXAS_V4_2_24_APPLE40M_RESUME_MASTER_PACKAGE/DELIVERABLES/JOC55_ABRAXAS_V4_2_24_PREBUILT/09_MOTIONS_V4_2/AI_SELECTED_V4_2_24/04_HORIZONTALS/MH01/09_EDITORIAL_M1/20_MOTION_FINAL/COLOCAR_AQUI_MOTION_FINAL.txt
1496	7.43	/Users/lordjef/Downloads/ABRAXAS_V4_2_24_APPLE40M_RESUME_MASTER_PACKAGE/DELIVERABLES/JOC55_ABRAXAS_V4_2_24_PREBUILT/09_MOTIONS_V4_2/AI_SELECTED_V4_2_24/04_HORIZONTALS/MH01/09_EDITORIAL_M1/MOTION_DECISION.json
681	7.43	/Users/lordjef/Downloads/ABRAXAS_V4_2_24_APPLE40M_RESUME_MASTER_PACKAGE/DELIVERABLES/JOC55_ABRAXAS_V4_2_24_PREBUILT/09_MOTIONS_V4_2/AI_SELECTED_V4_2_24/04_HORIZONTALS/MH01/10_EDITORIAL_M1/02_PROMPT_ANIMAR_MOTION.txt
88	7.43	/Users/lordjef/Downloads/ABRAXAS_V4_2_24_APPLE40M_RESUME_MASTER_PACKAGE/DELIVERABLES/JOC55_ABRAXAS_V4_2_24_PREBUILT/09_MOTIONS_V4_2/AI_SELECTED_V4_2_24/04_HORIZONTALS/MH01/10_EDITORIAL_M1/20_MOTION_FINAL/COLOCAR_AQUI_MOTION_FINAL.txt
1411	7.43	/Users/lordjef/Downloads/ABRAXAS_V4_2_24_APPLE40M_RESUME_MASTER_PACKAGE/DELIVERABLES/JOC55_ABRAXAS_V4_2_24_PREBUILT/09_MOTIONS_V4_2/AI_SELECTED_V4_2_24/04_HORIZONTALS/MH01/10_EDITORIAL_M1/MOTION_DECISION.json
782	7.43	/Users/lordjef/Downloads/ABRAXAS_V4_2_24_APPLE40M_RESUME_MASTER_PACKAGE/DELIVERABLES/JOC55_ABRAXAS_V4_2_24_PREBUILT/09_MOTIONS_V4_2/AI_SELECTED_V4_2_24/04_HORIZONTALS/MH01/11_EDITORIAL_M5/02_PROMPT_ANIMAR_MOTION.txt
88	7.43	/Users/lordjef/Downloads/ABRAXAS_V4_2_24_APPLE40M_RESUME_MASTER_PACKAGE/DELIVERABLES/JOC55_ABRAXAS_V4_2_24_PREBUILT/09_MOTIONS_V4_2/AI_SELECTED_V4_2_24/04_HORIZONTALS/MH01/11_EDITORIAL_M5/20_MOTION_FINAL/COLOCAR_AQUI_MOTION_FINAL.txt
1531	7.43	/Users/lordjef/Downloads/ABRAXAS_V4_2_24_APPLE40M_RESUME_MASTER_PACKAGE/DELIVERABLES/JOC55_ABRAXAS_V4_2_24_PREBUILT/09_MOTIONS_V4_2/AI_SELECTED_V4_2_24/04_HORIZONTALS/MH01/11_EDITORIAL_M5/MOTION_DECISION.json
710	7.43	/Users/lordjef/Downloads/ABRAXAS_V4_2_24_APPLE40M_RESUME_MASTER_PACKAGE/DELIVERABLES/JOC55_ABRAXAS_V4_2_24_PREBUILT/09_MOTIONS_V4_2/AI_SELECTED_V4_2_24/04_HORIZONTALS/MH01/12_EDITORIAL_M1/02_PROMPT_ANIMAR_MOTION.txt
88	7.43	/Users/lordjef/Downloads/ABRAXAS_V4_2_24_APPLE40M_RESUME_MASTER_PACKAGE/DELIVERABLES/JOC55_ABRAXAS_V4_2_24_PREBUILT/09_MOTIONS_V4_2/AI_SELECTED_V4_2_24/04_HORIZONTALS/MH01/12_EDITORIAL_M1/20_MOTION_FINAL/COLOCAR_AQUI_MOTION_FINAL.txt
1436	7.43	/Users/lordjef/Downloads/ABRAXAS_V4_2_24_APPLE40M_RESUME_MASTER_PACKAGE/DELIVERABLES/JOC55_ABRAXAS_V4_2_24_PREBUILT/09_MOTIONS_V4_2/AI_SELECTED_V4_2_24/04_HORIZONTALS/MH01/12_EDITORIAL_M1/MOTION_DECISION.json
718	7.43	/Users/lordjef/Downloads/ABRAXAS_V4_2_24_APPLE40M_RESUME_MASTER_PACKAGE/DELIVERABLES/JOC55_ABRAXAS_V4_2_24_PREBUILT/09_MOTIONS_V4_2/AI_SELECTED_V4_2_24/04_HORIZONTALS/MH01/13_EDITORIAL_M1/02_PROMPT_ANIMAR_MOTION.txt
88	7.43	/Users/lordjef/Downloads/ABRAXAS_V4_2_24_APPLE40M_RESUME_MASTER_PACKAGE/DELIVERABLES/JOC55_ABRAXAS_V4_2_24_PREBUILT/09_MOTIONS_V4_2/AI_SELECTED_V4_2_24/04_HORIZONTALS/MH01/13_EDITORIAL_M1/20_MOTION_FINAL/COLOCAR_AQUI_MOTION_FINAL.txt
1450	7.43	/Users/lordjef/Downloads/ABRAXAS_V4_2_24_APPLE40M_RESUME_MASTER_PACKAGE/DELIVERABLES/JOC55_ABRAXAS_V4_2_24_PREBUILT/09_MOTIONS_V4_2/AI_SELECTED_V4_2_24/04_HORIZONTALS/MH01/13_EDITORIAL_M1/MOTION_DECISION.json
704	7.43	/Users/lordjef/Downloads/ABRAXAS_V4_2_24_APPLE40M_RESUME_MASTER_PACKAGE/DELIVERABLES/JOC55_ABRAXAS_V4_2_24_PREBUILT/09_MOTIONS_V4_2/AI_SELECTED_V4_2_24/04_HORIZONTALS/MH01/14_EDITORIAL_M1/02_PROMPT_ANIMAR_MOTION.txt
88	7.43	/Users/lordjef/Downloads/ABRAXAS_V4_2_24_APPLE40M_RESUME_MASTER_PACKAGE/DELIVERABLES/JOC55_ABRAXAS_V4_2_24_PREBUILT/09_MOTIONS_V4_2/AI_SELECTED_V4_2_24/04_HORIZONTALS/MH01/14_EDITORIAL_M1/20_MOTION_FINAL/COLOCAR_AQUI_MOTION_FINAL.txt
1430	7.43	/Users/lordjef/Downloads/ABRAXAS_V4_2_24_APPLE40M_RESUME_MASTER_PACKAGE/DELIVERABLES/JOC55_ABRAXAS_V4_2_24_PREBUILT/09_MOTIONS_V4_2/AI_SELECTED_V4_2_24/04_HORIZONTALS/MH01/14_EDITORIAL_M1/MOTION_DECISION.json
776	7.43	/Users/lordjef/Downloads/ABRAXAS_V4_2_24_APPLE40M_RESUME_MASTER_PACKAGE/DELIVERABLES/JOC55_ABRAXAS_V4_2_24_PREBUILT/09_MOTIONS_V4_2/AI_SELECTED_V4_2_24/04_HORIZONTALS/MH01/15_EDITORIAL_M3/02_PROMPT_ANIMAR_MOTION.txt
88	7.43	/Users/lordjef/Downloads/ABRAXAS_V4_2_24_APPLE40M_RESUME_MASTER_PACKAGE/DELIVERABLES/JOC55_ABRAXAS_V4_2_24_PREBUILT/09_MOTIONS_V4_2/AI_SELECTED_V4_2_24/04_HORIZONTALS/MH01/15_EDITORIAL_M3/20_MOTION_FINAL/COLOCAR_AQUI_MOTION_FINAL.txt
1482	7.43	/Users/lordjef/Downloads/ABRAXAS_V4_2_24_APPLE40M_RESUME_MASTER_PACKAGE/DELIVERABLES/JOC55_ABRAXAS_V4_2_24_PREBUILT/09_MOTIONS_V4_2/AI_SELECTED_V4_2_24/04_HORIZONTALS/MH01/15_EDITORIAL_M3/MOTION_DECISION.json
751	7.43	/Users/lordjef/Downloads/ABRAXAS_V4_2_24_APPLE40M_RESUME_MASTER_PACKAGE/DELIVERABLES/JOC55_ABRAXAS_V4_2_24_PREBUILT/09_MOTIONS_V4_2/AI_SELECTED_V4_2_24/04_HORIZONTALS/MH01/16_EDITORIAL_M1/02_PROMPT_ANIMAR_MOTION.txt
88	7.43	/Users/lordjef/Downloads/ABRAXAS_V4_2_24_APPLE40M_RESUME_MASTER_PACKAGE/DELIVERABLES/JOC55_ABRAXAS_V4_2_24_PREBUILT/09_MOTIONS_V4_2/AI_SELECTED_V4_2_24/04_HORIZONTALS/MH01/16_EDITORIAL_M1/20_MOTION_FINAL/COLOCAR_AQUI_MOTION_FINAL.txt
1477	7.43	/Users/lordjef/Downloads/ABRAXAS_V4_2_24_APPLE40M_RESUME_MASTER_PACKAGE/DELIVERABLES/JOC55_ABRAXAS_V4_2_24_PREBUILT/09_MOTIONS_V4_2/AI_SELECTED_V4_2_24/04_HORIZONTALS/MH01/16_EDITORIAL_M1/MOTION_DECISION.json
699	7.43	/Users/lordjef/Downloads/ABRAXAS_V4_2_24_APPLE40M_RESUME_MASTER_PACKAGE/DELIVERABLES/JOC55_ABRAXAS_V4_2_24_PREBUILT/09_MOTIONS_V4_2/AI_SELECTED_V4_2_24/04_HORIZONTALS/MH01/17_EDITORIAL_M1/02_PROMPT_ANIMAR_MOTION.txt
88	7.43	/Users/lordjef/Downloads/ABRAXAS_V4_2_24_APPLE40M_RESUME_MASTER_PACKAGE/DELIVERABLES/JOC55_ABRAXAS_V4_2_24_PREBUILT/09_MOTIONS_V4_2/AI_SELECTED_V4_2_24/04_HORIZONTALS/MH01/17_EDITORIAL_M1/20_MOTION_FINAL/COLOCAR_AQUI_MOTION_FINAL.txt
1427	7.43	/Users/lordjef/Downloads/ABRAXAS_V4_2_24_APPLE40M_RESUME_MASTER_PACKAGE/DELIVERABLES/JOC55_ABRAXAS_V4_2_24_PREBUILT/09_MOTIONS_V4_2/AI_SELECTED_V4_2_24/04_HORIZONTALS/MH01/17_EDITORIAL_M1/MOTION_DECISION.json
679	7.43	/Users/lordjef/Downloads/ABRAXAS_V4_2_24_APPLE40M_RESUME_MASTER_PACKAGE/DELIVERABLES/JOC55_ABRAXAS_V4_2_24_PREBUILT/09_MOTIONS_V4_2/AI_SELECTED_V4_2_24/04_HORIZONTALS/MH01/18_EDITORIAL_M1/02_PROMPT_ANIMAR_MOTION.txt
88	7.43	/Users/lordjef/Downloads/ABRAXAS_V4_2_24_APPLE40M_RESUME_MASTER_PACKAGE/DELIVERABLES/JOC55_ABRAXAS_V4_2_24_PREBUILT/09_MOTIONS_V4_2/AI_SELECTED_V4_2_24/04_HORIZONTALS/MH01/18_EDITORIAL_M1/20_MOTION_FINAL/COLOCAR_AQUI_MOTION_FINAL.txt
1411	7.43	/Users/lordjef/Downloads/ABRAXAS_V4_2_24_APPLE40M_RESUME_MASTER_PACKAGE/DELIVERABLES/JOC55_ABRAXAS_V4_2_24_PREBUILT/09_MOTIONS_V4_2/AI_SELECTED_V4_2_24/04_HORIZONTALS/MH01/18_EDITORIAL_M1/MOTION_DECISION.json
676	7.43	/Users/lordjef/Downloads/ABRAXAS_V4_2_24_APPLE40M_RESUME_MASTER_PACKAGE/DELIVERABLES/JOC55_ABRAXAS_V4_2_24_PREBUILT/09_MOTIONS_V4_2/AI_SELECTED_V4_2_24/04_HORIZONTALS/MH01/19_EDITORIAL_M1/02_PROMPT_ANIMAR_MOTION.txt
88	7.43	/Users/lordjef/Downloads/ABRAXAS_V4_2_24_APPLE40M_RESUME_MASTER_PACKAGE/DELIVERABLES/JOC55_ABRAXAS_V4_2_24_PREBUILT/09_MOTIONS_V4_2/AI_SELECTED_V4_2_24/04_HORIZONTALS/MH01/19_EDITORIAL_M1/20_MOTION_FINAL/COLOCAR_AQUI_MOTION_FINAL.txt
1408	7.43	/Users/lordjef/Downloads/ABRAXAS_V4_2_24_APPLE40M_RESUME_MASTER_PACKAGE/DELIVERABLES/JOC55_ABRAXAS_V4_2_24_PREBUILT/09_MOTIONS_V4_2/AI_SELECTED_V4_2_24/04_HORIZONTALS/MH01/19_EDITORIAL_M1/MOTION_DECISION.json
664	7.43	/Users/lordjef/Downloads/ABRAXAS_V4_2_24_APPLE40M_RESUME_MASTER_PACKAGE/DELIVERABLES/JOC55_ABRAXAS_V4_2_24_PREBUILT/09_MOTIONS_V4_2/AI_SELECTED_V4_2_24/04_HORIZONTALS/MH01/20_EDITORIAL_M1/02_PROMPT_ANIMAR_MOTION.txt
88	7.43	/Users/lordjef/Downloads/ABRAXAS_V4_2_24_APPLE40M_RESUME_MASTER_PACKAGE/DELIVERABLES/JOC55_ABRAXAS_V4_2_24_PREBUILT/09_MOTIONS_V4_2/AI_SELECTED_V4_2_24/04_HORIZONTALS/MH01/20_EDITORIAL_M1/20_MOTION_FINAL/COLOCAR_AQUI_MOTION_FINAL.txt
1396	7.43	/Users/lordjef/Downloads/ABRAXAS_V4_2_24_APPLE40M_RESUME_MASTER_PACKAGE/DELIVERABLES/JOC55_ABRAXAS_V4_2_24_PREBUILT/09_MOTIONS_V4_2/AI_SELECTED_V4_2_24/04_HORIZONTALS/MH01/20_EDITORIAL_M1/MOTION_DECISION.json
740	7.43	/Users/lordjef/Downloads/ABRAXAS_V4_2_24_APPLE40M_RESUME_MASTER_PACKAGE/DELIVERABLES/JOC55_ABRAXAS_V4_2_24_PREBUILT/09_MOTIONS_V4_2/AI_SELECTED_V4_2_24/04_HORIZONTALS/MH01/21_EDITORIAL_M1/02_PROMPT_ANIMAR_MOTION.txt
88	7.43	/Users/lordjef/Downloads/ABRAXAS_V4_2_24_APPLE40M_RESUME_MASTER_PACKAGE/DELIVERABLES/JOC55_ABRAXAS_V4_2_24_PREBUILT/09_MOTIONS_V4_2/AI_SELECTED_V4_2_24/04_HORIZONTALS/MH01/21_EDITORIAL_M1/20_MOTION_FINAL/COLOCAR_AQUI_MOTION_FINAL.txt
1474	7.43	/Users/lordjef/Downloads/ABRAXAS_V4_2_24_APPLE40M_RESUME_MASTER_PACKAGE/DELIVERABLES/JOC55_ABRAXAS_V4_2_24_PREBUILT/09_MOTIONS_V4_2/AI_SELECTED_V4_2_24/04_HORIZONTALS/MH01/21_EDITORIAL_M1/MOTION_DECISION.json
717	7.43	/Users/lordjef/Downloads/ABRAXAS_V4_2_24_APPLE40M_RESUME_MASTER_PACKAGE/DELIVERABLES/JOC55_ABRAXAS_V4_2_24_PREBUILT/09_MOTIONS_V4_2/AI_SELECTED_V4_2_24/04_HORIZONTALS/MH01/22_EDITORIAL_M2/02_PROMPT_ANIMAR_MOTION.txt
452	7.43	/Users/lordjef/Downloads/ABRAXAS_V4_2_24_APPLE40M_RESUME_MASTER_PACKAGE/DELIVERABLES/JOC55_ABRAXAS_V4_2_24_PREBUILT/09_MOTIONS_V4_2/AI_SELECTED_V4_2_24/04_HORIZONTALS/MH01/22_EDITORIAL_M2/10_ASSETS/MOTION2_TEXT_SEGMENTS_EXACT.json
88	7.43	/Users/lordjef/Downloads/ABRAXAS_V4_2_24_APPLE40M_RESUME_MASTER_PACKAGE/DELIVERABLES/JOC55_ABRAXAS_V4_2_24_PREBUILT/09_MOTIONS_V4_2/AI_SELECTED_V4_2_24/04_HORIZONTALS/MH01/22_EDITORIAL_M2/20_MOTION_FINAL/COLOCAR_AQUI_MOTION_FINAL.txt
1558	7.43	/Users/lordjef/Downloads/ABRAXAS_V4_2_24_APPLE40M_RESUME_MASTER_PACKAGE/DELIVERABLES/JOC55_ABRAXAS_V4_2_24_PREBUILT/09_MOTIONS_V4_2/AI_SELECTED_V4_2_24/04_HORIZONTALS/MH01/22_EDITORIAL_M2/MOTION_DECISION.json
707	7.43	/Users/lordjef/Downloads/ABRAXAS_V4_2_24_APPLE40M_RESUME_MASTER_PACKAGE/DELIVERABLES/JOC55_ABRAXAS_V4_2_24_PREBUILT/09_MOTIONS_V4_2/AI_SELECTED_V4_2_24/04_HORIZONTALS/MH01/23_EDITORIAL_M1/02_PROMPT_ANIMAR_MOTION.txt
88	7.43	/Users/lordjef/Downloads/ABRAXAS_V4_2_24_APPLE40M_RESUME_MASTER_PACKAGE/DELIVERABLES/JOC55_ABRAXAS_V4_2_24_PREBUILT/09_MOTIONS_V4_2/AI_SELECTED_V4_2_24/04_HORIZONTALS/MH01/23_EDITORIAL_M1/20_MOTION_FINAL/COLOCAR_AQUI_MOTION_FINAL.txt
1435	7.43	/Users/lordjef/Downloads/ABRAXAS_V4_2_24_APPLE40M_RESUME_MASTER_PACKAGE/DELIVERABLES/JOC55_ABRAXAS_V4_2_24_PREBUILT/09_MOTIONS_V4_2/AI_SELECTED_V4_2_24/04_HORIZONTALS/MH01/23_EDITORIAL_M1/MOTION_DECISION.json
4560	7.43	/Users/lordjef/Downloads/ABRAXAS_V4_2_24_APPLE40M_RESUME_MASTER_PACKAGE/DELIVERABLES/JOC55_ABRAXAS_V4_2_24_PREBUILT/09_MOTIONS_V4_2/AI_SELECTED_V4_2_24/04_HORIZONTALS/MH02/00_MOTION_INDEX.json
759	7.43	/Users/lordjef/Downloads/ABRAXAS_V4_2_24_APPLE40M_RESUME_MASTER_PACKAGE/DELIVERABLES/JOC55_ABRAXAS_V4_2_24_PREBUILT/09_MOTIONS_V4_2/AI_SELECTED_V4_2_24/04_HORIZONTALS/MH02/01_EDITORIAL_M4/02_PROMPT_ANIMAR_MOTION.txt
88	7.43	/Users/lordjef/Downloads/ABRAXAS_V4_2_24_APPLE40M_RESUME_MASTER_PACKAGE/DELIVERABLES/JOC55_ABRAXAS_V4_2_24_PREBUILT/09_MOTIONS_V4_2/AI_SELECTED_V4_2_24/04_HORIZONTALS/MH02/01_EDITORIAL_M4/20_MOTION_FINAL/COLOCAR_AQUI_MOTION_FINAL.txt
1435	7.43	/Users/lordjef/Downloads/ABRAXAS_V4_2_24_APPLE40M_RESUME_MASTER_PACKAGE/DELIVERABLES/JOC55_ABRAXAS_V4_2_24_PREBUILT/09_MOTIONS_V4_2/AI_SELECTED_V4_2_24/04_HORIZONTALS/MH02/01_EDITORIAL_M4/MOTION_DECISION.json
788	7.43	/Users/lordjef/Downloads/ABRAXAS_V4_2_24_APPLE40M_RESUME_MASTER_PACKAGE/DELIVERABLES/JOC55_ABRAXAS_V4_2_24_PREBUILT/09_MOTIONS_V4_2/AI_SELECTED_V4_2_24/04_HORIZONTALS/MH02/02_EDITORIAL_M6/02_PROMPT_ANIMAR_MOTION.txt
88	7.43	/Users/lordjef/Downloads/ABRAXAS_V4_2_24_APPLE40M_RESUME_MASTER_PACKAGE/DELIVERABLES/JOC55_ABRAXAS_V4_2_24_PREBUILT/09_MOTIONS_V4_2/AI_SELECTED_V4_2_24/04_HORIZONTALS/MH02/02_EDITORIAL_M6/20_MOTION_FINAL/COLOCAR_AQUI_MOTION_FINAL.txt
1496	7.43	/Users/lordjef/Downloads/ABRAXAS_V4_2_24_APPLE40M_RESUME_MASTER_PACKAGE/DELIVERABLES/JOC55_ABRAXAS_V4_2_24_PREBUILT/09_MOTIONS_V4_2/AI_SELECTED_V4_2_24/04_HORIZONTALS/MH02/02_EDITORIAL_M6/MOTION_DECISION.json
729	7.43	/Users/lordjef/Downloads/ABRAXAS_V4_2_24_APPLE40M_RESUME_MASTER_PACKAGE/DELIVERABLES/JOC55_ABRAXAS_V4_2_24_PREBUILT/09_MOTIONS_V4_2/AI_SELECTED_V4_2_24/04_HORIZONTALS/MH02/03_EDITORIAL_M1/02_PROMPT_ANIMAR_MOTION.txt
88	7.43	/Users/lordjef/Downloads/ABRAXAS_V4_2_24_APPLE40M_RESUME_MASTER_PACKAGE/DELIVERABLES/JOC55_ABRAXAS_V4_2_24_PREBUILT/09_MOTIONS_V4_2/AI_SELECTED_V4_2_24/04_HORIZONTALS/MH02/03_EDITORIAL_M1/20_MOTION_FINAL/COLOCAR_AQUI_MOTION_FINAL.txt
1452	7.43	/Users/lordjef/Downloads/ABRAXAS_V4_2_24_APPLE40M_RESUME_MASTER_PACKAGE/DELIVERABLES/JOC55_ABRAXAS_V4_2_24_PREBUILT/09_MOTIONS_V4_2/AI_SELECTED_V4_2_24/04_HORIZONTALS/MH02/03_EDITORIAL_M1/MOTION_DECISION.json
767	7.43	/Users/lordjef/Downloads/ABRAXAS_V4_2_24_APPLE40M_RESUME_MASTER_PACKAGE/DELIVERABLES/JOC55_ABRAXAS_V4_2_24_PREBUILT/09_MOTIONS_V4_2/AI_SELECTED_V4_2_24/04_HORIZONTALS/MH02/04_EDITORIAL_M1/02_PROMPT_ANIMAR_MOTION.txt
88	7.43	/Users/lordjef/Downloads/ABRAXAS_V4_2_24_APPLE40M_RESUME_MASTER_PACKAGE/DELIVERABLES/JOC55_ABRAXAS_V4_2_24_PREBUILT/09_MOTIONS_V4_2/AI_SELECTED_V4_2_24/04_HORIZONTALS/MH02/04_EDITORIAL_M1/20_MOTION_FINAL/COLOCAR_AQUI_MOTION_FINAL.txt
1492	7.43	/Users/lordjef/Downloads/ABRAXAS_V4_2_24_APPLE40M_RESUME_MASTER_PACKAGE/DELIVERABLES/JOC55_ABRAXAS_V4_2_24_PREBUILT/09_MOTIONS_V4_2/AI_SELECTED_V4_2_24/04_HORIZONTALS/MH02/04_EDITORIAL_M1/MOTION_DECISION.json
749	7.43	/Users/lordjef/Downloads/ABRAXAS_V4_2_24_APPLE40M_RESUME_MASTER_PACKAGE/DELIVERABLES/JOC55_ABRAXAS_V4_2_24_PREBUILT/09_MOTIONS_V4_2/AI_SELECTED_V4_2_24/04_HORIZONTALS/MH02/05_EDITORIAL_M3/02_PROMPT_ANIMAR_MOTION.txt
88	7.43	/Users/lordjef/Downloads/ABRAXAS_V4_2_24_APPLE40M_RESUME_MASTER_PACKAGE/DELIVERABLES/JOC55_ABRAXAS_V4_2_24_PREBUILT/09_MOTIONS_V4_2/AI_SELECTED_V4_2_24/04_HORIZONTALS/MH02/05_EDITORIAL_M3/20_MOTION_FINAL/COLOCAR_AQUI_MOTION_FINAL.txt
1452	7.43	/Users/lordjef/Downloads/ABRAXAS_V4_2_24_APPLE40M_RESUME_MASTER_PACKAGE/DELIVERABLES/JOC55_ABRAXAS_V4_2_24_PREBUILT/09_MOTIONS_V4_2/AI_SELECTED_V4_2_24/04_HORIZONTALS/MH02/05_EDITORIAL_M3/MOTION_DECISION.json
719	7.43	/Users/lordjef/Downloads/ABRAXAS_V4_2_24_APPLE40M_RESUME_MASTER_PACKAGE/DELIVERABLES/JOC55_ABRAXAS_V4_2_24_PREBUILT/09_MOTIONS_V4_2/AI_SELECTED_V4_2_24/04_HORIZONTALS/MH02/06_EDITORIAL_M1/02_PROMPT_ANIMAR_MOTION.txt
88	7.43	/Users/lordjef/Downloads/ABRAXAS_V4_2_24_APPLE40M_RESUME_MASTER_PACKAGE/DELIVERABLES/JOC55_ABRAXAS_V4_2_24_PREBUILT/09_MOTIONS_V4_2/AI_SELECTED_V4_2_24/04_HORIZONTALS/MH02/06_EDITORIAL_M1/20_MOTION_FINAL/COLOCAR_AQUI_MOTION_FINAL.txt
1450	7.43	/Users/lordjef/Downloads/ABRAXAS_V4_2_24_APPLE40M_RESUME_MASTER_PACKAGE/DELIVERABLES/JOC55_ABRAXAS_V4_2_24_PREBUILT/09_MOTIONS_V4_2/AI_SELECTED_V4_2_24/04_HORIZONTALS/MH02/06_EDITORIAL_M1/MOTION_DECISION.json
760	7.43	/Users/lordjef/Downloads/ABRAXAS_V4_2_24_APPLE40M_RESUME_MASTER_PACKAGE/DELIVERABLES/JOC55_ABRAXAS_V4_2_24_PREBUILT/09_MOTIONS_V4_2/AI_SELECTED_V4_2_24/04_HORIZONTALS/MH02/07_EDITORIAL_M1/02_PROMPT_ANIMAR_MOTION.txt
88	7.43	/Users/lordjef/Downloads/ABRAXAS_V4_2_24_APPLE40M_RESUME_MASTER_PACKAGE/DELIVERABLES/JOC55_ABRAXAS_V4_2_24_PREBUILT/09_MOTIONS_V4_2/AI_SELECTED_V4_2_24/04_HORIZONTALS/MH02/07_EDITORIAL_M1/20_MOTION_FINAL/COLOCAR_AQUI_MOTION_FINAL.txt
1485	7.43	/Users/lordjef/Downloads/ABRAXAS_V4_2_24_APPLE40M_RESUME_MASTER_PACKAGE/DELIVERABLES/JOC55_ABRAXAS_V4_2_24_PREBUILT/09_MOTIONS_V4_2/AI_SELECTED_V4_2_24/04_HORIZONTALS/MH02/07_EDITORIAL_M1/MOTION_DECISION.json
660	7.43	/Users/lordjef/Downloads/ABRAXAS_V4_2_24_APPLE40M_RESUME_MASTER_PACKAGE/DELIVERABLES/JOC55_ABRAXAS_V4_2_24_PREBUILT/09_MOTIONS_V4_2/AI_SELECTED_V4_2_24/04_HORIZONTALS/MH02/08_EDITORIAL_M1/02_PROMPT_ANIMAR_MOTION.txt
88	7.43	/Users/lordjef/Downloads/ABRAXAS_V4_2_24_APPLE40M_RESUME_MASTER_PACKAGE/DELIVERABLES/JOC55_ABRAXAS_V4_2_24_PREBUILT/09_MOTIONS_V4_2/AI_SELECTED_V4_2_24/04_HORIZONTALS/MH02/08_EDITORIAL_M1/20_MOTION_FINAL/COLOCAR_AQUI_MOTION_FINAL.txt
1389	7.43	/Users/lordjef/Downloads/ABRAXAS_V4_2_24_APPLE40M_RESUME_MASTER_PACKAGE/DELIVERABLES/JOC55_ABRAXAS_V4_2_24_PREBUILT/09_MOTIONS_V4_2/AI_SELECTED_V4_2_24/04_HORIZONTALS/MH02/08_EDITORIAL_M1/MOTION_DECISION.json
706	7.43	/Users/lordjef/Downloads/ABRAXAS_V4_2_24_APPLE40M_RESUME_MASTER_PACKAGE/DELIVERABLES/JOC55_ABRAXAS_V4_2_24_PREBUILT/09_MOTIONS_V4_2/AI_SELECTED_V4_2_24/04_HORIZONTALS/MH02/09_EDITORIAL_M4/02_PROMPT_ANIMAR_MOTION.txt
88	7.43	/Users/lordjef/Downloads/ABRAXAS_V4_2_24_APPLE40M_RESUME_MASTER_PACKAGE/DELIVERABLES/JOC55_ABRAXAS_V4_2_24_PREBUILT/09_MOTIONS_V4_2/AI_SELECTED_V4_2_24/04_HORIZONTALS/MH02/09_EDITORIAL_M4/20_MOTION_FINAL/COLOCAR_AQUI_MOTION_FINAL.txt
1384	7.43	/Users/lordjef/Downloads/ABRAXAS_V4_2_24_APPLE40M_RESUME_MASTER_PACKAGE/DELIVERABLES/JOC55_ABRAXAS_V4_2_24_PREBUILT/09_MOTIONS_V4_2/AI_SELECTED_V4_2_24/04_HORIZONTALS/MH02/09_EDITORIAL_M4/MOTION_DECISION.json
731	7.43	/Users/lordjef/Downloads/ABRAXAS_V4_2_24_APPLE40M_RESUME_MASTER_PACKAGE/DELIVERABLES/JOC55_ABRAXAS_V4_2_24_PREBUILT/09_MOTIONS_V4_2/AI_SELECTED_V4_2_24/04_HORIZONTALS/MH02/10_EDITORIAL_M1/02_PROMPT_ANIMAR_MOTION.txt
88	7.43	/Users/lordjef/Downloads/ABRAXAS_V4_2_24_APPLE40M_RESUME_MASTER_PACKAGE/DELIVERABLES/JOC55_ABRAXAS_V4_2_24_PREBUILT/09_MOTIONS_V4_2/AI_SELECTED_V4_2_24/04_HORIZONTALS/MH02/10_EDITORIAL_M1/20_MOTION_FINAL/COLOCAR_AQUI_MOTION_FINAL.txt
1457	7.43	/Users/lordjef/Downloads/ABRAXAS_V4_2_24_APPLE40M_RESUME_MASTER_PACKAGE/DELIVERABLES/JOC55_ABRAXAS_V4_2_24_PREBUILT/09_MOTIONS_V4_2/AI_SELECTED_V4_2_24/04_HORIZONTALS/MH02/10_EDITORIAL_M1/MOTION_DECISION.json
770	7.43	/Users/lordjef/Downloads/ABRAXAS_V4_2_24_APPLE40M_RESUME_MASTER_PACKAGE/DELIVERABLES/JOC55_ABRAXAS_V4_2_24_PREBUILT/09_MOTIONS_V4_2/AI_SELECTED_V4_2_24/04_HORIZONTALS/MH02/11_EDITORIAL_M1/02_PROMPT_ANIMAR_MOTION.txt
88	7.43	/Users/lordjef/Downloads/ABRAXAS_V4_2_24_APPLE40M_RESUME_MASTER_PACKAGE/DELIVERABLES/JOC55_ABRAXAS_V4_2_24_PREBUILT/09_MOTIONS_V4_2/AI_SELECTED_V4_2_24/04_HORIZONTALS/MH02/11_EDITORIAL_M1/20_MOTION_FINAL/COLOCAR_AQUI_MOTION_FINAL.txt
1502	7.43	/Users/lordjef/Downloads/ABRAXAS_V4_2_24_APPLE40M_RESUME_MASTER_PACKAGE/DELIVERABLES/JOC55_ABRAXAS_V4_2_24_PREBUILT/09_MOTIONS_V4_2/AI_SELECTED_V4_2_24/04_HORIZONTALS/MH02/11_EDITORIAL_M1/MOTION_DECISION.json
733	7.43	/Users/lordjef/Downloads/ABRAXAS_V4_2_24_APPLE40M_RESUME_MASTER_PACKAGE/DELIVERABLES/JOC55_ABRAXAS_V4_2_24_PREBUILT/09_MOTIONS_V4_2/AI_SELECTED_V4_2_24/04_HORIZONTALS/MH02/12_EDITORIAL_M1/02_PROMPT_ANIMAR_MOTION.txt
88	7.43	/Users/lordjef/Downloads/ABRAXAS_V4_2_24_APPLE40M_RESUME_MASTER_PACKAGE/DELIVERABLES/JOC55_ABRAXAS_V4_2_24_PREBUILT/09_MOTIONS_V4_2/AI_SELECTED_V4_2_24/04_HORIZONTALS/MH02/12_EDITORIAL_M1/20_MOTION_FINAL/COLOCAR_AQUI_MOTION_FINAL.txt
1465	7.43	/Users/lordjef/Downloads/ABRAXAS_V4_2_24_APPLE40M_RESUME_MASTER_PACKAGE/DELIVERABLES/JOC55_ABRAXAS_V4_2_24_PREBUILT/09_MOTIONS_V4_2/AI_SELECTED_V4_2_24/04_HORIZONTALS/MH02/12_EDITORIAL_M1/MOTION_DECISION.json
731	7.43	/Users/lordjef/Downloads/ABRAXAS_V4_2_24_APPLE40M_RESUME_MASTER_PACKAGE/DELIVERABLES/JOC55_ABRAXAS_V4_2_24_PREBUILT/09_MOTIONS_V4_2/AI_SELECTED_V4_2_24/04_HORIZONTALS/MH02/13_EDITORIAL_M1/02_PROMPT_ANIMAR_MOTION.txt
88	7.43	/Users/lordjef/Downloads/ABRAXAS_V4_2_24_APPLE40M_RESUME_MASTER_PACKAGE/DELIVERABLES/JOC55_ABRAXAS_V4_2_24_PREBUILT/09_MOTIONS_V4_2/AI_SELECTED_V4_2_24/04_HORIZONTALS/MH02/13_EDITORIAL_M1/20_MOTION_FINAL/COLOCAR_AQUI_MOTION_FINAL.txt
1457	7.43	/Users/lordjef/Downloads/ABRAXAS_V4_2_24_APPLE40M_RESUME_MASTER_PACKAGE/DELIVERABLES/JOC55_ABRAXAS_V4_2_24_PREBUILT/09_MOTIONS_V4_2/AI_SELECTED_V4_2_24/04_HORIZONTALS/MH02/13_EDITORIAL_M1/MOTION_DECISION.json
707	7.43	/Users/lordjef/Downloads/ABRAXAS_V4_2_24_APPLE40M_RESUME_MASTER_PACKAGE/DELIVERABLES/JOC55_ABRAXAS_V4_2_24_PREBUILT/09_MOTIONS_V4_2/AI_SELECTED_V4_2_24/04_HORIZONTALS/MH02/14_EDITORIAL_M1/02_PROMPT_ANIMAR_MOTION.txt
88	7.43	/Users/lordjef/Downloads/ABRAXAS_V4_2_24_APPLE40M_RESUME_MASTER_PACKAGE/DELIVERABLES/JOC55_ABRAXAS_V4_2_24_PREBUILT/09_MOTIONS_V4_2/AI_SELECTED_V4_2_24/04_HORIZONTALS/MH02/14_EDITORIAL_M1/20_MOTION_FINAL/COLOCAR_AQUI_MOTION_FINAL.txt
1435	7.43	/Users/lordjef/Downloads/ABRAXAS_V4_2_24_APPLE40M_RESUME_MASTER_PACKAGE/DELIVERABLES/JOC55_ABRAXAS_V4_2_24_PREBUILT/09_MOTIONS_V4_2/AI_SELECTED_V4_2_24/04_HORIZONTALS/MH02/14_EDITORIAL_M1/MOTION_DECISION.json
755	7.43	/Users/lordjef/Downloads/ABRAXAS_V4_2_24_APPLE40M_RESUME_MASTER_PACKAGE/DELIVERABLES/JOC55_ABRAXAS_V4_2_24_PREBUILT/09_MOTIONS_V4_2/AI_SELECTED_V4_2_24/04_HORIZONTALS/MH02/15_EDITORIAL_M4/02_PROMPT_ANIMAR_MOTION.txt
88	7.43	/Users/lordjef/Downloads/ABRAXAS_V4_2_24_APPLE40M_RESUME_MASTER_PACKAGE/DELIVERABLES/JOC55_ABRAXAS_V4_2_24_PREBUILT/09_MOTIONS_V4_2/AI_SELECTED_V4_2_24/04_HORIZONTALS/MH02/15_EDITORIAL_M4/20_MOTION_FINAL/COLOCAR_AQUI_MOTION_FINAL.txt
1434	7.43	/Users/lordjef/Downloads/ABRAXAS_V4_2_24_APPLE40M_RESUME_MASTER_PACKAGE/DELIVERABLES/JOC55_ABRAXAS_V4_2_24_PREBUILT/09_MOTIONS_V4_2/AI_SELECTED_V4_2_24/04_HORIZONTALS/MH02/15_EDITORIAL_M4/MOTION_DECISION.json
776	7.43	/Users/lordjef/Downloads/ABRAXAS_V4_2_24_APPLE40M_RESUME_MASTER_PACKAGE/DELIVERABLES/JOC55_ABRAXAS_V4_2_24_PREBUILT/09_MOTIONS_V4_2/AI_SELECTED_V4_2_24/04_HORIZONTALS/MH02/16_EDITORIAL_M1/02_PROMPT_ANIMAR_MOTION.txt
88	7.43	/Users/lordjef/Downloads/ABRAXAS_V4_2_24_APPLE40M_RESUME_MASTER_PACKAGE/DELIVERABLES/JOC55_ABRAXAS_V4_2_24_PREBUILT/09_MOTIONS_V4_2/AI_SELECTED_V4_2_24/04_HORIZONTALS/MH02/16_EDITORIAL_M1/20_MOTION_FINAL/COLOCAR_AQUI_MOTION_FINAL.txt
1502	7.43	/Users/lordjef/Downloads/ABRAXAS_V4_2_24_APPLE40M_RESUME_MASTER_PACKAGE/DELIVERABLES/JOC55_ABRAXAS_V4_2_24_PREBUILT/09_MOTIONS_V4_2/AI_SELECTED_V4_2_24/04_HORIZONTALS/MH02/16_EDITORIAL_M1/MOTION_DECISION.json
776	7.43	/Users/lordjef/Downloads/ABRAXAS_V4_2_24_APPLE40M_RESUME_MASTER_PACKAGE/DELIVERABLES/JOC55_ABRAXAS_V4_2_24_PREBUILT/09_MOTIONS_V4_2/AI_SELECTED_V4_2_24/04_HORIZONTALS/MH02/17_EDITORIAL_M1/02_PROMPT_ANIMAR_MOTION.txt
88	7.43	/Users/lordjef/Downloads/ABRAXAS_V4_2_24_APPLE40M_RESUME_MASTER_PACKAGE/DELIVERABLES/JOC55_ABRAXAS_V4_2_24_PREBUILT/09_MOTIONS_V4_2/AI_SELECTED_V4_2_24/04_HORIZONTALS/MH02/17_EDITORIAL_M1/20_MOTION_FINAL/COLOCAR_AQUI_MOTION_FINAL.txt
1504	7.43	/Users/lordjef/Downloads/ABRAXAS_V4_2_24_APPLE40M_RESUME_MASTER_PACKAGE/DELIVERABLES/JOC55_ABRAXAS_V4_2_24_PREBUILT/09_MOTIONS_V4_2/AI_SELECTED_V4_2_24/04_HORIZONTALS/MH02/17_EDITORIAL_M1/MOTION_DECISION.json
757	7.43	/Users/lordjef/Downloads/ABRAXAS_V4_2_24_APPLE40M_RESUME_MASTER_PACKAGE/DELIVERABLES/JOC55_ABRAXAS_V4_2_24_PREBUILT/09_MOTIONS_V4_2/AI_SELECTED_V4_2_24/04_HORIZONTALS/MH02/18_EDITORIAL_M2/02_PROMPT_ANIMAR_MOTION.txt
572	7.43	/Users/lordjef/Downloads/ABRAXAS_V4_2_24_APPLE40M_RESUME_MASTER_PACKAGE/DELIVERABLES/JOC55_ABRAXAS_V4_2_24_PREBUILT/09_MOTIONS_V4_2/AI_SELECTED_V4_2_24/04_HORIZONTALS/MH02/18_EDITORIAL_M2/10_ASSETS/MOTION2_TEXT_SEGMENTS_EXACT.json
88	7.43	/Users/lordjef/Downloads/ABRAXAS_V4_2_24_APPLE40M_RESUME_MASTER_PACKAGE/DELIVERABLES/JOC55_ABRAXAS_V4_2_24_PREBUILT/09_MOTIONS_V4_2/AI_SELECTED_V4_2_24/04_HORIZONTALS/MH02/18_EDITORIAL_M2/20_MOTION_FINAL/COLOCAR_AQUI_MOTION_FINAL.txt
1598	7.43	/Users/lordjef/Downloads/ABRAXAS_V4_2_24_APPLE40M_RESUME_MASTER_PACKAGE/DELIVERABLES/JOC55_ABRAXAS_V4_2_24_PREBUILT/09_MOTIONS_V4_2/AI_SELECTED_V4_2_24/04_HORIZONTALS/MH02/18_EDITORIAL_M2/MOTION_DECISION.json
783	7.43	/Users/lordjef/Downloads/ABRAXAS_V4_2_24_APPLE40M_RESUME_MASTER_PACKAGE/DELIVERABLES/JOC55_ABRAXAS_V4_2_24_PREBUILT/09_MOTIONS_V4_2/AI_SELECTED_V4_2_24/04_HORIZONTALS/MH02/19_EDITORIAL_M1/02_PROMPT_ANIMAR_MOTION.txt
88	7.43	/Users/lordjef/Downloads/ABRAXAS_V4_2_24_APPLE40M_RESUME_MASTER_PACKAGE/DELIVERABLES/JOC55_ABRAXAS_V4_2_24_PREBUILT/09_MOTIONS_V4_2/AI_SELECTED_V4_2_24/04_HORIZONTALS/MH02/19_EDITORIAL_M1/20_MOTION_FINAL/COLOCAR_AQUI_MOTION_FINAL.txt
1512	7.43	/Users/lordjef/Downloads/ABRAXAS_V4_2_24_APPLE40M_RESUME_MASTER_PACKAGE/DELIVERABLES/JOC55_ABRAXAS_V4_2_24_PREBUILT/09_MOTIONS_V4_2/AI_SELECTED_V4_2_24/04_HORIZONTALS/MH02/19_EDITORIAL_M1/MOTION_DECISION.json
719	7.43	/Users/lordjef/Downloads/ABRAXAS_V4_2_24_APPLE40M_RESUME_MASTER_PACKAGE/DELIVERABLES/JOC55_ABRAXAS_V4_2_24_PREBUILT/09_MOTIONS_V4_2/AI_SELECTED_V4_2_24/04_HORIZONTALS/MH02/20_EDITORIAL_M1/02_PROMPT_ANIMAR_MOTION.txt
88	7.43	/Users/lordjef/Downloads/ABRAXAS_V4_2_24_APPLE40M_RESUME_MASTER_PACKAGE/DELIVERABLES/JOC55_ABRAXAS_V4_2_24_PREBUILT/09_MOTIONS_V4_2/AI_SELECTED_V4_2_24/04_HORIZONTALS/MH02/20_EDITORIAL_M1/20_MOTION_FINAL/COLOCAR_AQUI_MOTION_FINAL.txt
1447	7.43	/Users/lordjef/Downloads/ABRAXAS_V4_2_24_APPLE40M_RESUME_MASTER_PACKAGE/DELIVERABLES/JOC55_ABRAXAS_V4_2_24_PREBUILT/09_MOTIONS_V4_2/AI_SELECTED_V4_2_24/04_HORIZONTALS/MH02/20_EDITORIAL_M1/MOTION_DECISION.json
711	7.43	/Users/lordjef/Downloads/ABRAXAS_V4_2_24_APPLE40M_RESUME_MASTER_PACKAGE/DELIVERABLES/JOC55_ABRAXAS_V4_2_24_PREBUILT/09_MOTIONS_V4_2/AI_SELECTED_V4_2_24/04_HORIZONTALS/MH02/21_EDITORIAL_M2/02_PROMPT_ANIMAR_MOTION.txt
434	7.43	/Users/lordjef/Downloads/ABRAXAS_V4_2_24_APPLE40M_RESUME_MASTER_PACKAGE/DELIVERABLES/JOC55_ABRAXAS_V4_2_24_PREBUILT/09_MOTIONS_V4_2/AI_SELECTED_V4_2_24/04_HORIZONTALS/MH02/21_EDITORIAL_M2/10_ASSETS/MOTION2_TEXT_SEGMENTS_EXACT.json
88	7.43	/Users/lordjef/Downloads/ABRAXAS_V4_2_24_APPLE40M_RESUME_MASTER_PACKAGE/DELIVERABLES/JOC55_ABRAXAS_V4_2_24_PREBUILT/09_MOTIONS_V4_2/AI_SELECTED_V4_2_24/04_HORIZONTALS/MH02/21_EDITORIAL_M2/20_MOTION_FINAL/COLOCAR_AQUI_MOTION_FINAL.txt
1552	7.43	/Users/lordjef/Downloads/ABRAXAS_V4_2_24_APPLE40M_RESUME_MASTER_PACKAGE/DELIVERABLES/JOC55_ABRAXAS_V4_2_24_PREBUILT/09_MOTIONS_V4_2/AI_SELECTED_V4_2_24/04_HORIZONTALS/MH02/21_EDITORIAL_M2/MOTION_DECISION.json
759	7.43	/Users/lordjef/Downloads/ABRAXAS_V4_2_24_APPLE40M_RESUME_MASTER_PACKAGE/DELIVERABLES/JOC55_ABRAXAS_V4_2_24_PREBUILT/09_MOTIONS_V4_2/AI_SELECTED_V4_2_24/04_HORIZONTALS/MH02/22_EDITORIAL_M2/02_PROMPT_ANIMAR_MOTION.txt
578	7.43	/Users/lordjef/Downloads/ABRAXAS_V4_2_24_APPLE40M_RESUME_MASTER_PACKAGE/DELIVERABLES/JOC55_ABRAXAS_V4_2_24_PREBUILT/09_MOTIONS_V4_2/AI_SELECTED_V4_2_24/04_HORIZONTALS/MH02/22_EDITORIAL_M2/10_ASSETS/MOTION2_TEXT_SEGMENTS_EXACT.json
88	7.43	/Users/lordjef/Downloads/ABRAXAS_V4_2_24_APPLE40M_RESUME_MASTER_PACKAGE/DELIVERABLES/JOC55_ABRAXAS_V4_2_24_PREBUILT/09_MOTIONS_V4_2/AI_SELECTED_V4_2_24/04_HORIZONTALS/MH02/22_EDITORIAL_M2/20_MOTION_FINAL/COLOCAR_AQUI_MOTION_FINAL.txt
1600	7.43	/Users/lordjef/Downloads/ABRAXAS_V4_2_24_APPLE40M_RESUME_MASTER_PACKAGE/DELIVERABLES/JOC55_ABRAXAS_V4_2_24_PREBUILT/09_MOTIONS_V4_2/AI_SELECTED_V4_2_24/04_HORIZONTALS/MH02/22_EDITORIAL_M2/MOTION_DECISION.json
770	7.43	/Users/lordjef/Downloads/ABRAXAS_V4_2_24_APPLE40M_RESUME_MASTER_PACKAGE/DELIVERABLES/JOC55_ABRAXAS_V4_2_24_PREBUILT/09_MOTIONS_V4_2/AI_SELECTED_V4_2_24/04_HORIZONTALS/MH02/23_EDITORIAL_M1/02_PROMPT_ANIMAR_MOTION.txt
88	7.43	/Users/lordjef/Downloads/ABRAXAS_V4_2_24_APPLE40M_RESUME_MASTER_PACKAGE/DELIVERABLES/JOC55_ABRAXAS_V4_2_24_PREBUILT/09_MOTIONS_V4_2/AI_SELECTED_V4_2_24/04_HORIZONTALS/MH02/23_EDITORIAL_M1/20_MOTION_FINAL/COLOCAR_AQUI_MOTION_FINAL.txt
1498	7.43	/Users/lordjef/Downloads/ABRAXAS_V4_2_24_APPLE40M_RESUME_MASTER_PACKAGE/DELIVERABLES/JOC55_ABRAXAS_V4_2_24_PREBUILT/09_MOTIONS_V4_2/AI_SELECTED_V4_2_24/04_HORIZONTALS/MH02/23_EDITORIAL_M1/MOTION_DECISION.json
4174	7.43	/Users/lordjef/Downloads/ABRAXAS_V4_2_24_APPLE40M_RESUME_MASTER_PACKAGE/DELIVERABLES/JOC55_ABRAXAS_V4_2_24_PREBUILT/09_MOTIONS_V4_2/AI_SELECTED_V4_2_24/04_HORIZONTALS/MH03/00_MOTION_INDEX.json
726	7.43	/Users/lordjef/Downloads/ABRAXAS_V4_2_24_APPLE40M_RESUME_MASTER_PACKAGE/DELIVERABLES/JOC55_ABRAXAS_V4_2_24_PREBUILT/09_MOTIONS_V4_2/AI_SELECTED_V4_2_24/04_HORIZONTALS/MH03/01_EDITORIAL_M1/02_PROMPT_ANIMAR_MOTION.txt
88	7.43	/Users/lordjef/Downloads/ABRAXAS_V4_2_24_APPLE40M_RESUME_MASTER_PACKAGE/DELIVERABLES/JOC55_ABRAXAS_V4_2_24_PREBUILT/09_MOTIONS_V4_2/AI_SELECTED_V4_2_24/04_HORIZONTALS/MH03/01_EDITORIAL_M1/20_MOTION_FINAL/COLOCAR_AQUI_MOTION_FINAL.txt
1455	7.43	/Users/lordjef/Downloads/ABRAXAS_V4_2_24_APPLE40M_RESUME_MASTER_PACKAGE/DELIVERABLES/JOC55_ABRAXAS_V4_2_24_PREBUILT/09_MOTIONS_V4_2/AI_SELECTED_V4_2_24/04_HORIZONTALS/MH03/01_EDITORIAL_M1/MOTION_DECISION.json
767	7.43	/Users/lordjef/Downloads/ABRAXAS_V4_2_24_APPLE40M_RESUME_MASTER_PACKAGE/DELIVERABLES/JOC55_ABRAXAS_V4_2_24_PREBUILT/09_MOTIONS_V4_2/AI_SELECTED_V4_2_24/04_HORIZONTALS/MH03/02_EDITORIAL_M1/02_PROMPT_ANIMAR_MOTION.txt
88	7.43	/Users/lordjef/Downloads/ABRAXAS_V4_2_24_APPLE40M_RESUME_MASTER_PACKAGE/DELIVERABLES/JOC55_ABRAXAS_V4_2_24_PREBUILT/09_MOTIONS_V4_2/AI_SELECTED_V4_2_24/04_HORIZONTALS/MH03/02_EDITORIAL_M1/20_MOTION_FINAL/COLOCAR_AQUI_MOTION_FINAL.txt
1490	7.43	/Users/lordjef/Downloads/ABRAXAS_V4_2_24_APPLE40M_RESUME_MASTER_PACKAGE/DELIVERABLES/JOC55_ABRAXAS_V4_2_24_PREBUILT/09_MOTIONS_V4_2/AI_SELECTED_V4_2_24/04_HORIZONTALS/MH03/02_EDITORIAL_M1/MOTION_DECISION.json
789	7.43	/Users/lordjef/Downloads/ABRAXAS_V4_2_24_APPLE40M_RESUME_MASTER_PACKAGE/DELIVERABLES/JOC55_ABRAXAS_V4_2_24_PREBUILT/09_MOTIONS_V4_2/AI_SELECTED_V4_2_24/04_HORIZONTALS/MH03/03_EDITORIAL_M1/02_PROMPT_ANIMAR_MOTION.txt
88	7.43	/Users/lordjef/Downloads/ABRAXAS_V4_2_24_APPLE40M_RESUME_MASTER_PACKAGE/DELIVERABLES/JOC55_ABRAXAS_V4_2_24_PREBUILT/09_MOTIONS_V4_2/AI_SELECTED_V4_2_24/04_HORIZONTALS/MH03/03_EDITORIAL_M1/20_MOTION_FINAL/COLOCAR_AQUI_MOTION_FINAL.txt
1518	7.43	/Users/lordjef/Downloads/ABRAXAS_V4_2_24_APPLE40M_RESUME_MASTER_PACKAGE/DELIVERABLES/JOC55_ABRAXAS_V4_2_24_PREBUILT/09_MOTIONS_V4_2/AI_SELECTED_V4_2_24/04_HORIZONTALS/MH03/03_EDITORIAL_M1/MOTION_DECISION.json
763	7.43	/Users/lordjef/Downloads/ABRAXAS_V4_2_24_APPLE40M_RESUME_MASTER_PACKAGE/DELIVERABLES/JOC55_ABRAXAS_V4_2_24_PREBUILT/09_MOTIONS_V4_2/AI_SELECTED_V4_2_24/04_HORIZONTALS/MH03/04_EDITORIAL_M1/02_PROMPT_ANIMAR_MOTION.txt
88	7.43	/Users/lordjef/Downloads/ABRAXAS_V4_2_24_APPLE40M_RESUME_MASTER_PACKAGE/DELIVERABLES/JOC55_ABRAXAS_V4_2_24_PREBUILT/09_MOTIONS_V4_2/AI_SELECTED_V4_2_24/04_HORIZONTALS/MH03/04_EDITORIAL_M1/20_MOTION_FINAL/COLOCAR_AQUI_MOTION_FINAL.txt
1488	7.43	/Users/lordjef/Downloads/ABRAXAS_V4_2_24_APPLE40M_RESUME_MASTER_PACKAGE/DELIVERABLES/JOC55_ABRAXAS_V4_2_24_PREBUILT/09_MOTIONS_V4_2/AI_SELECTED_V4_2_24/04_HORIZONTALS/MH03/04_EDITORIAL_M1/MOTION_DECISION.json
770	7.43	/Users/lordjef/Downloads/ABRAXAS_V4_2_24_APPLE40M_RESUME_MASTER_PACKAGE/DELIVERABLES/JOC55_ABRAXAS_V4_2_24_PREBUILT/09_MOTIONS_V4_2/AI_SELECTED_V4_2_24/04_HORIZONTALS/MH03/05_EDITORIAL_M1/02_PROMPT_ANIMAR_MOTION.txt
88	7.43	/Users/lordjef/Downloads/ABRAXAS_V4_2_24_APPLE40M_RESUME_MASTER_PACKAGE/DELIVERABLES/JOC55_ABRAXAS_V4_2_24_PREBUILT/09_MOTIONS_V4_2/AI_SELECTED_V4_2_24/04_HORIZONTALS/MH03/05_EDITORIAL_M1/20_MOTION_FINAL/COLOCAR_AQUI_MOTION_FINAL.txt
1495	7.43	/Users/lordjef/Downloads/ABRAXAS_V4_2_24_APPLE40M_RESUME_MASTER_PACKAGE/DELIVERABLES/JOC55_ABRAXAS_V4_2_24_PREBUILT/09_MOTIONS_V4_2/AI_SELECTED_V4_2_24/04_HORIZONTALS/MH03/05_EDITORIAL_M1/MOTION_DECISION.json
786	7.43	/Users/lordjef/Downloads/ABRAXAS_V4_2_24_APPLE40M_RESUME_MASTER_PACKAGE/DELIVERABLES/JOC55_ABRAXAS_V4_2_24_PREBUILT/09_MOTIONS_V4_2/AI_SELECTED_V4_2_24/04_HORIZONTALS/MH03/06_EDITORIAL_M6/02_PROMPT_ANIMAR_MOTION.txt
88	7.43	/Users/lordjef/Downloads/ABRAXAS_V4_2_24_APPLE40M_RESUME_MASTER_PACKAGE/DELIVERABLES/JOC55_ABRAXAS_V4_2_24_PREBUILT/09_MOTIONS_V4_2/AI_SELECTED_V4_2_24/04_HORIZONTALS/MH03/06_EDITORIAL_M6/20_MOTION_FINAL/COLOCAR_AQUI_MOTION_FINAL.txt
1496	7.43	/Users/lordjef/Downloads/ABRAXAS_V4_2_24_APPLE40M_RESUME_MASTER_PACKAGE/DELIVERABLES/JOC55_ABRAXAS_V4_2_24_PREBUILT/09_MOTIONS_V4_2/AI_SELECTED_V4_2_24/04_HORIZONTALS/MH03/06_EDITORIAL_M6/MOTION_DECISION.json
761	7.43	/Users/lordjef/Downloads/ABRAXAS_V4_2_24_APPLE40M_RESUME_MASTER_PACKAGE/DELIVERABLES/JOC55_ABRAXAS_V4_2_24_PREBUILT/09_MOTIONS_V4_2/AI_SELECTED_V4_2_24/04_HORIZONTALS/MH03/07_EDITORIAL_M1/02_PROMPT_ANIMAR_MOTION.txt
88	7.43	/Users/lordjef/Downloads/ABRAXAS_V4_2_24_APPLE40M_RESUME_MASTER_PACKAGE/DELIVERABLES/JOC55_ABRAXAS_V4_2_24_PREBUILT/09_MOTIONS_V4_2/AI_SELECTED_V4_2_24/04_HORIZONTALS/MH03/07_EDITORIAL_M1/20_MOTION_FINAL/COLOCAR_AQUI_MOTION_FINAL.txt
1488	7.43	/Users/lordjef/Downloads/ABRAXAS_V4_2_24_APPLE40M_RESUME_MASTER_PACKAGE/DELIVERABLES/JOC55_ABRAXAS_V4_2_24_PREBUILT/09_MOTIONS_V4_2/AI_SELECTED_V4_2_24/04_HORIZONTALS/MH03/07_EDITORIAL_M1/MOTION_DECISION.json
726	7.43	/Users/lordjef/Downloads/ABRAXAS_V4_2_24_APPLE40M_RESUME_MASTER_PACKAGE/DELIVERABLES/JOC55_ABRAXAS_V4_2_24_PREBUILT/09_MOTIONS_V4_2/AI_SELECTED_V4_2_24/04_HORIZONTALS/MH03/08_EDITORIAL_M6/02_PROMPT_ANIMAR_MOTION.txt
88	7.43	/Users/lordjef/Downloads/ABRAXAS_V4_2_24_APPLE40M_RESUME_MASTER_PACKAGE/DELIVERABLES/JOC55_ABRAXAS_V4_2_24_PREBUILT/09_MOTIONS_V4_2/AI_SELECTED_V4_2_24/04_HORIZONTALS/MH03/08_EDITORIAL_M6/20_MOTION_FINAL/COLOCAR_AQUI_MOTION_FINAL.txt
1438	7.43	/Users/lordjef/Downloads/ABRAXAS_V4_2_24_APPLE40M_RESUME_MASTER_PACKAGE/DELIVERABLES/JOC55_ABRAXAS_V4_2_24_PREBUILT/09_MOTIONS_V4_2/AI_SELECTED_V4_2_24/04_HORIZONTALS/MH03/08_EDITORIAL_M6/MOTION_DECISION.json
780	7.43	/Users/lordjef/Downloads/ABRAXAS_V4_2_24_APPLE40M_RESUME_MASTER_PACKAGE/DELIVERABLES/JOC55_ABRAXAS_V4_2_24_PREBUILT/09_MOTIONS_V4_2/AI_SELECTED_V4_2_24/04_HORIZONTALS/MH03/09_EDITORIAL_M5/02_PROMPT_ANIMAR_MOTION.txt
88	7.43	/Users/lordjef/Downloads/ABRAXAS_V4_2_24_APPLE40M_RESUME_MASTER_PACKAGE/DELIVERABLES/JOC55_ABRAXAS_V4_2_24_PREBUILT/09_MOTIONS_V4_2/AI_SELECTED_V4_2_24/04_HORIZONTALS/MH03/09_EDITORIAL_M5/20_MOTION_FINAL/COLOCAR_AQUI_MOTION_FINAL.txt
1528	7.43	/Users/lordjef/Downloads/ABRAXAS_V4_2_24_APPLE40M_RESUME_MASTER_PACKAGE/DELIVERABLES/JOC55_ABRAXAS_V4_2_24_PREBUILT/09_MOTIONS_V4_2/AI_SELECTED_V4_2_24/04_HORIZONTALS/MH03/09_EDITORIAL_M5/MOTION_DECISION.json
714	7.43	/Users/lordjef/Downloads/ABRAXAS_V4_2_24_APPLE40M_RESUME_MASTER_PACKAGE/DELIVERABLES/JOC55_ABRAXAS_V4_2_24_PREBUILT/09_MOTIONS_V4_2/AI_SELECTED_V4_2_24/04_HORIZONTALS/MH03/10_EDITORIAL_M1/02_PROMPT_ANIMAR_MOTION.txt
88	7.43	/Users/lordjef/Downloads/ABRAXAS_V4_2_24_APPLE40M_RESUME_MASTER_PACKAGE/DELIVERABLES/JOC55_ABRAXAS_V4_2_24_PREBUILT/09_MOTIONS_V4_2/AI_SELECTED_V4_2_24/04_HORIZONTALS/MH03/10_EDITORIAL_M1/20_MOTION_FINAL/COLOCAR_AQUI_MOTION_FINAL.txt
1440	7.43	/Users/lordjef/Downloads/ABRAXAS_V4_2_24_APPLE40M_RESUME_MASTER_PACKAGE/DELIVERABLES/JOC55_ABRAXAS_V4_2_24_PREBUILT/09_MOTIONS_V4_2/AI_SELECTED_V4_2_24/04_HORIZONTALS/MH03/10_EDITORIAL_M1/MOTION_DECISION.json
764	7.43	/Users/lordjef/Downloads/ABRAXAS_V4_2_24_APPLE40M_RESUME_MASTER_PACKAGE/DELIVERABLES/JOC55_ABRAXAS_V4_2_24_PREBUILT/09_MOTIONS_V4_2/AI_SELECTED_V4_2_24/04_HORIZONTALS/MH03/11_EDITORIAL_M1/02_PROMPT_ANIMAR_MOTION.txt
88	7.43	/Users/lordjef/Downloads/ABRAXAS_V4_2_24_APPLE40M_RESUME_MASTER_PACKAGE/DELIVERABLES/JOC55_ABRAXAS_V4_2_24_PREBUILT/09_MOTIONS_V4_2/AI_SELECTED_V4_2_24/04_HORIZONTALS/MH03/11_EDITORIAL_M1/20_MOTION_FINAL/COLOCAR_AQUI_MOTION_FINAL.txt
1496	7.43	/Users/lordjef/Downloads/ABRAXAS_V4_2_24_APPLE40M_RESUME_MASTER_PACKAGE/DELIVERABLES/JOC55_ABRAXAS_V4_2_24_PREBUILT/09_MOTIONS_V4_2/AI_SELECTED_V4_2_24/04_HORIZONTALS/MH03/11_EDITORIAL_M1/MOTION_DECISION.json
689	7.43	/Users/lordjef/Downloads/ABRAXAS_V4_2_24_APPLE40M_RESUME_MASTER_PACKAGE/DELIVERABLES/JOC55_ABRAXAS_V4_2_24_PREBUILT/09_MOTIONS_V4_2/AI_SELECTED_V4_2_24/04_HORIZONTALS/MH03/12_EDITORIAL_M1/02_PROMPT_ANIMAR_MOTION.txt
88	7.43	/Users/lordjef/Downloads/ABRAXAS_V4_2_24_APPLE40M_RESUME_MASTER_PACKAGE/DELIVERABLES/JOC55_ABRAXAS_V4_2_24_PREBUILT/09_MOTIONS_V4_2/AI_SELECTED_V4_2_24/04_HORIZONTALS/MH03/12_EDITORIAL_M1/20_MOTION_FINAL/COLOCAR_AQUI_MOTION_FINAL.txt
1417	7.43	/Users/lordjef/Downloads/ABRAXAS_V4_2_24_APPLE40M_RESUME_MASTER_PACKAGE/DELIVERABLES/JOC55_ABRAXAS_V4_2_24_PREBUILT/09_MOTIONS_V4_2/AI_SELECTED_V4_2_24/04_HORIZONTALS/MH03/12_EDITORIAL_M1/MOTION_DECISION.json
766	7.43	/Users/lordjef/Downloads/ABRAXAS_V4_2_24_APPLE40M_RESUME_MASTER_PACKAGE/DELIVERABLES/JOC55_ABRAXAS_V4_2_24_PREBUILT/09_MOTIONS_V4_2/AI_SELECTED_V4_2_24/04_HORIZONTALS/MH03/13_EDITORIAL_M1/02_PROMPT_ANIMAR_MOTION.txt
88	7.43	/Users/lordjef/Downloads/ABRAXAS_V4_2_24_APPLE40M_RESUME_MASTER_PACKAGE/DELIVERABLES/JOC55_ABRAXAS_V4_2_24_PREBUILT/09_MOTIONS_V4_2/AI_SELECTED_V4_2_24/04_HORIZONTALS/MH03/13_EDITORIAL_M1/20_MOTION_FINAL/COLOCAR_AQUI_MOTION_FINAL.txt
1494	7.43	/Users/lordjef/Downloads/ABRAXAS_V4_2_24_APPLE40M_RESUME_MASTER_PACKAGE/DELIVERABLES/JOC55_ABRAXAS_V4_2_24_PREBUILT/09_MOTIONS_V4_2/AI_SELECTED_V4_2_24/04_HORIZONTALS/MH03/13_EDITORIAL_M1/MOTION_DECISION.json
684	7.43	/Users/lordjef/Downloads/ABRAXAS_V4_2_24_APPLE40M_RESUME_MASTER_PACKAGE/DELIVERABLES/JOC55_ABRAXAS_V4_2_24_PREBUILT/09_MOTIONS_V4_2/AI_SELECTED_V4_2_24/04_HORIZONTALS/MH03/14_EDITORIAL_M1/02_PROMPT_ANIMAR_MOTION.txt
88	7.43	/Users/lordjef/Downloads/ABRAXAS_V4_2_24_APPLE40M_RESUME_MASTER_PACKAGE/DELIVERABLES/JOC55_ABRAXAS_V4_2_24_PREBUILT/09_MOTIONS_V4_2/AI_SELECTED_V4_2_24/04_HORIZONTALS/MH03/14_EDITORIAL_M1/20_MOTION_FINAL/COLOCAR_AQUI_MOTION_FINAL.txt
1410	7.43	/Users/lordjef/Downloads/ABRAXAS_V4_2_24_APPLE40M_RESUME_MASTER_PACKAGE/DELIVERABLES/JOC55_ABRAXAS_V4_2_24_PREBUILT/09_MOTIONS_V4_2/AI_SELECTED_V4_2_24/04_HORIZONTALS/MH03/14_EDITORIAL_M1/MOTION_DECISION.json
680	7.43	/Users/lordjef/Downloads/ABRAXAS_V4_2_24_APPLE40M_RESUME_MASTER_PACKAGE/DELIVERABLES/JOC55_ABRAXAS_V4_2_24_PREBUILT/09_MOTIONS_V4_2/AI_SELECTED_V4_2_24/04_HORIZONTALS/MH03/15_EDITORIAL_M1/02_PROMPT_ANIMAR_MOTION.txt
88	7.43	/Users/lordjef/Downloads/ABRAXAS_V4_2_24_APPLE40M_RESUME_MASTER_PACKAGE/DELIVERABLES/JOC55_ABRAXAS_V4_2_24_PREBUILT/09_MOTIONS_V4_2/AI_SELECTED_V4_2_24/04_HORIZONTALS/MH03/15_EDITORIAL_M1/20_MOTION_FINAL/COLOCAR_AQUI_MOTION_FINAL.txt
1407	7.43	/Users/lordjef/Downloads/ABRAXAS_V4_2_24_APPLE40M_RESUME_MASTER_PACKAGE/DELIVERABLES/JOC55_ABRAXAS_V4_2_24_PREBUILT/09_MOTIONS_V4_2/AI_SELECTED_V4_2_24/04_HORIZONTALS/MH03/15_EDITORIAL_M1/MOTION_DECISION.json
719	7.43	/Users/lordjef/Downloads/ABRAXAS_V4_2_24_APPLE40M_RESUME_MASTER_PACKAGE/DELIVERABLES/JOC55_ABRAXAS_V4_2_24_PREBUILT/09_MOTIONS_V4_2/AI_SELECTED_V4_2_24/04_HORIZONTALS/MH03/16_EDITORIAL_M1/02_PROMPT_ANIMAR_MOTION.txt
88	7.43	/Users/lordjef/Downloads/ABRAXAS_V4_2_24_APPLE40M_RESUME_MASTER_PACKAGE/DELIVERABLES/JOC55_ABRAXAS_V4_2_24_PREBUILT/09_MOTIONS_V4_2/AI_SELECTED_V4_2_24/04_HORIZONTALS/MH03/16_EDITORIAL_M1/20_MOTION_FINAL/COLOCAR_AQUI_MOTION_FINAL.txt
1445	7.43	/Users/lordjef/Downloads/ABRAXAS_V4_2_24_APPLE40M_RESUME_MASTER_PACKAGE/DELIVERABLES/JOC55_ABRAXAS_V4_2_24_PREBUILT/09_MOTIONS_V4_2/AI_SELECTED_V4_2_24/04_HORIZONTALS/MH03/16_EDITORIAL_M1/MOTION_DECISION.json
698	7.43	/Users/lordjef/Downloads/ABRAXAS_V4_2_24_APPLE40M_RESUME_MASTER_PACKAGE/DELIVERABLES/JOC55_ABRAXAS_V4_2_24_PREBUILT/09_MOTIONS_V4_2/AI_SELECTED_V4_2_24/04_HORIZONTALS/MH03/17_EDITORIAL_M1/02_PROMPT_ANIMAR_MOTION.txt
88	7.43	/Users/lordjef/Downloads/ABRAXAS_V4_2_24_APPLE40M_RESUME_MASTER_PACKAGE/DELIVERABLES/JOC55_ABRAXAS_V4_2_24_PREBUILT/09_MOTIONS_V4_2/AI_SELECTED_V4_2_24/04_HORIZONTALS/MH03/17_EDITORIAL_M1/20_MOTION_FINAL/COLOCAR_AQUI_MOTION_FINAL.txt
1426	7.43	/Users/lordjef/Downloads/ABRAXAS_V4_2_24_APPLE40M_RESUME_MASTER_PACKAGE/DELIVERABLES/JOC55_ABRAXAS_V4_2_24_PREBUILT/09_MOTIONS_V4_2/AI_SELECTED_V4_2_24/04_HORIZONTALS/MH03/17_EDITORIAL_M1/MOTION_DECISION.json
740	7.43	/Users/lordjef/Downloads/ABRAXAS_V4_2_24_APPLE40M_RESUME_MASTER_PACKAGE/DELIVERABLES/JOC55_ABRAXAS_V4_2_24_PREBUILT/09_MOTIONS_V4_2/AI_SELECTED_V4_2_24/04_HORIZONTALS/MH03/18_EDITORIAL_M4/02_PROMPT_ANIMAR_MOTION.txt
88	7.43	/Users/lordjef/Downloads/ABRAXAS_V4_2_24_APPLE40M_RESUME_MASTER_PACKAGE/DELIVERABLES/JOC55_ABRAXAS_V4_2_24_PREBUILT/09_MOTIONS_V4_2/AI_SELECTED_V4_2_24/04_HORIZONTALS/MH03/18_EDITORIAL_M4/20_MOTION_FINAL/COLOCAR_AQUI_MOTION_FINAL.txt
1419	7.43	/Users/lordjef/Downloads/ABRAXAS_V4_2_24_APPLE40M_RESUME_MASTER_PACKAGE/DELIVERABLES/JOC55_ABRAXAS_V4_2_24_PREBUILT/09_MOTIONS_V4_2/AI_SELECTED_V4_2_24/04_HORIZONTALS/MH03/18_EDITORIAL_M4/MOTION_DECISION.json
765	7.43	/Users/lordjef/Downloads/ABRAXAS_V4_2_24_APPLE40M_RESUME_MASTER_PACKAGE/DELIVERABLES/JOC55_ABRAXAS_V4_2_24_PREBUILT/09_MOTIONS_V4_2/AI_SELECTED_V4_2_24/04_HORIZONTALS/MH03/19_EDITORIAL_M1/02_PROMPT_ANIMAR_MOTION.txt
88	7.43	/Users/lordjef/Downloads/ABRAXAS_V4_2_24_APPLE40M_RESUME_MASTER_PACKAGE/DELIVERABLES/JOC55_ABRAXAS_V4_2_24_PREBUILT/09_MOTIONS_V4_2/AI_SELECTED_V4_2_24/04_HORIZONTALS/MH03/19_EDITORIAL_M1/20_MOTION_FINAL/COLOCAR_AQUI_MOTION_FINAL.txt
1491	7.43	/Users/lordjef/Downloads/ABRAXAS_V4_2_24_APPLE40M_RESUME_MASTER_PACKAGE/DELIVERABLES/JOC55_ABRAXAS_V4_2_24_PREBUILT/09_MOTIONS_V4_2/AI_SELECTED_V4_2_24/04_HORIZONTALS/MH03/19_EDITORIAL_M1/MOTION_DECISION.json
667	7.43	/Users/lordjef/Downloads/ABRAXAS_V4_2_24_APPLE40M_RESUME_MASTER_PACKAGE/DELIVERABLES/JOC55_ABRAXAS_V4_2_24_PREBUILT/09_MOTIONS_V4_2/AI_SELECTED_V4_2_24/04_HORIZONTALS/MH03/20_EDITORIAL_M1/02_PROMPT_ANIMAR_MOTION.txt
88	7.43	/Users/lordjef/Downloads/ABRAXAS_V4_2_24_APPLE40M_RESUME_MASTER_PACKAGE/DELIVERABLES/JOC55_ABRAXAS_V4_2_24_PREBUILT/09_MOTIONS_V4_2/AI_SELECTED_V4_2_24/04_HORIZONTALS/MH03/20_EDITORIAL_M1/20_MOTION_FINAL/COLOCAR_AQUI_MOTION_FINAL.txt
1397	7.43	/Users/lordjef/Downloads/ABRAXAS_V4_2_24_APPLE40M_RESUME_MASTER_PACKAGE/DELIVERABLES/JOC55_ABRAXAS_V4_2_24_PREBUILT/09_MOTIONS_V4_2/AI_SELECTED_V4_2_24/04_HORIZONTALS/MH03/20_EDITORIAL_M1/MOTION_DECISION.json
713	7.43	/Users/lordjef/Downloads/ABRAXAS_V4_2_24_APPLE40M_RESUME_MASTER_PACKAGE/DELIVERABLES/JOC55_ABRAXAS_V4_2_24_PREBUILT/09_MOTIONS_V4_2/AI_SELECTED_V4_2_24/04_HORIZONTALS/MH03/21_EDITORIAL_M1/02_PROMPT_ANIMAR_MOTION.txt
88	7.43	/Users/lordjef/Downloads/ABRAXAS_V4_2_24_APPLE40M_RESUME_MASTER_PACKAGE/DELIVERABLES/JOC55_ABRAXAS_V4_2_24_PREBUILT/09_MOTIONS_V4_2/AI_SELECTED_V4_2_24/04_HORIZONTALS/MH03/21_EDITORIAL_M1/20_MOTION_FINAL/COLOCAR_AQUI_MOTION_FINAL.txt
1449	7.43	/Users/lordjef/Downloads/ABRAXAS_V4_2_24_APPLE40M_RESUME_MASTER_PACKAGE/DELIVERABLES/JOC55_ABRAXAS_V4_2_24_PREBUILT/09_MOTIONS_V4_2/AI_SELECTED_V4_2_24/04_HORIZONTALS/MH03/21_EDITORIAL_M1/MOTION_DECISION.json
4367	7.43	/Users/lordjef/Downloads/ABRAXAS_V4_2_24_APPLE40M_RESUME_MASTER_PACKAGE/DELIVERABLES/JOC55_ABRAXAS_V4_2_24_PREBUILT/09_MOTIONS_V4_2/AI_SELECTED_V4_2_24/04_HORIZONTALS/MH04/00_MOTION_INDEX.json
740	7.43	/Users/lordjef/Downloads/ABRAXAS_V4_2_24_APPLE40M_RESUME_MASTER_PACKAGE/DELIVERABLES/JOC55_ABRAXAS_V4_2_24_PREBUILT/09_MOTIONS_V4_2/AI_SELECTED_V4_2_24/04_HORIZONTALS/MH04/01_EDITORIAL_M1/02_PROMPT_ANIMAR_MOTION.txt
88	7.43	/Users/lordjef/Downloads/ABRAXAS_V4_2_24_APPLE40M_RESUME_MASTER_PACKAGE/DELIVERABLES/JOC55_ABRAXAS_V4_2_24_PREBUILT/09_MOTIONS_V4_2/AI_SELECTED_V4_2_24/04_HORIZONTALS/MH04/01_EDITORIAL_M1/20_MOTION_FINAL/COLOCAR_AQUI_MOTION_FINAL.txt
1461	7.43	/Users/lordjef/Downloads/ABRAXAS_V4_2_24_APPLE40M_RESUME_MASTER_PACKAGE/DELIVERABLES/JOC55_ABRAXAS_V4_2_24_PREBUILT/09_MOTIONS_V4_2/AI_SELECTED_V4_2_24/04_HORIZONTALS/MH04/01_EDITORIAL_M1/MOTION_DECISION.json
706	7.43	/Users/lordjef/Downloads/ABRAXAS_V4_2_24_APPLE40M_RESUME_MASTER_PACKAGE/DELIVERABLES/JOC55_ABRAXAS_V4_2_24_PREBUILT/09_MOTIONS_V4_2/AI_SELECTED_V4_2_24/04_HORIZONTALS/MH04/02_EDITORIAL_M1/02_PROMPT_ANIMAR_MOTION.txt
88	7.43	/Users/lordjef/Downloads/ABRAXAS_V4_2_24_APPLE40M_RESUME_MASTER_PACKAGE/DELIVERABLES/JOC55_ABRAXAS_V4_2_24_PREBUILT/09_MOTIONS_V4_2/AI_SELECTED_V4_2_24/04_HORIZONTALS/MH04/02_EDITORIAL_M1/20_MOTION_FINAL/COLOCAR_AQUI_MOTION_FINAL.txt
1430	7.43	/Users/lordjef/Downloads/ABRAXAS_V4_2_24_APPLE40M_RESUME_MASTER_PACKAGE/DELIVERABLES/JOC55_ABRAXAS_V4_2_24_PREBUILT/09_MOTIONS_V4_2/AI_SELECTED_V4_2_24/04_HORIZONTALS/MH04/02_EDITORIAL_M1/MOTION_DECISION.json
675	7.43	/Users/lordjef/Downloads/ABRAXAS_V4_2_24_APPLE40M_RESUME_MASTER_PACKAGE/DELIVERABLES/JOC55_ABRAXAS_V4_2_24_PREBUILT/09_MOTIONS_V4_2/AI_SELECTED_V4_2_24/04_HORIZONTALS/MH04/03_EDITORIAL_M1/02_PROMPT_ANIMAR_MOTION.txt
88	7.43	/Users/lordjef/Downloads/ABRAXAS_V4_2_24_APPLE40M_RESUME_MASTER_PACKAGE/DELIVERABLES/JOC55_ABRAXAS_V4_2_24_PREBUILT/09_MOTIONS_V4_2/AI_SELECTED_V4_2_24/04_HORIZONTALS/MH04/03_EDITORIAL_M1/20_MOTION_FINAL/COLOCAR_AQUI_MOTION_FINAL.txt
1408	7.43	/Users/lordjef/Downloads/ABRAXAS_V4_2_24_APPLE40M_RESUME_MASTER_PACKAGE/DELIVERABLES/JOC55_ABRAXAS_V4_2_24_PREBUILT/09_MOTIONS_V4_2/AI_SELECTED_V4_2_24/04_HORIZONTALS/MH04/03_EDITORIAL_M1/MOTION_DECISION.json
773	7.43	/Users/lordjef/Downloads/ABRAXAS_V4_2_24_APPLE40M_RESUME_MASTER_PACKAGE/DELIVERABLES/JOC55_ABRAXAS_V4_2_24_PREBUILT/09_MOTIONS_V4_2/AI_SELECTED_V4_2_24/04_HORIZONTALS/MH04/04_EDITORIAL_M1/02_PROMPT_ANIMAR_MOTION.txt
88	7.43	/Users/lordjef/Downloads/ABRAXAS_V4_2_24_APPLE40M_RESUME_MASTER_PACKAGE/DELIVERABLES/JOC55_ABRAXAS_V4_2_24_PREBUILT/09_MOTIONS_V4_2/AI_SELECTED_V4_2_24/04_HORIZONTALS/MH04/04_EDITORIAL_M1/20_MOTION_FINAL/COLOCAR_AQUI_MOTION_FINAL.txt
1500	7.43	/Users/lordjef/Downloads/ABRAXAS_V4_2_24_APPLE40M_RESUME_MASTER_PACKAGE/DELIVERABLES/JOC55_ABRAXAS_V4_2_24_PREBUILT/09_MOTIONS_V4_2/AI_SELECTED_V4_2_24/04_HORIZONTALS/MH04/04_EDITORIAL_M1/MOTION_DECISION.json
741	7.43	/Users/lordjef/Downloads/ABRAXAS_V4_2_24_APPLE40M_RESUME_MASTER_PACKAGE/DELIVERABLES/JOC55_ABRAXAS_V4_2_24_PREBUILT/09_MOTIONS_V4_2/AI_SELECTED_V4_2_24/04_HORIZONTALS/MH04/05_EDITORIAL_M3/02_PROMPT_ANIMAR_MOTION.txt
88	7.43	/Users/lordjef/Downloads/ABRAXAS_V4_2_24_APPLE40M_RESUME_MASTER_PACKAGE/DELIVERABLES/JOC55_ABRAXAS_V4_2_24_PREBUILT/09_MOTIONS_V4_2/AI_SELECTED_V4_2_24/04_HORIZONTALS/MH04/05_EDITORIAL_M3/20_MOTION_FINAL/COLOCAR_AQUI_MOTION_FINAL.txt
1444	7.43	/Users/lordjef/Downloads/ABRAXAS_V4_2_24_APPLE40M_RESUME_MASTER_PACKAGE/DELIVERABLES/JOC55_ABRAXAS_V4_2_24_PREBUILT/09_MOTIONS_V4_2/AI_SELECTED_V4_2_24/04_HORIZONTALS/MH04/05_EDITORIAL_M3/MOTION_DECISION.json
736	7.43	/Users/lordjef/Downloads/ABRAXAS_V4_2_24_APPLE40M_RESUME_MASTER_PACKAGE/DELIVERABLES/JOC55_ABRAXAS_V4_2_24_PREBUILT/09_MOTIONS_V4_2/AI_SELECTED_V4_2_24/04_HORIZONTALS/MH04/06_EDITORIAL_M1/02_PROMPT_ANIMAR_MOTION.txt
88	7.43	/Users/lordjef/Downloads/ABRAXAS_V4_2_24_APPLE40M_RESUME_MASTER_PACKAGE/DELIVERABLES/JOC55_ABRAXAS_V4_2_24_PREBUILT/09_MOTIONS_V4_2/AI_SELECTED_V4_2_24/04_HORIZONTALS/MH04/06_EDITORIAL_M1/20_MOTION_FINAL/COLOCAR_AQUI_MOTION_FINAL.txt
1461	7.43	/Users/lordjef/Downloads/ABRAXAS_V4_2_24_APPLE40M_RESUME_MASTER_PACKAGE/DELIVERABLES/JOC55_ABRAXAS_V4_2_24_PREBUILT/09_MOTIONS_V4_2/AI_SELECTED_V4_2_24/04_HORIZONTALS/MH04/06_EDITORIAL_M1/MOTION_DECISION.json
726	7.43	/Users/lordjef/Downloads/ABRAXAS_V4_2_24_APPLE40M_RESUME_MASTER_PACKAGE/DELIVERABLES/JOC55_ABRAXAS_V4_2_24_PREBUILT/09_MOTIONS_V4_2/AI_SELECTED_V4_2_24/04_HORIZONTALS/MH04/07_EDITORIAL_M1/02_PROMPT_ANIMAR_MOTION.txt
88	7.43	/Users/lordjef/Downloads/ABRAXAS_V4_2_24_APPLE40M_RESUME_MASTER_PACKAGE/DELIVERABLES/JOC55_ABRAXAS_V4_2_24_PREBUILT/09_MOTIONS_V4_2/AI_SELECTED_V4_2_24/04_HORIZONTALS/MH04/07_EDITORIAL_M1/20_MOTION_FINAL/COLOCAR_AQUI_MOTION_FINAL.txt
1451	7.43	/Users/lordjef/Downloads/ABRAXAS_V4_2_24_APPLE40M_RESUME_MASTER_PACKAGE/DELIVERABLES/JOC55_ABRAXAS_V4_2_24_PREBUILT/09_MOTIONS_V4_2/AI_SELECTED_V4_2_24/04_HORIZONTALS/MH04/07_EDITORIAL_M1/MOTION_DECISION.json
681	7.43	/Users/lordjef/Downloads/ABRAXAS_V4_2_24_APPLE40M_RESUME_MASTER_PACKAGE/DELIVERABLES/JOC55_ABRAXAS_V4_2_24_PREBUILT/09_MOTIONS_V4_2/AI_SELECTED_V4_2_24/04_HORIZONTALS/MH04/08_EDITORIAL_M1/02_PROMPT_ANIMAR_MOTION.txt
88	7.43	/Users/lordjef/Downloads/ABRAXAS_V4_2_24_APPLE40M_RESUME_MASTER_PACKAGE/DELIVERABLES/JOC55_ABRAXAS_V4_2_24_PREBUILT/09_MOTIONS_V4_2/AI_SELECTED_V4_2_24/04_HORIZONTALS/MH04/08_EDITORIAL_M1/20_MOTION_FINAL/COLOCAR_AQUI_MOTION_FINAL.txt
1410	7.43	/Users/lordjef/Downloads/ABRAXAS_V4_2_24_APPLE40M_RESUME_MASTER_PACKAGE/DELIVERABLES/JOC55_ABRAXAS_V4_2_24_PREBUILT/09_MOTIONS_V4_2/AI_SELECTED_V4_2_24/04_HORIZONTALS/MH04/08_EDITORIAL_M1/MOTION_DECISION.json
687	7.43	/Users/lordjef/Downloads/ABRAXAS_V4_2_24_APPLE40M_RESUME_MASTER_PACKAGE/DELIVERABLES/JOC55_ABRAXAS_V4_2_24_PREBUILT/09_MOTIONS_V4_2/AI_SELECTED_V4_2_24/04_HORIZONTALS/MH04/09_EDITORIAL_M4/02_PROMPT_ANIMAR_MOTION.txt
88	7.43	/Users/lordjef/Downloads/ABRAXAS_V4_2_24_APPLE40M_RESUME_MASTER_PACKAGE/DELIVERABLES/JOC55_ABRAXAS_V4_2_24_PREBUILT/09_MOTIONS_V4_2/AI_SELECTED_V4_2_24/04_HORIZONTALS/MH04/09_EDITORIAL_M4/20_MOTION_FINAL/COLOCAR_AQUI_MOTION_FINAL.txt
1369	7.43	/Users/lordjef/Downloads/ABRAXAS_V4_2_24_APPLE40M_RESUME_MASTER_PACKAGE/DELIVERABLES/JOC55_ABRAXAS_V4_2_24_PREBUILT/09_MOTIONS_V4_2/AI_SELECTED_V4_2_24/04_HORIZONTALS/MH04/09_EDITORIAL_M4/MOTION_DECISION.json
671	7.43	/Users/lordjef/Downloads/ABRAXAS_V4_2_24_APPLE40M_RESUME_MASTER_PACKAGE/DELIVERABLES/JOC55_ABRAXAS_V4_2_24_PREBUILT/09_MOTIONS_V4_2/AI_SELECTED_V4_2_24/04_HORIZONTALS/MH04/10_EDITORIAL_M4/02_PROMPT_ANIMAR_MOTION.txt
88	7.43	/Users/lordjef/Downloads/ABRAXAS_V4_2_24_APPLE40M_RESUME_MASTER_PACKAGE/DELIVERABLES/JOC55_ABRAXAS_V4_2_24_PREBUILT/09_MOTIONS_V4_2/AI_SELECTED_V4_2_24/04_HORIZONTALS/MH04/10_EDITORIAL_M4/20_MOTION_FINAL/COLOCAR_AQUI_MOTION_FINAL.txt
1354	7.43	/Users/lordjef/Downloads/ABRAXAS_V4_2_24_APPLE40M_RESUME_MASTER_PACKAGE/DELIVERABLES/JOC55_ABRAXAS_V4_2_24_PREBUILT/09_MOTIONS_V4_2/AI_SELECTED_V4_2_24/04_HORIZONTALS/MH04/10_EDITORIAL_M4/MOTION_DECISION.json
713	7.43	/Users/lordjef/Downloads/ABRAXAS_V4_2_24_APPLE40M_RESUME_MASTER_PACKAGE/DELIVERABLES/JOC55_ABRAXAS_V4_2_24_PREBUILT/09_MOTIONS_V4_2/AI_SELECTED_V4_2_24/04_HORIZONTALS/MH04/11_EDITORIAL_M1/02_PROMPT_ANIMAR_MOTION.txt
88	7.43	/Users/lordjef/Downloads/ABRAXAS_V4_2_24_APPLE40M_RESUME_MASTER_PACKAGE/DELIVERABLES/JOC55_ABRAXAS_V4_2_24_PREBUILT/09_MOTIONS_V4_2/AI_SELECTED_V4_2_24/04_HORIZONTALS/MH04/11_EDITORIAL_M1/20_MOTION_FINAL/COLOCAR_AQUI_MOTION_FINAL.txt
1439	7.43	/Users/lordjef/Downloads/ABRAXAS_V4_2_24_APPLE40M_RESUME_MASTER_PACKAGE/DELIVERABLES/JOC55_ABRAXAS_V4_2_24_PREBUILT/09_MOTIONS_V4_2/AI_SELECTED_V4_2_24/04_HORIZONTALS/MH04/11_EDITORIAL_M1/MOTION_DECISION.json
686	7.43	/Users/lordjef/Downloads/ABRAXAS_V4_2_24_APPLE40M_RESUME_MASTER_PACKAGE/DELIVERABLES/JOC55_ABRAXAS_V4_2_24_PREBUILT/09_MOTIONS_V4_2/AI_SELECTED_V4_2_24/04_HORIZONTALS/MH04/12_EDITORIAL_M1/02_PROMPT_ANIMAR_MOTION.txt
88	7.43	/Users/lordjef/Downloads/ABRAXAS_V4_2_24_APPLE40M_RESUME_MASTER_PACKAGE/DELIVERABLES/JOC55_ABRAXAS_V4_2_24_PREBUILT/09_MOTIONS_V4_2/AI_SELECTED_V4_2_24/04_HORIZONTALS/MH04/12_EDITORIAL_M1/20_MOTION_FINAL/COLOCAR_AQUI_MOTION_FINAL.txt
1416	7.43	/Users/lordjef/Downloads/ABRAXAS_V4_2_24_APPLE40M_RESUME_MASTER_PACKAGE/DELIVERABLES/JOC55_ABRAXAS_V4_2_24_PREBUILT/09_MOTIONS_V4_2/AI_SELECTED_V4_2_24/04_HORIZONTALS/MH04/12_EDITORIAL_M1/MOTION_DECISION.json
749	7.43	/Users/lordjef/Downloads/ABRAXAS_V4_2_24_APPLE40M_RESUME_MASTER_PACKAGE/DELIVERABLES/JOC55_ABRAXAS_V4_2_24_PREBUILT/09_MOTIONS_V4_2/AI_SELECTED_V4_2_24/04_HORIZONTALS/MH04/13_EDITORIAL_M6/02_PROMPT_ANIMAR_MOTION.txt
88	7.43	/Users/lordjef/Downloads/ABRAXAS_V4_2_24_APPLE40M_RESUME_MASTER_PACKAGE/DELIVERABLES/JOC55_ABRAXAS_V4_2_24_PREBUILT/09_MOTIONS_V4_2/AI_SELECTED_V4_2_24/04_HORIZONTALS/MH04/13_EDITORIAL_M6/20_MOTION_FINAL/COLOCAR_AQUI_MOTION_FINAL.txt
1460	7.43	/Users/lordjef/Downloads/ABRAXAS_V4_2_24_APPLE40M_RESUME_MASTER_PACKAGE/DELIVERABLES/JOC55_ABRAXAS_V4_2_24_PREBUILT/09_MOTIONS_V4_2/AI_SELECTED_V4_2_24/04_HORIZONTALS/MH04/13_EDITORIAL_M6/MOTION_DECISION.json
749	7.43	/Users/lordjef/Downloads/ABRAXAS_V4_2_24_APPLE40M_RESUME_MASTER_PACKAGE/DELIVERABLES/JOC55_ABRAXAS_V4_2_24_PREBUILT/09_MOTIONS_V4_2/AI_SELECTED_V4_2_24/04_HORIZONTALS/MH04/14_EDITORIAL_M1/02_PROMPT_ANIMAR_MOTION.txt
88	7.43	/Users/lordjef/Downloads/ABRAXAS_V4_2_24_APPLE40M_RESUME_MASTER_PACKAGE/DELIVERABLES/JOC55_ABRAXAS_V4_2_24_PREBUILT/09_MOTIONS_V4_2/AI_SELECTED_V4_2_24/04_HORIZONTALS/MH04/14_EDITORIAL_M1/20_MOTION_FINAL/COLOCAR_AQUI_MOTION_FINAL.txt
1475	7.43	/Users/lordjef/Downloads/ABRAXAS_V4_2_24_APPLE40M_RESUME_MASTER_PACKAGE/DELIVERABLES/JOC55_ABRAXAS_V4_2_24_PREBUILT/09_MOTIONS_V4_2/AI_SELECTED_V4_2_24/04_HORIZONTALS/MH04/14_EDITORIAL_M1/MOTION_DECISION.json
715	7.43	/Users/lordjef/Downloads/ABRAXAS_V4_2_24_APPLE40M_RESUME_MASTER_PACKAGE/DELIVERABLES/JOC55_ABRAXAS_V4_2_24_PREBUILT/09_MOTIONS_V4_2/AI_SELECTED_V4_2_24/04_HORIZONTALS/MH04/15_EDITORIAL_M1/02_PROMPT_ANIMAR_MOTION.txt
88	7.43	/Users/lordjef/Downloads/ABRAXAS_V4_2_24_APPLE40M_RESUME_MASTER_PACKAGE/DELIVERABLES/JOC55_ABRAXAS_V4_2_24_PREBUILT/09_MOTIONS_V4_2/AI_SELECTED_V4_2_24/04_HORIZONTALS/MH04/15_EDITORIAL_M1/20_MOTION_FINAL/COLOCAR_AQUI_MOTION_FINAL.txt
1441	7.43	/Users/lordjef/Downloads/ABRAXAS_V4_2_24_APPLE40M_RESUME_MASTER_PACKAGE/DELIVERABLES/JOC55_ABRAXAS_V4_2_24_PREBUILT/09_MOTIONS_V4_2/AI_SELECTED_V4_2_24/04_HORIZONTALS/MH04/15_EDITORIAL_M1/MOTION_DECISION.json
788	7.43	/Users/lordjef/Downloads/ABRAXAS_V4_2_24_APPLE40M_RESUME_MASTER_PACKAGE/DELIVERABLES/JOC55_ABRAXAS_V4_2_24_PREBUILT/09_MOTIONS_V4_2/AI_SELECTED_V4_2_24/04_HORIZONTALS/MH04/16_EDITORIAL_M1/02_PROMPT_ANIMAR_MOTION.txt
88	7.43	/Users/lordjef/Downloads/ABRAXAS_V4_2_24_APPLE40M_RESUME_MASTER_PACKAGE/DELIVERABLES/JOC55_ABRAXAS_V4_2_24_PREBUILT/09_MOTIONS_V4_2/AI_SELECTED_V4_2_24/04_HORIZONTALS/MH04/16_EDITORIAL_M1/20_MOTION_FINAL/COLOCAR_AQUI_MOTION_FINAL.txt
1516	7.43	/Users/lordjef/Downloads/ABRAXAS_V4_2_24_APPLE40M_RESUME_MASTER_PACKAGE/DELIVERABLES/JOC55_ABRAXAS_V4_2_24_PREBUILT/09_MOTIONS_V4_2/AI_SELECTED_V4_2_24/04_HORIZONTALS/MH04/16_EDITORIAL_M1/MOTION_DECISION.json
668	7.43	/Users/lordjef/Downloads/ABRAXAS_V4_2_24_APPLE40M_RESUME_MASTER_PACKAGE/DELIVERABLES/JOC55_ABRAXAS_V4_2_24_PREBUILT/09_MOTIONS_V4_2/AI_SELECTED_V4_2_24/04_HORIZONTALS/MH04/17_EDITORIAL_M1/02_PROMPT_ANIMAR_MOTION.txt
88	7.43	/Users/lordjef/Downloads/ABRAXAS_V4_2_24_APPLE40M_RESUME_MASTER_PACKAGE/DELIVERABLES/JOC55_ABRAXAS_V4_2_24_PREBUILT/09_MOTIONS_V4_2/AI_SELECTED_V4_2_24/04_HORIZONTALS/MH04/17_EDITORIAL_M1/20_MOTION_FINAL/COLOCAR_AQUI_MOTION_FINAL.txt
1400	7.43	/Users/lordjef/Downloads/ABRAXAS_V4_2_24_APPLE40M_RESUME_MASTER_PACKAGE/DELIVERABLES/JOC55_ABRAXAS_V4_2_24_PREBUILT/09_MOTIONS_V4_2/AI_SELECTED_V4_2_24/04_HORIZONTALS/MH04/17_EDITORIAL_M1/MOTION_DECISION.json
747	7.43	/Users/lordjef/Downloads/ABRAXAS_V4_2_24_APPLE40M_RESUME_MASTER_PACKAGE/DELIVERABLES/JOC55_ABRAXAS_V4_2_24_PREBUILT/09_MOTIONS_V4_2/AI_SELECTED_V4_2_24/04_HORIZONTALS/MH04/18_EDITORIAL_M3/02_PROMPT_ANIMAR_MOTION.txt
88	7.43	/Users/lordjef/Downloads/ABRAXAS_V4_2_24_APPLE40M_RESUME_MASTER_PACKAGE/DELIVERABLES/JOC55_ABRAXAS_V4_2_24_PREBUILT/09_MOTIONS_V4_2/AI_SELECTED_V4_2_24/04_HORIZONTALS/MH04/18_EDITORIAL_M3/20_MOTION_FINAL/COLOCAR_AQUI_MOTION_FINAL.txt
1453	7.43	/Users/lordjef/Downloads/ABRAXAS_V4_2_24_APPLE40M_RESUME_MASTER_PACKAGE/DELIVERABLES/JOC55_ABRAXAS_V4_2_24_PREBUILT/09_MOTIONS_V4_2/AI_SELECTED_V4_2_24/04_HORIZONTALS/MH04/18_EDITORIAL_M3/MOTION_DECISION.json
789	7.43	/Users/lordjef/Downloads/ABRAXAS_V4_2_24_APPLE40M_RESUME_MASTER_PACKAGE/DELIVERABLES/JOC55_ABRAXAS_V4_2_24_PREBUILT/09_MOTIONS_V4_2/AI_SELECTED_V4_2_24/04_HORIZONTALS/MH04/19_EDITORIAL_M6/02_PROMPT_ANIMAR_MOTION.txt
88	7.43	/Users/lordjef/Downloads/ABRAXAS_V4_2_24_APPLE40M_RESUME_MASTER_PACKAGE/DELIVERABLES/JOC55_ABRAXAS_V4_2_24_PREBUILT/09_MOTIONS_V4_2/AI_SELECTED_V4_2_24/04_HORIZONTALS/MH04/19_EDITORIAL_M6/20_MOTION_FINAL/COLOCAR_AQUI_MOTION_FINAL.txt
1502	7.43	/Users/lordjef/Downloads/ABRAXAS_V4_2_24_APPLE40M_RESUME_MASTER_PACKAGE/DELIVERABLES/JOC55_ABRAXAS_V4_2_24_PREBUILT/09_MOTIONS_V4_2/AI_SELECTED_V4_2_24/04_HORIZONTALS/MH04/19_EDITORIAL_M6/MOTION_DECISION.json
764	7.43	/Users/lordjef/Downloads/ABRAXAS_V4_2_24_APPLE40M_RESUME_MASTER_PACKAGE/DELIVERABLES/JOC55_ABRAXAS_V4_2_24_PREBUILT/09_MOTIONS_V4_2/AI_SELECTED_V4_2_24/04_HORIZONTALS/MH04/20_EDITORIAL_M1/02_PROMPT_ANIMAR_MOTION.txt
88	7.43	/Users/lordjef/Downloads/ABRAXAS_V4_2_24_APPLE40M_RESUME_MASTER_PACKAGE/DELIVERABLES/JOC55_ABRAXAS_V4_2_24_PREBUILT/09_MOTIONS_V4_2/AI_SELECTED_V4_2_24/04_HORIZONTALS/MH04/20_EDITORIAL_M1/20_MOTION_FINAL/COLOCAR_AQUI_MOTION_FINAL.txt
1492	7.43	/Users/lordjef/Downloads/ABRAXAS_V4_2_24_APPLE40M_RESUME_MASTER_PACKAGE/DELIVERABLES/JOC55_ABRAXAS_V4_2_24_PREBUILT/09_MOTIONS_V4_2/AI_SELECTED_V4_2_24/04_HORIZONTALS/MH04/20_EDITORIAL_M1/MOTION_DECISION.json
755	7.43	/Users/lordjef/Downloads/ABRAXAS_V4_2_24_APPLE40M_RESUME_MASTER_PACKAGE/DELIVERABLES/JOC55_ABRAXAS_V4_2_24_PREBUILT/09_MOTIONS_V4_2/AI_SELECTED_V4_2_24/04_HORIZONTALS/MH04/21_EDITORIAL_M3/02_PROMPT_ANIMAR_MOTION.txt
88	7.43	/Users/lordjef/Downloads/ABRAXAS_V4_2_24_APPLE40M_RESUME_MASTER_PACKAGE/DELIVERABLES/JOC55_ABRAXAS_V4_2_24_PREBUILT/09_MOTIONS_V4_2/AI_SELECTED_V4_2_24/04_HORIZONTALS/MH04/21_EDITORIAL_M3/20_MOTION_FINAL/COLOCAR_AQUI_MOTION_FINAL.txt
1461	7.43	/Users/lordjef/Downloads/ABRAXAS_V4_2_24_APPLE40M_RESUME_MASTER_PACKAGE/DELIVERABLES/JOC55_ABRAXAS_V4_2_24_PREBUILT/09_MOTIONS_V4_2/AI_SELECTED_V4_2_24/04_HORIZONTALS/MH04/21_EDITORIAL_M3/MOTION_DECISION.json
722	7.43	/Users/lordjef/Downloads/ABRAXAS_V4_2_24_APPLE40M_RESUME_MASTER_PACKAGE/DELIVERABLES/JOC55_ABRAXAS_V4_2_24_PREBUILT/09_MOTIONS_V4_2/AI_SELECTED_V4_2_24/04_HORIZONTALS/MH04/22_EDITORIAL_M1/02_PROMPT_ANIMAR_MOTION.txt
88	7.43	/Users/lordjef/Downloads/ABRAXAS_V4_2_24_APPLE40M_RESUME_MASTER_PACKAGE/DELIVERABLES/JOC55_ABRAXAS_V4_2_24_PREBUILT/09_MOTIONS_V4_2/AI_SELECTED_V4_2_24/04_HORIZONTALS/MH04/22_EDITORIAL_M1/20_MOTION_FINAL/COLOCAR_AQUI_MOTION_FINAL.txt
1450	7.43	/Users/lordjef/Downloads/ABRAXAS_V4_2_24_APPLE40M_RESUME_MASTER_PACKAGE/DELIVERABLES/JOC55_ABRAXAS_V4_2_24_PREBUILT/09_MOTIONS_V4_2/AI_SELECTED_V4_2_24/04_HORIZONTALS/MH04/22_EDITORIAL_M1/MOTION_DECISION.json
1057	7.43	/Users/lordjef/Downloads/ABRAXAS_V4_2_24_APPLE40M_RESUME_MASTER_PACKAGE/DOCS/01_CONTEXTO_COMPLETO_ABRAXAS.md
857	7.43	/Users/lordjef/Downloads/ABRAXAS_V4_2_24_APPLE40M_RESUME_MASTER_PACKAGE/DOCS/04_OBJETIVO_HOTFIX_V4_2_24.md
1043	7.43	/Users/lordjef/Downloads/ABRAXAS_V4_2_24_APPLE40M_RESUME_MASTER_PACKAGE/DOCS/05_LOGICA_MOTION_ENGINE.md
994	7.43	/Users/lordjef/Downloads/ABRAXAS_V4_2_24_APPLE40M_RESUME_MASTER_PACKAGE/DOCS/06_CRITERIOS_IA_PARA_SELECCIONAR_MOTIONS.md
774	7.43	/Users/lordjef/Downloads/ABRAXAS_V4_2_24_APPLE40M_RESUME_MASTER_PACKAGE/DOCS/13_PLAN_DE_IMPLEMENTACION_HOTFIX.md
805	7.39	/Users/lordjef/Downloads/ABRAXAS_V4_2_24_APPLE40M_RESUME_MASTER_PACKAGE/DOCS/15_HOTFIX_MOTION_1080P_40M.md
71016	7.39	/Users/lordjef/Downloads/ABRAXAS_V4_2_24_APPLE40M_RESUME_MASTER_PACKAGE/ENGINE/ai_motion_engine_v4_2_24.py
1470	7.41	/Users/lordjef/Downloads/ABRAXAS_V4_2_24_APPLE40M_RESUME_MASTER_PACKAGE/FINAL_DELIVERY_REPORT.txt
824	7.39	/Users/lordjef/Downloads/ABRAXAS_V4_2_24_APPLE40M_RESUME_MASTER_PACKAGE/HOTFIX_MOTION_1080P_40M_APPLIED.json
605613	7.43	/Users/lordjef/Downloads/ABRAXAS_V4_2_24_APPLE40M_RESUME_MASTER_PACKAGE/INPUT/ABRAXAS_MOTION_SYSTEM_V6_DOCUMENTATION_ARCHIVE.html
644133	7.43	/Users/lordjef/Downloads/ABRAXAS_V4_2_24_APPLE40M_RESUME_MASTER_PACKAGE/INPUT/ABRAXAS_MOTION_SYSTEM_V7_INTERACTIVE.html
1849	7.39	/Users/lordjef/Downloads/ABRAXAS_V4_2_24_APPLE40M_RESUME_MASTER_PACKAGE/PACKAGE_MANIFEST.json
1431	7.41	/Users/lordjef/Downloads/ABRAXAS_V4_2_24_APPLE40M_RESUME_MASTER_PACKAGE/README_PARA_NUEVA_IA.txt
846836	7.41	/Users/lordjef/Downloads/ABRAXAS_V4_2_24_APPLE40M_RESUME_MASTER_PACKAGE/SHA256SUMS.txt
150	7.41	/Users/lordjef/Downloads/ABRAXAS_V4_2_24_APPLE40M_RESUME_MASTER_PACKAGE/TERMINAL/ABRAXAS_MONITOR_APPLE40M.command
3174	7.41	/Users/lordjef/Downloads/ABRAXAS_V4_2_24_APPLE40M_RESUME_MASTER_PACKAGE/TERMINAL/CREAR_HOTFIX.command
825	7.43	/Users/lordjef/Downloads/ABRAXAS_V4_2_24_APPLE40M_RESUME_MASTER_PACKAGE/TERMINAL/DIAGNOSTICO_ABRAXAS.command
18904572	7.43	/Users/lordjef/Downloads/ABRAXAS_V4_2_24_CONTINUITY_MASTER_PACKAGE(2).zip
4538	7.45	/Users/lordjef/Downloads/ABRAXAS_V4_2_24_CONTINUITY_MASTER_PACKAGE.zip
1083	7.43	/Users/lordjef/Downloads/ABRAXAS_V4_2_24_CONTINUITY_MASTER_PACKAGE/00_LEER_PRIMERO.txt
1057	7.43	/Users/lordjef/Downloads/ABRAXAS_V4_2_24_CONTINUITY_MASTER_PACKAGE/01_CONTEXTO_COMPLETO_ABRAXAS.md
1133	7.43	/Users/lordjef/Downloads/ABRAXAS_V4_2_24_CONTINUITY_MASTER_PACKAGE/02_ESTADO_ACTUAL_V4_2_23.md
857	7.43	/Users/lordjef/Downloads/ABRAXAS_V4_2_24_CONTINUITY_MASTER_PACKAGE/03_OBJETIVO_HOTFIX_V4_2_24.md
934	7.43	/Users/lordjef/Downloads/ABRAXAS_V4_2_24_CONTINUITY_MASTER_PACKAGE/04_REGLAS_Y_CONTRATOS_DE_PRODUCCION.md
1043	7.43	/Users/lordjef/Downloads/ABRAXAS_V4_2_24_CONTINUITY_MASTER_PACKAGE/05_LOGICA_MOTION_ENGINE.md
994	7.43	/Users/lordjef/Downloads/ABRAXAS_V4_2_24_CONTINUITY_MASTER_PACKAGE/06_CRITERIOS_IA_PARA_SELECCIONAR_MOTIONS.md
766	7.43	/Users/lordjef/Downloads/ABRAXAS_V4_2_24_CONTINUITY_MASTER_PACKAGE/07_REGLAS_VERTICALES.md
645	7.43	/Users/lordjef/Downloads/ABRAXAS_V4_2_24_CONTINUITY_MASTER_PACKAGE/08_REGLAS_HORIZONTALES.md
679	7.43	/Users/lordjef/Downloads/ABRAXAS_V4_2_24_CONTINUITY_MASTER_PACKAGE/09_REGLAS_HTML_ENGINE.md
970	7.43	/Users/lordjef/Downloads/ABRAXAS_V4_2_24_CONTINUITY_MASTER_PACKAGE/10_REGLAS_RENDER_Y_DAVINCI.md
672	7.43	/Users/lordjef/Downloads/ABRAXAS_V4_2_24_CONTINUITY_MASTER_PACKAGE/11_ARCHIVOS_PROTEGIDOS.md
774	7.43	/Users/lordjef/Downloads/ABRAXAS_V4_2_24_CONTINUITY_MASTER_PACKAGE/12_PLAN_DE_IMPLEMENTACION_HOTFIX.md
1052	7.43	/Users/lordjef/Downloads/ABRAXAS_V4_2_24_CONTINUITY_MASTER_PACKAGE/13_CHECKLIST_VALIDACION_FINAL.md
1439	7.43	/Users/lordjef/Downloads/ABRAXAS_V4_2_24_CONTINUITY_MASTER_PACKAGE/14_AUDITORIA_RECURSIVA_ZIPS.md
10110960	7.43	/Users/lordjef/Downloads/ABRAXAS_V4_2_24_CONTINUITY_MASTER_PACKAGE/AUTOMATION/ABRAXAS_V4_2_5_EXECUTABLE_BASELINE_VERIFIED.zip
627	7.43	/Users/lordjef/Downloads/ABRAXAS_V4_2_24_CONTINUITY_MASTER_PACKAGE/DELIVERABLES/JOC55_ABRAXAS_V4_2_24_PREBUILT/00_MANIFEST/AI_MOTION_DECISION_REPORT_V4_2_24.txt
1606	7.43	/Users/lordjef/Downloads/ABRAXAS_V4_2_24_CONTINUITY_MASTER_PACKAGE/DELIVERABLES/JOC55_ABRAXAS_V4_2_24_PREBUILT/00_MANIFEST/AI_MOTION_VALIDATION_V4_2_24.json
2021391	7.43	/Users/lordjef/Downloads/ABRAXAS_V4_2_24_CONTINUITY_MASTER_PACKAGE/DELIVERABLES/JOC55_ABRAXAS_V4_2_24_PREBUILT/00_MANIFEST/FINAL_AI_MOTION_DECISIONS_V4_2_24.json
2021391	7.43	/Users/lordjef/Downloads/ABRAXAS_V4_2_24_CONTINUITY_MASTER_PACKAGE/DELIVERABLES/JOC55_ABRAXAS_V4_2_24_PREBUILT/00_MANIFEST/FINAL_AI_MOTION_MAP_V4_2_24.json
192439	7.43	/Users/lordjef/Downloads/ABRAXAS_V4_2_24_CONTINUITY_MASTER_PACKAGE/DELIVERABLES/JOC55_ABRAXAS_V4_2_24_PREBUILT/00_MANIFEST/RENDER_QUEUE_AI_MOTIONS_V4_2_24.json
1239	7.43	/Users/lordjef/Downloads/ABRAXAS_V4_2_24_CONTINUITY_MASTER_PACKAGE/DELIVERABLES/JOC55_ABRAXAS_V4_2_24_PREBUILT/09_MOTIONS_V4_2/AI_SELECTED_V4_2_24/03_VERTICALS/JV01/00_MOTION_INDEX.json
668	7.43	/Users/lordjef/Downloads/ABRAXAS_V4_2_24_CONTINUITY_MASTER_PACKAGE/DELIVERABLES/JOC55_ABRAXAS_V4_2_24_PREBUILT/09_MOTIONS_V4_2/AI_SELECTED_V4_2_24/03_VERTICALS/JV01/01_HOOK_M1/02_PROMPT_ANIMAR_MOTION.txt
88	7.43	/Users/lordjef/Downloads/ABRAXAS_V4_2_24_CONTINUITY_MASTER_PACKAGE/DELIVERABLES/JOC55_ABRAXAS_V4_2_24_PREBUILT/09_MOTIONS_V4_2/AI_SELECTED_V4_2_24/03_VERTICALS/JV01/01_HOOK_M1/20_MOTION_FINAL/COLOCAR_AQUI_MOTION_FINAL.txt
1393	7.43	/Users/lordjef/Downloads/ABRAXAS_V4_2_24_CONTINUITY_MASTER_PACKAGE/DELIVERABLES/JOC55_ABRAXAS_V4_2_24_PREBUILT/09_MOTIONS_V4_2/AI_SELECTED_V4_2_24/03_VERTICALS/JV01/01_HOOK_M1/MOTION_DECISION.json
708	7.43	/Users/lordjef/Downloads/ABRAXAS_V4_2_24_CONTINUITY_MASTER_PACKAGE/DELIVERABLES/JOC55_ABRAXAS_V4_2_24_PREBUILT/09_MOTIONS_V4_2/AI_SELECTED_V4_2_24/03_VERTICALS/JV01/02_TENSION_M1/02_PROMPT_ANIMAR_MOTION.txt
88	7.43	/Users/lordjef/Downloads/ABRAXAS_V4_2_24_CONTINUITY_MASTER_PACKAGE/DELIVERABLES/JOC55_ABRAXAS_V4_2_24_PREBUILT/09_MOTIONS_V4_2/AI_SELECTED_V4_2_24/03_VERTICALS/JV01/02_TENSION_M1/20_MOTION_FINAL/COLOCAR_AQUI_MOTION_FINAL.txt
1417	7.43	/Users/lordjef/Downloads/ABRAXAS_V4_2_24_CONTINUITY_MASTER_PACKAGE/DELIVERABLES/JOC55_ABRAXAS_V4_2_24_PREBUILT/09_MOTIONS_V4_2/AI_SELECTED_V4_2_24/03_VERTICALS/JV01/02_TENSION_M1/MOTION_DECISION.json
685	7.43	/Users/lordjef/Downloads/ABRAXAS_V4_2_24_CONTINUITY_MASTER_PACKAGE/DELIVERABLES/JOC55_ABRAXAS_V4_2_24_PREBUILT/09_MOTIONS_V4_2/AI_SELECTED_V4_2_24/03_VERTICALS/JV01/03_CORE_M1/02_PROMPT_ANIMAR_MOTION.txt
88	7.43	/Users/lordjef/Downloads/ABRAXAS_V4_2_24_CONTINUITY_MASTER_PACKAGE/DELIVERABLES/JOC55_ABRAXAS_V4_2_24_PREBUILT/09_MOTIONS_V4_2/AI_SELECTED_V4_2_24/03_VERTICALS/JV01/03_CORE_M1/20_MOTION_FINAL/COLOCAR_AQUI_MOTION_FINAL.txt
1406	7.43	/Users/lordjef/Downloads/ABRAXAS_V4_2_24_CONTINUITY_MASTER_PACKAGE/DELIVERABLES/JOC55_ABRAXAS_V4_2_24_PREBUILT/09_MOTIONS_V4_2/AI_SELECTED_V4_2_24/03_VERTICALS/JV01/03_CORE_M1/MOTION_DECISION.json
765	7.43	/Users/lordjef/Downloads/ABRAXAS_V4_2_24_CONTINUITY_MASTER_PACKAGE/DELIVERABLES/JOC55_ABRAXAS_V4_2_24_PREBUILT/09_MOTIONS_V4_2/AI_SELECTED_V4_2_24/03_VERTICALS/JV01/04_SHIFT_M1/02_PROMPT_ANIMAR_MOTION.txt
88	7.43	/Users/lordjef/Downloads/ABRAXAS_V4_2_24_CONTINUITY_MASTER_PACKAGE/DELIVERABLES/JOC55_ABRAXAS_V4_2_24_PREBUILT/09_MOTIONS_V4_2/AI_SELECTED_V4_2_24/03_VERTICALS/JV01/04_SHIFT_M1/20_MOTION_FINAL/COLOCAR_AQUI_MOTION_FINAL.txt
1479	7.43	/Users/lordjef/Downloads/ABRAXAS_V4_2_24_CONTINUITY_MASTER_PACKAGE/DELIVERABLES/JOC55_ABRAXAS_V4_2_24_PREBUILT/09_MOTIONS_V4_2/AI_SELECTED_V4_2_24/03_VERTICALS/JV01/04_SHIFT_M1/MOTION_DECISION.json
699	7.43	/Users/lordjef/Downloads/ABRAXAS_V4_2_24_CONTINUITY_MASTER_PACKAGE/DELIVERABLES/JOC55_ABRAXAS_V4_2_24_PREBUILT/09_MOTIONS_V4_2/AI_SELECTED_V4_2_24/03_VERTICALS/JV01/05_MEMORABLE_M5/02_PROMPT_ANIMAR_MOTION.txt
88	7.43	/Users/lordjef/Downloads/ABRAXAS_V4_2_24_CONTINUITY_MASTER_PACKAGE/DELIVERABLES/JOC55_ABRAXAS_V4_2_24_PREBUILT/09_MOTIONS_V4_2/AI_SELECTED_V4_2_24/03_VERTICALS/JV01/05_MEMORABLE_M5/20_MOTION_FINAL/COLOCAR_AQUI_MOTION_FINAL.txt
1460	7.43	/Users/lordjef/Downloads/ABRAXAS_V4_2_24_CONTINUITY_MASTER_PACKAGE/DELIVERABLES/JOC55_ABRAXAS_V4_2_24_PREBUILT/09_MOTIONS_V4_2/AI_SELECTED_V4_2_24/03_VERTICALS/JV01/05_MEMORABLE_M5/MOTION_DECISION.json
704	7.43	/Users/lordjef/Downloads/ABRAXAS_V4_2_24_CONTINUITY_MASTER_PACKAGE/DELIVERABLES/JOC55_ABRAXAS_V4_2_24_PREBUILT/09_MOTIONS_V4_2/AI_SELECTED_V4_2_24/03_VERTICALS/JV01/06_CLOSE_M1/02_PROMPT_ANIMAR_MOTION.txt
88	7.43	/Users/lordjef/Downloads/ABRAXAS_V4_2_24_CONTINUITY_MASTER_PACKAGE/DELIVERABLES/JOC55_ABRAXAS_V4_2_24_PREBUILT/09_MOTIONS_V4_2/AI_SELECTED_V4_2_24/03_VERTICALS/JV01/06_CLOSE_M1/20_MOTION_FINAL/COLOCAR_AQUI_MOTION_FINAL.txt
1438	7.43	/Users/lordjef/Downloads/ABRAXAS_V4_2_24_CONTINUITY_MASTER_PACKAGE/DELIVERABLES/JOC55_ABRAXAS_V4_2_24_PREBUILT/09_MOTIONS_V4_2/AI_SELECTED_V4_2_24/03_VERTICALS/JV01/06_CLOSE_M1/MOTION_DECISION.json
1239	7.43	/Users/lordjef/Downloads/ABRAXAS_V4_2_24_CONTINUITY_MASTER_PACKAGE/DELIVERABLES/JOC55_ABRAXAS_V4_2_24_PREBUILT/09_MOTIONS_V4_2/AI_SELECTED_V4_2_24/03_VERTICALS/JV02/00_MOTION_INDEX.json
630	7.43	/Users/lordjef/Downloads/ABRAXAS_V4_2_24_CONTINUITY_MASTER_PACKAGE/DELIVERABLES/JOC55_ABRAXAS_V4_2_24_PREBUILT/09_MOTIONS_V4_2/AI_SELECTED_V4_2_24/03_VERTICALS/JV02/01_HOOK_M3/02_PROMPT_ANIMAR_MOTION.txt
88	7.43	/Users/lordjef/Downloads/ABRAXAS_V4_2_24_CONTINUITY_MASTER_PACKAGE/DELIVERABLES/JOC55_ABRAXAS_V4_2_24_PREBUILT/09_MOTIONS_V4_2/AI_SELECTED_V4_2_24/03_VERTICALS/JV02/01_HOOK_M3/20_MOTION_FINAL/COLOCAR_AQUI_MOTION_FINAL.txt
1338	7.43	/Users/lordjef/Downloads/ABRAXAS_V4_2_24_CONTINUITY_MASTER_PACKAGE/DELIVERABLES/JOC55_ABRAXAS_V4_2_24_PREBUILT/09_MOTIONS_V4_2/AI_SELECTED_V4_2_24/03_VERTICALS/JV02/01_HOOK_M3/MOTION_DECISION.json
645	7.43	/Users/lordjef/Downloads/ABRAXAS_V4_2_24_CONTINUITY_MASTER_PACKAGE/DELIVERABLES/JOC55_ABRAXAS_V4_2_24_PREBUILT/09_MOTIONS_V4_2/AI_SELECTED_V4_2_24/03_VERTICALS/JV02/02_TENSION_M3/02_PROMPT_ANIMAR_MOTION.txt
88	7.43	/Users/lordjef/Downloads/ABRAXAS_V4_2_24_CONTINUITY_MASTER_PACKAGE/DELIVERABLES/JOC55_ABRAXAS_V4_2_24_PREBUILT/09_MOTIONS_V4_2/AI_SELECTED_V4_2_24/03_VERTICALS/JV02/02_TENSION_M3/20_MOTION_FINAL/COLOCAR_AQUI_MOTION_FINAL.txt
1330	7.43	/Users/lordjef/Downloads/ABRAXAS_V4_2_24_CONTINUITY_MASTER_PACKAGE/DELIVERABLES/JOC55_ABRAXAS_V4_2_24_PREBUILT/09_MOTIONS_V4_2/AI_SELECTED_V4_2_24/03_VERTICALS/JV02/02_TENSION_M3/MOTION_DECISION.json
634	7.43	/Users/lordjef/Downloads/ABRAXAS_V4_2_24_CONTINUITY_MASTER_PACKAGE/DELIVERABLES/JOC55_ABRAXAS_V4_2_24_PREBUILT/09_MOTIONS_V4_2/AI_SELECTED_V4_2_24/03_VERTICALS/JV02/03_CORE_M1/02_PROMPT_ANIMAR_MOTION.txt
88	7.43	/Users/lordjef/Downloads/ABRAXAS_V4_2_24_CONTINUITY_MASTER_PACKAGE/DELIVERABLES/JOC55_ABRAXAS_V4_2_24_PREBUILT/09_MOTIONS_V4_2/AI_SELECTED_V4_2_24/03_VERTICALS/JV02/03_CORE_M1/20_MOTION_FINAL/COLOCAR_AQUI_MOTION_FINAL.txt
1359	7.43	/Users/lordjef/Downloads/ABRAXAS_V4_2_24_CONTINUITY_MASTER_PACKAGE/DELIVERABLES/JOC55_ABRAXAS_V4_2_24_PREBUILT/09_MOTIONS_V4_2/AI_SELECTED_V4_2_24/03_VERTICALS/JV02/03_CORE_M1/MOTION_DECISION.json
653	7.43	/Users/lordjef/Downloads/ABRAXAS_V4_2_24_CONTINUITY_MASTER_PACKAGE/DELIVERABLES/JOC55_ABRAXAS_V4_2_24_PREBUILT/09_MOTIONS_V4_2/AI_SELECTED_V4_2_24/03_VERTICALS/JV02/04_SHIFT_M4/02_PROMPT_ANIMAR_MOTION.txt
88	7.43	/Users/lordjef/Downloads/ABRAXAS_V4_2_24_CONTINUITY_MASTER_PACKAGE/DELIVERABLES/JOC55_ABRAXAS_V4_2_24_PREBUILT/09_MOTIONS_V4_2/AI_SELECTED_V4_2_24/03_VERTICALS/JV02/04_SHIFT_M4/20_MOTION_FINAL/COLOCAR_AQUI_MOTION_FINAL.txt
1334	7.43	/Users/lordjef/Downloads/ABRAXAS_V4_2_24_CONTINUITY_MASTER_PACKAGE/DELIVERABLES/JOC55_ABRAXAS_V4_2_24_PREBUILT/09_MOTIONS_V4_2/AI_SELECTED_V4_2_24/03_VERTICALS/JV02/04_SHIFT_M4/MOTION_DECISION.json
635	7.43	/Users/lordjef/Downloads/ABRAXAS_V4_2_24_CONTINUITY_MASTER_PACKAGE/DELIVERABLES/JOC55_ABRAXAS_V4_2_24_PREBUILT/09_MOTIONS_V4_2/AI_SELECTED_V4_2_24/03_VERTICALS/JV02/05_MEMORABLE_M3/02_PROMPT_ANIMAR_MOTION.txt
88	7.43	/Users/lordjef/Downloads/ABRAXAS_V4_2_24_CONTINUITY_MASTER_PACKAGE/DELIVERABLES/JOC55_ABRAXAS_V4_2_24_PREBUILT/09_MOTIONS_V4_2/AI_SELECTED_V4_2_24/03_VERTICALS/JV02/05_MEMORABLE_M3/20_MOTION_FINAL/COLOCAR_AQUI_MOTION_FINAL.txt
1320	7.43	/Users/lordjef/Downloads/ABRAXAS_V4_2_24_CONTINUITY_MASTER_PACKAGE/DELIVERABLES/JOC55_ABRAXAS_V4_2_24_PREBUILT/09_MOTIONS_V4_2/AI_SELECTED_V4_2_24/03_VERTICALS/JV02/05_MEMORABLE_M3/MOTION_DECISION.json
618	7.43	/Users/lordjef/Downloads/ABRAXAS_V4_2_24_CONTINUITY_MASTER_PACKAGE/DELIVERABLES/JOC55_ABRAXAS_V4_2_24_PREBUILT/09_MOTIONS_V4_2/AI_SELECTED_V4_2_24/03_VERTICALS/JV02/06_CLOSE_M3/02_PROMPT_ANIMAR_MOTION.txt
88	7.43	/Users/lordjef/Downloads/ABRAXAS_V4_2_24_CONTINUITY_MASTER_PACKAGE/DELIVERABLES/JOC55_ABRAXAS_V4_2_24_PREBUILT/09_MOTIONS_V4_2/AI_SELECTED_V4_2_24/03_VERTICALS/JV02/06_CLOSE_M3/20_MOTION_FINAL/COLOCAR_AQUI_MOTION_FINAL.txt
1326	7.43	/Users/lordjef/Downloads/ABRAXAS_V4_2_24_CONTINUITY_MASTER_PACKAGE/DELIVERABLES/JOC55_ABRAXAS_V4_2_24_PREBUILT/09_MOTIONS_V4_2/AI_SELECTED_V4_2_24/03_VERTICALS/JV02/06_CLOSE_M3/MOTION_DECISION.json
1239	7.43	/Users/lordjef/Downloads/ABRAXAS_V4_2_24_CONTINUITY_MASTER_PACKAGE/DELIVERABLES/JOC55_ABRAXAS_V4_2_24_PREBUILT/09_MOTIONS_V4_2/AI_SELECTED_V4_2_24/03_VERTICALS/JV03/00_MOTION_INDEX.json
612	7.43	/Users/lordjef/Downloads/ABRAXAS_V4_2_24_CONTINUITY_MASTER_PACKAGE/DELIVERABLES/JOC55_ABRAXAS_V4_2_24_PREBUILT/09_MOTIONS_V4_2/AI_SELECTED_V4_2_24/03_VERTICALS/JV03/01_HOOK_M3/02_PROMPT_ANIMAR_MOTION.txt
88	7.43	/Users/lordjef/Downloads/ABRAXAS_V4_2_24_CONTINUITY_MASTER_PACKAGE/DELIVERABLES/JOC55_ABRAXAS_V4_2_24_PREBUILT/09_MOTIONS_V4_2/AI_SELECTED_V4_2_24/03_VERTICALS/JV03/01_HOOK_M3/20_MOTION_FINAL/COLOCAR_AQUI_MOTION_FINAL.txt
1312	7.43	/Users/lordjef/Downloads/ABRAXAS_V4_2_24_CONTINUITY_MASTER_PACKAGE/DELIVERABLES/JOC55_ABRAXAS_V4_2_24_PREBUILT/09_MOTIONS_V4_2/AI_SELECTED_V4_2_24/03_VERTICALS/JV03/01_HOOK_M3/MOTION_DECISION.json
743	7.43	/Users/lordjef/Downloads/ABRAXAS_V4_2_24_CONTINUITY_MASTER_PACKAGE/DELIVERABLES/JOC55_ABRAXAS_V4_2_24_PREBUILT/09_MOTIONS_V4_2/AI_SELECTED_V4_2_24/03_VERTICALS/JV03/02_TENSION_M3/02_PROMPT_ANIMAR_MOTION.txt
88	7.43	/Users/lordjef/Downloads/ABRAXAS_V4_2_24_CONTINUITY_MASTER_PACKAGE/DELIVERABLES/JOC55_ABRAXAS_V4_2_24_PREBUILT/09_MOTIONS_V4_2/AI_SELECTED_V4_2_24/03_VERTICALS/JV03/02_TENSION_M3/20_MOTION_FINAL/COLOCAR_AQUI_MOTION_FINAL.txt
1422	7.43	/Users/lordjef/Downloads/ABRAXAS_V4_2_24_CONTINUITY_MASTER_PACKAGE/DELIVERABLES/JOC55_ABRAXAS_V4_2_24_PREBUILT/09_MOTIONS_V4_2/AI_SELECTED_V4_2_24/03_VERTICALS/JV03/02_TENSION_M3/MOTION_DECISION.json
754	7.43	/Users/lordjef/Downloads/ABRAXAS_V4_2_24_CONTINUITY_MASTER_PACKAGE/DELIVERABLES/JOC55_ABRAXAS_V4_2_24_PREBUILT/09_MOTIONS_V4_2/AI_SELECTED_V4_2_24/03_VERTICALS/JV03/03_CORE_M1/02_PROMPT_ANIMAR_MOTION.txt
88	7.43	/Users/lordjef/Downloads/ABRAXAS_V4_2_24_CONTINUITY_MASTER_PACKAGE/DELIVERABLES/JOC55_ABRAXAS_V4_2_24_PREBUILT/09_MOTIONS_V4_2/AI_SELECTED_V4_2_24/03_VERTICALS/JV03/03_CORE_M1/20_MOTION_FINAL/COLOCAR_AQUI_MOTION_FINAL.txt
1456	7.43	/Users/lordjef/Downloads/ABRAXAS_V4_2_24_CONTINUITY_MASTER_PACKAGE/DELIVERABLES/JOC55_ABRAXAS_V4_2_24_PREBUILT/09_MOTIONS_V4_2/AI_SELECTED_V4_2_24/03_VERTICALS/JV03/03_CORE_M1/MOTION_DECISION.json
782	7.43	/Users/lordjef/Downloads/ABRAXAS_V4_2_24_CONTINUITY_MASTER_PACKAGE/DELIVERABLES/JOC55_ABRAXAS_V4_2_24_PREBUILT/09_MOTIONS_V4_2/AI_SELECTED_V4_2_24/03_VERTICALS/JV03/04_SHIFT_M6/02_PROMPT_ANIMAR_MOTION.txt
88	7.43	/Users/lordjef/Downloads/ABRAXAS_V4_2_24_CONTINUITY_MASTER_PACKAGE/DELIVERABLES/JOC55_ABRAXAS_V4_2_24_PREBUILT/09_MOTIONS_V4_2/AI_SELECTED_V4_2_24/03_VERTICALS/JV03/04_SHIFT_M6/20_MOTION_FINAL/COLOCAR_AQUI_MOTION_FINAL.txt
1472	7.43	/Users/lordjef/Downloads/ABRAXAS_V4_2_24_CONTINUITY_MASTER_PACKAGE/DELIVERABLES/JOC55_ABRAXAS_V4_2_24_PREBUILT/09_MOTIONS_V4_2/AI_SELECTED_V4_2_24/03_VERTICALS/JV03/04_SHIFT_M6/MOTION_DECISION.json
677	7.43	/Users/lordjef/Downloads/ABRAXAS_V4_2_24_CONTINUITY_MASTER_PACKAGE/DELIVERABLES/JOC55_ABRAXAS_V4_2_24_PREBUILT/09_MOTIONS_V4_2/AI_SELECTED_V4_2_24/03_VERTICALS/JV03/05_MEMORABLE_M3/02_PROMPT_ANIMAR_MOTION.txt
88	7.43	/Users/lordjef/Downloads/ABRAXAS_V4_2_24_CONTINUITY_MASTER_PACKAGE/DELIVERABLES/JOC55_ABRAXAS_V4_2_24_PREBUILT/09_MOTIONS_V4_2/AI_SELECTED_V4_2_24/03_VERTICALS/JV03/05_MEMORABLE_M3/20_MOTION_FINAL/COLOCAR_AQUI_MOTION_FINAL.txt
1359	7.43	/Users/lordjef/Downloads/ABRAXAS_V4_2_24_CONTINUITY_MASTER_PACKAGE/DELIVERABLES/JOC55_ABRAXAS_V4_2_24_PREBUILT/09_MOTIONS_V4_2/AI_SELECTED_V4_2_24/03_VERTICALS/JV03/05_MEMORABLE_M3/MOTION_DECISION.json
726	7.43	/Users/lordjef/Downloads/ABRAXAS_V4_2_24_CONTINUITY_MASTER_PACKAGE/DELIVERABLES/JOC55_ABRAXAS_V4_2_24_PREBUILT/09_MOTIONS_V4_2/AI_SELECTED_V4_2_24/03_VERTICALS/JV03/06_CLOSE_M2/02_PROMPT_ANIMAR_MOTION.txt
497	7.43	/Users/lordjef/Downloads/ABRAXAS_V4_2_24_CONTINUITY_MASTER_PACKAGE/DELIVERABLES/JOC55_ABRAXAS_V4_2_24_PREBUILT/09_MOTIONS_V4_2/AI_SELECTED_V4_2_24/03_VERTICALS/JV03/06_CLOSE_M2/10_ASSETS/MOTION2_TEXT_SEGMENTS_EXACT.json
88	7.43	/Users/lordjef/Downloads/ABRAXAS_V4_2_24_CONTINUITY_MASTER_PACKAGE/DELIVERABLES/JOC55_ABRAXAS_V4_2_24_PREBUILT/09_MOTIONS_V4_2/AI_SELECTED_V4_2_24/03_VERTICALS/JV03/06_CLOSE_M2/20_MOTION_FINAL/COLOCAR_AQUI_MOTION_FINAL.txt
1567	7.43	/Users/lordjef/Downloads/ABRAXAS_V4_2_24_CONTINUITY_MASTER_PACKAGE/DELIVERABLES/JOC55_ABRAXAS_V4_2_24_PREBUILT/09_MOTIONS_V4_2/AI_SELECTED_V4_2_24/03_VERTICALS/JV03/06_CLOSE_M2/MOTION_DECISION.json
1239	7.43	/Users/lordjef/Downloads/ABRAXAS_V4_2_24_CONTINUITY_MASTER_PACKAGE/DELIVERABLES/JOC55_ABRAXAS_V4_2_24_PREBUILT/09_MOTIONS_V4_2/AI_SELECTED_V4_2_24/03_VERTICALS/JV04/00_MOTION_INDEX.json
674	7.43	/Users/lordjef/Downloads/ABRAXAS_V4_2_24_CONTINUITY_MASTER_PACKAGE/DELIVERABLES/JOC55_ABRAXAS_V4_2_24_PREBUILT/09_MOTIONS_V4_2/AI_SELECTED_V4_2_24/03_VERTICALS/JV04/01_HOOK_M3/02_PROMPT_ANIMAR_MOTION.txt
88	7.43	/Users/lordjef/Downloads/ABRAXAS_V4_2_24_CONTINUITY_MASTER_PACKAGE/DELIVERABLES/JOC55_ABRAXAS_V4_2_24_PREBUILT/09_MOTIONS_V4_2/AI_SELECTED_V4_2_24/03_VERTICALS/JV04/01_HOOK_M3/20_MOTION_FINAL/COLOCAR_AQUI_MOTION_FINAL.txt
1376	7.43	/Users/lordjef/Downloads/ABRAXAS_V4_2_24_CONTINUITY_MASTER_PACKAGE/DELIVERABLES/JOC55_ABRAXAS_V4_2_24_PREBUILT/09_MOTIONS_V4_2/AI_SELECTED_V4_2_24/03_VERTICALS/JV04/01_HOOK_M3/MOTION_DECISION.json
706	7.43	/Users/lordjef/Downloads/ABRAXAS_V4_2_24_CONTINUITY_MASTER_PACKAGE/DELIVERABLES/JOC55_ABRAXAS_V4_2_24_PREBUILT/09_MOTIONS_V4_2/AI_SELECTED_V4_2_24/03_VERTICALS/JV04/02_TENSION_M2/02_PROMPT_ANIMAR_MOTION.txt
431	7.43	/Users/lordjef/Downloads/ABRAXAS_V4_2_24_CONTINUITY_MASTER_PACKAGE/DELIVERABLES/JOC55_ABRAXAS_V4_2_24_PREBUILT/09_MOTIONS_V4_2/AI_SELECTED_V4_2_24/03_VERTICALS/JV04/02_TENSION_M2/10_ASSETS/MOTION2_TEXT_SEGMENTS_EXACT.json
88	7.43	/Users/lordjef/Downloads/ABRAXAS_V4_2_24_CONTINUITY_MASTER_PACKAGE/DELIVERABLES/JOC55_ABRAXAS_V4_2_24_PREBUILT/09_MOTIONS_V4_2/AI_SELECTED_V4_2_24/03_VERTICALS/JV04/02_TENSION_M2/20_MOTION_FINAL/COLOCAR_AQUI_MOTION_FINAL.txt
1523	7.43	/Users/lordjef/Downloads/ABRAXAS_V4_2_24_CONTINUITY_MASTER_PACKAGE/DELIVERABLES/JOC55_ABRAXAS_V4_2_24_PREBUILT/09_MOTIONS_V4_2/AI_SELECTED_V4_2_24/03_VERTICALS/JV04/02_TENSION_M2/MOTION_DECISION.json
656	7.43	/Users/lordjef/Downloads/ABRAXAS_V4_2_24_CONTINUITY_MASTER_PACKAGE/DELIVERABLES/JOC55_ABRAXAS_V4_2_24_PREBUILT/09_MOTIONS_V4_2/AI_SELECTED_V4_2_24/03_VERTICALS/JV04/03_CORE_M4/02_PROMPT_ANIMAR_MOTION.txt
88	7.43	/Users/lordjef/Downloads/ABRAXAS_V4_2_24_CONTINUITY_MASTER_PACKAGE/DELIVERABLES/JOC55_ABRAXAS_V4_2_24_PREBUILT/09_MOTIONS_V4_2/AI_SELECTED_V4_2_24/03_VERTICALS/JV04/03_CORE_M4/20_MOTION_FINAL/COLOCAR_AQUI_MOTION_FINAL.txt
1313	7.43	/Users/lordjef/Downloads/ABRAXAS_V4_2_24_CONTINUITY_MASTER_PACKAGE/DELIVERABLES/JOC55_ABRAXAS_V4_2_24_PREBUILT/09_MOTIONS_V4_2/AI_SELECTED_V4_2_24/03_VERTICALS/JV04/03_CORE_M4/MOTION_DECISION.json
654	7.43	/Users/lordjef/Downloads/ABRAXAS_V4_2_24_CONTINUITY_MASTER_PACKAGE/DELIVERABLES/JOC55_ABRAXAS_V4_2_24_PREBUILT/09_MOTIONS_V4_2/AI_SELECTED_V4_2_24/03_VERTICALS/JV04/04_SHIFT_M4/02_PROMPT_ANIMAR_MOTION.txt
88	7.43	/Users/lordjef/Downloads/ABRAXAS_V4_2_24_CONTINUITY_MASTER_PACKAGE/DELIVERABLES/JOC55_ABRAXAS_V4_2_24_PREBUILT/09_MOTIONS_V4_2/AI_SELECTED_V4_2_24/03_VERTICALS/JV04/04_SHIFT_M4/20_MOTION_FINAL/COLOCAR_AQUI_MOTION_FINAL.txt
1296	7.43	/Users/lordjef/Downloads/ABRAXAS_V4_2_24_CONTINUITY_MASTER_PACKAGE/DELIVERABLES/JOC55_ABRAXAS_V4_2_24_PREBUILT/09_MOTIONS_V4_2/AI_SELECTED_V4_2_24/03_VERTICALS/JV04/04_SHIFT_M4/MOTION_DECISION.json
677	7.43	/Users/lordjef/Downloads/ABRAXAS_V4_2_24_CONTINUITY_MASTER_PACKAGE/DELIVERABLES/JOC55_ABRAXAS_V4_2_24_PREBUILT/09_MOTIONS_V4_2/AI_SELECTED_V4_2_24/03_VERTICALS/JV04/05_MEMORABLE_M3/02_PROMPT_ANIMAR_MOTION.txt
88	7.43	/Users/lordjef/Downloads/ABRAXAS_V4_2_24_CONTINUITY_MASTER_PACKAGE/DELIVERABLES/JOC55_ABRAXAS_V4_2_24_PREBUILT/09_MOTIONS_V4_2/AI_SELECTED_V4_2_24/03_VERTICALS/JV04/05_MEMORABLE_M3/20_MOTION_FINAL/COLOCAR_AQUI_MOTION_FINAL.txt
1379	7.43	/Users/lordjef/Downloads/ABRAXAS_V4_2_24_CONTINUITY_MASTER_PACKAGE/DELIVERABLES/JOC55_ABRAXAS_V4_2_24_PREBUILT/09_MOTIONS_V4_2/AI_SELECTED_V4_2_24/03_VERTICALS/JV04/05_MEMORABLE_M3/MOTION_DECISION.json
650	7.43	/Users/lordjef/Downloads/ABRAXAS_V4_2_24_CONTINUITY_MASTER_PACKAGE/DELIVERABLES/JOC55_ABRAXAS_V4_2_24_PREBUILT/09_MOTIONS_V4_2/AI_SELECTED_V4_2_24/03_VERTICALS/JV04/06_CLOSE_M3/02_PROMPT_ANIMAR_MOTION.txt
88	7.43	/Users/lordjef/Downloads/ABRAXAS_V4_2_24_CONTINUITY_MASTER_PACKAGE/DELIVERABLES/JOC55_ABRAXAS_V4_2_24_PREBUILT/09_MOTIONS_V4_2/AI_SELECTED_V4_2_24/03_VERTICALS/JV04/06_CLOSE_M3/20_MOTION_FINAL/COLOCAR_AQUI_MOTION_FINAL.txt
1357	7.43	/Users/lordjef/Downloads/ABRAXAS_V4_2_24_CONTINUITY_MASTER_PACKAGE/DELIVERABLES/JOC55_ABRAXAS_V4_2_24_PREBUILT/09_MOTIONS_V4_2/AI_SELECTED_V4_2_24/03_VERTICALS/JV04/06_CLOSE_M3/MOTION_DECISION.json
1239	7.43	/Users/lordjef/Downloads/ABRAXAS_V4_2_24_CONTINUITY_MASTER_PACKAGE/DELIVERABLES/JOC55_ABRAXAS_V4_2_24_PREBUILT/09_MOTIONS_V4_2/AI_SELECTED_V4_2_24/03_VERTICALS/JV05/00_MOTION_INDEX.json
644	7.43	/Users/lordjef/Downloads/ABRAXAS_V4_2_24_CONTINUITY_MASTER_PACKAGE/DELIVERABLES/JOC55_ABRAXAS_V4_2_24_PREBUILT/09_MOTIONS_V4_2/AI_SELECTED_V4_2_24/03_VERTICALS/JV05/01_HOOK_M3/02_PROMPT_ANIMAR_MOTION.txt
88	7.43	/Users/lordjef/Downloads/ABRAXAS_V4_2_24_CONTINUITY_MASTER_PACKAGE/DELIVERABLES/JOC55_ABRAXAS_V4_2_24_PREBUILT/09_MOTIONS_V4_2/AI_SELECTED_V4_2_24/03_VERTICALS/JV05/01_HOOK_M3/20_MOTION_FINAL/COLOCAR_AQUI_MOTION_FINAL.txt
1331	7.43	/Users/lordjef/Downloads/ABRAXAS_V4_2_24_CONTINUITY_MASTER_PACKAGE/DELIVERABLES/JOC55_ABRAXAS_V4_2_24_PREBUILT/09_MOTIONS_V4_2/AI_SELECTED_V4_2_24/03_VERTICALS/JV05/01_HOOK_M3/MOTION_DECISION.json
663	7.43	/Users/lordjef/Downloads/ABRAXAS_V4_2_24_CONTINUITY_MASTER_PACKAGE/DELIVERABLES/JOC55_ABRAXAS_V4_2_24_PREBUILT/09_MOTIONS_V4_2/AI_SELECTED_V4_2_24/03_VERTICALS/JV05/02_TENSION_M1/02_PROMPT_ANIMAR_MOTION.txt
88	7.43	/Users/lordjef/Downloads/ABRAXAS_V4_2_24_CONTINUITY_MASTER_PACKAGE/DELIVERABLES/JOC55_ABRAXAS_V4_2_24_PREBUILT/09_MOTIONS_V4_2/AI_SELECTED_V4_2_24/03_VERTICALS/JV05/02_TENSION_M1/20_MOTION_FINAL/COLOCAR_AQUI_MOTION_FINAL.txt
1367	7.43	/Users/lordjef/Downloads/ABRAXAS_V4_2_24_CONTINUITY_MASTER_PACKAGE/DELIVERABLES/JOC55_ABRAXAS_V4_2_24_PREBUILT/09_MOTIONS_V4_2/AI_SELECTED_V4_2_24/03_VERTICALS/JV05/02_TENSION_M1/MOTION_DECISION.json
688	7.43	/Users/lordjef/Downloads/ABRAXAS_V4_2_24_CONTINUITY_MASTER_PACKAGE/DELIVERABLES/JOC55_ABRAXAS_V4_2_24_PREBUILT/09_MOTIONS_V4_2/AI_SELECTED_V4_2_24/03_VERTICALS/JV05/03_CORE_M1/02_PROMPT_ANIMAR_MOTION.txt
88	7.43	/Users/lordjef/Downloads/ABRAXAS_V4_2_24_CONTINUITY_MASTER_PACKAGE/DELIVERABLES/JOC55_ABRAXAS_V4_2_24_PREBUILT/09_MOTIONS_V4_2/AI_SELECTED_V4_2_24/03_VERTICALS/JV05/03_CORE_M1/20_MOTION_FINAL/COLOCAR_AQUI_MOTION_FINAL.txt
1397	7.43	/Users/lordjef/Downloads/ABRAXAS_V4_2_24_CONTINUITY_MASTER_PACKAGE/DELIVERABLES/JOC55_ABRAXAS_V4_2_24_PREBUILT/09_MOTIONS_V4_2/AI_SELECTED_V4_2_24/03_VERTICALS/JV05/03_CORE_M1/MOTION_DECISION.json
686	7.43	/Users/lordjef/Downloads/ABRAXAS_V4_2_24_CONTINUITY_MASTER_PACKAGE/DELIVERABLES/JOC55_ABRAXAS_V4_2_24_PREBUILT/09_MOTIONS_V4_2/AI_SELECTED_V4_2_24/03_VERTICALS/JV05/04_SHIFT_M3/02_PROMPT_ANIMAR_MOTION.txt
88	7.43	/Users/lordjef/Downloads/ABRAXAS_V4_2_24_CONTINUITY_MASTER_PACKAGE/DELIVERABLES/JOC55_ABRAXAS_V4_2_24_PREBUILT/09_MOTIONS_V4_2/AI_SELECTED_V4_2_24/03_VERTICALS/JV05/04_SHIFT_M3/20_MOTION_FINAL/COLOCAR_AQUI_MOTION_FINAL.txt
1372	7.43	/Users/lordjef/Downloads/ABRAXAS_V4_2_24_CONTINUITY_MASTER_PACKAGE/DELIVERABLES/JOC55_ABRAXAS_V4_2_24_PREBUILT/09_MOTIONS_V4_2/AI_SELECTED_V4_2_24/03_VERTICALS/JV05/04_SHIFT_M3/MOTION_DECISION.json
736	7.43	/Users/lordjef/Downloads/ABRAXAS_V4_2_24_CONTINUITY_MASTER_PACKAGE/DELIVERABLES/JOC55_ABRAXAS_V4_2_24_PREBUILT/09_MOTIONS_V4_2/AI_SELECTED_V4_2_24/03_VERTICALS/JV05/05_MEMORABLE_M3/02_PROMPT_ANIMAR_MOTION.txt
88	7.43	/Users/lordjef/Downloads/ABRAXAS_V4_2_24_CONTINUITY_MASTER_PACKAGE/DELIVERABLES/JOC55_ABRAXAS_V4_2_24_PREBUILT/09_MOTIONS_V4_2/AI_SELECTED_V4_2_24/03_VERTICALS/JV05/05_MEMORABLE_M3/20_MOTION_FINAL/COLOCAR_AQUI_MOTION_FINAL.txt
1420	7.43	/Users/lordjef/Downloads/ABRAXAS_V4_2_24_CONTINUITY_MASTER_PACKAGE/DELIVERABLES/JOC55_ABRAXAS_V4_2_24_PREBUILT/09_MOTIONS_V4_2/AI_SELECTED_V4_2_24/03_VERTICALS/JV05/05_MEMORABLE_M3/MOTION_DECISION.json
663	7.43	/Users/lordjef/Downloads/ABRAXAS_V4_2_24_CONTINUITY_MASTER_PACKAGE/DELIVERABLES/JOC55_ABRAXAS_V4_2_24_PREBUILT/09_MOTIONS_V4_2/AI_SELECTED_V4_2_24/03_VERTICALS/JV05/06_CLOSE_M3/02_PROMPT_ANIMAR_MOTION.txt
88	7.43	/Users/lordjef/Downloads/ABRAXAS_V4_2_24_CONTINUITY_MASTER_PACKAGE/DELIVERABLES/JOC55_ABRAXAS_V4_2_24_PREBUILT/09_MOTIONS_V4_2/AI_SELECTED_V4_2_24/03_VERTICALS/JV05/06_CLOSE_M3/20_MOTION_FINAL/COLOCAR_AQUI_MOTION_FINAL.txt
1370	7.43	/Users/lordjef/Downloads/ABRAXAS_V4_2_24_CONTINUITY_MASTER_PACKAGE/DELIVERABLES/JOC55_ABRAXAS_V4_2_24_PREBUILT/09_MOTIONS_V4_2/AI_SELECTED_V4_2_24/03_VERTICALS/JV05/06_CLOSE_M3/MOTION_DECISION.json
1239	7.43	/Users/lordjef/Downloads/ABRAXAS_V4_2_24_CONTINUITY_MASTER_PACKAGE/DELIVERABLES/JOC55_ABRAXAS_V4_2_24_PREBUILT/09_MOTIONS_V4_2/AI_SELECTED_V4_2_24/03_VERTICALS/JV06/00_MOTION_INDEX.json
674	7.43	/Users/lordjef/Downloads/ABRAXAS_V4_2_24_CONTINUITY_MASTER_PACKAGE/DELIVERABLES/JOC55_ABRAXAS_V4_2_24_PREBUILT/09_MOTIONS_V4_2/AI_SELECTED_V4_2_24/03_VERTICALS/JV06/01_HOOK_M3/02_PROMPT_ANIMAR_MOTION.txt
88	7.43	/Users/lordjef/Downloads/ABRAXAS_V4_2_24_CONTINUITY_MASTER_PACKAGE/DELIVERABLES/JOC55_ABRAXAS_V4_2_24_PREBUILT/09_MOTIONS_V4_2/AI_SELECTED_V4_2_24/03_VERTICALS/JV06/01_HOOK_M3/20_MOTION_FINAL/COLOCAR_AQUI_MOTION_FINAL.txt
1371	7.43	/Users/lordjef/Downloads/ABRAXAS_V4_2_24_CONTINUITY_MASTER_PACKAGE/DELIVERABLES/JOC55_ABRAXAS_V4_2_24_PREBUILT/09_MOTIONS_V4_2/AI_SELECTED_V4_2_24/03_VERTICALS/JV06/01_HOOK_M3/MOTION_DECISION.json
740	7.43	/Users/lordjef/Downloads/ABRAXAS_V4_2_24_CONTINUITY_MASTER_PACKAGE/DELIVERABLES/JOC55_ABRAXAS_V4_2_24_PREBUILT/09_MOTIONS_V4_2/AI_SELECTED_V4_2_24/03_VERTICALS/JV06/02_TENSION_M1/02_PROMPT_ANIMAR_MOTION.txt
88	7.43	/Users/lordjef/Downloads/ABRAXAS_V4_2_24_CONTINUITY_MASTER_PACKAGE/DELIVERABLES/JOC55_ABRAXAS_V4_2_24_PREBUILT/09_MOTIONS_V4_2/AI_SELECTED_V4_2_24/03_VERTICALS/JV06/02_TENSION_M1/20_MOTION_FINAL/COLOCAR_AQUI_MOTION_FINAL.txt
1450	7.43	/Users/lordjef/Downloads/ABRAXAS_V4_2_24_CONTINUITY_MASTER_PACKAGE/DELIVERABLES/JOC55_ABRAXAS_V4_2_24_PREBUILT/09_MOTIONS_V4_2/AI_SELECTED_V4_2_24/03_VERTICALS/JV06/02_TENSION_M1/MOTION_DECISION.json
702	7.43	/Users/lordjef/Downloads/ABRAXAS_V4_2_24_CONTINUITY_MASTER_PACKAGE/DELIVERABLES/JOC55_ABRAXAS_V4_2_24_PREBUILT/09_MOTIONS_V4_2/AI_SELECTED_V4_2_24/03_VERTICALS/JV06/03_CORE_M1/02_PROMPT_ANIMAR_MOTION.txt
88	7.43	/Users/lordjef/Downloads/ABRAXAS_V4_2_24_CONTINUITY_MASTER_PACKAGE/DELIVERABLES/JOC55_ABRAXAS_V4_2_24_PREBUILT/09_MOTIONS_V4_2/AI_SELECTED_V4_2_24/03_VERTICALS/JV06/03_CORE_M1/20_MOTION_FINAL/COLOCAR_AQUI_MOTION_FINAL.txt
1423	7.43	/Users/lordjef/Downloads/ABRAXAS_V4_2_24_CONTINUITY_MASTER_PACKAGE/DELIVERABLES/JOC55_ABRAXAS_V4_2_24_PREBUILT/09_MOTIONS_V4_2/AI_SELECTED_V4_2_24/03_VERTICALS/JV06/03_CORE_M1/MOTION_DECISION.json
658	7.43	/Users/lordjef/Downloads/ABRAXAS_V4_2_24_CONTINUITY_MASTER_PACKAGE/DELIVERABLES/JOC55_ABRAXAS_V4_2_24_PREBUILT/09_MOTIONS_V4_2/AI_SELECTED_V4_2_24/03_VERTICALS/JV06/04_SHIFT_M1/02_PROMPT_ANIMAR_MOTION.txt
88	7.43	/Users/lordjef/Downloads/ABRAXAS_V4_2_24_CONTINUITY_MASTER_PACKAGE/DELIVERABLES/JOC55_ABRAXAS_V4_2_24_PREBUILT/09_MOTIONS_V4_2/AI_SELECTED_V4_2_24/03_VERTICALS/JV06/04_SHIFT_M1/20_MOTION_FINAL/COLOCAR_AQUI_MOTION_FINAL.txt
1368	7.43	/Users/lordjef/Downloads/ABRAXAS_V4_2_24_CONTINUITY_MASTER_PACKAGE/DELIVERABLES/JOC55_ABRAXAS_V4_2_24_PREBUILT/09_MOTIONS_V4_2/AI_SELECTED_V4_2_24/03_VERTICALS/JV06/04_SHIFT_M1/MOTION_DECISION.json
745	7.43	/Users/lordjef/Downloads/ABRAXAS_V4_2_24_CONTINUITY_MASTER_PACKAGE/DELIVERABLES/JOC55_ABRAXAS_V4_2_24_PREBUILT/09_MOTIONS_V4_2/AI_SELECTED_V4_2_24/03_VERTICALS/JV06/05_MEMORABLE_M3/02_PROMPT_ANIMAR_MOTION.txt
88	7.43	/Users/lordjef/Downloads/ABRAXAS_V4_2_24_CONTINUITY_MASTER_PACKAGE/DELIVERABLES/JOC55_ABRAXAS_V4_2_24_PREBUILT/09_MOTIONS_V4_2/AI_SELECTED_V4_2_24/03_VERTICALS/JV06/05_MEMORABLE_M3/20_MOTION_FINAL/COLOCAR_AQUI_MOTION_FINAL.txt
1431	7.43	/Users/lordjef/Downloads/ABRAXAS_V4_2_24_CONTINUITY_MASTER_PACKAGE/DELIVERABLES/JOC55_ABRAXAS_V4_2_24_PREBUILT/09_MOTIONS_V4_2/AI_SELECTED_V4_2_24/03_VERTICALS/JV06/05_MEMORABLE_M3/MOTION_DECISION.json
657	7.43	/Users/lordjef/Downloads/ABRAXAS_V4_2_24_CONTINUITY_MASTER_PACKAGE/DELIVERABLES/JOC55_ABRAXAS_V4_2_24_PREBUILT/09_MOTIONS_V4_2/AI_SELECTED_V4_2_24/03_VERTICALS/JV06/06_CLOSE_M3/02_PROMPT_ANIMAR_MOTION.txt
88	7.43	/Users/lordjef/Downloads/ABRAXAS_V4_2_24_CONTINUITY_MASTER_PACKAGE/DELIVERABLES/JOC55_ABRAXAS_V4_2_24_PREBUILT/09_MOTIONS_V4_2/AI_SELECTED_V4_2_24/03_VERTICALS/JV06/06_CLOSE_M3/20_MOTION_FINAL/COLOCAR_AQUI_MOTION_FINAL.txt
1362	7.43	/Users/lordjef/Downloads/ABRAXAS_V4_2_24_CONTINUITY_MASTER_PACKAGE/DELIVERABLES/JOC55_ABRAXAS_V4_2_24_PREBUILT/09_MOTIONS_V4_2/AI_SELECTED_V4_2_24/03_VERTICALS/JV06/06_CLOSE_M3/MOTION_DECISION.json
1239	7.43	/Users/lordjef/Downloads/ABRAXAS_V4_2_24_CONTINUITY_MASTER_PACKAGE/DELIVERABLES/JOC55_ABRAXAS_V4_2_24_PREBUILT/09_MOTIONS_V4_2/AI_SELECTED_V4_2_24/03_VERTICALS/JV07/00_MOTION_INDEX.json
696	7.43	/Users/lordjef/Downloads/ABRAXAS_V4_2_24_CONTINUITY_MASTER_PACKAGE/DELIVERABLES/JOC55_ABRAXAS_V4_2_24_PREBUILT/09_MOTIONS_V4_2/AI_SELECTED_V4_2_24/03_VERTICALS/JV07/01_HOOK_M3/02_PROMPT_ANIMAR_MOTION.txt
88	7.43	/Users/lordjef/Downloads/ABRAXAS_V4_2_24_CONTINUITY_MASTER_PACKAGE/DELIVERABLES/JOC55_ABRAXAS_V4_2_24_PREBUILT/09_MOTIONS_V4_2/AI_SELECTED_V4_2_24/03_VERTICALS/JV07/01_HOOK_M3/20_MOTION_FINAL/COLOCAR_AQUI_MOTION_FINAL.txt
1380	7.43	/Users/lordjef/Downloads/ABRAXAS_V4_2_24_CONTINUITY_MASTER_PACKAGE/DELIVERABLES/JOC55_ABRAXAS_V4_2_24_PREBUILT/09_MOTIONS_V4_2/AI_SELECTED_V4_2_24/03_VERTICALS/JV07/01_HOOK_M3/MOTION_DECISION.json
772	7.43	/Users/lordjef/Downloads/ABRAXAS_V4_2_24_CONTINUITY_MASTER_PACKAGE/DELIVERABLES/JOC55_ABRAXAS_V4_2_24_PREBUILT/09_MOTIONS_V4_2/AI_SELECTED_V4_2_24/03_VERTICALS/JV07/02_TENSION_M3/02_PROMPT_ANIMAR_MOTION.txt
88	7.43	/Users/lordjef/Downloads/ABRAXAS_V4_2_24_CONTINUITY_MASTER_PACKAGE/DELIVERABLES/JOC55_ABRAXAS_V4_2_24_PREBUILT/09_MOTIONS_V4_2/AI_SELECTED_V4_2_24/03_VERTICALS/JV07/02_TENSION_M3/20_MOTION_FINAL/COLOCAR_AQUI_MOTION_FINAL.txt
1453	7.43	/Users/lordjef/Downloads/ABRAXAS_V4_2_24_CONTINUITY_MASTER_PACKAGE/DELIVERABLES/JOC55_ABRAXAS_V4_2_24_PREBUILT/09_MOTIONS_V4_2/AI_SELECTED_V4_2_24/03_VERTICALS/JV07/02_TENSION_M3/MOTION_DECISION.json
635	7.43	/Users/lordjef/Downloads/ABRAXAS_V4_2_24_CONTINUITY_MASTER_PACKAGE/DELIVERABLES/JOC55_ABRAXAS_V4_2_24_PREBUILT/09_MOTIONS_V4_2/AI_SELECTED_V4_2_24/03_VERTICALS/JV07/03_CORE_M4/02_PROMPT_ANIMAR_MOTION.txt
88	7.43	/Users/lordjef/Downloads/ABRAXAS_V4_2_24_CONTINUITY_MASTER_PACKAGE/DELIVERABLES/JOC55_ABRAXAS_V4_2_24_PREBUILT/09_MOTIONS_V4_2/AI_SELECTED_V4_2_24/03_VERTICALS/JV07/03_CORE_M4/20_MOTION_FINAL/COLOCAR_AQUI_MOTION_FINAL.txt
1273	7.43	/Users/lordjef/Downloads/ABRAXAS_V4_2_24_CONTINUITY_MASTER_PACKAGE/DELIVERABLES/JOC55_ABRAXAS_V4_2_24_PREBUILT/09_MOTIONS_V4_2/AI_SELECTED_V4_2_24/03_VERTICALS/JV07/03_CORE_M4/MOTION_DECISION.json
694	7.43	/Users/lordjef/Downloads/ABRAXAS_V4_2_24_CONTINUITY_MASTER_PACKAGE/DELIVERABLES/JOC55_ABRAXAS_V4_2_24_PREBUILT/09_MOTIONS_V4_2/AI_SELECTED_V4_2_24/03_VERTICALS/JV07/04_SHIFT_M4/02_PROMPT_ANIMAR_MOTION.txt
88	7.43	/Users/lordjef/Downloads/ABRAXAS_V4_2_24_CONTINUITY_MASTER_PACKAGE/DELIVERABLES/JOC55_ABRAXAS_V4_2_24_PREBUILT/09_MOTIONS_V4_2/AI_SELECTED_V4_2_24/03_VERTICALS/JV07/04_SHIFT_M4/20_MOTION_FINAL/COLOCAR_AQUI_MOTION_FINAL.txt
1337	7.43	/Users/lordjef/Downloads/ABRAXAS_V4_2_24_CONTINUITY_MASTER_PACKAGE/DELIVERABLES/JOC55_ABRAXAS_V4_2_24_PREBUILT/09_MOTIONS_V4_2/AI_SELECTED_V4_2_24/03_VERTICALS/JV07/04_SHIFT_M4/MOTION_DECISION.json
680	7.43	/Users/lordjef/Downloads/ABRAXAS_V4_2_24_CONTINUITY_MASTER_PACKAGE/DELIVERABLES/JOC55_ABRAXAS_V4_2_24_PREBUILT/09_MOTIONS_V4_2/AI_SELECTED_V4_2_24/03_VERTICALS/JV07/05_MEMORABLE_M3/02_PROMPT_ANIMAR_MOTION.txt
88	7.43	/Users/lordjef/Downloads/ABRAXAS_V4_2_24_CONTINUITY_MASTER_PACKAGE/DELIVERABLES/JOC55_ABRAXAS_V4_2_24_PREBUILT/09_MOTIONS_V4_2/AI_SELECTED_V4_2_24/03_VERTICALS/JV07/05_MEMORABLE_M3/20_MOTION_FINAL/COLOCAR_AQUI_MOTION_FINAL.txt
1364	7.43	/Users/lordjef/Downloads/ABRAXAS_V4_2_24_CONTINUITY_MASTER_PACKAGE/DELIVERABLES/JOC55_ABRAXAS_V4_2_24_PREBUILT/09_MOTIONS_V4_2/AI_SELECTED_V4_2_24/03_VERTICALS/JV07/05_MEMORABLE_M3/MOTION_DECISION.json
710	7.43	/Users/lordjef/Downloads/ABRAXAS_V4_2_24_CONTINUITY_MASTER_PACKAGE/DELIVERABLES/JOC55_ABRAXAS_V4_2_24_PREBUILT/09_MOTIONS_V4_2/AI_SELECTED_V4_2_24/03_VERTICALS/JV07/06_CLOSE_M3/02_PROMPT_ANIMAR_MOTION.txt
88	7.43	/Users/lordjef/Downloads/ABRAXAS_V4_2_24_CONTINUITY_MASTER_PACKAGE/DELIVERABLES/JOC55_ABRAXAS_V4_2_24_PREBUILT/09_MOTIONS_V4_2/AI_SELECTED_V4_2_24/03_VERTICALS/JV07/06_CLOSE_M3/20_MOTION_FINAL/COLOCAR_AQUI_MOTION_FINAL.txt
1397	7.43	/Users/lordjef/Downloads/ABRAXAS_V4_2_24_CONTINUITY_MASTER_PACKAGE/DELIVERABLES/JOC55_ABRAXAS_V4_2_24_PREBUILT/09_MOTIONS_V4_2/AI_SELECTED_V4_2_24/03_VERTICALS/JV07/06_CLOSE_M3/MOTION_DECISION.json
1239	7.43	/Users/lordjef/Downloads/ABRAXAS_V4_2_24_CONTINUITY_MASTER_PACKAGE/DELIVERABLES/JOC55_ABRAXAS_V4_2_24_PREBUILT/09_MOTIONS_V4_2/AI_SELECTED_V4_2_24/03_VERTICALS/JV08/00_MOTION_INDEX.json
699	7.43	/Users/lordjef/Downloads/ABRAXAS_V4_2_24_CONTINUITY_MASTER_PACKAGE/DELIVERABLES/JOC55_ABRAXAS_V4_2_24_PREBUILT/09_MOTIONS_V4_2/AI_SELECTED_V4_2_24/03_VERTICALS/JV08/01_HOOK_M3/02_PROMPT_ANIMAR_MOTION.txt
88	7.43	/Users/lordjef/Downloads/ABRAXAS_V4_2_24_CONTINUITY_MASTER_PACKAGE/DELIVERABLES/JOC55_ABRAXAS_V4_2_24_PREBUILT/09_MOTIONS_V4_2/AI_SELECTED_V4_2_24/03_VERTICALS/JV08/01_HOOK_M3/20_MOTION_FINAL/COLOCAR_AQUI_MOTION_FINAL.txt
1398	7.43	/Users/lordjef/Downloads/ABRAXAS_V4_2_24_CONTINUITY_MASTER_PACKAGE/DELIVERABLES/JOC55_ABRAXAS_V4_2_24_PREBUILT/09_MOTIONS_V4_2/AI_SELECTED_V4_2_24/03_VERTICALS/JV08/01_HOOK_M3/MOTION_DECISION.json
675	7.43	/Users/lordjef/Downloads/ABRAXAS_V4_2_24_CONTINUITY_MASTER_PACKAGE/DELIVERABLES/JOC55_ABRAXAS_V4_2_24_PREBUILT/09_MOTIONS_V4_2/AI_SELECTED_V4_2_24/03_VERTICALS/JV08/02_TENSION_M1/02_PROMPT_ANIMAR_MOTION.txt
88	7.43	/Users/lordjef/Downloads/ABRAXAS_V4_2_24_CONTINUITY_MASTER_PACKAGE/DELIVERABLES/JOC55_ABRAXAS_V4_2_24_PREBUILT/09_MOTIONS_V4_2/AI_SELECTED_V4_2_24/03_VERTICALS/JV08/02_TENSION_M1/20_MOTION_FINAL/COLOCAR_AQUI_MOTION_FINAL.txt
1379	7.43	/Users/lordjef/Downloads/ABRAXAS_V4_2_24_CONTINUITY_MASTER_PACKAGE/DELIVERABLES/JOC55_ABRAXAS_V4_2_24_PREBUILT/09_MOTIONS_V4_2/AI_SELECTED_V4_2_24/03_VERTICALS/JV08/02_TENSION_M1/MOTION_DECISION.json
698	7.43	/Users/lordjef/Downloads/ABRAXAS_V4_2_24_CONTINUITY_MASTER_PACKAGE/DELIVERABLES/JOC55_ABRAXAS_V4_2_24_PREBUILT/09_MOTIONS_V4_2/AI_SELECTED_V4_2_24/03_VERTICALS/JV08/03_CORE_M1/02_PROMPT_ANIMAR_MOTION.txt
88	7.43	/Users/lordjef/Downloads/ABRAXAS_V4_2_24_CONTINUITY_MASTER_PACKAGE/DELIVERABLES/JOC55_ABRAXAS_V4_2_24_PREBUILT/09_MOTIONS_V4_2/AI_SELECTED_V4_2_24/03_VERTICALS/JV08/03_CORE_M1/20_MOTION_FINAL/COLOCAR_AQUI_MOTION_FINAL.txt
1425	7.43	/Users/lordjef/Downloads/ABRAXAS_V4_2_24_CONTINUITY_MASTER_PACKAGE/DELIVERABLES/JOC55_ABRAXAS_V4_2_24_PREBUILT/09_MOTIONS_V4_2/AI_SELECTED_V4_2_24/03_VERTICALS/JV08/03_CORE_M1/MOTION_DECISION.json
743	7.43	/Users/lordjef/Downloads/ABRAXAS_V4_2_24_CONTINUITY_MASTER_PACKAGE/DELIVERABLES/JOC55_ABRAXAS_V4_2_24_PREBUILT/09_MOTIONS_V4_2/AI_SELECTED_V4_2_24/03_VERTICALS/JV08/04_SHIFT_M4/02_PROMPT_ANIMAR_MOTION.txt
88	7.43	/Users/lordjef/Downloads/ABRAXAS_V4_2_24_CONTINUITY_MASTER_PACKAGE/DELIVERABLES/JOC55_ABRAXAS_V4_2_24_PREBUILT/09_MOTIONS_V4_2/AI_SELECTED_V4_2_24/03_VERTICALS/JV08/04_SHIFT_M4/20_MOTION_FINAL/COLOCAR_AQUI_MOTION_FINAL.txt
1404	7.43	/Users/lordjef/Downloads/ABRAXAS_V4_2_24_CONTINUITY_MASTER_PACKAGE/DELIVERABLES/JOC55_ABRAXAS_V4_2_24_PREBUILT/09_MOTIONS_V4_2/AI_SELECTED_V4_2_24/03_VERTICALS/JV08/04_SHIFT_M4/MOTION_DECISION.json
669	7.43	/Users/lordjef/Downloads/ABRAXAS_V4_2_24_CONTINUITY_MASTER_PACKAGE/DELIVERABLES/JOC55_ABRAXAS_V4_2_24_PREBUILT/09_MOTIONS_V4_2/AI_SELECTED_V4_2_24/03_VERTICALS/JV08/05_MEMORABLE_M3/02_PROMPT_ANIMAR_MOTION.txt
88	7.43	/Users/lordjef/Downloads/ABRAXAS_V4_2_24_CONTINUITY_MASTER_PACKAGE/DELIVERABLES/JOC55_ABRAXAS_V4_2_24_PREBUILT/09_MOTIONS_V4_2/AI_SELECTED_V4_2_24/03_VERTICALS/JV08/05_MEMORABLE_M3/20_MOTION_FINAL/COLOCAR_AQUI_MOTION_FINAL.txt
1371	7.43	/Users/lordjef/Downloads/ABRAXAS_V4_2_24_CONTINUITY_MASTER_PACKAGE/DELIVERABLES/JOC55_ABRAXAS_V4_2_24_PREBUILT/09_MOTIONS_V4_2/AI_SELECTED_V4_2_24/03_VERTICALS/JV08/05_MEMORABLE_M3/MOTION_DECISION.json
776	7.43	/Users/lordjef/Downloads/ABRAXAS_V4_2_24_CONTINUITY_MASTER_PACKAGE/DELIVERABLES/JOC55_ABRAXAS_V4_2_24_PREBUILT/09_MOTIONS_V4_2/AI_SELECTED_V4_2_24/03_VERTICALS/JV08/06_CLOSE_M2/02_PROMPT_ANIMAR_MOTION.txt
647	7.43	/Users/lordjef/Downloads/ABRAXAS_V4_2_24_CONTINUITY_MASTER_PACKAGE/DELIVERABLES/JOC55_ABRAXAS_V4_2_24_PREBUILT/09_MOTIONS_V4_2/AI_SELECTED_V4_2_24/03_VERTICALS/JV08/06_CLOSE_M2/10_ASSETS/MOTION2_TEXT_SEGMENTS_EXACT.json
88	7.43	/Users/lordjef/Downloads/ABRAXAS_V4_2_24_CONTINUITY_MASTER_PACKAGE/DELIVERABLES/JOC55_ABRAXAS_V4_2_24_PREBUILT/09_MOTIONS_V4_2/AI_SELECTED_V4_2_24/03_VERTICALS/JV08/06_CLOSE_M2/20_MOTION_FINAL/COLOCAR_AQUI_MOTION_FINAL.txt
1633	7.43	/Users/lordjef/Downloads/ABRAXAS_V4_2_24_CONTINUITY_MASTER_PACKAGE/DELIVERABLES/JOC55_ABRAXAS_V4_2_24_PREBUILT/09_MOTIONS_V4_2/AI_SELECTED_V4_2_24/03_VERTICALS/JV08/06_CLOSE_M2/MOTION_DECISION.json
1239	7.43	/Users/lordjef/Downloads/ABRAXAS_V4_2_24_CONTINUITY_MASTER_PACKAGE/DELIVERABLES/JOC55_ABRAXAS_V4_2_24_PREBUILT/09_MOTIONS_V4_2/AI_SELECTED_V4_2_24/03_VERTICALS/JV09/00_MOTION_INDEX.json
692	7.43	/Users/lordjef/Downloads/ABRAXAS_V4_2_24_CONTINUITY_MASTER_PACKAGE/DELIVERABLES/JOC55_ABRAXAS_V4_2_24_PREBUILT/09_MOTIONS_V4_2/AI_SELECTED_V4_2_24/03_VERTICALS/JV09/01_HOOK_M3/02_PROMPT_ANIMAR_MOTION.txt
88	7.43	/Users/lordjef/Downloads/ABRAXAS_V4_2_24_CONTINUITY_MASTER_PACKAGE/DELIVERABLES/JOC55_ABRAXAS_V4_2_24_PREBUILT/09_MOTIONS_V4_2/AI_SELECTED_V4_2_24/03_VERTICALS/JV09/01_HOOK_M3/20_MOTION_FINAL/COLOCAR_AQUI_MOTION_FINAL.txt
1371	7.43	/Users/lordjef/Downloads/ABRAXAS_V4_2_24_CONTINUITY_MASTER_PACKAGE/DELIVERABLES/JOC55_ABRAXAS_V4_2_24_PREBUILT/09_MOTIONS_V4_2/AI_SELECTED_V4_2_24/03_VERTICALS/JV09/01_HOOK_M3/MOTION_DECISION.json
704	7.43	/Users/lordjef/Downloads/ABRAXAS_V4_2_24_CONTINUITY_MASTER_PACKAGE/DELIVERABLES/JOC55_ABRAXAS_V4_2_24_PREBUILT/09_MOTIONS_V4_2/AI_SELECTED_V4_2_24/03_VERTICALS/JV09/02_TENSION_M1/02_PROMPT_ANIMAR_MOTION.txt
88	7.43	/Users/lordjef/Downloads/ABRAXAS_V4_2_24_CONTINUITY_MASTER_PACKAGE/DELIVERABLES/JOC55_ABRAXAS_V4_2_24_PREBUILT/09_MOTIONS_V4_2/AI_SELECTED_V4_2_24/03_VERTICALS/JV09/02_TENSION_M1/20_MOTION_FINAL/COLOCAR_AQUI_MOTION_FINAL.txt
1409	7.43	/Users/lordjef/Downloads/ABRAXAS_V4_2_24_CONTINUITY_MASTER_PACKAGE/DELIVERABLES/JOC55_ABRAXAS_V4_2_24_PREBUILT/09_MOTIONS_V4_2/AI_SELECTED_V4_2_24/03_VERTICALS/JV09/02_TENSION_M1/MOTION_DECISION.json
684	7.43	/Users/lordjef/Downloads/ABRAXAS_V4_2_24_CONTINUITY_MASTER_PACKAGE/DELIVERABLES/JOC55_ABRAXAS_V4_2_24_PREBUILT/09_MOTIONS_V4_2/AI_SELECTED_V4_2_24/03_VERTICALS/JV09/03_CORE_M1/02_PROMPT_ANIMAR_MOTION.txt
88	7.43	/Users/lordjef/Downloads/ABRAXAS_V4_2_24_CONTINUITY_MASTER_PACKAGE/DELIVERABLES/JOC55_ABRAXAS_V4_2_24_PREBUILT/09_MOTIONS_V4_2/AI_SELECTED_V4_2_24/03_VERTICALS/JV09/03_CORE_M1/20_MOTION_FINAL/COLOCAR_AQUI_MOTION_FINAL.txt
1394	7.43	/Users/lordjef/Downloads/ABRAXAS_V4_2_24_CONTINUITY_MASTER_PACKAGE/DELIVERABLES/JOC55_ABRAXAS_V4_2_24_PREBUILT/09_MOTIONS_V4_2/AI_SELECTED_V4_2_24/03_VERTICALS/JV09/03_CORE_M1/MOTION_DECISION.json
720	7.43	/Users/lordjef/Downloads/ABRAXAS_V4_2_24_CONTINUITY_MASTER_PACKAGE/DELIVERABLES/JOC55_ABRAXAS_V4_2_24_PREBUILT/09_MOTIONS_V4_2/AI_SELECTED_V4_2_24/03_VERTICALS/JV09/04_SHIFT_M4/02_PROMPT_ANIMAR_MOTION.txt
88	7.43	/Users/lordjef/Downloads/ABRAXAS_V4_2_24_CONTINUITY_MASTER_PACKAGE/DELIVERABLES/JOC55_ABRAXAS_V4_2_24_PREBUILT/09_MOTIONS_V4_2/AI_SELECTED_V4_2_24/03_VERTICALS/JV09/04_SHIFT_M4/20_MOTION_FINAL/COLOCAR_AQUI_MOTION_FINAL.txt
1396	7.43	/Users/lordjef/Downloads/ABRAXAS_V4_2_24_CONTINUITY_MASTER_PACKAGE/DELIVERABLES/JOC55_ABRAXAS_V4_2_24_PREBUILT/09_MOTIONS_V4_2/AI_SELECTED_V4_2_24/03_VERTICALS/JV09/04_SHIFT_M4/MOTION_DECISION.json
671	7.43	/Users/lordjef/Downloads/ABRAXAS_V4_2_24_CONTINUITY_MASTER_PACKAGE/DELIVERABLES/JOC55_ABRAXAS_V4_2_24_PREBUILT/09_MOTIONS_V4_2/AI_SELECTED_V4_2_24/03_VERTICALS/JV09/05_MEMORABLE_M3/02_PROMPT_ANIMAR_MOTION.txt
88	7.43	/Users/lordjef/Downloads/ABRAXAS_V4_2_24_CONTINUITY_MASTER_PACKAGE/DELIVERABLES/JOC55_ABRAXAS_V4_2_24_PREBUILT/09_MOTIONS_V4_2/AI_SELECTED_V4_2_24/03_VERTICALS/JV09/05_MEMORABLE_M3/20_MOTION_FINAL/COLOCAR_AQUI_MOTION_FINAL.txt
1354	7.43	/Users/lordjef/Downloads/ABRAXAS_V4_2_24_CONTINUITY_MASTER_PACKAGE/DELIVERABLES/JOC55_ABRAXAS_V4_2_24_PREBUILT/09_MOTIONS_V4_2/AI_SELECTED_V4_2_24/03_VERTICALS/JV09/05_MEMORABLE_M3/MOTION_DECISION.json
731	7.43	/Users/lordjef/Downloads/ABRAXAS_V4_2_24_CONTINUITY_MASTER_PACKAGE/DELIVERABLES/JOC55_ABRAXAS_V4_2_24_PREBUILT/09_MOTIONS_V4_2/AI_SELECTED_V4_2_24/03_VERTICALS/JV09/06_CLOSE_M2/02_PROMPT_ANIMAR_MOTION.txt
512	7.43	/Users/lordjef/Downloads/ABRAXAS_V4_2_24_CONTINUITY_MASTER_PACKAGE/DELIVERABLES/JOC55_ABRAXAS_V4_2_24_PREBUILT/09_MOTIONS_V4_2/AI_SELECTED_V4_2_24/03_VERTICALS/JV09/06_CLOSE_M2/10_ASSETS/MOTION2_TEXT_SEGMENTS_EXACT.json
88	7.43	/Users/lordjef/Downloads/ABRAXAS_V4_2_24_CONTINUITY_MASTER_PACKAGE/DELIVERABLES/JOC55_ABRAXAS_V4_2_24_PREBUILT/09_MOTIONS_V4_2/AI_SELECTED_V4_2_24/03_VERTICALS/JV09/06_CLOSE_M2/20_MOTION_FINAL/COLOCAR_AQUI_MOTION_FINAL.txt
1556	7.43	/Users/lordjef/Downloads/ABRAXAS_V4_2_24_CONTINUITY_MASTER_PACKAGE/DELIVERABLES/JOC55_ABRAXAS_V4_2_24_PREBUILT/09_MOTIONS_V4_2/AI_SELECTED_V4_2_24/03_VERTICALS/JV09/06_CLOSE_M2/MOTION_DECISION.json
1239	7.43	/Users/lordjef/Downloads/ABRAXAS_V4_2_24_CONTINUITY_MASTER_PACKAGE/DELIVERABLES/JOC55_ABRAXAS_V4_2_24_PREBUILT/09_MOTIONS_V4_2/AI_SELECTED_V4_2_24/03_VERTICALS/JV10/00_MOTION_INDEX.json
681	7.43	/Users/lordjef/Downloads/ABRAXAS_V4_2_24_CONTINUITY_MASTER_PACKAGE/DELIVERABLES/JOC55_ABRAXAS_V4_2_24_PREBUILT/09_MOTIONS_V4_2/AI_SELECTED_V4_2_24/03_VERTICALS/JV10/01_HOOK_M3/02_PROMPT_ANIMAR_MOTION.txt
88	7.43	/Users/lordjef/Downloads/ABRAXAS_V4_2_24_CONTINUITY_MASTER_PACKAGE/DELIVERABLES/JOC55_ABRAXAS_V4_2_24_PREBUILT/09_MOTIONS_V4_2/AI_SELECTED_V4_2_24/03_VERTICALS/JV10/01_HOOK_M3/20_MOTION_FINAL/COLOCAR_AQUI_MOTION_FINAL.txt
1364	7.43	/Users/lordjef/Downloads/ABRAXAS_V4_2_24_CONTINUITY_MASTER_PACKAGE/DELIVERABLES/JOC55_ABRAXAS_V4_2_24_PREBUILT/09_MOTIONS_V4_2/AI_SELECTED_V4_2_24/03_VERTICALS/JV10/01_HOOK_M3/MOTION_DECISION.json
698	7.43	/Users/lordjef/Downloads/ABRAXAS_V4_2_24_CONTINUITY_MASTER_PACKAGE/DELIVERABLES/JOC55_ABRAXAS_V4_2_24_PREBUILT/09_MOTIONS_V4_2/AI_SELECTED_V4_2_24/03_VERTICALS/JV10/02_TENSION_M1/02_PROMPT_ANIMAR_MOTION.txt
88	7.43	/Users/lordjef/Downloads/ABRAXAS_V4_2_24_CONTINUITY_MASTER_PACKAGE/DELIVERABLES/JOC55_ABRAXAS_V4_2_24_PREBUILT/09_MOTIONS_V4_2/AI_SELECTED_V4_2_24/03_VERTICALS/JV10/02_TENSION_M1/20_MOTION_FINAL/COLOCAR_AQUI_MOTION_FINAL.txt
1418	7.43	/Users/lordjef/Downloads/ABRAXAS_V4_2_24_CONTINUITY_MASTER_PACKAGE/DELIVERABLES/JOC55_ABRAXAS_V4_2_24_PREBUILT/09_MOTIONS_V4_2/AI_SELECTED_V4_2_24/03_VERTICALS/JV10/02_TENSION_M1/MOTION_DECISION.json
686	7.43	/Users/lordjef/Downloads/ABRAXAS_V4_2_24_CONTINUITY_MASTER_PACKAGE/DELIVERABLES/JOC55_ABRAXAS_V4_2_24_PREBUILT/09_MOTIONS_V4_2/AI_SELECTED_V4_2_24/03_VERTICALS/JV10/03_CORE_M1/02_PROMPT_ANIMAR_MOTION.txt
88	7.43	/Users/lordjef/Downloads/ABRAXAS_V4_2_24_CONTINUITY_MASTER_PACKAGE/DELIVERABLES/JOC55_ABRAXAS_V4_2_24_PREBUILT/09_MOTIONS_V4_2/AI_SELECTED_V4_2_24/03_VERTICALS/JV10/03_CORE_M1/20_MOTION_FINAL/COLOCAR_AQUI_MOTION_FINAL.txt
1413	7.43	/Users/lordjef/Downloads/ABRAXAS_V4_2_24_CONTINUITY_MASTER_PACKAGE/DELIVERABLES/JOC55_ABRAXAS_V4_2_24_PREBUILT/09_MOTIONS_V4_2/AI_SELECTED_V4_2_24/03_VERTICALS/JV10/03_CORE_M1/MOTION_DECISION.json
703	7.43	/Users/lordjef/Downloads/ABRAXAS_V4_2_24_CONTINUITY_MASTER_PACKAGE/DELIVERABLES/JOC55_ABRAXAS_V4_2_24_PREBUILT/09_MOTIONS_V4_2/AI_SELECTED_V4_2_24/03_VERTICALS/JV10/04_SHIFT_M4/02_PROMPT_ANIMAR_MOTION.txt
88	7.43	/Users/lordjef/Downloads/ABRAXAS_V4_2_24_CONTINUITY_MASTER_PACKAGE/DELIVERABLES/JOC55_ABRAXAS_V4_2_24_PREBUILT/09_MOTIONS_V4_2/AI_SELECTED_V4_2_24/03_VERTICALS/JV10/04_SHIFT_M4/20_MOTION_FINAL/COLOCAR_AQUI_MOTION_FINAL.txt
1382	7.43	/Users/lordjef/Downloads/ABRAXAS_V4_2_24_CONTINUITY_MASTER_PACKAGE/DELIVERABLES/JOC55_ABRAXAS_V4_2_24_PREBUILT/09_MOTIONS_V4_2/AI_SELECTED_V4_2_24/03_VERTICALS/JV10/04_SHIFT_M4/MOTION_DECISION.json
677	7.43	/Users/lordjef/Downloads/ABRAXAS_V4_2_24_CONTINUITY_MASTER_PACKAGE/DELIVERABLES/JOC55_ABRAXAS_V4_2_24_PREBUILT/09_MOTIONS_V4_2/AI_SELECTED_V4_2_24/03_VERTICALS/JV10/05_MEMORABLE_M3/02_PROMPT_ANIMAR_MOTION.txt
88	7.43	/Users/lordjef/Downloads/ABRAXAS_V4_2_24_CONTINUITY_MASTER_PACKAGE/DELIVERABLES/JOC55_ABRAXAS_V4_2_24_PREBUILT/09_MOTIONS_V4_2/AI_SELECTED_V4_2_24/03_VERTICALS/JV10/05_MEMORABLE_M3/20_MOTION_FINAL/COLOCAR_AQUI_MOTION_FINAL.txt
1363	7.43	/Users/lordjef/Downloads/ABRAXAS_V4_2_24_CONTINUITY_MASTER_PACKAGE/DELIVERABLES/JOC55_ABRAXAS_V4_2_24_PREBUILT/09_MOTIONS_V4_2/AI_SELECTED_V4_2_24/03_VERTICALS/JV10/05_MEMORABLE_M3/MOTION_DECISION.json
741	7.43	/Users/lordjef/Downloads/ABRAXAS_V4_2_24_CONTINUITY_MASTER_PACKAGE/DELIVERABLES/JOC55_ABRAXAS_V4_2_24_PREBUILT/09_MOTIONS_V4_2/AI_SELECTED_V4_2_24/03_VERTICALS/JV10/06_CLOSE_M2/02_PROMPT_ANIMAR_MOTION.txt
542	7.43	/Users/lordjef/Downloads/ABRAXAS_V4_2_24_CONTINUITY_MASTER_PACKAGE/DELIVERABLES/JOC55_ABRAXAS_V4_2_24_PREBUILT/09_MOTIONS_V4_2/AI_SELECTED_V4_2_24/03_VERTICALS/JV10/06_CLOSE_M2/10_ASSETS/MOTION2_TEXT_SEGMENTS_EXACT.json
88	7.43	/Users/lordjef/Downloads/ABRAXAS_V4_2_24_CONTINUITY_MASTER_PACKAGE/DELIVERABLES/JOC55_ABRAXAS_V4_2_24_PREBUILT/09_MOTIONS_V4_2/AI_SELECTED_V4_2_24/03_VERTICALS/JV10/06_CLOSE_M2/20_MOTION_FINAL/COLOCAR_AQUI_MOTION_FINAL.txt
1582	7.43	/Users/lordjef/Downloads/ABRAXAS_V4_2_24_CONTINUITY_MASTER_PACKAGE/DELIVERABLES/JOC55_ABRAXAS_V4_2_24_PREBUILT/09_MOTIONS_V4_2/AI_SELECTED_V4_2_24/03_VERTICALS/JV10/06_CLOSE_M2/MOTION_DECISION.json
1239	7.43	/Users/lordjef/Downloads/ABRAXAS_V4_2_24_CONTINUITY_MASTER_PACKAGE/DELIVERABLES/JOC55_ABRAXAS_V4_2_24_PREBUILT/09_MOTIONS_V4_2/AI_SELECTED_V4_2_24/03_VERTICALS/JV11/00_MOTION_INDEX.json
668	7.43	/Users/lordjef/Downloads/ABRAXAS_V4_2_24_CONTINUITY_MASTER_PACKAGE/DELIVERABLES/JOC55_ABRAXAS_V4_2_24_PREBUILT/09_MOTIONS_V4_2/AI_SELECTED_V4_2_24/03_VERTICALS/JV11/01_HOOK_M3/02_PROMPT_ANIMAR_MOTION.txt
88	7.43	/Users/lordjef/Downloads/ABRAXAS_V4_2_24_CONTINUITY_MASTER_PACKAGE/DELIVERABLES/JOC55_ABRAXAS_V4_2_24_PREBUILT/09_MOTIONS_V4_2/AI_SELECTED_V4_2_24/03_VERTICALS/JV11/01_HOOK_M3/20_MOTION_FINAL/COLOCAR_AQUI_MOTION_FINAL.txt
1356	7.43	/Users/lordjef/Downloads/ABRAXAS_V4_2_24_CONTINUITY_MASTER_PACKAGE/DELIVERABLES/JOC55_ABRAXAS_V4_2_24_PREBUILT/09_MOTIONS_V4_2/AI_SELECTED_V4_2_24/03_VERTICALS/JV11/01_HOOK_M3/MOTION_DECISION.json
760	7.43	/Users/lordjef/Downloads/ABRAXAS_V4_2_24_CONTINUITY_MASTER_PACKAGE/DELIVERABLES/JOC55_ABRAXAS_V4_2_24_PREBUILT/09_MOTIONS_V4_2/AI_SELECTED_V4_2_24/03_VERTICALS/JV11/02_TENSION_M1/02_PROMPT_ANIMAR_MOTION.txt
88	7.43	/Users/lordjef/Downloads/ABRAXAS_V4_2_24_CONTINUITY_MASTER_PACKAGE/DELIVERABLES/JOC55_ABRAXAS_V4_2_24_PREBUILT/09_MOTIONS_V4_2/AI_SELECTED_V4_2_24/03_VERTICALS/JV11/02_TENSION_M1/20_MOTION_FINAL/COLOCAR_AQUI_MOTION_FINAL.txt
1465	7.43	/Users/lordjef/Downloads/ABRAXAS_V4_2_24_CONTINUITY_MASTER_PACKAGE/DELIVERABLES/JOC55_ABRAXAS_V4_2_24_PREBUILT/09_MOTIONS_V4_2/AI_SELECTED_V4_2_24/03_VERTICALS/JV11/02_TENSION_M1/MOTION_DECISION.json
692	7.43	/Users/lordjef/Downloads/ABRAXAS_V4_2_24_CONTINUITY_MASTER_PACKAGE/DELIVERABLES/JOC55_ABRAXAS_V4_2_24_PREBUILT/09_MOTIONS_V4_2/AI_SELECTED_V4_2_24/03_VERTICALS/JV11/03_CORE_M1/02_PROMPT_ANIMAR_MOTION.txt
88	7.43	/Users/lordjef/Downloads/ABRAXAS_V4_2_24_CONTINUITY_MASTER_PACKAGE/DELIVERABLES/JOC55_ABRAXAS_V4_2_24_PREBUILT/09_MOTIONS_V4_2/AI_SELECTED_V4_2_24/03_VERTICALS/JV11/03_CORE_M1/20_MOTION_FINAL/COLOCAR_AQUI_MOTION_FINAL.txt
1419	7.43	/Users/lordjef/Downloads/ABRAXAS_V4_2_24_CONTINUITY_MASTER_PACKAGE/DELIVERABLES/JOC55_ABRAXAS_V4_2_24_PREBUILT/09_MOTIONS_V4_2/AI_SELECTED_V4_2_24/03_VERTICALS/JV11/03_CORE_M1/MOTION_DECISION.json
678	7.43	/Users/lordjef/Downloads/ABRAXAS_V4_2_24_CONTINUITY_MASTER_PACKAGE/DELIVERABLES/JOC55_ABRAXAS_V4_2_24_PREBUILT/09_MOTIONS_V4_2/AI_SELECTED_V4_2_24/03_VERTICALS/JV11/04_SHIFT_M1/02_PROMPT_ANIMAR_MOTION.txt
88	7.43	/Users/lordjef/Downloads/ABRAXAS_V4_2_24_CONTINUITY_MASTER_PACKAGE/DELIVERABLES/JOC55_ABRAXAS_V4_2_24_PREBUILT/09_MOTIONS_V4_2/AI_SELECTED_V4_2_24/03_VERTICALS/JV11/04_SHIFT_M1/20_MOTION_FINAL/COLOCAR_AQUI_MOTION_FINAL.txt
1388	7.43	/Users/lordjef/Downloads/ABRAXAS_V4_2_24_CONTINUITY_MASTER_PACKAGE/DELIVERABLES/JOC55_ABRAXAS_V4_2_24_PREBUILT/09_MOTIONS_V4_2/AI_SELECTED_V4_2_24/03_VERTICALS/JV11/04_SHIFT_M1/MOTION_DECISION.json
706	7.43	/Users/lordjef/Downloads/ABRAXAS_V4_2_24_CONTINUITY_MASTER_PACKAGE/DELIVERABLES/JOC55_ABRAXAS_V4_2_24_PREBUILT/09_MOTIONS_V4_2/AI_SELECTED_V4_2_24/03_VERTICALS/JV11/05_MEMORABLE_M3/02_PROMPT_ANIMAR_MOTION.txt
88	7.43	/Users/lordjef/Downloads/ABRAXAS_V4_2_24_CONTINUITY_MASTER_PACKAGE/DELIVERABLES/JOC55_ABRAXAS_V4_2_24_PREBUILT/09_MOTIONS_V4_2/AI_SELECTED_V4_2_24/03_VERTICALS/JV11/05_MEMORABLE_M3/20_MOTION_FINAL/COLOCAR_AQUI_MOTION_FINAL.txt
1408	7.43	/Users/lordjef/Downloads/ABRAXAS_V4_2_24_CONTINUITY_MASTER_PACKAGE/DELIVERABLES/JOC55_ABRAXAS_V4_2_24_PREBUILT/09_MOTIONS_V4_2/AI_SELECTED_V4_2_24/03_VERTICALS/JV11/05_MEMORABLE_M3/MOTION_DECISION.json
742	7.43	/Users/lordjef/Downloads/ABRAXAS_V4_2_24_CONTINUITY_MASTER_PACKAGE/DELIVERABLES/JOC55_ABRAXAS_V4_2_24_PREBUILT/09_MOTIONS_V4_2/AI_SELECTED_V4_2_24/03_VERTICALS/JV11/06_CLOSE_M2/02_PROMPT_ANIMAR_MOTION.txt
545	7.43	/Users/lordjef/Downloads/ABRAXAS_V4_2_24_CONTINUITY_MASTER_PACKAGE/DELIVERABLES/JOC55_ABRAXAS_V4_2_24_PREBUILT/09_MOTIONS_V4_2/AI_SELECTED_V4_2_24/03_VERTICALS/JV11/06_CLOSE_M2/10_ASSETS/MOTION2_TEXT_SEGMENTS_EXACT.json
88	7.43	/Users/lordjef/Downloads/ABRAXAS_V4_2_24_CONTINUITY_MASTER_PACKAGE/DELIVERABLES/JOC55_ABRAXAS_V4_2_24_PREBUILT/09_MOTIONS_V4_2/AI_SELECTED_V4_2_24/03_VERTICALS/JV11/06_CLOSE_M2/20_MOTION_FINAL/COLOCAR_AQUI_MOTION_FINAL.txt
1583	7.43	/Users/lordjef/Downloads/ABRAXAS_V4_2_24_CONTINUITY_MASTER_PACKAGE/DELIVERABLES/JOC55_ABRAXAS_V4_2_24_PREBUILT/09_MOTIONS_V4_2/AI_SELECTED_V4_2_24/03_VERTICALS/JV11/06_CLOSE_M2/MOTION_DECISION.json
1239	7.43	/Users/lordjef/Downloads/ABRAXAS_V4_2_24_CONTINUITY_MASTER_PACKAGE/DELIVERABLES/JOC55_ABRAXAS_V4_2_24_PREBUILT/09_MOTIONS_V4_2/AI_SELECTED_V4_2_24/03_VERTICALS/MV01/00_MOTION_INDEX.json
655	7.43	/Users/lordjef/Downloads/ABRAXAS_V4_2_24_CONTINUITY_MASTER_PACKAGE/DELIVERABLES/JOC55_ABRAXAS_V4_2_24_PREBUILT/09_MOTIONS_V4_2/AI_SELECTED_V4_2_24/03_VERTICALS/MV01/01_HOOK_M3/02_PROMPT_ANIMAR_MOTION.txt
88	7.43	/Users/lordjef/Downloads/ABRAXAS_V4_2_24_CONTINUITY_MASTER_PACKAGE/DELIVERABLES/JOC55_ABRAXAS_V4_2_24_PREBUILT/09_MOTIONS_V4_2/AI_SELECTED_V4_2_24/03_VERTICALS/MV01/01_HOOK_M3/20_MOTION_FINAL/COLOCAR_AQUI_MOTION_FINAL.txt
1354	7.43	/Users/lordjef/Downloads/ABRAXAS_V4_2_24_CONTINUITY_MASTER_PACKAGE/DELIVERABLES/JOC55_ABRAXAS_V4_2_24_PREBUILT/09_MOTIONS_V4_2/AI_SELECTED_V4_2_24/03_VERTICALS/MV01/01_HOOK_M3/MOTION_DECISION.json
746	7.43	/Users/lordjef/Downloads/ABRAXAS_V4_2_24_CONTINUITY_MASTER_PACKAGE/DELIVERABLES/JOC55_ABRAXAS_V4_2_24_PREBUILT/09_MOTIONS_V4_2/AI_SELECTED_V4_2_24/03_VERTICALS/MV01/02_TENSION_M2/02_PROMPT_ANIMAR_MOTION.txt
551	7.43	/Users/lordjef/Downloads/ABRAXAS_V4_2_24_CONTINUITY_MASTER_PACKAGE/DELIVERABLES/JOC55_ABRAXAS_V4_2_24_PREBUILT/09_MOTIONS_V4_2/AI_SELECTED_V4_2_24/03_VERTICALS/MV01/02_TENSION_M2/10_ASSETS/MOTION2_TEXT_SEGMENTS_EXACT.json
88	7.43	/Users/lordjef/Downloads/ABRAXAS_V4_2_24_CONTINUITY_MASTER_PACKAGE/DELIVERABLES/JOC55_ABRAXAS_V4_2_24_PREBUILT/09_MOTIONS_V4_2/AI_SELECTED_V4_2_24/03_VERTICALS/MV01/02_TENSION_M2/20_MOTION_FINAL/COLOCAR_AQUI_MOTION_FINAL.txt
1580	7.43	/Users/lordjef/Downloads/ABRAXAS_V4_2_24_CONTINUITY_MASTER_PACKAGE/DELIVERABLES/JOC55_ABRAXAS_V4_2_24_PREBUILT/09_MOTIONS_V4_2/AI_SELECTED_V4_2_24/03_VERTICALS/MV01/02_TENSION_M2/MOTION_DECISION.json
678	7.43	/Users/lordjef/Downloads/ABRAXAS_V4_2_24_CONTINUITY_MASTER_PACKAGE/DELIVERABLES/JOC55_ABRAXAS_V4_2_24_PREBUILT/09_MOTIONS_V4_2/AI_SELECTED_V4_2_24/03_VERTICALS/MV01/03_CORE_M1/02_PROMPT_ANIMAR_MOTION.txt
88	7.43	/Users/lordjef/Downloads/ABRAXAS_V4_2_24_CONTINUITY_MASTER_PACKAGE/DELIVERABLES/JOC55_ABRAXAS_V4_2_24_PREBUILT/09_MOTIONS_V4_2/AI_SELECTED_V4_2_24/03_VERTICALS/MV01/03_CORE_M1/20_MOTION_FINAL/COLOCAR_AQUI_MOTION_FINAL.txt
1399	7.43	/Users/lordjef/Downloads/ABRAXAS_V4_2_24_CONTINUITY_MASTER_PACKAGE/DELIVERABLES/JOC55_ABRAXAS_V4_2_24_PREBUILT/09_MOTIONS_V4_2/AI_SELECTED_V4_2_24/03_VERTICALS/MV01/03_CORE_M1/MOTION_DECISION.json
763	7.43	/Users/lordjef/Downloads/ABRAXAS_V4_2_24_CONTINUITY_MASTER_PACKAGE/DELIVERABLES/JOC55_ABRAXAS_V4_2_24_PREBUILT/09_MOTIONS_V4_2/AI_SELECTED_V4_2_24/03_VERTICALS/MV01/04_SHIFT_M1/02_PROMPT_ANIMAR_MOTION.txt
88	7.43	/Users/lordjef/Downloads/ABRAXAS_V4_2_24_CONTINUITY_MASTER_PACKAGE/DELIVERABLES/JOC55_ABRAXAS_V4_2_24_PREBUILT/09_MOTIONS_V4_2/AI_SELECTED_V4_2_24/03_VERTICALS/MV01/04_SHIFT_M1/20_MOTION_FINAL/COLOCAR_AQUI_MOTION_FINAL.txt
1486	7.43	/Users/lordjef/Downloads/ABRAXAS_V4_2_24_CONTINUITY_MASTER_PACKAGE/DELIVERABLES/JOC55_ABRAXAS_V4_2_24_PREBUILT/09_MOTIONS_V4_2/AI_SELECTED_V4_2_24/03_VERTICALS/MV01/04_SHIFT_M1/MOTION_DECISION.json
679	7.43	/Users/lordjef/Downloads/ABRAXAS_V4_2_24_CONTINUITY_MASTER_PACKAGE/DELIVERABLES/JOC55_ABRAXAS_V4_2_24_PREBUILT/09_MOTIONS_V4_2/AI_SELECTED_V4_2_24/03_VERTICALS/MV01/05_MEMORABLE_M3/02_PROMPT_ANIMAR_MOTION.txt
88	7.43	/Users/lordjef/Downloads/ABRAXAS_V4_2_24_CONTINUITY_MASTER_PACKAGE/DELIVERABLES/JOC55_ABRAXAS_V4_2_24_PREBUILT/09_MOTIONS_V4_2/AI_SELECTED_V4_2_24/03_VERTICALS/MV01/05_MEMORABLE_M3/20_MOTION_FINAL/COLOCAR_AQUI_MOTION_FINAL.txt
1373	7.43	/Users/lordjef/Downloads/ABRAXAS_V4_2_24_CONTINUITY_MASTER_PACKAGE/DELIVERABLES/JOC55_ABRAXAS_V4_2_24_PREBUILT/09_MOTIONS_V4_2/AI_SELECTED_V4_2_24/03_VERTICALS/MV01/05_MEMORABLE_M3/MOTION_DECISION.json
737	7.43	/Users/lordjef/Downloads/ABRAXAS_V4_2_24_CONTINUITY_MASTER_PACKAGE/DELIVERABLES/JOC55_ABRAXAS_V4_2_24_PREBUILT/09_MOTIONS_V4_2/AI_SELECTED_V4_2_24/03_VERTICALS/MV01/06_CLOSE_M1/02_PROMPT_ANIMAR_MOTION.txt
88	7.43	/Users/lordjef/Downloads/ABRAXAS_V4_2_24_CONTINUITY_MASTER_PACKAGE/DELIVERABLES/JOC55_ABRAXAS_V4_2_24_PREBUILT/09_MOTIONS_V4_2/AI_SELECTED_V4_2_24/03_VERTICALS/MV01/06_CLOSE_M1/20_MOTION_FINAL/COLOCAR_AQUI_MOTION_FINAL.txt
1481	7.43	/Users/lordjef/Downloads/ABRAXAS_V4_2_24_CONTINUITY_MASTER_PACKAGE/DELIVERABLES/JOC55_ABRAXAS_V4_2_24_PREBUILT/09_MOTIONS_V4_2/AI_SELECTED_V4_2_24/03_VERTICALS/MV01/06_CLOSE_M1/MOTION_DECISION.json
1239	7.43	/Users/lordjef/Downloads/ABRAXAS_V4_2_24_CONTINUITY_MASTER_PACKAGE/DELIVERABLES/JOC55_ABRAXAS_V4_2_24_PREBUILT/09_MOTIONS_V4_2/AI_SELECTED_V4_2_24/03_VERTICALS/MV02/00_MOTION_INDEX.json
656	7.43	/Users/lordjef/Downloads/ABRAXAS_V4_2_24_CONTINUITY_MASTER_PACKAGE/DELIVERABLES/JOC55_ABRAXAS_V4_2_24_PREBUILT/09_MOTIONS_V4_2/AI_SELECTED_V4_2_24/03_VERTICALS/MV02/01_HOOK_M3/02_PROMPT_ANIMAR_MOTION.txt
88	7.43	/Users/lordjef/Downloads/ABRAXAS_V4_2_24_CONTINUITY_MASTER_PACKAGE/DELIVERABLES/JOC55_ABRAXAS_V4_2_24_PREBUILT/09_MOTIONS_V4_2/AI_SELECTED_V4_2_24/03_VERTICALS/MV02/01_HOOK_M3/20_MOTION_FINAL/COLOCAR_AQUI_MOTION_FINAL.txt
1377	7.43	/Users/lordjef/Downloads/ABRAXAS_V4_2_24_CONTINUITY_MASTER_PACKAGE/DELIVERABLES/JOC55_ABRAXAS_V4_2_24_PREBUILT/09_MOTIONS_V4_2/AI_SELECTED_V4_2_24/03_VERTICALS/MV02/01_HOOK_M3/MOTION_DECISION.json
742	7.43	/Users/lordjef/Downloads/ABRAXAS_V4_2_24_CONTINUITY_MASTER_PACKAGE/DELIVERABLES/JOC55_ABRAXAS_V4_2_24_PREBUILT/09_MOTIONS_V4_2/AI_SELECTED_V4_2_24/03_VERTICALS/MV02/02_TENSION_M1/02_PROMPT_ANIMAR_MOTION.txt
88	7.43	/Users/lordjef/Downloads/ABRAXAS_V4_2_24_CONTINUITY_MASTER_PACKAGE/DELIVERABLES/JOC55_ABRAXAS_V4_2_24_PREBUILT/09_MOTIONS_V4_2/AI_SELECTED_V4_2_24/03_VERTICALS/MV02/02_TENSION_M1/20_MOTION_FINAL/COLOCAR_AQUI_MOTION_FINAL.txt
1455	7.43	/Users/lordjef/Downloads/ABRAXAS_V4_2_24_CONTINUITY_MASTER_PACKAGE/DELIVERABLES/JOC55_ABRAXAS_V4_2_24_PREBUILT/09_MOTIONS_V4_2/AI_SELECTED_V4_2_24/03_VERTICALS/MV02/02_TENSION_M1/MOTION_DECISION.json
706	7.43	/Users/lordjef/Downloads/ABRAXAS_V4_2_24_CONTINUITY_MASTER_PACKAGE/DELIVERABLES/JOC55_ABRAXAS_V4_2_24_PREBUILT/09_MOTIONS_V4_2/AI_SELECTED_V4_2_24/03_VERTICALS/MV02/03_CORE_M1/02_PROMPT_ANIMAR_MOTION.txt
88	7.43	/Users/lordjef/Downloads/ABRAXAS_V4_2_24_CONTINUITY_MASTER_PACKAGE/DELIVERABLES/JOC55_ABRAXAS_V4_2_24_PREBUILT/09_MOTIONS_V4_2/AI_SELECTED_V4_2_24/03_VERTICALS/MV02/03_CORE_M1/20_MOTION_FINAL/COLOCAR_AQUI_MOTION_FINAL.txt
1419	7.43	/Users/lordjef/Downloads/ABRAXAS_V4_2_24_CONTINUITY_MASTER_PACKAGE/DELIVERABLES/JOC55_ABRAXAS_V4_2_24_PREBUILT/09_MOTIONS_V4_2/AI_SELECTED_V4_2_24/03_VERTICALS/MV02/03_CORE_M1/MOTION_DECISION.json
786	7.43	/Users/lordjef/Downloads/ABRAXAS_V4_2_24_CONTINUITY_MASTER_PACKAGE/DELIVERABLES/JOC55_ABRAXAS_V4_2_24_PREBUILT/09_MOTIONS_V4_2/AI_SELECTED_V4_2_24/03_VERTICALS/MV02/04_SHIFT_M2/02_PROMPT_ANIMAR_MOTION.txt
677	7.43	/Users/lordjef/Downloads/ABRAXAS_V4_2_24_CONTINUITY_MASTER_PACKAGE/DELIVERABLES/JOC55_ABRAXAS_V4_2_24_PREBUILT/09_MOTIONS_V4_2/AI_SELECTED_V4_2_24/03_VERTICALS/MV02/04_SHIFT_M2/10_ASSETS/MOTION2_TEXT_SEGMENTS_EXACT.json
88	7.43	/Users/lordjef/Downloads/ABRAXAS_V4_2_24_CONTINUITY_MASTER_PACKAGE/DELIVERABLES/JOC55_ABRAXAS_V4_2_24_PREBUILT/09_MOTIONS_V4_2/AI_SELECTED_V4_2_24/03_VERTICALS/MV02/04_SHIFT_M2/20_MOTION_FINAL/COLOCAR_AQUI_MOTION_FINAL.txt
1617	7.43	/Users/lordjef/Downloads/ABRAXAS_V4_2_24_CONTINUITY_MASTER_PACKAGE/DELIVERABLES/JOC55_ABRAXAS_V4_2_24_PREBUILT/09_MOTIONS_V4_2/AI_SELECTED_V4_2_24/03_VERTICALS/MV02/04_SHIFT_M2/MOTION_DECISION.json
747	7.43	/Users/lordjef/Downloads/ABRAXAS_V4_2_24_CONTINUITY_MASTER_PACKAGE/DELIVERABLES/JOC55_ABRAXAS_V4_2_24_PREBUILT/09_MOTIONS_V4_2/AI_SELECTED_V4_2_24/03_VERTICALS/MV02/05_MEMORABLE_M3/02_PROMPT_ANIMAR_MOTION.txt
88	7.43	/Users/lordjef/Downloads/ABRAXAS_V4_2_24_CONTINUITY_MASTER_PACKAGE/DELIVERABLES/JOC55_ABRAXAS_V4_2_24_PREBUILT/09_MOTIONS_V4_2/AI_SELECTED_V4_2_24/03_VERTICALS/MV02/05_MEMORABLE_M3/20_MOTION_FINAL/COLOCAR_AQUI_MOTION_FINAL.txt
1440	7.43	/Users/lordjef/Downloads/ABRAXAS_V4_2_24_CONTINUITY_MASTER_PACKAGE/DELIVERABLES/JOC55_ABRAXAS_V4_2_24_PREBUILT/09_MOTIONS_V4_2/AI_SELECTED_V4_2_24/03_VERTICALS/MV02/05_MEMORABLE_M3/MOTION_DECISION.json
760	7.43	/Users/lordjef/Downloads/ABRAXAS_V4_2_24_CONTINUITY_MASTER_PACKAGE/DELIVERABLES/JOC55_ABRAXAS_V4_2_24_PREBUILT/09_MOTIONS_V4_2/AI_SELECTED_V4_2_24/03_VERTICALS/MV02/06_CLOSE_M2/02_PROMPT_ANIMAR_MOTION.txt
599	7.43	/Users/lordjef/Downloads/ABRAXAS_V4_2_24_CONTINUITY_MASTER_PACKAGE/DELIVERABLES/JOC55_ABRAXAS_V4_2_24_PREBUILT/09_MOTIONS_V4_2/AI_SELECTED_V4_2_24/03_VERTICALS/MV02/06_CLOSE_M2/10_ASSETS/MOTION2_TEXT_SEGMENTS_EXACT.json
88	7.43	/Users/lordjef/Downloads/ABRAXAS_V4_2_24_CONTINUITY_MASTER_PACKAGE/DELIVERABLES/JOC55_ABRAXAS_V4_2_24_PREBUILT/09_MOTIONS_V4_2/AI_SELECTED_V4_2_24/03_VERTICALS/MV02/06_CLOSE_M2/20_MOTION_FINAL/COLOCAR_AQUI_MOTION_FINAL.txt
1612	7.43	/Users/lordjef/Downloads/ABRAXAS_V4_2_24_CONTINUITY_MASTER_PACKAGE/DELIVERABLES/JOC55_ABRAXAS_V4_2_24_PREBUILT/09_MOTIONS_V4_2/AI_SELECTED_V4_2_24/03_VERTICALS/MV02/06_CLOSE_M2/MOTION_DECISION.json
1239	7.43	/Users/lordjef/Downloads/ABRAXAS_V4_2_24_CONTINUITY_MASTER_PACKAGE/DELIVERABLES/JOC55_ABRAXAS_V4_2_24_PREBUILT/09_MOTIONS_V4_2/AI_SELECTED_V4_2_24/03_VERTICALS/MV03/00_MOTION_INDEX.json
664	7.43	/Users/lordjef/Downloads/ABRAXAS_V4_2_24_CONTINUITY_MASTER_PACKAGE/DELIVERABLES/JOC55_ABRAXAS_V4_2_24_PREBUILT/09_MOTIONS_V4_2/AI_SELECTED_V4_2_24/03_VERTICALS/MV03/01_HOOK_M3/02_PROMPT_ANIMAR_MOTION.txt
88	7.43	/Users/lordjef/Downloads/ABRAXAS_V4_2_24_CONTINUITY_MASTER_PACKAGE/DELIVERABLES/JOC55_ABRAXAS_V4_2_24_PREBUILT/09_MOTIONS_V4_2/AI_SELECTED_V4_2_24/03_VERTICALS/MV03/01_HOOK_M3/20_MOTION_FINAL/COLOCAR_AQUI_MOTION_FINAL.txt
1378	7.43	/Users/lordjef/Downloads/ABRAXAS_V4_2_24_CONTINUITY_MASTER_PACKAGE/DELIVERABLES/JOC55_ABRAXAS_V4_2_24_PREBUILT/09_MOTIONS_V4_2/AI_SELECTED_V4_2_24/03_VERTICALS/MV03/01_HOOK_M3/MOTION_DECISION.json
687	7.43	/Users/lordjef/Downloads/ABRAXAS_V4_2_24_CONTINUITY_MASTER_PACKAGE/DELIVERABLES/JOC55_ABRAXAS_V4_2_24_PREBUILT/09_MOTIONS_V4_2/AI_SELECTED_V4_2_24/03_VERTICALS/MV03/02_TENSION_M6/02_PROMPT_ANIMAR_MOTION.txt
88	7.43	/Users/lordjef/Downloads/ABRAXAS_V4_2_24_CONTINUITY_MASTER_PACKAGE/DELIVERABLES/JOC55_ABRAXAS_V4_2_24_PREBUILT/09_MOTIONS_V4_2/AI_SELECTED_V4_2_24/03_VERTICALS/MV03/02_TENSION_M6/20_MOTION_FINAL/COLOCAR_AQUI_MOTION_FINAL.txt
1386	7.43	/Users/lordjef/Downloads/ABRAXAS_V4_2_24_CONTINUITY_MASTER_PACKAGE/DELIVERABLES/JOC55_ABRAXAS_V4_2_24_PREBUILT/09_MOTIONS_V4_2/AI_SELECTED_V4_2_24/03_VERTICALS/MV03/02_TENSION_M6/MOTION_DECISION.json
719	7.43	/Users/lordjef/Downloads/ABRAXAS_V4_2_24_CONTINUITY_MASTER_PACKAGE/DELIVERABLES/JOC55_ABRAXAS_V4_2_24_PREBUILT/09_MOTIONS_V4_2/AI_SELECTED_V4_2_24/03_VERTICALS/MV03/03_CORE_M1/02_PROMPT_ANIMAR_MOTION.txt
88	7.43	/Users/lordjef/Downloads/ABRAXAS_V4_2_24_CONTINUITY_MASTER_PACKAGE/DELIVERABLES/JOC55_ABRAXAS_V4_2_24_PREBUILT/09_MOTIONS_V4_2/AI_SELECTED_V4_2_24/03_VERTICALS/MV03/03_CORE_M1/20_MOTION_FINAL/COLOCAR_AQUI_MOTION_FINAL.txt
1432	7.43	/Users/lordjef/Downloads/ABRAXAS_V4_2_24_CONTINUITY_MASTER_PACKAGE/DELIVERABLES/JOC55_ABRAXAS_V4_2_24_PREBUILT/09_MOTIONS_V4_2/AI_SELECTED_V4_2_24/03_VERTICALS/MV03/03_CORE_M1/MOTION_DECISION.json
711	7.43	/Users/lordjef/Downloads/ABRAXAS_V4_2_24_CONTINUITY_MASTER_PACKAGE/DELIVERABLES/JOC55_ABRAXAS_V4_2_24_PREBUILT/09_MOTIONS_V4_2/AI_SELECTED_V4_2_24/03_VERTICALS/MV03/04_SHIFT_M1/02_PROMPT_ANIMAR_MOTION.txt
88	7.43	/Users/lordjef/Downloads/ABRAXAS_V4_2_24_CONTINUITY_MASTER_PACKAGE/DELIVERABLES/JOC55_ABRAXAS_V4_2_24_PREBUILT/09_MOTIONS_V4_2/AI_SELECTED_V4_2_24/03_VERTICALS/MV03/04_SHIFT_M1/20_MOTION_FINAL/COLOCAR_AQUI_MOTION_FINAL.txt
1429	7.43	/Users/lordjef/Downloads/ABRAXAS_V4_2_24_CONTINUITY_MASTER_PACKAGE/DELIVERABLES/JOC55_ABRAXAS_V4_2_24_PREBUILT/09_MOTIONS_V4_2/AI_SELECTED_V4_2_24/03_VERTICALS/MV03/04_SHIFT_M1/MOTION_DECISION.json
679	7.43	/Users/lordjef/Downloads/ABRAXAS_V4_2_24_CONTINUITY_MASTER_PACKAGE/DELIVERABLES/JOC55_ABRAXAS_V4_2_24_PREBUILT/09_MOTIONS_V4_2/AI_SELECTED_V4_2_24/03_VERTICALS/MV03/05_MEMORABLE_M3/02_PROMPT_ANIMAR_MOTION.txt
88	7.43	/Users/lordjef/Downloads/ABRAXAS_V4_2_24_CONTINUITY_MASTER_PACKAGE/DELIVERABLES/JOC55_ABRAXAS_V4_2_24_PREBUILT/09_MOTIONS_V4_2/AI_SELECTED_V4_2_24/03_VERTICALS/MV03/05_MEMORABLE_M3/20_MOTION_FINAL/COLOCAR_AQUI_MOTION_FINAL.txt
1380	7.43	/Users/lordjef/Downloads/ABRAXAS_V4_2_24_CONTINUITY_MASTER_PACKAGE/DELIVERABLES/JOC55_ABRAXAS_V4_2_24_PREBUILT/09_MOTIONS_V4_2/AI_SELECTED_V4_2_24/03_VERTICALS/MV03/05_MEMORABLE_M3/MOTION_DECISION.json
711	7.43	/Users/lordjef/Downloads/ABRAXAS_V4_2_24_CONTINUITY_MASTER_PACKAGE/DELIVERABLES/JOC55_ABRAXAS_V4_2_24_PREBUILT/09_MOTIONS_V4_2/AI_SELECTED_V4_2_24/03_VERTICALS/MV03/06_CLOSE_M3/02_PROMPT_ANIMAR_MOTION.txt
88	7.43	/Users/lordjef/Downloads/ABRAXAS_V4_2_24_CONTINUITY_MASTER_PACKAGE/DELIVERABLES/JOC55_ABRAXAS_V4_2_24_PREBUILT/09_MOTIONS_V4_2/AI_SELECTED_V4_2_24/03_VERTICALS/MV03/06_CLOSE_M3/20_MOTION_FINAL/COLOCAR_AQUI_MOTION_FINAL.txt
1435	7.43	/Users/lordjef/Downloads/ABRAXAS_V4_2_24_CONTINUITY_MASTER_PACKAGE/DELIVERABLES/JOC55_ABRAXAS_V4_2_24_PREBUILT/09_MOTIONS_V4_2/AI_SELECTED_V4_2_24/03_VERTICALS/MV03/06_CLOSE_M3/MOTION_DECISION.json
1239	7.43	/Users/lordjef/Downloads/ABRAXAS_V4_2_24_CONTINUITY_MASTER_PACKAGE/DELIVERABLES/JOC55_ABRAXAS_V4_2_24_PREBUILT/09_MOTIONS_V4_2/AI_SELECTED_V4_2_24/03_VERTICALS/MV04/00_MOTION_INDEX.json
646	7.43	/Users/lordjef/Downloads/ABRAXAS_V4_2_24_CONTINUITY_MASTER_PACKAGE/DELIVERABLES/JOC55_ABRAXAS_V4_2_24_PREBUILT/09_MOTIONS_V4_2/AI_SELECTED_V4_2_24/03_VERTICALS/MV04/01_HOOK_M3/02_PROMPT_ANIMAR_MOTION.txt
88	7.43	/Users/lordjef/Downloads/ABRAXAS_V4_2_24_CONTINUITY_MASTER_PACKAGE/DELIVERABLES/JOC55_ABRAXAS_V4_2_24_PREBUILT/09_MOTIONS_V4_2/AI_SELECTED_V4_2_24/03_VERTICALS/MV04/01_HOOK_M3/20_MOTION_FINAL/COLOCAR_AQUI_MOTION_FINAL.txt
1337	7.43	/Users/lordjef/Downloads/ABRAXAS_V4_2_24_CONTINUITY_MASTER_PACKAGE/DELIVERABLES/JOC55_ABRAXAS_V4_2_24_PREBUILT/09_MOTIONS_V4_2/AI_SELECTED_V4_2_24/03_VERTICALS/MV04/01_HOOK_M3/MOTION_DECISION.json
729	7.43	/Users/lordjef/Downloads/ABRAXAS_V4_2_24_CONTINUITY_MASTER_PACKAGE/DELIVERABLES/JOC55_ABRAXAS_V4_2_24_PREBUILT/09_MOTIONS_V4_2/AI_SELECTED_V4_2_24/03_VERTICALS/MV04/02_TENSION_M1/02_PROMPT_ANIMAR_MOTION.txt
88	7.43	/Users/lordjef/Downloads/ABRAXAS_V4_2_24_CONTINUITY_MASTER_PACKAGE/DELIVERABLES/JOC55_ABRAXAS_V4_2_24_PREBUILT/09_MOTIONS_V4_2/AI_SELECTED_V4_2_24/03_VERTICALS/MV04/02_TENSION_M1/20_MOTION_FINAL/COLOCAR_AQUI_MOTION_FINAL.txt
1460	7.43	/Users/lordjef/Downloads/ABRAXAS_V4_2_24_CONTINUITY_MASTER_PACKAGE/DELIVERABLES/JOC55_ABRAXAS_V4_2_24_PREBUILT/09_MOTIONS_V4_2/AI_SELECTED_V4_2_24/03_VERTICALS/MV04/02_TENSION_M1/MOTION_DECISION.json
723	7.43	/Users/lordjef/Downloads/ABRAXAS_V4_2_24_CONTINUITY_MASTER_PACKAGE/DELIVERABLES/JOC55_ABRAXAS_V4_2_24_PREBUILT/09_MOTIONS_V4_2/AI_SELECTED_V4_2_24/03_VERTICALS/MV04/03_CORE_M1/02_PROMPT_ANIMAR_MOTION.txt
88	7.43	/Users/lordjef/Downloads/ABRAXAS_V4_2_24_CONTINUITY_MASTER_PACKAGE/DELIVERABLES/JOC55_ABRAXAS_V4_2_24_PREBUILT/09_MOTIONS_V4_2/AI_SELECTED_V4_2_24/03_VERTICALS/MV04/03_CORE_M1/20_MOTION_FINAL/COLOCAR_AQUI_MOTION_FINAL.txt
1426	7.43	/Users/lordjef/Downloads/ABRAXAS_V4_2_24_CONTINUITY_MASTER_PACKAGE/DELIVERABLES/JOC55_ABRAXAS_V4_2_24_PREBUILT/09_MOTIONS_V4_2/AI_SELECTED_V4_2_24/03_VERTICALS/MV04/03_CORE_M1/MOTION_DECISION.json
770	7.43	/Users/lordjef/Downloads/ABRAXAS_V4_2_24_CONTINUITY_MASTER_PACKAGE/DELIVERABLES/JOC55_ABRAXAS_V4_2_24_PREBUILT/09_MOTIONS_V4_2/AI_SELECTED_V4_2_24/03_VERTICALS/MV04/04_SHIFT_M3/02_PROMPT_ANIMAR_MOTION.txt
88	7.43	/Users/lordjef/Downloads/ABRAXAS_V4_2_24_CONTINUITY_MASTER_PACKAGE/DELIVERABLES/JOC55_ABRAXAS_V4_2_24_PREBUILT/09_MOTIONS_V4_2/AI_SELECTED_V4_2_24/03_VERTICALS/MV04/04_SHIFT_M3/20_MOTION_FINAL/COLOCAR_AQUI_MOTION_FINAL.txt
1456	7.43	/Users/lordjef/Downloads/ABRAXAS_V4_2_24_CONTINUITY_MASTER_PACKAGE/DELIVERABLES/JOC55_ABRAXAS_V4_2_24_PREBUILT/09_MOTIONS_V4_2/AI_SELECTED_V4_2_24/03_VERTICALS/MV04/04_SHIFT_M3/MOTION_DECISION.json
619	7.43	/Users/lordjef/Downloads/ABRAXAS_V4_2_24_CONTINUITY_MASTER_PACKAGE/DELIVERABLES/JOC55_ABRAXAS_V4_2_24_PREBUILT/09_MOTIONS_V4_2/AI_SELECTED_V4_2_24/03_VERTICALS/MV04/05_MEMORABLE_M3/02_PROMPT_ANIMAR_MOTION.txt
88	7.43	/Users/lordjef/Downloads/ABRAXAS_V4_2_24_CONTINUITY_MASTER_PACKAGE/DELIVERABLES/JOC55_ABRAXAS_V4_2_24_PREBUILT/09_MOTIONS_V4_2/AI_SELECTED_V4_2_24/03_VERTICALS/MV04/05_MEMORABLE_M3/20_MOTION_FINAL/COLOCAR_AQUI_MOTION_FINAL.txt
1301	7.43	/Users/lordjef/Downloads/ABRAXAS_V4_2_24_CONTINUITY_MASTER_PACKAGE/DELIVERABLES/JOC55_ABRAXAS_V4_2_24_PREBUILT/09_MOTIONS_V4_2/AI_SELECTED_V4_2_24/03_VERTICALS/MV04/05_MEMORABLE_M3/MOTION_DECISION.json
624	7.43	/Users/lordjef/Downloads/ABRAXAS_V4_2_24_CONTINUITY_MASTER_PACKAGE/DELIVERABLES/JOC55_ABRAXAS_V4_2_24_PREBUILT/09_MOTIONS_V4_2/AI_SELECTED_V4_2_24/03_VERTICALS/MV04/06_CLOSE_M3/02_PROMPT_ANIMAR_MOTION.txt
88	7.43	/Users/lordjef/Downloads/ABRAXAS_V4_2_24_CONTINUITY_MASTER_PACKAGE/DELIVERABLES/JOC55_ABRAXAS_V4_2_24_PREBUILT/09_MOTIONS_V4_2/AI_SELECTED_V4_2_24/03_VERTICALS/MV04/06_CLOSE_M3/20_MOTION_FINAL/COLOCAR_AQUI_MOTION_FINAL.txt
1334	7.43	/Users/lordjef/Downloads/ABRAXAS_V4_2_24_CONTINUITY_MASTER_PACKAGE/DELIVERABLES/JOC55_ABRAXAS_V4_2_24_PREBUILT/09_MOTIONS_V4_2/AI_SELECTED_V4_2_24/03_VERTICALS/MV04/06_CLOSE_M3/MOTION_DECISION.json
1239	7.43	/Users/lordjef/Downloads/ABRAXAS_V4_2_24_CONTINUITY_MASTER_PACKAGE/DELIVERABLES/JOC55_ABRAXAS_V4_2_24_PREBUILT/09_MOTIONS_V4_2/AI_SELECTED_V4_2_24/03_VERTICALS/MV05/00_MOTION_INDEX.json
661	7.43	/Users/lordjef/Downloads/ABRAXAS_V4_2_24_CONTINUITY_MASTER_PACKAGE/DELIVERABLES/JOC55_ABRAXAS_V4_2_24_PREBUILT/09_MOTIONS_V4_2/AI_SELECTED_V4_2_24/03_VERTICALS/MV05/01_HOOK_M3/02_PROMPT_ANIMAR_MOTION.txt
88	7.43	/Users/lordjef/Downloads/ABRAXAS_V4_2_24_CONTINUITY_MASTER_PACKAGE/DELIVERABLES/JOC55_ABRAXAS_V4_2_24_PREBUILT/09_MOTIONS_V4_2/AI_SELECTED_V4_2_24/03_VERTICALS/MV05/01_HOOK_M3/20_MOTION_FINAL/COLOCAR_AQUI_MOTION_FINAL.txt
1348	7.43	/Users/lordjef/Downloads/ABRAXAS_V4_2_24_CONTINUITY_MASTER_PACKAGE/DELIVERABLES/JOC55_ABRAXAS_V4_2_24_PREBUILT/09_MOTIONS_V4_2/AI_SELECTED_V4_2_24/03_VERTICALS/MV05/01_HOOK_M3/MOTION_DECISION.json
688	7.43	/Users/lordjef/Downloads/ABRAXAS_V4_2_24_CONTINUITY_MASTER_PACKAGE/DELIVERABLES/JOC55_ABRAXAS_V4_2_24_PREBUILT/09_MOTIONS_V4_2/AI_SELECTED_V4_2_24/03_VERTICALS/MV05/02_TENSION_M1/02_PROMPT_ANIMAR_MOTION.txt
88	7.43	/Users/lordjef/Downloads/ABRAXAS_V4_2_24_CONTINUITY_MASTER_PACKAGE/DELIVERABLES/JOC55_ABRAXAS_V4_2_24_PREBUILT/09_MOTIONS_V4_2/AI_SELECTED_V4_2_24/03_VERTICALS/MV05/02_TENSION_M1/20_MOTION_FINAL/COLOCAR_AQUI_MOTION_FINAL.txt
1398	7.43	/Users/lordjef/Downloads/ABRAXAS_V4_2_24_CONTINUITY_MASTER_PACKAGE/DELIVERABLES/JOC55_ABRAXAS_V4_2_24_PREBUILT/09_MOTIONS_V4_2/AI_SELECTED_V4_2_24/03_VERTICALS/MV05/02_TENSION_M1/MOTION_DECISION.json
743	7.43	/Users/lordjef/Downloads/ABRAXAS_V4_2_24_CONTINUITY_MASTER_PACKAGE/DELIVERABLES/JOC55_ABRAXAS_V4_2_24_PREBUILT/09_MOTIONS_V4_2/AI_SELECTED_V4_2_24/03_VERTICALS/MV05/03_CORE_M4/02_PROMPT_ANIMAR_MOTION.txt
88	7.43	/Users/lordjef/Downloads/ABRAXAS_V4_2_24_CONTINUITY_MASTER_PACKAGE/DELIVERABLES/JOC55_ABRAXAS_V4_2_24_PREBUILT/09_MOTIONS_V4_2/AI_SELECTED_V4_2_24/03_VERTICALS/MV05/03_CORE_M4/20_MOTION_FINAL/COLOCAR_AQUI_MOTION_FINAL.txt
1383	7.43	/Users/lordjef/Downloads/ABRAXAS_V4_2_24_CONTINUITY_MASTER_PACKAGE/DELIVERABLES/JOC55_ABRAXAS_V4_2_24_PREBUILT/09_MOTIONS_V4_2/AI_SELECTED_V4_2_24/03_VERTICALS/MV05/03_CORE_M4/MOTION_DECISION.json
643	7.43	/Users/lordjef/Downloads/ABRAXAS_V4_2_24_CONTINUITY_MASTER_PACKAGE/DELIVERABLES/JOC55_ABRAXAS_V4_2_24_PREBUILT/09_MOTIONS_V4_2/AI_SELECTED_V4_2_24/03_VERTICALS/MV05/04_SHIFT_M3/02_PROMPT_ANIMAR_MOTION.txt
88	7.43	/Users/lordjef/Downloads/ABRAXAS_V4_2_24_CONTINUITY_MASTER_PACKAGE/DELIVERABLES/JOC55_ABRAXAS_V4_2_24_PREBUILT/09_MOTIONS_V4_2/AI_SELECTED_V4_2_24/03_VERTICALS/MV05/04_SHIFT_M3/20_MOTION_FINAL/COLOCAR_AQUI_MOTION_FINAL.txt
1340	7.43	/Users/lordjef/Downloads/ABRAXAS_V4_2_24_CONTINUITY_MASTER_PACKAGE/DELIVERABLES/JOC55_ABRAXAS_V4_2_24_PREBUILT/09_MOTIONS_V4_2/AI_SELECTED_V4_2_24/03_VERTICALS/MV05/04_SHIFT_M3/MOTION_DECISION.json
713	7.43	/Users/lordjef/Downloads/ABRAXAS_V4_2_24_CONTINUITY_MASTER_PACKAGE/DELIVERABLES/JOC55_ABRAXAS_V4_2_24_PREBUILT/09_MOTIONS_V4_2/AI_SELECTED_V4_2_24/03_VERTICALS/MV05/05_MEMORABLE_M3/02_PROMPT_ANIMAR_MOTION.txt
88	7.43	/Users/lordjef/Downloads/ABRAXAS_V4_2_24_CONTINUITY_MASTER_PACKAGE/DELIVERABLES/JOC55_ABRAXAS_V4_2_24_PREBUILT/09_MOTIONS_V4_2/AI_SELECTED_V4_2_24/03_VERTICALS/MV05/05_MEMORABLE_M3/20_MOTION_FINAL/COLOCAR_AQUI_MOTION_FINAL.txt
1408	7.43	/Users/lordjef/Downloads/ABRAXAS_V4_2_24_CONTINUITY_MASTER_PACKAGE/DELIVERABLES/JOC55_ABRAXAS_V4_2_24_PREBUILT/09_MOTIONS_V4_2/AI_SELECTED_V4_2_24/03_VERTICALS/MV05/05_MEMORABLE_M3/MOTION_DECISION.json
774	7.43	/Users/lordjef/Downloads/ABRAXAS_V4_2_24_CONTINUITY_MASTER_PACKAGE/DELIVERABLES/JOC55_ABRAXAS_V4_2_24_PREBUILT/09_MOTIONS_V4_2/AI_SELECTED_V4_2_24/03_VERTICALS/MV05/06_CLOSE_M2/02_PROMPT_ANIMAR_MOTION.txt
641	7.43	/Users/lordjef/Downloads/ABRAXAS_V4_2_24_CONTINUITY_MASTER_PACKAGE/DELIVERABLES/JOC55_ABRAXAS_V4_2_24_PREBUILT/09_MOTIONS_V4_2/AI_SELECTED_V4_2_24/03_VERTICALS/MV05/06_CLOSE_M2/10_ASSETS/MOTION2_TEXT_SEGMENTS_EXACT.json
88	7.43	/Users/lordjef/Downloads/ABRAXAS_V4_2_24_CONTINUITY_MASTER_PACKAGE/DELIVERABLES/JOC55_ABRAXAS_V4_2_24_PREBUILT/09_MOTIONS_V4_2/AI_SELECTED_V4_2_24/03_VERTICALS/MV05/06_CLOSE_M2/20_MOTION_FINAL/COLOCAR_AQUI_MOTION_FINAL.txt
1608	7.43	/Users/lordjef/Downloads/ABRAXAS_V4_2_24_CONTINUITY_MASTER_PACKAGE/DELIVERABLES/JOC55_ABRAXAS_V4_2_24_PREBUILT/09_MOTIONS_V4_2/AI_SELECTED_V4_2_24/03_VERTICALS/MV05/06_CLOSE_M2/MOTION_DECISION.json
1239	7.43	/Users/lordjef/Downloads/ABRAXAS_V4_2_24_CONTINUITY_MASTER_PACKAGE/DELIVERABLES/JOC55_ABRAXAS_V4_2_24_PREBUILT/09_MOTIONS_V4_2/AI_SELECTED_V4_2_24/03_VERTICALS/MV06/00_MOTION_INDEX.json
662	7.43	/Users/lordjef/Downloads/ABRAXAS_V4_2_24_CONTINUITY_MASTER_PACKAGE/DELIVERABLES/JOC55_ABRAXAS_V4_2_24_PREBUILT/09_MOTIONS_V4_2/AI_SELECTED_V4_2_24/03_VERTICALS/MV06/01_HOOK_M3/02_PROMPT_ANIMAR_MOTION.txt
88	7.43	/Users/lordjef/Downloads/ABRAXAS_V4_2_24_CONTINUITY_MASTER_PACKAGE/DELIVERABLES/JOC55_ABRAXAS_V4_2_24_PREBUILT/09_MOTIONS_V4_2/AI_SELECTED_V4_2_24/03_VERTICALS/MV06/01_HOOK_M3/20_MOTION_FINAL/COLOCAR_AQUI_MOTION_FINAL.txt
1345	7.43	/Users/lordjef/Downloads/ABRAXAS_V4_2_24_CONTINUITY_MASTER_PACKAGE/DELIVERABLES/JOC55_ABRAXAS_V4_2_24_PREBUILT/09_MOTIONS_V4_2/AI_SELECTED_V4_2_24/03_VERTICALS/MV06/01_HOOK_M3/MOTION_DECISION.json
713	7.43	/Users/lordjef/Downloads/ABRAXAS_V4_2_24_CONTINUITY_MASTER_PACKAGE/DELIVERABLES/JOC55_ABRAXAS_V4_2_24_PREBUILT/09_MOTIONS_V4_2/AI_SELECTED_V4_2_24/03_VERTICALS/MV06/02_TENSION_M1/02_PROMPT_ANIMAR_MOTION.txt
88	7.43	/Users/lordjef/Downloads/ABRAXAS_V4_2_24_CONTINUITY_MASTER_PACKAGE/DELIVERABLES/JOC55_ABRAXAS_V4_2_24_PREBUILT/09_MOTIONS_V4_2/AI_SELECTED_V4_2_24/03_VERTICALS/MV06/02_TENSION_M1/20_MOTION_FINAL/COLOCAR_AQUI_MOTION_FINAL.txt
1471	7.43	/Users/lordjef/Downloads/ABRAXAS_V4_2_24_CONTINUITY_MASTER_PACKAGE/DELIVERABLES/JOC55_ABRAXAS_V4_2_24_PREBUILT/09_MOTIONS_V4_2/AI_SELECTED_V4_2_24/03_VERTICALS/MV06/02_TENSION_M1/MOTION_DECISION.json
632	7.43	/Users/lordjef/Downloads/ABRAXAS_V4_2_24_CONTINUITY_MASTER_PACKAGE/DELIVERABLES/JOC55_ABRAXAS_V4_2_24_PREBUILT/09_MOTIONS_V4_2/AI_SELECTED_V4_2_24/03_VERTICALS/MV06/03_CORE_M4/02_PROMPT_ANIMAR_MOTION.txt
88	7.43	/Users/lordjef/Downloads/ABRAXAS_V4_2_24_CONTINUITY_MASTER_PACKAGE/DELIVERABLES/JOC55_ABRAXAS_V4_2_24_PREBUILT/09_MOTIONS_V4_2/AI_SELECTED_V4_2_24/03_VERTICALS/MV06/03_CORE_M4/20_MOTION_FINAL/COLOCAR_AQUI_MOTION_FINAL.txt
1282	7.43	/Users/lordjef/Downloads/ABRAXAS_V4_2_24_CONTINUITY_MASTER_PACKAGE/DELIVERABLES/JOC55_ABRAXAS_V4_2_24_PREBUILT/09_MOTIONS_V4_2/AI_SELECTED_V4_2_24/03_VERTICALS/MV06/03_CORE_M4/MOTION_DECISION.json
658	7.43	/Users/lordjef/Downloads/ABRAXAS_V4_2_24_CONTINUITY_MASTER_PACKAGE/DELIVERABLES/JOC55_ABRAXAS_V4_2_24_PREBUILT/09_MOTIONS_V4_2/AI_SELECTED_V4_2_24/03_VERTICALS/MV06/04_SHIFT_M4/02_PROMPT_ANIMAR_MOTION.txt
88	7.43	/Users/lordjef/Downloads/ABRAXAS_V4_2_24_CONTINUITY_MASTER_PACKAGE/DELIVERABLES/JOC55_ABRAXAS_V4_2_24_PREBUILT/09_MOTIONS_V4_2/AI_SELECTED_V4_2_24/03_VERTICALS/MV06/04_SHIFT_M4/20_MOTION_FINAL/COLOCAR_AQUI_MOTION_FINAL.txt
1347	7.43	/Users/lordjef/Downloads/ABRAXAS_V4_2_24_CONTINUITY_MASTER_PACKAGE/DELIVERABLES/JOC55_ABRAXAS_V4_2_24_PREBUILT/09_MOTIONS_V4_2/AI_SELECTED_V4_2_24/03_VERTICALS/MV06/04_SHIFT_M4/MOTION_DECISION.json
691	7.43	/Users/lordjef/Downloads/ABRAXAS_V4_2_24_CONTINUITY_MASTER_PACKAGE/DELIVERABLES/JOC55_ABRAXAS_V4_2_24_PREBUILT/09_MOTIONS_V4_2/AI_SELECTED_V4_2_24/03_VERTICALS/MV06/05_MEMORABLE_M3/02_PROMPT_ANIMAR_MOTION.txt
88	7.43	/Users/lordjef/Downloads/ABRAXAS_V4_2_24_CONTINUITY_MASTER_PACKAGE/DELIVERABLES/JOC55_ABRAXAS_V4_2_24_PREBUILT/09_MOTIONS_V4_2/AI_SELECTED_V4_2_24/03_VERTICALS/MV06/05_MEMORABLE_M3/20_MOTION_FINAL/COLOCAR_AQUI_MOTION_FINAL.txt
1403	7.43	/Users/lordjef/Downloads/ABRAXAS_V4_2_24_CONTINUITY_MASTER_PACKAGE/DELIVERABLES/JOC55_ABRAXAS_V4_2_24_PREBUILT/09_MOTIONS_V4_2/AI_SELECTED_V4_2_24/03_VERTICALS/MV06/05_MEMORABLE_M3/MOTION_DECISION.json
718	7.43	/Users/lordjef/Downloads/ABRAXAS_V4_2_24_CONTINUITY_MASTER_PACKAGE/DELIVERABLES/JOC55_ABRAXAS_V4_2_24_PREBUILT/09_MOTIONS_V4_2/AI_SELECTED_V4_2_24/03_VERTICALS/MV06/06_CLOSE_M2/02_PROMPT_ANIMAR_MOTION.txt
473	7.43	/Users/lordjef/Downloads/ABRAXAS_V4_2_24_CONTINUITY_MASTER_PACKAGE/DELIVERABLES/JOC55_ABRAXAS_V4_2_24_PREBUILT/09_MOTIONS_V4_2/AI_SELECTED_V4_2_24/03_VERTICALS/MV06/06_CLOSE_M2/10_ASSETS/MOTION2_TEXT_SEGMENTS_EXACT.json
88	7.43	/Users/lordjef/Downloads/ABRAXAS_V4_2_24_CONTINUITY_MASTER_PACKAGE/DELIVERABLES/JOC55_ABRAXAS_V4_2_24_PREBUILT/09_MOTIONS_V4_2/AI_SELECTED_V4_2_24/03_VERTICALS/MV06/06_CLOSE_M2/20_MOTION_FINAL/COLOCAR_AQUI_MOTION_FINAL.txt
1569	7.43	/Users/lordjef/Downloads/ABRAXAS_V4_2_24_CONTINUITY_MASTER_PACKAGE/DELIVERABLES/JOC55_ABRAXAS_V4_2_24_PREBUILT/09_MOTIONS_V4_2/AI_SELECTED_V4_2_24/03_VERTICALS/MV06/06_CLOSE_M2/MOTION_DECISION.json
1239	7.43	/Users/lordjef/Downloads/ABRAXAS_V4_2_24_CONTINUITY_MASTER_PACKAGE/DELIVERABLES/JOC55_ABRAXAS_V4_2_24_PREBUILT/09_MOTIONS_V4_2/AI_SELECTED_V4_2_24/03_VERTICALS/MV07/00_MOTION_INDEX.json
650	7.43	/Users/lordjef/Downloads/ABRAXAS_V4_2_24_CONTINUITY_MASTER_PACKAGE/DELIVERABLES/JOC55_ABRAXAS_V4_2_24_PREBUILT/09_MOTIONS_V4_2/AI_SELECTED_V4_2_24/03_VERTICALS/MV07/01_HOOK_M3/02_PROMPT_ANIMAR_MOTION.txt
88	7.43	/Users/lordjef/Downloads/ABRAXAS_V4_2_24_CONTINUITY_MASTER_PACKAGE/DELIVERABLES/JOC55_ABRAXAS_V4_2_24_PREBUILT/09_MOTIONS_V4_2/AI_SELECTED_V4_2_24/03_VERTICALS/MV07/01_HOOK_M3/20_MOTION_FINAL/COLOCAR_AQUI_MOTION_FINAL.txt
1353	7.43	/Users/lordjef/Downloads/ABRAXAS_V4_2_24_CONTINUITY_MASTER_PACKAGE/DELIVERABLES/JOC55_ABRAXAS_V4_2_24_PREBUILT/09_MOTIONS_V4_2/AI_SELECTED_V4_2_24/03_VERTICALS/MV07/01_HOOK_M3/MOTION_DECISION.json
698	7.43	/Users/lordjef/Downloads/ABRAXAS_V4_2_24_CONTINUITY_MASTER_PACKAGE/DELIVERABLES/JOC55_ABRAXAS_V4_2_24_PREBUILT/09_MOTIONS_V4_2/AI_SELECTED_V4_2_24/03_VERTICALS/MV07/02_TENSION_M1/02_PROMPT_ANIMAR_MOTION.txt
88	7.43	/Users/lordjef/Downloads/ABRAXAS_V4_2_24_CONTINUITY_MASTER_PACKAGE/DELIVERABLES/JOC55_ABRAXAS_V4_2_24_PREBUILT/09_MOTIONS_V4_2/AI_SELECTED_V4_2_24/03_VERTICALS/MV07/02_TENSION_M1/20_MOTION_FINAL/COLOCAR_AQUI_MOTION_FINAL.txt
1419	7.43	/Users/lordjef/Downloads/ABRAXAS_V4_2_24_CONTINUITY_MASTER_PACKAGE/DELIVERABLES/JOC55_ABRAXAS_V4_2_24_PREBUILT/09_MOTIONS_V4_2/AI_SELECTED_V4_2_24/03_VERTICALS/MV07/02_TENSION_M1/MOTION_DECISION.json
656	7.43	/Users/lordjef/Downloads/ABRAXAS_V4_2_24_CONTINUITY_MASTER_PACKAGE/DELIVERABLES/JOC55_ABRAXAS_V4_2_24_PREBUILT/09_MOTIONS_V4_2/AI_SELECTED_V4_2_24/03_VERTICALS/MV07/03_CORE_M1/02_PROMPT_ANIMAR_MOTION.txt
88	7.43	/Users/lordjef/Downloads/ABRAXAS_V4_2_24_CONTINUITY_MASTER_PACKAGE/DELIVERABLES/JOC55_ABRAXAS_V4_2_24_PREBUILT/09_MOTIONS_V4_2/AI_SELECTED_V4_2_24/03_VERTICALS/MV07/03_CORE_M1/20_MOTION_FINAL/COLOCAR_AQUI_MOTION_FINAL.txt
1371	7.43	/Users/lordjef/Downloads/ABRAXAS_V4_2_24_CONTINUITY_MASTER_PACKAGE/DELIVERABLES/JOC55_ABRAXAS_V4_2_24_PREBUILT/09_MOTIONS_V4_2/AI_SELECTED_V4_2_24/03_VERTICALS/MV07/03_CORE_M1/MOTION_DECISION.json
705	7.43	/Users/lordjef/Downloads/ABRAXAS_V4_2_24_CONTINUITY_MASTER_PACKAGE/DELIVERABLES/JOC55_ABRAXAS_V4_2_24_PREBUILT/09_MOTIONS_V4_2/AI_SELECTED_V4_2_24/03_VERTICALS/MV07/04_SHIFT_M4/02_PROMPT_ANIMAR_MOTION.txt
88	7.43	/Users/lordjef/Downloads/ABRAXAS_V4_2_24_CONTINUITY_MASTER_PACKAGE/DELIVERABLES/JOC55_ABRAXAS_V4_2_24_PREBUILT/09_MOTIONS_V4_2/AI_SELECTED_V4_2_24/03_VERTICALS/MV07/04_SHIFT_M4/20_MOTION_FINAL/COLOCAR_AQUI_MOTION_FINAL.txt
1394	7.43	/Users/lordjef/Downloads/ABRAXAS_V4_2_24_CONTINUITY_MASTER_PACKAGE/DELIVERABLES/JOC55_ABRAXAS_V4_2_24_PREBUILT/09_MOTIONS_V4_2/AI_SELECTED_V4_2_24/03_VERTICALS/MV07/04_SHIFT_M4/MOTION_DECISION.json
642	7.43	/Users/lordjef/Downloads/ABRAXAS_V4_2_24_CONTINUITY_MASTER_PACKAGE/DELIVERABLES/JOC55_ABRAXAS_V4_2_24_PREBUILT/09_MOTIONS_V4_2/AI_SELECTED_V4_2_24/03_VERTICALS/MV07/05_MEMORABLE_M3/02_PROMPT_ANIMAR_MOTION.txt
88	7.43	/Users/lordjef/Downloads/ABRAXAS_V4_2_24_CONTINUITY_MASTER_PACKAGE/DELIVERABLES/JOC55_ABRAXAS_V4_2_24_PREBUILT/09_MOTIONS_V4_2/AI_SELECTED_V4_2_24/03_VERTICALS/MV07/05_MEMORABLE_M3/20_MOTION_FINAL/COLOCAR_AQUI_MOTION_FINAL.txt
1336	7.43	/Users/lordjef/Downloads/ABRAXAS_V4_2_24_CONTINUITY_MASTER_PACKAGE/DELIVERABLES/JOC55_ABRAXAS_V4_2_24_PREBUILT/09_MOTIONS_V4_2/AI_SELECTED_V4_2_24/03_VERTICALS/MV07/05_MEMORABLE_M3/MOTION_DECISION.json
727	7.43	/Users/lordjef/Downloads/ABRAXAS_V4_2_24_CONTINUITY_MASTER_PACKAGE/DELIVERABLES/JOC55_ABRAXAS_V4_2_24_PREBUILT/09_MOTIONS_V4_2/AI_SELECTED_V4_2_24/03_VERTICALS/MV07/06_CLOSE_M2/02_PROMPT_ANIMAR_MOTION.txt
500	7.43	/Users/lordjef/Downloads/ABRAXAS_V4_2_24_CONTINUITY_MASTER_PACKAGE/DELIVERABLES/JOC55_ABRAXAS_V4_2_24_PREBUILT/09_MOTIONS_V4_2/AI_SELECTED_V4_2_24/03_VERTICALS/MV07/06_CLOSE_M2/10_ASSETS/MOTION2_TEXT_SEGMENTS_EXACT.json
88	7.43	/Users/lordjef/Downloads/ABRAXAS_V4_2_24_CONTINUITY_MASTER_PACKAGE/DELIVERABLES/JOC55_ABRAXAS_V4_2_24_PREBUILT/09_MOTIONS_V4_2/AI_SELECTED_V4_2_24/03_VERTICALS/MV07/06_CLOSE_M2/20_MOTION_FINAL/COLOCAR_AQUI_MOTION_FINAL.txt
1562	7.43	/Users/lordjef/Downloads/ABRAXAS_V4_2_24_CONTINUITY_MASTER_PACKAGE/DELIVERABLES/JOC55_ABRAXAS_V4_2_24_PREBUILT/09_MOTIONS_V4_2/AI_SELECTED_V4_2_24/03_VERTICALS/MV07/06_CLOSE_M2/MOTION_DECISION.json
1239	7.43	/Users/lordjef/Downloads/ABRAXAS_V4_2_24_CONTINUITY_MASTER_PACKAGE/DELIVERABLES/JOC55_ABRAXAS_V4_2_24_PREBUILT/09_MOTIONS_V4_2/AI_SELECTED_V4_2_24/03_VERTICALS/MV08/00_MOTION_INDEX.json
647	7.43	/Users/lordjef/Downloads/ABRAXAS_V4_2_24_CONTINUITY_MASTER_PACKAGE/DELIVERABLES/JOC55_ABRAXAS_V4_2_24_PREBUILT/09_MOTIONS_V4_2/AI_SELECTED_V4_2_24/03_VERTICALS/MV08/01_HOOK_M3/02_PROMPT_ANIMAR_MOTION.txt
88	7.43	/Users/lordjef/Downloads/ABRAXAS_V4_2_24_CONTINUITY_MASTER_PACKAGE/DELIVERABLES/JOC55_ABRAXAS_V4_2_24_PREBUILT/09_MOTIONS_V4_2/AI_SELECTED_V4_2_24/03_VERTICALS/MV08/01_HOOK_M3/20_MOTION_FINAL/COLOCAR_AQUI_MOTION_FINAL.txt
1334	7.43	/Users/lordjef/Downloads/ABRAXAS_V4_2_24_CONTINUITY_MASTER_PACKAGE/DELIVERABLES/JOC55_ABRAXAS_V4_2_24_PREBUILT/09_MOTIONS_V4_2/AI_SELECTED_V4_2_24/03_VERTICALS/MV08/01_HOOK_M3/MOTION_DECISION.json
662	7.43	/Users/lordjef/Downloads/ABRAXAS_V4_2_24_CONTINUITY_MASTER_PACKAGE/DELIVERABLES/JOC55_ABRAXAS_V4_2_24_PREBUILT/09_MOTIONS_V4_2/AI_SELECTED_V4_2_24/03_VERTICALS/MV08/02_TENSION_M1/02_PROMPT_ANIMAR_MOTION.txt
88	7.43	/Users/lordjef/Downloads/ABRAXAS_V4_2_24_CONTINUITY_MASTER_PACKAGE/DELIVERABLES/JOC55_ABRAXAS_V4_2_24_PREBUILT/09_MOTIONS_V4_2/AI_SELECTED_V4_2_24/03_VERTICALS/MV08/02_TENSION_M1/20_MOTION_FINAL/COLOCAR_AQUI_MOTION_FINAL.txt
1367	7.43	/Users/lordjef/Downloads/ABRAXAS_V4_2_24_CONTINUITY_MASTER_PACKAGE/DELIVERABLES/JOC55_ABRAXAS_V4_2_24_PREBUILT/09_MOTIONS_V4_2/AI_SELECTED_V4_2_24/03_VERTICALS/MV08/02_TENSION_M1/MOTION_DECISION.json
650	7.43	/Users/lordjef/Downloads/ABRAXAS_V4_2_24_CONTINUITY_MASTER_PACKAGE/DELIVERABLES/JOC55_ABRAXAS_V4_2_24_PREBUILT/09_MOTIONS_V4_2/AI_SELECTED_V4_2_24/03_VERTICALS/MV08/03_CORE_M1/02_PROMPT_ANIMAR_MOTION.txt
88	7.43	/Users/lordjef/Downloads/ABRAXAS_V4_2_24_CONTINUITY_MASTER_PACKAGE/DELIVERABLES/JOC55_ABRAXAS_V4_2_24_PREBUILT/09_MOTIONS_V4_2/AI_SELECTED_V4_2_24/03_VERTICALS/MV08/03_CORE_M1/20_MOTION_FINAL/COLOCAR_AQUI_MOTION_FINAL.txt
1369	7.43	/Users/lordjef/Downloads/ABRAXAS_V4_2_24_CONTINUITY_MASTER_PACKAGE/DELIVERABLES/JOC55_ABRAXAS_V4_2_24_PREBUILT/09_MOTIONS_V4_2/AI_SELECTED_V4_2_24/03_VERTICALS/MV08/03_CORE_M1/MOTION_DECISION.json
696	7.43	/Users/lordjef/Downloads/ABRAXAS_V4_2_24_CONTINUITY_MASTER_PACKAGE/DELIVERABLES/JOC55_ABRAXAS_V4_2_24_PREBUILT/09_MOTIONS_V4_2/AI_SELECTED_V4_2_24/03_VERTICALS/MV08/04_SHIFT_M1/02_PROMPT_ANIMAR_MOTION.txt
88	7.43	/Users/lordjef/Downloads/ABRAXAS_V4_2_24_CONTINUITY_MASTER_PACKAGE/DELIVERABLES/JOC55_ABRAXAS_V4_2_24_PREBUILT/09_MOTIONS_V4_2/AI_SELECTED_V4_2_24/03_VERTICALS/MV08/04_SHIFT_M1/20_MOTION_FINAL/COLOCAR_AQUI_MOTION_FINAL.txt
1432	7.43	/Users/lordjef/Downloads/ABRAXAS_V4_2_24_CONTINUITY_MASTER_PACKAGE/DELIVERABLES/JOC55_ABRAXAS_V4_2_24_PREBUILT/09_MOTIONS_V4_2/AI_SELECTED_V4_2_24/03_VERTICALS/MV08/04_SHIFT_M1/MOTION_DECISION.json
666	7.43	/Users/lordjef/Downloads/ABRAXAS_V4_2_24_CONTINUITY_MASTER_PACKAGE/DELIVERABLES/JOC55_ABRAXAS_V4_2_24_PREBUILT/09_MOTIONS_V4_2/AI_SELECTED_V4_2_24/03_VERTICALS/MV08/05_MEMORABLE_M3/02_PROMPT_ANIMAR_MOTION.txt
88	7.43	/Users/lordjef/Downloads/ABRAXAS_V4_2_24_CONTINUITY_MASTER_PACKAGE/DELIVERABLES/JOC55_ABRAXAS_V4_2_24_PREBUILT/09_MOTIONS_V4_2/AI_SELECTED_V4_2_24/03_VERTICALS/MV08/05_MEMORABLE_M3/20_MOTION_FINAL/COLOCAR_AQUI_MOTION_FINAL.txt
1362	7.43	/Users/lordjef/Downloads/ABRAXAS_V4_2_24_CONTINUITY_MASTER_PACKAGE/DELIVERABLES/JOC55_ABRAXAS_V4_2_24_PREBUILT/09_MOTIONS_V4_2/AI_SELECTED_V4_2_24/03_VERTICALS/MV08/05_MEMORABLE_M3/MOTION_DECISION.json
725	7.43	/Users/lordjef/Downloads/ABRAXAS_V4_2_24_CONTINUITY_MASTER_PACKAGE/DELIVERABLES/JOC55_ABRAXAS_V4_2_24_PREBUILT/09_MOTIONS_V4_2/AI_SELECTED_V4_2_24/03_VERTICALS/MV08/06_CLOSE_M2/02_PROMPT_ANIMAR_MOTION.txt
494	7.43	/Users/lordjef/Downloads/ABRAXAS_V4_2_24_CONTINUITY_MASTER_PACKAGE/DELIVERABLES/JOC55_ABRAXAS_V4_2_24_PREBUILT/09_MOTIONS_V4_2/AI_SELECTED_V4_2_24/03_VERTICALS/MV08/06_CLOSE_M2/10_ASSETS/MOTION2_TEXT_SEGMENTS_EXACT.json
88	7.43	/Users/lordjef/Downloads/ABRAXAS_V4_2_24_CONTINUITY_MASTER_PACKAGE/DELIVERABLES/JOC55_ABRAXAS_V4_2_24_PREBUILT/09_MOTIONS_V4_2/AI_SELECTED_V4_2_24/03_VERTICALS/MV08/06_CLOSE_M2/20_MOTION_FINAL/COLOCAR_AQUI_MOTION_FINAL.txt
1574	7.43	/Users/lordjef/Downloads/ABRAXAS_V4_2_24_CONTINUITY_MASTER_PACKAGE/DELIVERABLES/JOC55_ABRAXAS_V4_2_24_PREBUILT/09_MOTIONS_V4_2/AI_SELECTED_V4_2_24/03_VERTICALS/MV08/06_CLOSE_M2/MOTION_DECISION.json
1238	7.43	/Users/lordjef/Downloads/ABRAXAS_V4_2_24_CONTINUITY_MASTER_PACKAGE/DELIVERABLES/JOC55_ABRAXAS_V4_2_24_PREBUILT/09_MOTIONS_V4_2/AI_SELECTED_V4_2_24/03_VERTICALS/V01/00_MOTION_INDEX.json
733	7.43	/Users/lordjef/Downloads/ABRAXAS_V4_2_24_CONTINUITY_MASTER_PACKAGE/DELIVERABLES/JOC55_ABRAXAS_V4_2_24_PREBUILT/09_MOTIONS_V4_2/AI_SELECTED_V4_2_24/03_VERTICALS/V01/01_HOOK_M5/02_PROMPT_ANIMAR_MOTION.txt
88	7.43	/Users/lordjef/Downloads/ABRAXAS_V4_2_24_CONTINUITY_MASTER_PACKAGE/DELIVERABLES/JOC55_ABRAXAS_V4_2_24_PREBUILT/09_MOTIONS_V4_2/AI_SELECTED_V4_2_24/03_VERTICALS/V01/01_HOOK_M5/20_MOTION_FINAL/COLOCAR_AQUI_MOTION_FINAL.txt
1464	7.43	/Users/lordjef/Downloads/ABRAXAS_V4_2_24_CONTINUITY_MASTER_PACKAGE/DELIVERABLES/JOC55_ABRAXAS_V4_2_24_PREBUILT/09_MOTIONS_V4_2/AI_SELECTED_V4_2_24/03_VERTICALS/V01/01_HOOK_M5/MOTION_DECISION.json
738	7.43	/Users/lordjef/Downloads/ABRAXAS_V4_2_24_CONTINUITY_MASTER_PACKAGE/DELIVERABLES/JOC55_ABRAXAS_V4_2_24_PREBUILT/09_MOTIONS_V4_2/AI_SELECTED_V4_2_24/03_VERTICALS/V01/02_TENSION_M2/02_PROMPT_ANIMAR_MOTION.txt
530	7.43	/Users/lordjef/Downloads/ABRAXAS_V4_2_24_CONTINUITY_MASTER_PACKAGE/DELIVERABLES/JOC55_ABRAXAS_V4_2_24_PREBUILT/09_MOTIONS_V4_2/AI_SELECTED_V4_2_24/03_VERTICALS/V01/02_TENSION_M2/10_ASSETS/MOTION2_TEXT_SEGMENTS_EXACT.json
88	7.43	/Users/lordjef/Downloads/ABRAXAS_V4_2_24_CONTINUITY_MASTER_PACKAGE/DELIVERABLES/JOC55_ABRAXAS_V4_2_24_PREBUILT/09_MOTIONS_V4_2/AI_SELECTED_V4_2_24/03_VERTICALS/V01/02_TENSION_M2/20_MOTION_FINAL/COLOCAR_AQUI_MOTION_FINAL.txt
1563	7.43	/Users/lordjef/Downloads/ABRAXAS_V4_2_24_CONTINUITY_MASTER_PACKAGE/DELIVERABLES/JOC55_ABRAXAS_V4_2_24_PREBUILT/09_MOTIONS_V4_2/AI_SELECTED_V4_2_24/03_VERTICALS/V01/02_TENSION_M2/MOTION_DECISION.json
741	7.43	/Users/lordjef/Downloads/ABRAXAS_V4_2_24_CONTINUITY_MASTER_PACKAGE/DELIVERABLES/JOC55_ABRAXAS_V4_2_24_PREBUILT/09_MOTIONS_V4_2/AI_SELECTED_V4_2_24/03_VERTICALS/V01/03_CORE_M4/02_PROMPT_ANIMAR_MOTION.txt
88	7.43	/Users/lordjef/Downloads/ABRAXAS_V4_2_24_CONTINUITY_MASTER_PACKAGE/DELIVERABLES/JOC55_ABRAXAS_V4_2_24_PREBUILT/09_MOTIONS_V4_2/AI_SELECTED_V4_2_24/03_VERTICALS/V01/03_CORE_M4/20_MOTION_FINAL/COLOCAR_AQUI_MOTION_FINAL.txt
1383	7.43	/Users/lordjef/Downloads/ABRAXAS_V4_2_24_CONTINUITY_MASTER_PACKAGE/DELIVERABLES/JOC55_ABRAXAS_V4_2_24_PREBUILT/09_MOTIONS_V4_2/AI_SELECTED_V4_2_24/03_VERTICALS/V01/03_CORE_M4/MOTION_DECISION.json
740	7.43	/Users/lordjef/Downloads/ABRAXAS_V4_2_24_CONTINUITY_MASTER_PACKAGE/DELIVERABLES/JOC55_ABRAXAS_V4_2_24_PREBUILT/09_MOTIONS_V4_2/AI_SELECTED_V4_2_24/03_VERTICALS/V01/04_SHIFT_M1/02_PROMPT_ANIMAR_MOTION.txt
88	7.43	/Users/lordjef/Downloads/ABRAXAS_V4_2_24_CONTINUITY_MASTER_PACKAGE/DELIVERABLES/JOC55_ABRAXAS_V4_2_24_PREBUILT/09_MOTIONS_V4_2/AI_SELECTED_V4_2_24/03_VERTICALS/V01/04_SHIFT_M1/20_MOTION_FINAL/COLOCAR_AQUI_MOTION_FINAL.txt
1458	7.43	/Users/lordjef/Downloads/ABRAXAS_V4_2_24_CONTINUITY_MASTER_PACKAGE/DELIVERABLES/JOC55_ABRAXAS_V4_2_24_PREBUILT/09_MOTIONS_V4_2/AI_SELECTED_V4_2_24/03_VERTICALS/V01/04_SHIFT_M1/MOTION_DECISION.json
709	7.43	/Users/lordjef/Downloads/ABRAXAS_V4_2_24_CONTINUITY_MASTER_PACKAGE/DELIVERABLES/JOC55_ABRAXAS_V4_2_24_PREBUILT/09_MOTIONS_V4_2/AI_SELECTED_V4_2_24/03_VERTICALS/V01/05_MEMORABLE_M2/02_PROMPT_ANIMAR_MOTION.txt
437	7.43	/Users/lordjef/Downloads/ABRAXAS_V4_2_24_CONTINUITY_MASTER_PACKAGE/DELIVERABLES/JOC55_ABRAXAS_V4_2_24_PREBUILT/09_MOTIONS_V4_2/AI_SELECTED_V4_2_24/03_VERTICALS/V01/05_MEMORABLE_M2/10_ASSETS/MOTION2_TEXT_SEGMENTS_EXACT.json
88	7.43	/Users/lordjef/Downloads/ABRAXAS_V4_2_24_CONTINUITY_MASTER_PACKAGE/DELIVERABLES/JOC55_ABRAXAS_V4_2_24_PREBUILT/09_MOTIONS_V4_2/AI_SELECTED_V4_2_24/03_VERTICALS/V01/05_MEMORABLE_M2/20_MOTION_FINAL/COLOCAR_AQUI_MOTION_FINAL.txt
1535	7.43	/Users/lordjef/Downloads/ABRAXAS_V4_2_24_CONTINUITY_MASTER_PACKAGE/DELIVERABLES/JOC55_ABRAXAS_V4_2_24_PREBUILT/09_MOTIONS_V4_2/AI_SELECTED_V4_2_24/03_VERTICALS/V01/05_MEMORABLE_M2/MOTION_DECISION.json
639	7.43	/Users/lordjef/Downloads/ABRAXAS_V4_2_24_CONTINUITY_MASTER_PACKAGE/DELIVERABLES/JOC55_ABRAXAS_V4_2_24_PREBUILT/09_MOTIONS_V4_2/AI_SELECTED_V4_2_24/03_VERTICALS/V01/06_CLOSE_M3/02_PROMPT_ANIMAR_MOTION.txt
88	7.43	/Users/lordjef/Downloads/ABRAXAS_V4_2_24_CONTINUITY_MASTER_PACKAGE/DELIVERABLES/JOC55_ABRAXAS_V4_2_24_PREBUILT/09_MOTIONS_V4_2/AI_SELECTED_V4_2_24/03_VERTICALS/V01/06_CLOSE_M3/20_MOTION_FINAL/COLOCAR_AQUI_MOTION_FINAL.txt
1339	7.43	/Users/lordjef/Downloads/ABRAXAS_V4_2_24_CONTINUITY_MASTER_PACKAGE/DELIVERABLES/JOC55_ABRAXAS_V4_2_24_PREBUILT/09_MOTIONS_V4_2/AI_SELECTED_V4_2_24/03_VERTICALS/V01/06_CLOSE_M3/MOTION_DECISION.json
1238	7.43	/Users/lordjef/Downloads/ABRAXAS_V4_2_24_CONTINUITY_MASTER_PACKAGE/DELIVERABLES/JOC55_ABRAXAS_V4_2_24_PREBUILT/09_MOTIONS_V4_2/AI_SELECTED_V4_2_24/03_VERTICALS/V02/00_MOTION_INDEX.json
695	7.43	/Users/lordjef/Downloads/ABRAXAS_V4_2_24_CONTINUITY_MASTER_PACKAGE/DELIVERABLES/JOC55_ABRAXAS_V4_2_24_PREBUILT/09_MOTIONS_V4_2/AI_SELECTED_V4_2_24/03_VERTICALS/V02/01_HOOK_M1/02_PROMPT_ANIMAR_MOTION.txt
88	7.43	/Users/lordjef/Downloads/ABRAXAS_V4_2_24_CONTINUITY_MASTER_PACKAGE/DELIVERABLES/JOC55_ABRAXAS_V4_2_24_PREBUILT/09_MOTIONS_V4_2/AI_SELECTED_V4_2_24/03_VERTICALS/V02/01_HOOK_M1/20_MOTION_FINAL/COLOCAR_AQUI_MOTION_FINAL.txt
1447	7.43	/Users/lordjef/Downloads/ABRAXAS_V4_2_24_CONTINUITY_MASTER_PACKAGE/DELIVERABLES/JOC55_ABRAXAS_V4_2_24_PREBUILT/09_MOTIONS_V4_2/AI_SELECTED_V4_2_24/03_VERTICALS/V02/01_HOOK_M1/MOTION_DECISION.json
682	7.43	/Users/lordjef/Downloads/ABRAXAS_V4_2_24_CONTINUITY_MASTER_PACKAGE/DELIVERABLES/JOC55_ABRAXAS_V4_2_24_PREBUILT/09_MOTIONS_V4_2/AI_SELECTED_V4_2_24/03_VERTICALS/V02/02_TENSION_M1/02_PROMPT_ANIMAR_MOTION.txt
88	7.43	/Users/lordjef/Downloads/ABRAXAS_V4_2_24_CONTINUITY_MASTER_PACKAGE/DELIVERABLES/JOC55_ABRAXAS_V4_2_24_PREBUILT/09_MOTIONS_V4_2/AI_SELECTED_V4_2_24/03_VERTICALS/V02/02_TENSION_M1/20_MOTION_FINAL/COLOCAR_AQUI_MOTION_FINAL.txt
1395	7.43	/Users/lordjef/Downloads/ABRAXAS_V4_2_24_CONTINUITY_MASTER_PACKAGE/DELIVERABLES/JOC55_ABRAXAS_V4_2_24_PREBUILT/09_MOTIONS_V4_2/AI_SELECTED_V4_2_24/03_VERTICALS/V02/02_TENSION_M1/MOTION_DECISION.json
727	7.43	/Users/lordjef/Downloads/ABRAXAS_V4_2_24_CONTINUITY_MASTER_PACKAGE/DELIVERABLES/JOC55_ABRAXAS_V4_2_24_PREBUILT/09_MOTIONS_V4_2/AI_SELECTED_V4_2_24/03_VERTICALS/V02/03_CORE_M1/02_PROMPT_ANIMAR_MOTION.txt
88	7.43	/Users/lordjef/Downloads/ABRAXAS_V4_2_24_CONTINUITY_MASTER_PACKAGE/DELIVERABLES/JOC55_ABRAXAS_V4_2_24_PREBUILT/09_MOTIONS_V4_2/AI_SELECTED_V4_2_24/03_VERTICALS/V02/03_CORE_M1/20_MOTION_FINAL/COLOCAR_AQUI_MOTION_FINAL.txt
1434	7.43	/Users/lordjef/Downloads/ABRAXAS_V4_2_24_CONTINUITY_MASTER_PACKAGE/DELIVERABLES/JOC55_ABRAXAS_V4_2_24_PREBUILT/09_MOTIONS_V4_2/AI_SELECTED_V4_2_24/03_VERTICALS/V02/03_CORE_M1/MOTION_DECISION.json
695	7.43	/Users/lordjef/Downloads/ABRAXAS_V4_2_24_CONTINUITY_MASTER_PACKAGE/DELIVERABLES/JOC55_ABRAXAS_V4_2_24_PREBUILT/09_MOTIONS_V4_2/AI_SELECTED_V4_2_24/03_VERTICALS/V02/04_SHIFT_M4/02_PROMPT_ANIMAR_MOTION.txt
88	7.43	/Users/lordjef/Downloads/ABRAXAS_V4_2_24_CONTINUITY_MASTER_PACKAGE/DELIVERABLES/JOC55_ABRAXAS_V4_2_24_PREBUILT/09_MOTIONS_V4_2/AI_SELECTED_V4_2_24/03_VERTICALS/V02/04_SHIFT_M4/20_MOTION_FINAL/COLOCAR_AQUI_MOTION_FINAL.txt
1343	7.43	/Users/lordjef/Downloads/ABRAXAS_V4_2_24_CONTINUITY_MASTER_PACKAGE/DELIVERABLES/JOC55_ABRAXAS_V4_2_24_PREBUILT/09_MOTIONS_V4_2/AI_SELECTED_V4_2_24/03_VERTICALS/V02/04_SHIFT_M4/MOTION_DECISION.json
773	7.43	/Users/lordjef/Downloads/ABRAXAS_V4_2_24_CONTINUITY_MASTER_PACKAGE/DELIVERABLES/JOC55_ABRAXAS_V4_2_24_PREBUILT/09_MOTIONS_V4_2/AI_SELECTED_V4_2_24/03_VERTICALS/V02/05_MEMORABLE_M3/02_PROMPT_ANIMAR_MOTION.txt
88	7.43	/Users/lordjef/Downloads/ABRAXAS_V4_2_24_CONTINUITY_MASTER_PACKAGE/DELIVERABLES/JOC55_ABRAXAS_V4_2_24_PREBUILT/09_MOTIONS_V4_2/AI_SELECTED_V4_2_24/03_VERTICALS/V02/05_MEMORABLE_M3/20_MOTION_FINAL/COLOCAR_AQUI_MOTION_FINAL.txt
1461	7.43	/Users/lordjef/Downloads/ABRAXAS_V4_2_24_CONTINUITY_MASTER_PACKAGE/DELIVERABLES/JOC55_ABRAXAS_V4_2_24_PREBUILT/09_MOTIONS_V4_2/AI_SELECTED_V4_2_24/03_VERTICALS/V02/05_MEMORABLE_M3/MOTION_DECISION.json
774	7.43	/Users/lordjef/Downloads/ABRAXAS_V4_2_24_CONTINUITY_MASTER_PACKAGE/DELIVERABLES/JOC55_ABRAXAS_V4_2_24_PREBUILT/09_MOTIONS_V4_2/AI_SELECTED_V4_2_24/03_VERTICALS/V02/06_CLOSE_M5/02_PROMPT_ANIMAR_MOTION.txt
88	7.43	/Users/lordjef/Downloads/ABRAXAS_V4_2_24_CONTINUITY_MASTER_PACKAGE/DELIVERABLES/JOC55_ABRAXAS_V4_2_24_PREBUILT/09_MOTIONS_V4_2/AI_SELECTED_V4_2_24/03_VERTICALS/V02/06_CLOSE_M5/20_MOTION_FINAL/COLOCAR_AQUI_MOTION_FINAL.txt
1512	7.43	/Users/lordjef/Downloads/ABRAXAS_V4_2_24_CONTINUITY_MASTER_PACKAGE/DELIVERABLES/JOC55_ABRAXAS_V4_2_24_PREBUILT/09_MOTIONS_V4_2/AI_SELECTED_V4_2_24/03_VERTICALS/V02/06_CLOSE_M5/MOTION_DECISION.json
1238	7.43	/Users/lordjef/Downloads/ABRAXAS_V4_2_24_CONTINUITY_MASTER_PACKAGE/DELIVERABLES/JOC55_ABRAXAS_V4_2_24_PREBUILT/09_MOTIONS_V4_2/AI_SELECTED_V4_2_24/03_VERTICALS/V03/00_MOTION_INDEX.json
716	7.43	/Users/lordjef/Downloads/ABRAXAS_V4_2_24_CONTINUITY_MASTER_PACKAGE/DELIVERABLES/JOC55_ABRAXAS_V4_2_24_PREBUILT/09_MOTIONS_V4_2/AI_SELECTED_V4_2_24/03_VERTICALS/V03/01_HOOK_M3/02_PROMPT_ANIMAR_MOTION.txt
88	7.43	/Users/lordjef/Downloads/ABRAXAS_V4_2_24_CONTINUITY_MASTER_PACKAGE/DELIVERABLES/JOC55_ABRAXAS_V4_2_24_PREBUILT/09_MOTIONS_V4_2/AI_SELECTED_V4_2_24/03_VERTICALS/V03/01_HOOK_M3/20_MOTION_FINAL/COLOCAR_AQUI_MOTION_FINAL.txt
1406	7.43	/Users/lordjef/Downloads/ABRAXAS_V4_2_24_CONTINUITY_MASTER_PACKAGE/DELIVERABLES/JOC55_ABRAXAS_V4_2_24_PREBUILT/09_MOTIONS_V4_2/AI_SELECTED_V4_2_24/03_VERTICALS/V03/01_HOOK_M3/MOTION_DECISION.json
645	7.43	/Users/lordjef/Downloads/ABRAXAS_V4_2_24_CONTINUITY_MASTER_PACKAGE/DELIVERABLES/JOC55_ABRAXAS_V4_2_24_PREBUILT/09_MOTIONS_V4_2/AI_SELECTED_V4_2_24/03_VERTICALS/V03/02_TENSION_M3/02_PROMPT_ANIMAR_MOTION.txt
88	7.43	/Users/lordjef/Downloads/ABRAXAS_V4_2_24_CONTINUITY_MASTER_PACKAGE/DELIVERABLES/JOC55_ABRAXAS_V4_2_24_PREBUILT/09_MOTIONS_V4_2/AI_SELECTED_V4_2_24/03_VERTICALS/V03/02_TENSION_M3/20_MOTION_FINAL/COLOCAR_AQUI_MOTION_FINAL.txt
1336	7.43	/Users/lordjef/Downloads/ABRAXAS_V4_2_24_CONTINUITY_MASTER_PACKAGE/DELIVERABLES/JOC55_ABRAXAS_V4_2_24_PREBUILT/09_MOTIONS_V4_2/AI_SELECTED_V4_2_24/03_VERTICALS/V03/02_TENSION_M3/MOTION_DECISION.json
664	7.43	/Users/lordjef/Downloads/ABRAXAS_V4_2_24_CONTINUITY_MASTER_PACKAGE/DELIVERABLES/JOC55_ABRAXAS_V4_2_24_PREBUILT/09_MOTIONS_V4_2/AI_SELECTED_V4_2_24/03_VERTICALS/V03/03_CORE_M1/02_PROMPT_ANIMAR_MOTION.txt
88	7.43	/Users/lordjef/Downloads/ABRAXAS_V4_2_24_CONTINUITY_MASTER_PACKAGE/DELIVERABLES/JOC55_ABRAXAS_V4_2_24_PREBUILT/09_MOTIONS_V4_2/AI_SELECTED_V4_2_24/03_VERTICALS/V03/03_CORE_M1/20_MOTION_FINAL/COLOCAR_AQUI_MOTION_FINAL.txt
1376	7.43	/Users/lordjef/Downloads/ABRAXAS_V4_2_24_CONTINUITY_MASTER_PACKAGE/DELIVERABLES/JOC55_ABRAXAS_V4_2_24_PREBUILT/09_MOTIONS_V4_2/AI_SELECTED_V4_2_24/03_VERTICALS/V03/03_CORE_M1/MOTION_DECISION.json
642	7.43	/Users/lordjef/Downloads/ABRAXAS_V4_2_24_CONTINUITY_MASTER_PACKAGE/DELIVERABLES/JOC55_ABRAXAS_V4_2_24_PREBUILT/09_MOTIONS_V4_2/AI_SELECTED_V4_2_24/03_VERTICALS/V03/04_SHIFT_M4/02_PROMPT_ANIMAR_MOTION.txt
88	7.43	/Users/lordjef/Downloads/ABRAXAS_V4_2_24_CONTINUITY_MASTER_PACKAGE/DELIVERABLES/JOC55_ABRAXAS_V4_2_24_PREBUILT/09_MOTIONS_V4_2/AI_SELECTED_V4_2_24/03_VERTICALS/V03/04_SHIFT_M4/20_MOTION_FINAL/COLOCAR_AQUI_MOTION_FINAL.txt
1326	7.43	/Users/lordjef/Downloads/ABRAXAS_V4_2_24_CONTINUITY_MASTER_PACKAGE/DELIVERABLES/JOC55_ABRAXAS_V4_2_24_PREBUILT/09_MOTIONS_V4_2/AI_SELECTED_V4_2_24/03_VERTICALS/V03/04_SHIFT_M4/MOTION_DECISION.json
633	7.43	/Users/lordjef/Downloads/ABRAXAS_V4_2_24_CONTINUITY_MASTER_PACKAGE/DELIVERABLES/JOC55_ABRAXAS_V4_2_24_PREBUILT/09_MOTIONS_V4_2/AI_SELECTED_V4_2_24/03_VERTICALS/V03/05_MEMORABLE_M3/02_PROMPT_ANIMAR_MOTION.txt
88	7.43	/Users/lordjef/Downloads/ABRAXAS_V4_2_24_CONTINUITY_MASTER_PACKAGE/DELIVERABLES/JOC55_ABRAXAS_V4_2_24_PREBUILT/09_MOTIONS_V4_2/AI_SELECTED_V4_2_24/03_VERTICALS/V03/05_MEMORABLE_M3/20_MOTION_FINAL/COLOCAR_AQUI_MOTION_FINAL.txt
1321	7.43	/Users/lordjef/Downloads/ABRAXAS_V4_2_24_CONTINUITY_MASTER_PACKAGE/DELIVERABLES/JOC55_ABRAXAS_V4_2_24_PREBUILT/09_MOTIONS_V4_2/AI_SELECTED_V4_2_24/03_VERTICALS/V03/05_MEMORABLE_M3/MOTION_DECISION.json
733	7.43	/Users/lordjef/Downloads/ABRAXAS_V4_2_24_CONTINUITY_MASTER_PACKAGE/DELIVERABLES/JOC55_ABRAXAS_V4_2_24_PREBUILT/09_MOTIONS_V4_2/AI_SELECTED_V4_2_24/03_VERTICALS/V03/06_CLOSE_M1/02_PROMPT_ANIMAR_MOTION.txt
88	7.43	/Users/lordjef/Downloads/ABRAXAS_V4_2_24_CONTINUITY_MASTER_PACKAGE/DELIVERABLES/JOC55_ABRAXAS_V4_2_24_PREBUILT/09_MOTIONS_V4_2/AI_SELECTED_V4_2_24/03_VERTICALS/V03/06_CLOSE_M1/20_MOTION_FINAL/COLOCAR_AQUI_MOTION_FINAL.txt
1454	7.43	/Users/lordjef/Downloads/ABRAXAS_V4_2_24_CONTINUITY_MASTER_PACKAGE/DELIVERABLES/JOC55_ABRAXAS_V4_2_24_PREBUILT/09_MOTIONS_V4_2/AI_SELECTED_V4_2_24/03_VERTICALS/V03/06_CLOSE_M1/MOTION_DECISION.json
1238	7.43	/Users/lordjef/Downloads/ABRAXAS_V4_2_24_CONTINUITY_MASTER_PACKAGE/DELIVERABLES/JOC55_ABRAXAS_V4_2_24_PREBUILT/09_MOTIONS_V4_2/AI_SELECTED_V4_2_24/03_VERTICALS/V04/00_MOTION_INDEX.json
732	7.43	/Users/lordjef/Downloads/ABRAXAS_V4_2_24_CONTINUITY_MASTER_PACKAGE/DELIVERABLES/JOC55_ABRAXAS_V4_2_24_PREBUILT/09_MOTIONS_V4_2/AI_SELECTED_V4_2_24/03_VERTICALS/V04/01_HOOK_M1/02_PROMPT_ANIMAR_MOTION.txt
88	7.43	/Users/lordjef/Downloads/ABRAXAS_V4_2_24_CONTINUITY_MASTER_PACKAGE/DELIVERABLES/JOC55_ABRAXAS_V4_2_24_PREBUILT/09_MOTIONS_V4_2/AI_SELECTED_V4_2_24/03_VERTICALS/V04/01_HOOK_M1/20_MOTION_FINAL/COLOCAR_AQUI_MOTION_FINAL.txt
1445	7.43	/Users/lordjef/Downloads/ABRAXAS_V4_2_24_CONTINUITY_MASTER_PACKAGE/DELIVERABLES/JOC55_ABRAXAS_V4_2_24_PREBUILT/09_MOTIONS_V4_2/AI_SELECTED_V4_2_24/03_VERTICALS/V04/01_HOOK_M1/MOTION_DECISION.json
674	7.43	/Users/lordjef/Downloads/ABRAXAS_V4_2_24_CONTINUITY_MASTER_PACKAGE/DELIVERABLES/JOC55_ABRAXAS_V4_2_24_PREBUILT/09_MOTIONS_V4_2/AI_SELECTED_V4_2_24/03_VERTICALS/V04/02_TENSION_M1/02_PROMPT_ANIMAR_MOTION.txt
88	7.43	/Users/lordjef/Downloads/ABRAXAS_V4_2_24_CONTINUITY_MASTER_PACKAGE/DELIVERABLES/JOC55_ABRAXAS_V4_2_24_PREBUILT/09_MOTIONS_V4_2/AI_SELECTED_V4_2_24/03_VERTICALS/V04/02_TENSION_M1/20_MOTION_FINAL/COLOCAR_AQUI_MOTION_FINAL.txt
1387	7.43	/Users/lordjef/Downloads/ABRAXAS_V4_2_24_CONTINUITY_MASTER_PACKAGE/DELIVERABLES/JOC55_ABRAXAS_V4_2_24_PREBUILT/09_MOTIONS_V4_2/AI_SELECTED_V4_2_24/03_VERTICALS/V04/02_TENSION_M1/MOTION_DECISION.json
700	7.43	/Users/lordjef/Downloads/ABRAXAS_V4_2_24_CONTINUITY_MASTER_PACKAGE/DELIVERABLES/JOC55_ABRAXAS_V4_2_24_PREBUILT/09_MOTIONS_V4_2/AI_SELECTED_V4_2_24/03_VERTICALS/V04/03_CORE_M2/02_PROMPT_ANIMAR_MOTION.txt
425	7.43	/Users/lordjef/Downloads/ABRAXAS_V4_2_24_CONTINUITY_MASTER_PACKAGE/DELIVERABLES/JOC55_ABRAXAS_V4_2_24_PREBUILT/09_MOTIONS_V4_2/AI_SELECTED_V4_2_24/03_VERTICALS/V04/03_CORE_M2/10_ASSETS/MOTION2_TEXT_SEGMENTS_EXACT.json
88	7.43	/Users/lordjef/Downloads/ABRAXAS_V4_2_24_CONTINUITY_MASTER_PACKAGE/DELIVERABLES/JOC55_ABRAXAS_V4_2_24_PREBUILT/09_MOTIONS_V4_2/AI_SELECTED_V4_2_24/03_VERTICALS/V04/03_CORE_M2/20_MOTION_FINAL/COLOCAR_AQUI_MOTION_FINAL.txt
1524	7.43	/Users/lordjef/Downloads/ABRAXAS_V4_2_24_CONTINUITY_MASTER_PACKAGE/DELIVERABLES/JOC55_ABRAXAS_V4_2_24_PREBUILT/09_MOTIONS_V4_2/AI_SELECTED_V4_2_24/03_VERTICALS/V04/03_CORE_M2/MOTION_DECISION.json
650	7.43	/Users/lordjef/Downloads/ABRAXAS_V4_2_24_CONTINUITY_MASTER_PACKAGE/DELIVERABLES/JOC55_ABRAXAS_V4_2_24_PREBUILT/09_MOTIONS_V4_2/AI_SELECTED_V4_2_24/03_VERTICALS/V04/04_SHIFT_M1/02_PROMPT_ANIMAR_MOTION.txt
88	7.43	/Users/lordjef/Downloads/ABRAXAS_V4_2_24_CONTINUITY_MASTER_PACKAGE/DELIVERABLES/JOC55_ABRAXAS_V4_2_24_PREBUILT/09_MOTIONS_V4_2/AI_SELECTED_V4_2_24/03_VERTICALS/V04/04_SHIFT_M1/20_MOTION_FINAL/COLOCAR_AQUI_MOTION_FINAL.txt
1362	7.43	/Users/lordjef/Downloads/ABRAXAS_V4_2_24_CONTINUITY_MASTER_PACKAGE/DELIVERABLES/JOC55_ABRAXAS_V4_2_24_PREBUILT/09_MOTIONS_V4_2/AI_SELECTED_V4_2_24/03_VERTICALS/V04/04_SHIFT_M1/MOTION_DECISION.json
714	7.43	/Users/lordjef/Downloads/ABRAXAS_V4_2_24_CONTINUITY_MASTER_PACKAGE/DELIVERABLES/JOC55_ABRAXAS_V4_2_24_PREBUILT/09_MOTIONS_V4_2/AI_SELECTED_V4_2_24/03_VERTICALS/V04/05_MEMORABLE_M2/02_PROMPT_ANIMAR_MOTION.txt
452	7.43	/Users/lordjef/Downloads/ABRAXAS_V4_2_24_CONTINUITY_MASTER_PACKAGE/DELIVERABLES/JOC55_ABRAXAS_V4_2_24_PREBUILT/09_MOTIONS_V4_2/AI_SELECTED_V4_2_24/03_VERTICALS/V04/05_MEMORABLE_M2/10_ASSETS/MOTION2_TEXT_SEGMENTS_EXACT.json
88	7.43	/Users/lordjef/Downloads/ABRAXAS_V4_2_24_CONTINUITY_MASTER_PACKAGE/DELIVERABLES/JOC55_ABRAXAS_V4_2_24_PREBUILT/09_MOTIONS_V4_2/AI_SELECTED_V4_2_24/03_VERTICALS/V04/05_MEMORABLE_M2/20_MOTION_FINAL/COLOCAR_AQUI_MOTION_FINAL.txt
1536	7.43	/Users/lordjef/Downloads/ABRAXAS_V4_2_24_CONTINUITY_MASTER_PACKAGE/DELIVERABLES/JOC55_ABRAXAS_V4_2_24_PREBUILT/09_MOTIONS_V4_2/AI_SELECTED_V4_2_24/03_VERTICALS/V04/05_MEMORABLE_M2/MOTION_DECISION.json
673	7.43	/Users/lordjef/Downloads/ABRAXAS_V4_2_24_CONTINUITY_MASTER_PACKAGE/DELIVERABLES/JOC55_ABRAXAS_V4_2_24_PREBUILT/09_MOTIONS_V4_2/AI_SELECTED_V4_2_24/03_VERTICALS/V04/06_CLOSE_M3/02_PROMPT_ANIMAR_MOTION.txt
88	7.43	/Users/lordjef/Downloads/ABRAXAS_V4_2_24_CONTINUITY_MASTER_PACKAGE/DELIVERABLES/JOC55_ABRAXAS_V4_2_24_PREBUILT/09_MOTIONS_V4_2/AI_SELECTED_V4_2_24/03_VERTICALS/V04/06_CLOSE_M3/20_MOTION_FINAL/COLOCAR_AQUI_MOTION_FINAL.txt
1365	7.43	/Users/lordjef/Downloads/ABRAXAS_V4_2_24_CONTINUITY_MASTER_PACKAGE/DELIVERABLES/JOC55_ABRAXAS_V4_2_24_PREBUILT/09_MOTIONS_V4_2/AI_SELECTED_V4_2_24/03_VERTICALS/V04/06_CLOSE_M3/MOTION_DECISION.json
1238	7.43	/Users/lordjef/Downloads/ABRAXAS_V4_2_24_CONTINUITY_MASTER_PACKAGE/DELIVERABLES/JOC55_ABRAXAS_V4_2_24_PREBUILT/09_MOTIONS_V4_2/AI_SELECTED_V4_2_24/03_VERTICALS/V05/00_MOTION_INDEX.json
745	7.43	/Users/lordjef/Downloads/ABRAXAS_V4_2_24_CONTINUITY_MASTER_PACKAGE/DELIVERABLES/JOC55_ABRAXAS_V4_2_24_PREBUILT/09_MOTIONS_V4_2/AI_SELECTED_V4_2_24/03_VERTICALS/V05/01_HOOK_M3/02_PROMPT_ANIMAR_MOTION.txt
88	7.43	/Users/lordjef/Downloads/ABRAXAS_V4_2_24_CONTINUITY_MASTER_PACKAGE/DELIVERABLES/JOC55_ABRAXAS_V4_2_24_PREBUILT/09_MOTIONS_V4_2/AI_SELECTED_V4_2_24/03_VERTICALS/V05/01_HOOK_M3/20_MOTION_FINAL/COLOCAR_AQUI_MOTION_FINAL.txt
1434	7.43	/Users/lordjef/Downloads/ABRAXAS_V4_2_24_CONTINUITY_MASTER_PACKAGE/DELIVERABLES/JOC55_ABRAXAS_V4_2_24_PREBUILT/09_MOTIONS_V4_2/AI_SELECTED_V4_2_24/03_VERTICALS/V05/01_HOOK_M3/MOTION_DECISION.json
765	7.43	/Users/lordjef/Downloads/ABRAXAS_V4_2_24_CONTINUITY_MASTER_PACKAGE/DELIVERABLES/JOC55_ABRAXAS_V4_2_24_PREBUILT/09_MOTIONS_V4_2/AI_SELECTED_V4_2_24/03_VERTICALS/V05/02_TENSION_M1/02_PROMPT_ANIMAR_MOTION.txt
88	7.43	/Users/lordjef/Downloads/ABRAXAS_V4_2_24_CONTINUITY_MASTER_PACKAGE/DELIVERABLES/JOC55_ABRAXAS_V4_2_24_PREBUILT/09_MOTIONS_V4_2/AI_SELECTED_V4_2_24/03_VERTICALS/V05/02_TENSION_M1/20_MOTION_FINAL/COLOCAR_AQUI_MOTION_FINAL.txt
1472	7.43	/Users/lordjef/Downloads/ABRAXAS_V4_2_24_CONTINUITY_MASTER_PACKAGE/DELIVERABLES/JOC55_ABRAXAS_V4_2_24_PREBUILT/09_MOTIONS_V4_2/AI_SELECTED_V4_2_24/03_VERTICALS/V05/02_TENSION_M1/MOTION_DECISION.json
749	7.43	/Users/lordjef/Downloads/ABRAXAS_V4_2_24_CONTINUITY_MASTER_PACKAGE/DELIVERABLES/JOC55_ABRAXAS_V4_2_24_PREBUILT/09_MOTIONS_V4_2/AI_SELECTED_V4_2_24/03_VERTICALS/V05/03_CORE_M1/02_PROMPT_ANIMAR_MOTION.txt
88	7.43	/Users/lordjef/Downloads/ABRAXAS_V4_2_24_CONTINUITY_MASTER_PACKAGE/DELIVERABLES/JOC55_ABRAXAS_V4_2_24_PREBUILT/09_MOTIONS_V4_2/AI_SELECTED_V4_2_24/03_VERTICALS/V05/03_CORE_M1/20_MOTION_FINAL/COLOCAR_AQUI_MOTION_FINAL.txt
1483	7.43	/Users/lordjef/Downloads/ABRAXAS_V4_2_24_CONTINUITY_MASTER_PACKAGE/DELIVERABLES/JOC55_ABRAXAS_V4_2_24_PREBUILT/09_MOTIONS_V4_2/AI_SELECTED_V4_2_24/03_VERTICALS/V05/03_CORE_M1/MOTION_DECISION.json
683	7.43	/Users/lordjef/Downloads/ABRAXAS_V4_2_24_CONTINUITY_MASTER_PACKAGE/DELIVERABLES/JOC55_ABRAXAS_V4_2_24_PREBUILT/09_MOTIONS_V4_2/AI_SELECTED_V4_2_24/03_VERTICALS/V05/04_SHIFT_M1/02_PROMPT_ANIMAR_MOTION.txt
88	7.43	/Users/lordjef/Downloads/ABRAXAS_V4_2_24_CONTINUITY_MASTER_PACKAGE/DELIVERABLES/JOC55_ABRAXAS_V4_2_24_PREBUILT/09_MOTIONS_V4_2/AI_SELECTED_V4_2_24/03_VERTICALS/V05/04_SHIFT_M1/20_MOTION_FINAL/COLOCAR_AQUI_MOTION_FINAL.txt
1395	7.43	/Users/lordjef/Downloads/ABRAXAS_V4_2_24_CONTINUITY_MASTER_PACKAGE/DELIVERABLES/JOC55_ABRAXAS_V4_2_24_PREBUILT/09_MOTIONS_V4_2/AI_SELECTED_V4_2_24/03_VERTICALS/V05/04_SHIFT_M1/MOTION_DECISION.json
692	7.43	/Users/lordjef/Downloads/ABRAXAS_V4_2_24_CONTINUITY_MASTER_PACKAGE/DELIVERABLES/JOC55_ABRAXAS_V4_2_24_PREBUILT/09_MOTIONS_V4_2/AI_SELECTED_V4_2_24/03_VERTICALS/V05/05_MEMORABLE_M1/02_PROMPT_ANIMAR_MOTION.txt
88	7.43	/Users/lordjef/Downloads/ABRAXAS_V4_2_24_CONTINUITY_MASTER_PACKAGE/DELIVERABLES/JOC55_ABRAXAS_V4_2_24_PREBUILT/09_MOTIONS_V4_2/AI_SELECTED_V4_2_24/03_VERTICALS/V05/05_MEMORABLE_M1/20_MOTION_FINAL/COLOCAR_AQUI_MOTION_FINAL.txt
1427	7.43	/Users/lordjef/Downloads/ABRAXAS_V4_2_24_CONTINUITY_MASTER_PACKAGE/DELIVERABLES/JOC55_ABRAXAS_V4_2_24_PREBUILT/09_MOTIONS_V4_2/AI_SELECTED_V4_2_24/03_VERTICALS/V05/05_MEMORABLE_M1/MOTION_DECISION.json
726	7.43	/Users/lordjef/Downloads/ABRAXAS_V4_2_24_CONTINUITY_MASTER_PACKAGE/DELIVERABLES/JOC55_ABRAXAS_V4_2_24_PREBUILT/09_MOTIONS_V4_2/AI_SELECTED_V4_2_24/03_VERTICALS/V05/06_CLOSE_M5/02_PROMPT_ANIMAR_MOTION.txt
88	7.43	/Users/lordjef/Downloads/ABRAXAS_V4_2_24_CONTINUITY_MASTER_PACKAGE/DELIVERABLES/JOC55_ABRAXAS_V4_2_24_PREBUILT/09_MOTIONS_V4_2/AI_SELECTED_V4_2_24/03_VERTICALS/V05/06_CLOSE_M5/20_MOTION_FINAL/COLOCAR_AQUI_MOTION_FINAL.txt
1485	7.43	/Users/lordjef/Downloads/ABRAXAS_V4_2_24_CONTINUITY_MASTER_PACKAGE/DELIVERABLES/JOC55_ABRAXAS_V4_2_24_PREBUILT/09_MOTIONS_V4_2/AI_SELECTED_V4_2_24/03_VERTICALS/V05/06_CLOSE_M5/MOTION_DECISION.json
1238	7.43	/Users/lordjef/Downloads/ABRAXAS_V4_2_24_CONTINUITY_MASTER_PACKAGE/DELIVERABLES/JOC55_ABRAXAS_V4_2_24_PREBUILT/09_MOTIONS_V4_2/AI_SELECTED_V4_2_24/03_VERTICALS/V06/00_MOTION_INDEX.json
693	7.43	/Users/lordjef/Downloads/ABRAXAS_V4_2_24_CONTINUITY_MASTER_PACKAGE/DELIVERABLES/JOC55_ABRAXAS_V4_2_24_PREBUILT/09_MOTIONS_V4_2/AI_SELECTED_V4_2_24/03_VERTICALS/V06/01_HOOK_M1/02_PROMPT_ANIMAR_MOTION.txt
88	7.43	/Users/lordjef/Downloads/ABRAXAS_V4_2_24_CONTINUITY_MASTER_PACKAGE/DELIVERABLES/JOC55_ABRAXAS_V4_2_24_PREBUILT/09_MOTIONS_V4_2/AI_SELECTED_V4_2_24/03_VERTICALS/V06/01_HOOK_M1/20_MOTION_FINAL/COLOCAR_AQUI_MOTION_FINAL.txt
1430	7.43	/Users/lordjef/Downloads/ABRAXAS_V4_2_24_CONTINUITY_MASTER_PACKAGE/DELIVERABLES/JOC55_ABRAXAS_V4_2_24_PREBUILT/09_MOTIONS_V4_2/AI_SELECTED_V4_2_24/03_VERTICALS/V06/01_HOOK_M1/MOTION_DECISION.json
732	7.43	/Users/lordjef/Downloads/ABRAXAS_V4_2_24_CONTINUITY_MASTER_PACKAGE/DELIVERABLES/JOC55_ABRAXAS_V4_2_24_PREBUILT/09_MOTIONS_V4_2/AI_SELECTED_V4_2_24/03_VERTICALS/V06/02_TENSION_M1/02_PROMPT_ANIMAR_MOTION.txt
88	7.43	/Users/lordjef/Downloads/ABRAXAS_V4_2_24_CONTINUITY_MASTER_PACKAGE/DELIVERABLES/JOC55_ABRAXAS_V4_2_24_PREBUILT/09_MOTIONS_V4_2/AI_SELECTED_V4_2_24/03_VERTICALS/V06/02_TENSION_M1/20_MOTION_FINAL/COLOCAR_AQUI_MOTION_FINAL.txt
1460	7.43	/Users/lordjef/Downloads/ABRAXAS_V4_2_24_CONTINUITY_MASTER_PACKAGE/DELIVERABLES/JOC55_ABRAXAS_V4_2_24_PREBUILT/09_MOTIONS_V4_2/AI_SELECTED_V4_2_24/03_VERTICALS/V06/02_TENSION_M1/MOTION_DECISION.json
740	7.43	/Users/lordjef/Downloads/ABRAXAS_V4_2_24_CONTINUITY_MASTER_PACKAGE/DELIVERABLES/JOC55_ABRAXAS_V4_2_24_PREBUILT/09_MOTIONS_V4_2/AI_SELECTED_V4_2_24/03_VERTICALS/V06/03_CORE_M3/02_PROMPT_ANIMAR_MOTION.txt
88	7.43	/Users/lordjef/Downloads/ABRAXAS_V4_2_24_CONTINUITY_MASTER_PACKAGE/DELIVERABLES/JOC55_ABRAXAS_V4_2_24_PREBUILT/09_MOTIONS_V4_2/AI_SELECTED_V4_2_24/03_VERTICALS/V06/03_CORE_M3/20_MOTION_FINAL/COLOCAR_AQUI_MOTION_FINAL.txt
1446	7.43	/Users/lordjef/Downloads/ABRAXAS_V4_2_24_CONTINUITY_MASTER_PACKAGE/DELIVERABLES/JOC55_ABRAXAS_V4_2_24_PREBUILT/09_MOTIONS_V4_2/AI_SELECTED_V4_2_24/03_VERTICALS/V06/03_CORE_M3/MOTION_DECISION.json
769	7.43	/Users/lordjef/Downloads/ABRAXAS_V4_2_24_CONTINUITY_MASTER_PACKAGE/DELIVERABLES/JOC55_ABRAXAS_V4_2_24_PREBUILT/09_MOTIONS_V4_2/AI_SELECTED_V4_2_24/03_VERTICALS/V06/04_SHIFT_M1/02_PROMPT_ANIMAR_MOTION.txt
88	7.43	/Users/lordjef/Downloads/ABRAXAS_V4_2_24_CONTINUITY_MASTER_PACKAGE/DELIVERABLES/JOC55_ABRAXAS_V4_2_24_PREBUILT/09_MOTIONS_V4_2/AI_SELECTED_V4_2_24/03_VERTICALS/V06/04_SHIFT_M1/20_MOTION_FINAL/COLOCAR_AQUI_MOTION_FINAL.txt
1491	7.43	/Users/lordjef/Downloads/ABRAXAS_V4_2_24_CONTINUITY_MASTER_PACKAGE/DELIVERABLES/JOC55_ABRAXAS_V4_2_24_PREBUILT/09_MOTIONS_V4_2/AI_SELECTED_V4_2_24/03_VERTICALS/V06/04_SHIFT_M1/MOTION_DECISION.json
668	7.43	/Users/lordjef/Downloads/ABRAXAS_V4_2_24_CONTINUITY_MASTER_PACKAGE/DELIVERABLES/JOC55_ABRAXAS_V4_2_24_PREBUILT/09_MOTIONS_V4_2/AI_SELECTED_V4_2_24/03_VERTICALS/V06/05_MEMORABLE_M3/02_PROMPT_ANIMAR_MOTION.txt
88	7.43	/Users/lordjef/Downloads/ABRAXAS_V4_2_24_CONTINUITY_MASTER_PACKAGE/DELIVERABLES/JOC55_ABRAXAS_V4_2_24_PREBUILT/09_MOTIONS_V4_2/AI_SELECTED_V4_2_24/03_VERTICALS/V06/05_MEMORABLE_M3/20_MOTION_FINAL/COLOCAR_AQUI_MOTION_FINAL.txt
1377	7.43	/Users/lordjef/Downloads/ABRAXAS_V4_2_24_CONTINUITY_MASTER_PACKAGE/DELIVERABLES/JOC55_ABRAXAS_V4_2_24_PREBUILT/09_MOTIONS_V4_2/AI_SELECTED_V4_2_24/03_VERTICALS/V06/05_MEMORABLE_M3/MOTION_DECISION.json
666	7.43	/Users/lordjef/Downloads/ABRAXAS_V4_2_24_CONTINUITY_MASTER_PACKAGE/DELIVERABLES/JOC55_ABRAXAS_V4_2_24_PREBUILT/09_MOTIONS_V4_2/AI_SELECTED_V4_2_24/03_VERTICALS/V06/06_CLOSE_M3/02_PROMPT_ANIMAR_MOTION.txt
88	7.43	/Users/lordjef/Downloads/ABRAXAS_V4_2_24_CONTINUITY_MASTER_PACKAGE/DELIVERABLES/JOC55_ABRAXAS_V4_2_24_PREBUILT/09_MOTIONS_V4_2/AI_SELECTED_V4_2_24/03_VERTICALS/V06/06_CLOSE_M3/20_MOTION_FINAL/COLOCAR_AQUI_MOTION_FINAL.txt
1360	7.43	/Users/lordjef/Downloads/ABRAXAS_V4_2_24_CONTINUITY_MASTER_PACKAGE/DELIVERABLES/JOC55_ABRAXAS_V4_2_24_PREBUILT/09_MOTIONS_V4_2/AI_SELECTED_V4_2_24/03_VERTICALS/V06/06_CLOSE_M3/MOTION_DECISION.json
1238	7.43	/Users/lordjef/Downloads/ABRAXAS_V4_2_24_CONTINUITY_MASTER_PACKAGE/DELIVERABLES/JOC55_ABRAXAS_V4_2_24_PREBUILT/09_MOTIONS_V4_2/AI_SELECTED_V4_2_24/03_VERTICALS/V07/00_MOTION_INDEX.json
684	7.43	/Users/lordjef/Downloads/ABRAXAS_V4_2_24_CONTINUITY_MASTER_PACKAGE/DELIVERABLES/JOC55_ABRAXAS_V4_2_24_PREBUILT/09_MOTIONS_V4_2/AI_SELECTED_V4_2_24/03_VERTICALS/V07/01_HOOK_M3/02_PROMPT_ANIMAR_MOTION.txt
88	7.43	/Users/lordjef/Downloads/ABRAXAS_V4_2_24_CONTINUITY_MASTER_PACKAGE/DELIVERABLES/JOC55_ABRAXAS_V4_2_24_PREBUILT/09_MOTIONS_V4_2/AI_SELECTED_V4_2_24/03_VERTICALS/V07/01_HOOK_M3/20_MOTION_FINAL/COLOCAR_AQUI_MOTION_FINAL.txt
1374	7.43	/Users/lordjef/Downloads/ABRAXAS_V4_2_24_CONTINUITY_MASTER_PACKAGE/DELIVERABLES/JOC55_ABRAXAS_V4_2_24_PREBUILT/09_MOTIONS_V4_2/AI_SELECTED_V4_2_24/03_VERTICALS/V07/01_HOOK_M3/MOTION_DECISION.json
724	7.43	/Users/lordjef/Downloads/ABRAXAS_V4_2_24_CONTINUITY_MASTER_PACKAGE/DELIVERABLES/JOC55_ABRAXAS_V4_2_24_PREBUILT/09_MOTIONS_V4_2/AI_SELECTED_V4_2_24/03_VERTICALS/V07/02_TENSION_M2/02_PROMPT_ANIMAR_MOTION.txt
488	7.43	/Users/lordjef/Downloads/ABRAXAS_V4_2_24_CONTINUITY_MASTER_PACKAGE/DELIVERABLES/JOC55_ABRAXAS_V4_2_24_PREBUILT/09_MOTIONS_V4_2/AI_SELECTED_V4_2_24/03_VERTICALS/V07/02_TENSION_M2/10_ASSETS/MOTION2_TEXT_SEGMENTS_EXACT.json
88	7.43	/Users/lordjef/Downloads/ABRAXAS_V4_2_24_CONTINUITY_MASTER_PACKAGE/DELIVERABLES/JOC55_ABRAXAS_V4_2_24_PREBUILT/09_MOTIONS_V4_2/AI_SELECTED_V4_2_24/03_VERTICALS/V07/02_TENSION_M2/20_MOTION_FINAL/COLOCAR_AQUI_MOTION_FINAL.txt
1565	7.43	/Users/lordjef/Downloads/ABRAXAS_V4_2_24_CONTINUITY_MASTER_PACKAGE/DELIVERABLES/JOC55_ABRAXAS_V4_2_24_PREBUILT/09_MOTIONS_V4_2/AI_SELECTED_V4_2_24/03_VERTICALS/V07/02_TENSION_M2/MOTION_DECISION.json
657	7.43	/Users/lordjef/Downloads/ABRAXAS_V4_2_24_CONTINUITY_MASTER_PACKAGE/DELIVERABLES/JOC55_ABRAXAS_V4_2_24_PREBUILT/09_MOTIONS_V4_2/AI_SELECTED_V4_2_24/03_VERTICALS/V07/03_CORE_M4/02_PROMPT_ANIMAR_MOTION.txt
88	7.43	/Users/lordjef/Downloads/ABRAXAS_V4_2_24_CONTINUITY_MASTER_PACKAGE/DELIVERABLES/JOC55_ABRAXAS_V4_2_24_PREBUILT/09_MOTIONS_V4_2/AI_SELECTED_V4_2_24/03_VERTICALS/V07/03_CORE_M4/20_MOTION_FINAL/COLOCAR_AQUI_MOTION_FINAL.txt
1319	7.43	/Users/lordjef/Downloads/ABRAXAS_V4_2_24_CONTINUITY_MASTER_PACKAGE/DELIVERABLES/JOC55_ABRAXAS_V4_2_24_PREBUILT/09_MOTIONS_V4_2/AI_SELECTED_V4_2_24/03_VERTICALS/V07/03_CORE_M4/MOTION_DECISION.json
752	7.43	/Users/lordjef/Downloads/ABRAXAS_V4_2_24_CONTINUITY_MASTER_PACKAGE/DELIVERABLES/JOC55_ABRAXAS_V4_2_24_PREBUILT/09_MOTIONS_V4_2/AI_SELECTED_V4_2_24/03_VERTICALS/V07/04_SHIFT_M2/02_PROMPT_ANIMAR_MOTION.txt
578	7.43	/Users/lordjef/Downloads/ABRAXAS_V4_2_24_CONTINUITY_MASTER_PACKAGE/DELIVERABLES/JOC55_ABRAXAS_V4_2_24_PREBUILT/09_MOTIONS_V4_2/AI_SELECTED_V4_2_24/03_VERTICALS/V07/04_SHIFT_M2/10_ASSETS/MOTION2_TEXT_SEGMENTS_EXACT.json
88	7.43	/Users/lordjef/Downloads/ABRAXAS_V4_2_24_CONTINUITY_MASTER_PACKAGE/DELIVERABLES/JOC55_ABRAXAS_V4_2_24_PREBUILT/09_MOTIONS_V4_2/AI_SELECTED_V4_2_24/03_VERTICALS/V07/04_SHIFT_M2/20_MOTION_FINAL/COLOCAR_AQUI_MOTION_FINAL.txt
1578	7.43	/Users/lordjef/Downloads/ABRAXAS_V4_2_24_CONTINUITY_MASTER_PACKAGE/DELIVERABLES/JOC55_ABRAXAS_V4_2_24_PREBUILT/09_MOTIONS_V4_2/AI_SELECTED_V4_2_24/03_VERTICALS/V07/04_SHIFT_M2/MOTION_DECISION.json
670	7.43	/Users/lordjef/Downloads/ABRAXAS_V4_2_24_CONTINUITY_MASTER_PACKAGE/DELIVERABLES/JOC55_ABRAXAS_V4_2_24_PREBUILT/09_MOTIONS_V4_2/AI_SELECTED_V4_2_24/03_VERTICALS/V07/05_MEMORABLE_M3/02_PROMPT_ANIMAR_MOTION.txt
88	7.43	/Users/lordjef/Downloads/ABRAXAS_V4_2_24_CONTINUITY_MASTER_PACKAGE/DELIVERABLES/JOC55_ABRAXAS_V4_2_24_PREBUILT/09_MOTIONS_V4_2/AI_SELECTED_V4_2_24/03_VERTICALS/V07/05_MEMORABLE_M3/20_MOTION_FINAL/COLOCAR_AQUI_MOTION_FINAL.txt
1360	7.43	/Users/lordjef/Downloads/ABRAXAS_V4_2_24_CONTINUITY_MASTER_PACKAGE/DELIVERABLES/JOC55_ABRAXAS_V4_2_24_PREBUILT/09_MOTIONS_V4_2/AI_SELECTED_V4_2_24/03_VERTICALS/V07/05_MEMORABLE_M3/MOTION_DECISION.json
680	7.43	/Users/lordjef/Downloads/ABRAXAS_V4_2_24_CONTINUITY_MASTER_PACKAGE/DELIVERABLES/JOC55_ABRAXAS_V4_2_24_PREBUILT/09_MOTIONS_V4_2/AI_SELECTED_V4_2_24/03_VERTICALS/V07/06_CLOSE_M3/02_PROMPT_ANIMAR_MOTION.txt
88	7.43	/Users/lordjef/Downloads/ABRAXAS_V4_2_24_CONTINUITY_MASTER_PACKAGE/DELIVERABLES/JOC55_ABRAXAS_V4_2_24_PREBUILT/09_MOTIONS_V4_2/AI_SELECTED_V4_2_24/03_VERTICALS/V07/06_CLOSE_M3/20_MOTION_FINAL/COLOCAR_AQUI_MOTION_FINAL.txt
1395	7.43	/Users/lordjef/Downloads/ABRAXAS_V4_2_24_CONTINUITY_MASTER_PACKAGE/DELIVERABLES/JOC55_ABRAXAS_V4_2_24_PREBUILT/09_MOTIONS_V4_2/AI_SELECTED_V4_2_24/03_VERTICALS/V07/06_CLOSE_M3/MOTION_DECISION.json
1238	7.43	/Users/lordjef/Downloads/ABRAXAS_V4_2_24_CONTINUITY_MASTER_PACKAGE/DELIVERABLES/JOC55_ABRAXAS_V4_2_24_PREBUILT/09_MOTIONS_V4_2/AI_SELECTED_V4_2_24/03_VERTICALS/V08/00_MOTION_INDEX.json
676	7.43	/Users/lordjef/Downloads/ABRAXAS_V4_2_24_CONTINUITY_MASTER_PACKAGE/DELIVERABLES/JOC55_ABRAXAS_V4_2_24_PREBUILT/09_MOTIONS_V4_2/AI_SELECTED_V4_2_24/03_VERTICALS/V08/01_HOOK_M3/02_PROMPT_ANIMAR_MOTION.txt
88	7.43	/Users/lordjef/Downloads/ABRAXAS_V4_2_24_CONTINUITY_MASTER_PACKAGE/DELIVERABLES/JOC55_ABRAXAS_V4_2_24_PREBUILT/09_MOTIONS_V4_2/AI_SELECTED_V4_2_24/03_VERTICALS/V08/01_HOOK_M3/20_MOTION_FINAL/COLOCAR_AQUI_MOTION_FINAL.txt
1365	7.43	/Users/lordjef/Downloads/ABRAXAS_V4_2_24_CONTINUITY_MASTER_PACKAGE/DELIVERABLES/JOC55_ABRAXAS_V4_2_24_PREBUILT/09_MOTIONS_V4_2/AI_SELECTED_V4_2_24/03_VERTICALS/V08/01_HOOK_M3/MOTION_DECISION.json
768	7.43	/Users/lordjef/Downloads/ABRAXAS_V4_2_24_CONTINUITY_MASTER_PACKAGE/DELIVERABLES/JOC55_ABRAXAS_V4_2_24_PREBUILT/09_MOTIONS_V4_2/AI_SELECTED_V4_2_24/03_VERTICALS/V08/02_TENSION_M1/02_PROMPT_ANIMAR_MOTION.txt
88	7.43	/Users/lordjef/Downloads/ABRAXAS_V4_2_24_CONTINUITY_MASTER_PACKAGE/DELIVERABLES/JOC55_ABRAXAS_V4_2_24_PREBUILT/09_MOTIONS_V4_2/AI_SELECTED_V4_2_24/03_VERTICALS/V08/02_TENSION_M1/20_MOTION_FINAL/COLOCAR_AQUI_MOTION_FINAL.txt
1482	7.43	/Users/lordjef/Downloads/ABRAXAS_V4_2_24_CONTINUITY_MASTER_PACKAGE/DELIVERABLES/JOC55_ABRAXAS_V4_2_24_PREBUILT/09_MOTIONS_V4_2/AI_SELECTED_V4_2_24/03_VERTICALS/V08/02_TENSION_M1/MOTION_DECISION.json
718	7.43	/Users/lordjef/Downloads/ABRAXAS_V4_2_24_CONTINUITY_MASTER_PACKAGE/DELIVERABLES/JOC55_ABRAXAS_V4_2_24_PREBUILT/09_MOTIONS_V4_2/AI_SELECTED_V4_2_24/03_VERTICALS/V08/03_CORE_M4/02_PROMPT_ANIMAR_MOTION.txt
88	7.43	/Users/lordjef/Downloads/ABRAXAS_V4_2_24_CONTINUITY_MASTER_PACKAGE/DELIVERABLES/JOC55_ABRAXAS_V4_2_24_PREBUILT/09_MOTIONS_V4_2/AI_SELECTED_V4_2_24/03_VERTICALS/V08/03_CORE_M4/20_MOTION_FINAL/COLOCAR_AQUI_MOTION_FINAL.txt
1360	7.43	/Users/lordjef/Downloads/ABRAXAS_V4_2_24_CONTINUITY_MASTER_PACKAGE/DELIVERABLES/JOC55_ABRAXAS_V4_2_24_PREBUILT/09_MOTIONS_V4_2/AI_SELECTED_V4_2_24/03_VERTICALS/V08/03_CORE_M4/MOTION_DECISION.json
663	7.43	/Users/lordjef/Downloads/ABRAXAS_V4_2_24_CONTINUITY_MASTER_PACKAGE/DELIVERABLES/JOC55_ABRAXAS_V4_2_24_PREBUILT/09_MOTIONS_V4_2/AI_SELECTED_V4_2_24/03_VERTICALS/V08/04_SHIFT_M4/02_PROMPT_ANIMAR_MOTION.txt
88	7.43	/Users/lordjef/Downloads/ABRAXAS_V4_2_24_CONTINUITY_MASTER_PACKAGE/DELIVERABLES/JOC55_ABRAXAS_V4_2_24_PREBUILT/09_MOTIONS_V4_2/AI_SELECTED_V4_2_24/03_VERTICALS/V08/04_SHIFT_M4/20_MOTION_FINAL/COLOCAR_AQUI_MOTION_FINAL.txt
1310	7.43	/Users/lordjef/Downloads/ABRAXAS_V4_2_24_CONTINUITY_MASTER_PACKAGE/DELIVERABLES/JOC55_ABRAXAS_V4_2_24_PREBUILT/09_MOTIONS_V4_2/AI_SELECTED_V4_2_24/03_VERTICALS/V08/04_SHIFT_M4/MOTION_DECISION.json
761	7.43	/Users/lordjef/Downloads/ABRAXAS_V4_2_24_CONTINUITY_MASTER_PACKAGE/DELIVERABLES/JOC55_ABRAXAS_V4_2_24_PREBUILT/09_MOTIONS_V4_2/AI_SELECTED_V4_2_24/03_VERTICALS/V08/05_MEMORABLE_M1/02_PROMPT_ANIMAR_MOTION.txt
88	7.43	/Users/lordjef/Downloads/ABRAXAS_V4_2_24_CONTINUITY_MASTER_PACKAGE/DELIVERABLES/JOC55_ABRAXAS_V4_2_24_PREBUILT/09_MOTIONS_V4_2/AI_SELECTED_V4_2_24/03_VERTICALS/V08/05_MEMORABLE_M1/20_MOTION_FINAL/COLOCAR_AQUI_MOTION_FINAL.txt
1475	7.43	/Users/lordjef/Downloads/ABRAXAS_V4_2_24_CONTINUITY_MASTER_PACKAGE/DELIVERABLES/JOC55_ABRAXAS_V4_2_24_PREBUILT/09_MOTIONS_V4_2/AI_SELECTED_V4_2_24/03_VERTICALS/V08/05_MEMORABLE_M1/MOTION_DECISION.json
688	7.43	/Users/lordjef/Downloads/ABRAXAS_V4_2_24_CONTINUITY_MASTER_PACKAGE/DELIVERABLES/JOC55_ABRAXAS_V4_2_24_PREBUILT/09_MOTIONS_V4_2/AI_SELECTED_V4_2_24/03_VERTICALS/V08/06_CLOSE_M3/02_PROMPT_ANIMAR_MOTION.txt
88	7.43	/Users/lordjef/Downloads/ABRAXAS_V4_2_24_CONTINUITY_MASTER_PACKAGE/DELIVERABLES/JOC55_ABRAXAS_V4_2_24_PREBUILT/09_MOTIONS_V4_2/AI_SELECTED_V4_2_24/03_VERTICALS/V08/06_CLOSE_M3/20_MOTION_FINAL/COLOCAR_AQUI_MOTION_FINAL.txt
1382	7.43	/Users/lordjef/Downloads/ABRAXAS_V4_2_24_CONTINUITY_MASTER_PACKAGE/DELIVERABLES/JOC55_ABRAXAS_V4_2_24_PREBUILT/09_MOTIONS_V4_2/AI_SELECTED_V4_2_24/03_VERTICALS/V08/06_CLOSE_M3/MOTION_DECISION.json
1238	7.43	/Users/lordjef/Downloads/ABRAXAS_V4_2_24_CONTINUITY_MASTER_PACKAGE/DELIVERABLES/JOC55_ABRAXAS_V4_2_24_PREBUILT/09_MOTIONS_V4_2/AI_SELECTED_V4_2_24/03_VERTICALS/V09/00_MOTION_INDEX.json
606	7.43	/Users/lordjef/Downloads/ABRAXAS_V4_2_24_CONTINUITY_MASTER_PACKAGE/DELIVERABLES/JOC55_ABRAXAS_V4_2_24_PREBUILT/09_MOTIONS_V4_2/AI_SELECTED_V4_2_24/03_VERTICALS/V09/01_HOOK_M3/02_PROMPT_ANIMAR_MOTION.txt
88	7.43	/Users/lordjef/Downloads/ABRAXAS_V4_2_24_CONTINUITY_MASTER_PACKAGE/DELIVERABLES/JOC55_ABRAXAS_V4_2_24_PREBUILT/09_MOTIONS_V4_2/AI_SELECTED_V4_2_24/03_VERTICALS/V09/01_HOOK_M3/20_MOTION_FINAL/COLOCAR_AQUI_MOTION_FINAL.txt
1302	7.43	/Users/lordjef/Downloads/ABRAXAS_V4_2_24_CONTINUITY_MASTER_PACKAGE/DELIVERABLES/JOC55_ABRAXAS_V4_2_24_PREBUILT/09_MOTIONS_V4_2/AI_SELECTED_V4_2_24/03_VERTICALS/V09/01_HOOK_M3/MOTION_DECISION.json
750	7.43	/Users/lordjef/Downloads/ABRAXAS_V4_2_24_CONTINUITY_MASTER_PACKAGE/DELIVERABLES/JOC55_ABRAXAS_V4_2_24_PREBUILT/09_MOTIONS_V4_2/AI_SELECTED_V4_2_24/03_VERTICALS/V09/02_TENSION_M2/02_PROMPT_ANIMAR_MOTION.txt
566	7.43	/Users/lordjef/Downloads/ABRAXAS_V4_2_24_CONTINUITY_MASTER_PACKAGE/DELIVERABLES/JOC55_ABRAXAS_V4_2_24_PREBUILT/09_MOTIONS_V4_2/AI_SELECTED_V4_2_24/03_VERTICALS/V09/02_TENSION_M2/10_ASSETS/MOTION2_TEXT_SEGMENTS_EXACT.json
88	7.43	/Users/lordjef/Downloads/ABRAXAS_V4_2_24_CONTINUITY_MASTER_PACKAGE/DELIVERABLES/JOC55_ABRAXAS_V4_2_24_PREBUILT/09_MOTIONS_V4_2/AI_SELECTED_V4_2_24/03_VERTICALS/V09/02_TENSION_M2/20_MOTION_FINAL/COLOCAR_AQUI_MOTION_FINAL.txt
1570	7.43	/Users/lordjef/Downloads/ABRAXAS_V4_2_24_CONTINUITY_MASTER_PACKAGE/DELIVERABLES/JOC55_ABRAXAS_V4_2_24_PREBUILT/09_MOTIONS_V4_2/AI_SELECTED_V4_2_24/03_VERTICALS/V09/02_TENSION_M2/MOTION_DECISION.json
655	7.43	/Users/lordjef/Downloads/ABRAXAS_V4_2_24_CONTINUITY_MASTER_PACKAGE/DELIVERABLES/JOC55_ABRAXAS_V4_2_24_PREBUILT/09_MOTIONS_V4_2/AI_SELECTED_V4_2_24/03_VERTICALS/V09/03_CORE_M4/02_PROMPT_ANIMAR_MOTION.txt
88	7.43	/Users/lordjef/Downloads/ABRAXAS_V4_2_24_CONTINUITY_MASTER_PACKAGE/DELIVERABLES/JOC55_ABRAXAS_V4_2_24_PREBUILT/09_MOTIONS_V4_2/AI_SELECTED_V4_2_24/03_VERTICALS/V09/03_CORE_M4/20_MOTION_FINAL/COLOCAR_AQUI_MOTION_FINAL.txt
1301	7.43	/Users/lordjef/Downloads/ABRAXAS_V4_2_24_CONTINUITY_MASTER_PACKAGE/DELIVERABLES/JOC55_ABRAXAS_V4_2_24_PREBUILT/09_MOTIONS_V4_2/AI_SELECTED_V4_2_24/03_VERTICALS/V09/03_CORE_M4/MOTION_DECISION.json
665	7.43	/Users/lordjef/Downloads/ABRAXAS_V4_2_24_CONTINUITY_MASTER_PACKAGE/DELIVERABLES/JOC55_ABRAXAS_V4_2_24_PREBUILT/09_MOTIONS_V4_2/AI_SELECTED_V4_2_24/03_VERTICALS/V09/04_SHIFT_M1/02_PROMPT_ANIMAR_MOTION.txt
88	7.43	/Users/lordjef/Downloads/ABRAXAS_V4_2_24_CONTINUITY_MASTER_PACKAGE/DELIVERABLES/JOC55_ABRAXAS_V4_2_24_PREBUILT/09_MOTIONS_V4_2/AI_SELECTED_V4_2_24/03_VERTICALS/V09/04_SHIFT_M1/20_MOTION_FINAL/COLOCAR_AQUI_MOTION_FINAL.txt
1382	7.43	/Users/lordjef/Downloads/ABRAXAS_V4_2_24_CONTINUITY_MASTER_PACKAGE/DELIVERABLES/JOC55_ABRAXAS_V4_2_24_PREBUILT/09_MOTIONS_V4_2/AI_SELECTED_V4_2_24/03_VERTICALS/V09/04_SHIFT_M1/MOTION_DECISION.json
646	7.43	/Users/lordjef/Downloads/ABRAXAS_V4_2_24_CONTINUITY_MASTER_PACKAGE/DELIVERABLES/JOC55_ABRAXAS_V4_2_24_PREBUILT/09_MOTIONS_V4_2/AI_SELECTED_V4_2_24/03_VERTICALS/V09/05_MEMORABLE_M3/02_PROMPT_ANIMAR_MOTION.txt
88	7.43	/Users/lordjef/Downloads/ABRAXAS_V4_2_24_CONTINUITY_MASTER_PACKAGE/DELIVERABLES/JOC55_ABRAXAS_V4_2_24_PREBUILT/09_MOTIONS_V4_2/AI_SELECTED_V4_2_24/03_VERTICALS/V09/05_MEMORABLE_M3/20_MOTION_FINAL/COLOCAR_AQUI_MOTION_FINAL.txt
1353	7.43	/Users/lordjef/Downloads/ABRAXAS_V4_2_24_CONTINUITY_MASTER_PACKAGE/DELIVERABLES/JOC55_ABRAXAS_V4_2_24_PREBUILT/09_MOTIONS_V4_2/AI_SELECTED_V4_2_24/03_VERTICALS/V09/05_MEMORABLE_M3/MOTION_DECISION.json
654	7.43	/Users/lordjef/Downloads/ABRAXAS_V4_2_24_CONTINUITY_MASTER_PACKAGE/DELIVERABLES/JOC55_ABRAXAS_V4_2_24_PREBUILT/09_MOTIONS_V4_2/AI_SELECTED_V4_2_24/03_VERTICALS/V09/06_CLOSE_M3/02_PROMPT_ANIMAR_MOTION.txt
88	7.43	/Users/lordjef/Downloads/ABRAXAS_V4_2_24_CONTINUITY_MASTER_PACKAGE/DELIVERABLES/JOC55_ABRAXAS_V4_2_24_PREBUILT/09_MOTIONS_V4_2/AI_SELECTED_V4_2_24/03_VERTICALS/V09/06_CLOSE_M3/20_MOTION_FINAL/COLOCAR_AQUI_MOTION_FINAL.txt
1366	7.43	/Users/lordjef/Downloads/ABRAXAS_V4_2_24_CONTINUITY_MASTER_PACKAGE/DELIVERABLES/JOC55_ABRAXAS_V4_2_24_PREBUILT/09_MOTIONS_V4_2/AI_SELECTED_V4_2_24/03_VERTICALS/V09/06_CLOSE_M3/MOTION_DECISION.json
1238	7.43	/Users/lordjef/Downloads/ABRAXAS_V4_2_24_CONTINUITY_MASTER_PACKAGE/DELIVERABLES/JOC55_ABRAXAS_V4_2_24_PREBUILT/09_MOTIONS_V4_2/AI_SELECTED_V4_2_24/03_VERTICALS/V10/00_MOTION_INDEX.json
655	7.43	/Users/lordjef/Downloads/ABRAXAS_V4_2_24_CONTINUITY_MASTER_PACKAGE/DELIVERABLES/JOC55_ABRAXAS_V4_2_24_PREBUILT/09_MOTIONS_V4_2/AI_SELECTED_V4_2_24/03_VERTICALS/V10/01_HOOK_M3/02_PROMPT_ANIMAR_MOTION.txt
88	7.43	/Users/lordjef/Downloads/ABRAXAS_V4_2_24_CONTINUITY_MASTER_PACKAGE/DELIVERABLES/JOC55_ABRAXAS_V4_2_24_PREBUILT/09_MOTIONS_V4_2/AI_SELECTED_V4_2_24/03_VERTICALS/V10/01_HOOK_M3/20_MOTION_FINAL/COLOCAR_AQUI_MOTION_FINAL.txt
1350	7.43	/Users/lordjef/Downloads/ABRAXAS_V4_2_24_CONTINUITY_MASTER_PACKAGE/DELIVERABLES/JOC55_ABRAXAS_V4_2_24_PREBUILT/09_MOTIONS_V4_2/AI_SELECTED_V4_2_24/03_VERTICALS/V10/01_HOOK_M3/MOTION_DECISION.json
737	7.43	/Users/lordjef/Downloads/ABRAXAS_V4_2_24_CONTINUITY_MASTER_PACKAGE/DELIVERABLES/JOC55_ABRAXAS_V4_2_24_PREBUILT/09_MOTIONS_V4_2/AI_SELECTED_V4_2_24/03_VERTICALS/V10/02_TENSION_M3/02_PROMPT_ANIMAR_MOTION.txt
88	7.43	/Users/lordjef/Downloads/ABRAXAS_V4_2_24_CONTINUITY_MASTER_PACKAGE/DELIVERABLES/JOC55_ABRAXAS_V4_2_24_PREBUILT/09_MOTIONS_V4_2/AI_SELECTED_V4_2_24/03_VERTICALS/V10/02_TENSION_M3/20_MOTION_FINAL/COLOCAR_AQUI_MOTION_FINAL.txt
1422	7.43	/Users/lordjef/Downloads/ABRAXAS_V4_2_24_CONTINUITY_MASTER_PACKAGE/DELIVERABLES/JOC55_ABRAXAS_V4_2_24_PREBUILT/09_MOTIONS_V4_2/AI_SELECTED_V4_2_24/03_VERTICALS/V10/02_TENSION_M3/MOTION_DECISION.json
649	7.43	/Users/lordjef/Downloads/ABRAXAS_V4_2_24_CONTINUITY_MASTER_PACKAGE/DELIVERABLES/JOC55_ABRAXAS_V4_2_24_PREBUILT/09_MOTIONS_V4_2/AI_SELECTED_V4_2_24/03_VERTICALS/V10/03_CORE_M4/02_PROMPT_ANIMAR_MOTION.txt
88	7.43	/Users/lordjef/Downloads/ABRAXAS_V4_2_24_CONTINUITY_MASTER_PACKAGE/DELIVERABLES/JOC55_ABRAXAS_V4_2_24_PREBUILT/09_MOTIONS_V4_2/AI_SELECTED_V4_2_24/03_VERTICALS/V10/03_CORE_M4/20_MOTION_FINAL/COLOCAR_AQUI_MOTION_FINAL.txt
1312	7.43	/Users/lordjef/Downloads/ABRAXAS_V4_2_24_CONTINUITY_MASTER_PACKAGE/DELIVERABLES/JOC55_ABRAXAS_V4_2_24_PREBUILT/09_MOTIONS_V4_2/AI_SELECTED_V4_2_24/03_VERTICALS/V10/03_CORE_M4/MOTION_DECISION.json
669	7.43	/Users/lordjef/Downloads/ABRAXAS_V4_2_24_CONTINUITY_MASTER_PACKAGE/DELIVERABLES/JOC55_ABRAXAS_V4_2_24_PREBUILT/09_MOTIONS_V4_2/AI_SELECTED_V4_2_24/03_VERTICALS/V10/04_SHIFT_M4/02_PROMPT_ANIMAR_MOTION.txt
88	7.43	/Users/lordjef/Downloads/ABRAXAS_V4_2_24_CONTINUITY_MASTER_PACKAGE/DELIVERABLES/JOC55_ABRAXAS_V4_2_24_PREBUILT/09_MOTIONS_V4_2/AI_SELECTED_V4_2_24/03_VERTICALS/V10/04_SHIFT_M4/20_MOTION_FINAL/COLOCAR_AQUI_MOTION_FINAL.txt
1315	7.43	/Users/lordjef/Downloads/ABRAXAS_V4_2_24_CONTINUITY_MASTER_PACKAGE/DELIVERABLES/JOC55_ABRAXAS_V4_2_24_PREBUILT/09_MOTIONS_V4_2/AI_SELECTED_V4_2_24/03_VERTICALS/V10/04_SHIFT_M4/MOTION_DECISION.json
698	7.43	/Users/lordjef/Downloads/ABRAXAS_V4_2_24_CONTINUITY_MASTER_PACKAGE/DELIVERABLES/JOC55_ABRAXAS_V4_2_24_PREBUILT/09_MOTIONS_V4_2/AI_SELECTED_V4_2_24/03_VERTICALS/V10/05_MEMORABLE_M3/02_PROMPT_ANIMAR_MOTION.txt
88	7.43	/Users/lordjef/Downloads/ABRAXAS_V4_2_24_CONTINUITY_MASTER_PACKAGE/DELIVERABLES/JOC55_ABRAXAS_V4_2_24_PREBUILT/09_MOTIONS_V4_2/AI_SELECTED_V4_2_24/03_VERTICALS/V10/05_MEMORABLE_M3/20_MOTION_FINAL/COLOCAR_AQUI_MOTION_FINAL.txt
1386	7.43	/Users/lordjef/Downloads/ABRAXAS_V4_2_24_CONTINUITY_MASTER_PACKAGE/DELIVERABLES/JOC55_ABRAXAS_V4_2_24_PREBUILT/09_MOTIONS_V4_2/AI_SELECTED_V4_2_24/03_VERTICALS/V10/05_MEMORABLE_M3/MOTION_DECISION.json
717	7.43	/Users/lordjef/Downloads/ABRAXAS_V4_2_24_CONTINUITY_MASTER_PACKAGE/DELIVERABLES/JOC55_ABRAXAS_V4_2_24_PREBUILT/09_MOTIONS_V4_2/AI_SELECTED_V4_2_24/03_VERTICALS/V10/06_CLOSE_M1/02_PROMPT_ANIMAR_MOTION.txt
88	7.43	/Users/lordjef/Downloads/ABRAXAS_V4_2_24_CONTINUITY_MASTER_PACKAGE/DELIVERABLES/JOC55_ABRAXAS_V4_2_24_PREBUILT/09_MOTIONS_V4_2/AI_SELECTED_V4_2_24/03_VERTICALS/V10/06_CLOSE_M1/20_MOTION_FINAL/COLOCAR_AQUI_MOTION_FINAL.txt
1438	7.43	/Users/lordjef/Downloads/ABRAXAS_V4_2_24_CONTINUITY_MASTER_PACKAGE/DELIVERABLES/JOC55_ABRAXAS_V4_2_24_PREBUILT/09_MOTIONS_V4_2/AI_SELECTED_V4_2_24/03_VERTICALS/V10/06_CLOSE_M1/MOTION_DECISION.json
1238	7.43	/Users/lordjef/Downloads/ABRAXAS_V4_2_24_CONTINUITY_MASTER_PACKAGE/DELIVERABLES/JOC55_ABRAXAS_V4_2_24_PREBUILT/09_MOTIONS_V4_2/AI_SELECTED_V4_2_24/03_VERTICALS/V11/00_MOTION_INDEX.json
642	7.43	/Users/lordjef/Downloads/ABRAXAS_V4_2_24_CONTINUITY_MASTER_PACKAGE/DELIVERABLES/JOC55_ABRAXAS_V4_2_24_PREBUILT/09_MOTIONS_V4_2/AI_SELECTED_V4_2_24/03_VERTICALS/V11/01_HOOK_M3/02_PROMPT_ANIMAR_MOTION.txt
88	7.43	/Users/lordjef/Downloads/ABRAXAS_V4_2_24_CONTINUITY_MASTER_PACKAGE/DELIVERABLES/JOC55_ABRAXAS_V4_2_24_PREBUILT/09_MOTIONS_V4_2/AI_SELECTED_V4_2_24/03_VERTICALS/V11/01_HOOK_M3/20_MOTION_FINAL/COLOCAR_AQUI_MOTION_FINAL.txt
1336	7.43	/Users/lordjef/Downloads/ABRAXAS_V4_2_24_CONTINUITY_MASTER_PACKAGE/DELIVERABLES/JOC55_ABRAXAS_V4_2_24_PREBUILT/09_MOTIONS_V4_2/AI_SELECTED_V4_2_24/03_VERTICALS/V11/01_HOOK_M3/MOTION_DECISION.json
693	7.43	/Users/lordjef/Downloads/ABRAXAS_V4_2_24_CONTINUITY_MASTER_PACKAGE/DELIVERABLES/JOC55_ABRAXAS_V4_2_24_PREBUILT/09_MOTIONS_V4_2/AI_SELECTED_V4_2_24/03_VERTICALS/V11/02_TENSION_M1/02_PROMPT_ANIMAR_MOTION.txt
88	7.43	/Users/lordjef/Downloads/ABRAXAS_V4_2_24_CONTINUITY_MASTER_PACKAGE/DELIVERABLES/JOC55_ABRAXAS_V4_2_24_PREBUILT/09_MOTIONS_V4_2/AI_SELECTED_V4_2_24/03_VERTICALS/V11/02_TENSION_M1/20_MOTION_FINAL/COLOCAR_AQUI_MOTION_FINAL.txt
1420	7.43	/Users/lordjef/Downloads/ABRAXAS_V4_2_24_CONTINUITY_MASTER_PACKAGE/DELIVERABLES/JOC55_ABRAXAS_V4_2_24_PREBUILT/09_MOTIONS_V4_2/AI_SELECTED_V4_2_24/03_VERTICALS/V11/02_TENSION_M1/MOTION_DECISION.json
751	7.43	/Users/lordjef/Downloads/ABRAXAS_V4_2_24_CONTINUITY_MASTER_PACKAGE/DELIVERABLES/JOC55_ABRAXAS_V4_2_24_PREBUILT/09_MOTIONS_V4_2/AI_SELECTED_V4_2_24/03_VERTICALS/V11/03_CORE_M4/02_PROMPT_ANIMAR_MOTION.txt
88	7.43	/Users/lordjef/Downloads/ABRAXAS_V4_2_24_CONTINUITY_MASTER_PACKAGE/DELIVERABLES/JOC55_ABRAXAS_V4_2_24_PREBUILT/09_MOTIONS_V4_2/AI_SELECTED_V4_2_24/03_VERTICALS/V11/03_CORE_M4/20_MOTION_FINAL/COLOCAR_AQUI_MOTION_FINAL.txt
1398	7.43	/Users/lordjef/Downloads/ABRAXAS_V4_2_24_CONTINUITY_MASTER_PACKAGE/DELIVERABLES/JOC55_ABRAXAS_V4_2_24_PREBUILT/09_MOTIONS_V4_2/AI_SELECTED_V4_2_24/03_VERTICALS/V11/03_CORE_M4/MOTION_DECISION.json
719	7.43	/Users/lordjef/Downloads/ABRAXAS_V4_2_24_CONTINUITY_MASTER_PACKAGE/DELIVERABLES/JOC55_ABRAXAS_V4_2_24_PREBUILT/09_MOTIONS_V4_2/AI_SELECTED_V4_2_24/03_VERTICALS/V11/04_SHIFT_M1/02_PROMPT_ANIMAR_MOTION.txt
88	7.43	/Users/lordjef/Downloads/ABRAXAS_V4_2_24_CONTINUITY_MASTER_PACKAGE/DELIVERABLES/JOC55_ABRAXAS_V4_2_24_PREBUILT/09_MOTIONS_V4_2/AI_SELECTED_V4_2_24/03_VERTICALS/V11/04_SHIFT_M1/20_MOTION_FINAL/COLOCAR_AQUI_MOTION_FINAL.txt
1432	7.43	/Users/lordjef/Downloads/ABRAXAS_V4_2_24_CONTINUITY_MASTER_PACKAGE/DELIVERABLES/JOC55_ABRAXAS_V4_2_24_PREBUILT/09_MOTIONS_V4_2/AI_SELECTED_V4_2_24/03_VERTICALS/V11/04_SHIFT_M1/MOTION_DECISION.json
687	7.43	/Users/lordjef/Downloads/ABRAXAS_V4_2_24_CONTINUITY_MASTER_PACKAGE/DELIVERABLES/JOC55_ABRAXAS_V4_2_24_PREBUILT/09_MOTIONS_V4_2/AI_SELECTED_V4_2_24/03_VERTICALS/V11/05_MEMORABLE_M3/02_PROMPT_ANIMAR_MOTION.txt
88	7.43	/Users/lordjef/Downloads/ABRAXAS_V4_2_24_CONTINUITY_MASTER_PACKAGE/DELIVERABLES/JOC55_ABRAXAS_V4_2_24_PREBUILT/09_MOTIONS_V4_2/AI_SELECTED_V4_2_24/03_VERTICALS/V11/05_MEMORABLE_M3/20_MOTION_FINAL/COLOCAR_AQUI_MOTION_FINAL.txt
1375	7.43	/Users/lordjef/Downloads/ABRAXAS_V4_2_24_CONTINUITY_MASTER_PACKAGE/DELIVERABLES/JOC55_ABRAXAS_V4_2_24_PREBUILT/09_MOTIONS_V4_2/AI_SELECTED_V4_2_24/03_VERTICALS/V11/05_MEMORABLE_M3/MOTION_DECISION.json
710	7.43	/Users/lordjef/Downloads/ABRAXAS_V4_2_24_CONTINUITY_MASTER_PACKAGE/DELIVERABLES/JOC55_ABRAXAS_V4_2_24_PREBUILT/09_MOTIONS_V4_2/AI_SELECTED_V4_2_24/03_VERTICALS/V11/06_CLOSE_M3/02_PROMPT_ANIMAR_MOTION.txt
88	7.43	/Users/lordjef/Downloads/ABRAXAS_V4_2_24_CONTINUITY_MASTER_PACKAGE/DELIVERABLES/JOC55_ABRAXAS_V4_2_24_PREBUILT/09_MOTIONS_V4_2/AI_SELECTED_V4_2_24/03_VERTICALS/V11/06_CLOSE_M3/20_MOTION_FINAL/COLOCAR_AQUI_MOTION_FINAL.txt
1404	7.43	/Users/lordjef/Downloads/ABRAXAS_V4_2_24_CONTINUITY_MASTER_PACKAGE/DELIVERABLES/JOC55_ABRAXAS_V4_2_24_PREBUILT/09_MOTIONS_V4_2/AI_SELECTED_V4_2_24/03_VERTICALS/V11/06_CLOSE_M3/MOTION_DECISION.json
1238	7.43	/Users/lordjef/Downloads/ABRAXAS_V4_2_24_CONTINUITY_MASTER_PACKAGE/DELIVERABLES/JOC55_ABRAXAS_V4_2_24_PREBUILT/09_MOTIONS_V4_2/AI_SELECTED_V4_2_24/03_VERTICALS/V12/00_MOTION_INDEX.json
667	7.43	/Users/lordjef/Downloads/ABRAXAS_V4_2_24_CONTINUITY_MASTER_PACKAGE/DELIVERABLES/JOC55_ABRAXAS_V4_2_24_PREBUILT/09_MOTIONS_V4_2/AI_SELECTED_V4_2_24/03_VERTICALS/V12/01_HOOK_M3/02_PROMPT_ANIMAR_MOTION.txt
88	7.43	/Users/lordjef/Downloads/ABRAXAS_V4_2_24_CONTINUITY_MASTER_PACKAGE/DELIVERABLES/JOC55_ABRAXAS_V4_2_24_PREBUILT/09_MOTIONS_V4_2/AI_SELECTED_V4_2_24/03_VERTICALS/V12/01_HOOK_M3/20_MOTION_FINAL/COLOCAR_AQUI_MOTION_FINAL.txt
1353	7.43	/Users/lordjef/Downloads/ABRAXAS_V4_2_24_CONTINUITY_MASTER_PACKAGE/DELIVERABLES/JOC55_ABRAXAS_V4_2_24_PREBUILT/09_MOTIONS_V4_2/AI_SELECTED_V4_2_24/03_VERTICALS/V12/01_HOOK_M3/MOTION_DECISION.json
677	7.43	/Users/lordjef/Downloads/ABRAXAS_V4_2_24_CONTINUITY_MASTER_PACKAGE/DELIVERABLES/JOC55_ABRAXAS_V4_2_24_PREBUILT/09_MOTIONS_V4_2/AI_SELECTED_V4_2_24/03_VERTICALS/V12/02_TENSION_M3/02_PROMPT_ANIMAR_MOTION.txt
88	7.43	/Users/lordjef/Downloads/ABRAXAS_V4_2_24_CONTINUITY_MASTER_PACKAGE/DELIVERABLES/JOC55_ABRAXAS_V4_2_24_PREBUILT/09_MOTIONS_V4_2/AI_SELECTED_V4_2_24/03_VERTICALS/V12/02_TENSION_M3/20_MOTION_FINAL/COLOCAR_AQUI_MOTION_FINAL.txt
1383	7.43	/Users/lordjef/Downloads/ABRAXAS_V4_2_24_CONTINUITY_MASTER_PACKAGE/DELIVERABLES/JOC55_ABRAXAS_V4_2_24_PREBUILT/09_MOTIONS_V4_2/AI_SELECTED_V4_2_24/03_VERTICALS/V12/02_TENSION_M3/MOTION_DECISION.json
695	7.43	/Users/lordjef/Downloads/ABRAXAS_V4_2_24_CONTINUITY_MASTER_PACKAGE/DELIVERABLES/JOC55_ABRAXAS_V4_2_24_PREBUILT/09_MOTIONS_V4_2/AI_SELECTED_V4_2_24/03_VERTICALS/V12/03_CORE_M2/02_PROMPT_ANIMAR_MOTION.txt
410	7.43	/Users/lordjef/Downloads/ABRAXAS_V4_2_24_CONTINUITY_MASTER_PACKAGE/DELIVERABLES/JOC55_ABRAXAS_V4_2_24_PREBUILT/09_MOTIONS_V4_2/AI_SELECTED_V4_2_24/03_VERTICALS/V12/03_CORE_M2/10_ASSETS/MOTION2_TEXT_SEGMENTS_EXACT.json
88	7.43	/Users/lordjef/Downloads/ABRAXAS_V4_2_24_CONTINUITY_MASTER_PACKAGE/DELIVERABLES/JOC55_ABRAXAS_V4_2_24_PREBUILT/09_MOTIONS_V4_2/AI_SELECTED_V4_2_24/03_VERTICALS/V12/03_CORE_M2/20_MOTION_FINAL/COLOCAR_AQUI_MOTION_FINAL.txt
1520	7.43	/Users/lordjef/Downloads/ABRAXAS_V4_2_24_CONTINUITY_MASTER_PACKAGE/DELIVERABLES/JOC55_ABRAXAS_V4_2_24_PREBUILT/09_MOTIONS_V4_2/AI_SELECTED_V4_2_24/03_VERTICALS/V12/03_CORE_M2/MOTION_DECISION.json
686	7.43	/Users/lordjef/Downloads/ABRAXAS_V4_2_24_CONTINUITY_MASTER_PACKAGE/DELIVERABLES/JOC55_ABRAXAS_V4_2_24_PREBUILT/09_MOTIONS_V4_2/AI_SELECTED_V4_2_24/03_VERTICALS/V12/04_SHIFT_M1/02_PROMPT_ANIMAR_MOTION.txt
88	7.43	/Users/lordjef/Downloads/ABRAXAS_V4_2_24_CONTINUITY_MASTER_PACKAGE/DELIVERABLES/JOC55_ABRAXAS_V4_2_24_PREBUILT/09_MOTIONS_V4_2/AI_SELECTED_V4_2_24/03_VERTICALS/V12/04_SHIFT_M1/20_MOTION_FINAL/COLOCAR_AQUI_MOTION_FINAL.txt
1418	7.43	/Users/lordjef/Downloads/ABRAXAS_V4_2_24_CONTINUITY_MASTER_PACKAGE/DELIVERABLES/JOC55_ABRAXAS_V4_2_24_PREBUILT/09_MOTIONS_V4_2/AI_SELECTED_V4_2_24/03_VERTICALS/V12/04_SHIFT_M1/MOTION_DECISION.json
632	7.43	/Users/lordjef/Downloads/ABRAXAS_V4_2_24_CONTINUITY_MASTER_PACKAGE/DELIVERABLES/JOC55_ABRAXAS_V4_2_24_PREBUILT/09_MOTIONS_V4_2/AI_SELECTED_V4_2_24/03_VERTICALS/V12/05_MEMORABLE_M3/02_PROMPT_ANIMAR_MOTION.txt
88	7.43	/Users/lordjef/Downloads/ABRAXAS_V4_2_24_CONTINUITY_MASTER_PACKAGE/DELIVERABLES/JOC55_ABRAXAS_V4_2_24_PREBUILT/09_MOTIONS_V4_2/AI_SELECTED_V4_2_24/03_VERTICALS/V12/05_MEMORABLE_M3/20_MOTION_FINAL/COLOCAR_AQUI_MOTION_FINAL.txt
1341	7.43	/Users/lordjef/Downloads/ABRAXAS_V4_2_24_CONTINUITY_MASTER_PACKAGE/DELIVERABLES/JOC55_ABRAXAS_V4_2_24_PREBUILT/09_MOTIONS_V4_2/AI_SELECTED_V4_2_24/03_VERTICALS/V12/05_MEMORABLE_M3/MOTION_DECISION.json
697	7.43	/Users/lordjef/Downloads/ABRAXAS_V4_2_24_CONTINUITY_MASTER_PACKAGE/DELIVERABLES/JOC55_ABRAXAS_V4_2_24_PREBUILT/09_MOTIONS_V4_2/AI_SELECTED_V4_2_24/03_VERTICALS/V12/06_CLOSE_M2/02_PROMPT_ANIMAR_MOTION.txt
413	7.43	/Users/lordjef/Downloads/ABRAXAS_V4_2_24_CONTINUITY_MASTER_PACKAGE/DELIVERABLES/JOC55_ABRAXAS_V4_2_24_PREBUILT/09_MOTIONS_V4_2/AI_SELECTED_V4_2_24/03_VERTICALS/V12/06_CLOSE_M2/10_ASSETS/MOTION2_TEXT_SEGMENTS_EXACT.json
88	7.43	/Users/lordjef/Downloads/ABRAXAS_V4_2_24_CONTINUITY_MASTER_PACKAGE/DELIVERABLES/JOC55_ABRAXAS_V4_2_24_PREBUILT/09_MOTIONS_V4_2/AI_SELECTED_V4_2_24/03_VERTICALS/V12/06_CLOSE_M2/20_MOTION_FINAL/COLOCAR_AQUI_MOTION_FINAL.txt
1528	7.43	/Users/lordjef/Downloads/ABRAXAS_V4_2_24_CONTINUITY_MASTER_PACKAGE/DELIVERABLES/JOC55_ABRAXAS_V4_2_24_PREBUILT/09_MOTIONS_V4_2/AI_SELECTED_V4_2_24/03_VERTICALS/V12/06_CLOSE_M2/MOTION_DECISION.json
1238	7.43	/Users/lordjef/Downloads/ABRAXAS_V4_2_24_CONTINUITY_MASTER_PACKAGE/DELIVERABLES/JOC55_ABRAXAS_V4_2_24_PREBUILT/09_MOTIONS_V4_2/AI_SELECTED_V4_2_24/03_VERTICALS/V13/00_MOTION_INDEX.json
637	7.43	/Users/lordjef/Downloads/ABRAXAS_V4_2_24_CONTINUITY_MASTER_PACKAGE/DELIVERABLES/JOC55_ABRAXAS_V4_2_24_PREBUILT/09_MOTIONS_V4_2/AI_SELECTED_V4_2_24/03_VERTICALS/V13/01_HOOK_M3/02_PROMPT_ANIMAR_MOTION.txt
88	7.43	/Users/lordjef/Downloads/ABRAXAS_V4_2_24_CONTINUITY_MASTER_PACKAGE/DELIVERABLES/JOC55_ABRAXAS_V4_2_24_PREBUILT/09_MOTIONS_V4_2/AI_SELECTED_V4_2_24/03_VERTICALS/V13/01_HOOK_M3/20_MOTION_FINAL/COLOCAR_AQUI_MOTION_FINAL.txt
1348	7.43	/Users/lordjef/Downloads/ABRAXAS_V4_2_24_CONTINUITY_MASTER_PACKAGE/DELIVERABLES/JOC55_ABRAXAS_V4_2_24_PREBUILT/09_MOTIONS_V4_2/AI_SELECTED_V4_2_24/03_VERTICALS/V13/01_HOOK_M3/MOTION_DECISION.json
714	7.43	/Users/lordjef/Downloads/ABRAXAS_V4_2_24_CONTINUITY_MASTER_PACKAGE/DELIVERABLES/JOC55_ABRAXAS_V4_2_24_PREBUILT/09_MOTIONS_V4_2/AI_SELECTED_V4_2_24/03_VERTICALS/V13/02_TENSION_M3/02_PROMPT_ANIMAR_MOTION.txt
88	7.43	/Users/lordjef/Downloads/ABRAXAS_V4_2_24_CONTINUITY_MASTER_PACKAGE/DELIVERABLES/JOC55_ABRAXAS_V4_2_24_PREBUILT/09_MOTIONS_V4_2/AI_SELECTED_V4_2_24/03_VERTICALS/V13/02_TENSION_M3/20_MOTION_FINAL/COLOCAR_AQUI_MOTION_FINAL.txt
1420	7.43	/Users/lordjef/Downloads/ABRAXAS_V4_2_24_CONTINUITY_MASTER_PACKAGE/DELIVERABLES/JOC55_ABRAXAS_V4_2_24_PREBUILT/09_MOTIONS_V4_2/AI_SELECTED_V4_2_24/03_VERTICALS/V13/02_TENSION_M3/MOTION_DECISION.json
685	7.43	/Users/lordjef/Downloads/ABRAXAS_V4_2_24_CONTINUITY_MASTER_PACKAGE/DELIVERABLES/JOC55_ABRAXAS_V4_2_24_PREBUILT/09_MOTIONS_V4_2/AI_SELECTED_V4_2_24/03_VERTICALS/V13/03_CORE_M4/02_PROMPT_ANIMAR_MOTION.txt
88	7.43	/Users/lordjef/Downloads/ABRAXAS_V4_2_24_CONTINUITY_MASTER_PACKAGE/DELIVERABLES/JOC55_ABRAXAS_V4_2_24_PREBUILT/09_MOTIONS_V4_2/AI_SELECTED_V4_2_24/03_VERTICALS/V13/03_CORE_M4/20_MOTION_FINAL/COLOCAR_AQUI_MOTION_FINAL.txt
1348	7.43	/Users/lordjef/Downloads/ABRAXAS_V4_2_24_CONTINUITY_MASTER_PACKAGE/DELIVERABLES/JOC55_ABRAXAS_V4_2_24_PREBUILT/09_MOTIONS_V4_2/AI_SELECTED_V4_2_24/03_VERTICALS/V13/03_CORE_M4/MOTION_DECISION.json
687	7.43	/Users/lordjef/Downloads/ABRAXAS_V4_2_24_CONTINUITY_MASTER_PACKAGE/DELIVERABLES/JOC55_ABRAXAS_V4_2_24_PREBUILT/09_MOTIONS_V4_2/AI_SELECTED_V4_2_24/03_VERTICALS/V13/04_SHIFT_M1/02_PROMPT_ANIMAR_MOTION.txt
88	7.43	/Users/lordjef/Downloads/ABRAXAS_V4_2_24_CONTINUITY_MASTER_PACKAGE/DELIVERABLES/JOC55_ABRAXAS_V4_2_24_PREBUILT/09_MOTIONS_V4_2/AI_SELECTED_V4_2_24/03_VERTICALS/V13/04_SHIFT_M1/20_MOTION_FINAL/COLOCAR_AQUI_MOTION_FINAL.txt
1440	7.43	/Users/lordjef/Downloads/ABRAXAS_V4_2_24_CONTINUITY_MASTER_PACKAGE/DELIVERABLES/JOC55_ABRAXAS_V4_2_24_PREBUILT/09_MOTIONS_V4_2/AI_SELECTED_V4_2_24/03_VERTICALS/V13/04_SHIFT_M1/MOTION_DECISION.json
646	7.43	/Users/lordjef/Downloads/ABRAXAS_V4_2_24_CONTINUITY_MASTER_PACKAGE/DELIVERABLES/JOC55_ABRAXAS_V4_2_24_PREBUILT/09_MOTIONS_V4_2/AI_SELECTED_V4_2_24/03_VERTICALS/V13/05_MEMORABLE_M3/02_PROMPT_ANIMAR_MOTION.txt
88	7.43	/Users/lordjef/Downloads/ABRAXAS_V4_2_24_CONTINUITY_MASTER_PACKAGE/DELIVERABLES/JOC55_ABRAXAS_V4_2_24_PREBUILT/09_MOTIONS_V4_2/AI_SELECTED_V4_2_24/03_VERTICALS/V13/05_MEMORABLE_M3/20_MOTION_FINAL/COLOCAR_AQUI_MOTION_FINAL.txt
1334	7.43	/Users/lordjef/Downloads/ABRAXAS_V4_2_24_CONTINUITY_MASTER_PACKAGE/DELIVERABLES/JOC55_ABRAXAS_V4_2_24_PREBUILT/09_MOTIONS_V4_2/AI_SELECTED_V4_2_24/03_VERTICALS/V13/05_MEMORABLE_M3/MOTION_DECISION.json
687	7.43	/Users/lordjef/Downloads/ABRAXAS_V4_2_24_CONTINUITY_MASTER_PACKAGE/DELIVERABLES/JOC55_ABRAXAS_V4_2_24_PREBUILT/09_MOTIONS_V4_2/AI_SELECTED_V4_2_24/03_VERTICALS/V13/06_CLOSE_M3/02_PROMPT_ANIMAR_MOTION.txt
88	7.43	/Users/lordjef/Downloads/ABRAXAS_V4_2_24_CONTINUITY_MASTER_PACKAGE/DELIVERABLES/JOC55_ABRAXAS_V4_2_24_PREBUILT/09_MOTIONS_V4_2/AI_SELECTED_V4_2_24/03_VERTICALS/V13/06_CLOSE_M3/20_MOTION_FINAL/COLOCAR_AQUI_MOTION_FINAL.txt
1380	7.43	/Users/lordjef/Downloads/ABRAXAS_V4_2_24_CONTINUITY_MASTER_PACKAGE/DELIVERABLES/JOC55_ABRAXAS_V4_2_24_PREBUILT/09_MOTIONS_V4_2/AI_SELECTED_V4_2_24/03_VERTICALS/V13/06_CLOSE_M3/MOTION_DECISION.json
1238	7.43	/Users/lordjef/Downloads/ABRAXAS_V4_2_24_CONTINUITY_MASTER_PACKAGE/DELIVERABLES/JOC55_ABRAXAS_V4_2_24_PREBUILT/09_MOTIONS_V4_2/AI_SELECTED_V4_2_24/03_VERTICALS/V14/00_MOTION_INDEX.json
665	7.43	/Users/lordjef/Downloads/ABRAXAS_V4_2_24_CONTINUITY_MASTER_PACKAGE/DELIVERABLES/JOC55_ABRAXAS_V4_2_24_PREBUILT/09_MOTIONS_V4_2/AI_SELECTED_V4_2_24/03_VERTICALS/V14/01_HOOK_M3/02_PROMPT_ANIMAR_MOTION.txt
88	7.43	/Users/lordjef/Downloads/ABRAXAS_V4_2_24_CONTINUITY_MASTER_PACKAGE/DELIVERABLES/JOC55_ABRAXAS_V4_2_24_PREBUILT/09_MOTIONS_V4_2/AI_SELECTED_V4_2_24/03_VERTICALS/V14/01_HOOK_M3/20_MOTION_FINAL/COLOCAR_AQUI_MOTION_FINAL.txt
1391	7.43	/Users/lordjef/Downloads/ABRAXAS_V4_2_24_CONTINUITY_MASTER_PACKAGE/DELIVERABLES/JOC55_ABRAXAS_V4_2_24_PREBUILT/09_MOTIONS_V4_2/AI_SELECTED_V4_2_24/03_VERTICALS/V14/01_HOOK_M3/MOTION_DECISION.json
656	7.43	/Users/lordjef/Downloads/ABRAXAS_V4_2_24_CONTINUITY_MASTER_PACKAGE/DELIVERABLES/JOC55_ABRAXAS_V4_2_24_PREBUILT/09_MOTIONS_V4_2/AI_SELECTED_V4_2_24/03_VERTICALS/V14/02_TENSION_M3/02_PROMPT_ANIMAR_MOTION.txt
88	7.43	/Users/lordjef/Downloads/ABRAXAS_V4_2_24_CONTINUITY_MASTER_PACKAGE/DELIVERABLES/JOC55_ABRAXAS_V4_2_24_PREBUILT/09_MOTIONS_V4_2/AI_SELECTED_V4_2_24/03_VERTICALS/V14/02_TENSION_M3/20_MOTION_FINAL/COLOCAR_AQUI_MOTION_FINAL.txt
1361	7.43	/Users/lordjef/Downloads/ABRAXAS_V4_2_24_CONTINUITY_MASTER_PACKAGE/DELIVERABLES/JOC55_ABRAXAS_V4_2_24_PREBUILT/09_MOTIONS_V4_2/AI_SELECTED_V4_2_24/03_VERTICALS/V14/02_TENSION_M3/MOTION_DECISION.json
698	7.43	/Users/lordjef/Downloads/ABRAXAS_V4_2_24_CONTINUITY_MASTER_PACKAGE/DELIVERABLES/JOC55_ABRAXAS_V4_2_24_PREBUILT/09_MOTIONS_V4_2/AI_SELECTED_V4_2_24/03_VERTICALS/V14/03_CORE_M4/02_PROMPT_ANIMAR_MOTION.txt
88	7.43	/Users/lordjef/Downloads/ABRAXAS_V4_2_24_CONTINUITY_MASTER_PACKAGE/DELIVERABLES/JOC55_ABRAXAS_V4_2_24_PREBUILT/09_MOTIONS_V4_2/AI_SELECTED_V4_2_24/03_VERTICALS/V14/03_CORE_M4/20_MOTION_FINAL/COLOCAR_AQUI_MOTION_FINAL.txt
1358	7.43	/Users/lordjef/Downloads/ABRAXAS_V4_2_24_CONTINUITY_MASTER_PACKAGE/DELIVERABLES/JOC55_ABRAXAS_V4_2_24_PREBUILT/09_MOTIONS_V4_2/AI_SELECTED_V4_2_24/03_VERTICALS/V14/03_CORE_M4/MOTION_DECISION.json
658	7.43	/Users/lordjef/Downloads/ABRAXAS_V4_2_24_CONTINUITY_MASTER_PACKAGE/DELIVERABLES/JOC55_ABRAXAS_V4_2_24_PREBUILT/09_MOTIONS_V4_2/AI_SELECTED_V4_2_24/03_VERTICALS/V14/04_SHIFT_M4/02_PROMPT_ANIMAR_MOTION.txt
88	7.43	/Users/lordjef/Downloads/ABRAXAS_V4_2_24_CONTINUITY_MASTER_PACKAGE/DELIVERABLES/JOC55_ABRAXAS_V4_2_24_PREBUILT/09_MOTIONS_V4_2/AI_SELECTED_V4_2_24/03_VERTICALS/V14/04_SHIFT_M4/20_MOTION_FINAL/COLOCAR_AQUI_MOTION_FINAL.txt
1309	7.43	/Users/lordjef/Downloads/ABRAXAS_V4_2_24_CONTINUITY_MASTER_PACKAGE/DELIVERABLES/JOC55_ABRAXAS_V4_2_24_PREBUILT/09_MOTIONS_V4_2/AI_SELECTED_V4_2_24/03_VERTICALS/V14/04_SHIFT_M4/MOTION_DECISION.json
642	7.43	/Users/lordjef/Downloads/ABRAXAS_V4_2_24_CONTINUITY_MASTER_PACKAGE/DELIVERABLES/JOC55_ABRAXAS_V4_2_24_PREBUILT/09_MOTIONS_V4_2/AI_SELECTED_V4_2_24/03_VERTICALS/V14/05_MEMORABLE_M3/02_PROMPT_ANIMAR_MOTION.txt
88	7.43	/Users/lordjef/Downloads/ABRAXAS_V4_2_24_CONTINUITY_MASTER_PACKAGE/DELIVERABLES/JOC55_ABRAXAS_V4_2_24_PREBUILT/09_MOTIONS_V4_2/AI_SELECTED_V4_2_24/03_VERTICALS/V14/05_MEMORABLE_M3/20_MOTION_FINAL/COLOCAR_AQUI_MOTION_FINAL.txt
1351	7.43	/Users/lordjef/Downloads/ABRAXAS_V4_2_24_CONTINUITY_MASTER_PACKAGE/DELIVERABLES/JOC55_ABRAXAS_V4_2_24_PREBUILT/09_MOTIONS_V4_2/AI_SELECTED_V4_2_24/03_VERTICALS/V14/05_MEMORABLE_M3/MOTION_DECISION.json
676	7.43	/Users/lordjef/Downloads/ABRAXAS_V4_2_24_CONTINUITY_MASTER_PACKAGE/DELIVERABLES/JOC55_ABRAXAS_V4_2_24_PREBUILT/09_MOTIONS_V4_2/AI_SELECTED_V4_2_24/03_VERTICALS/V14/06_CLOSE_M3/02_PROMPT_ANIMAR_MOTION.txt
88	7.43	/Users/lordjef/Downloads/ABRAXAS_V4_2_24_CONTINUITY_MASTER_PACKAGE/DELIVERABLES/JOC55_ABRAXAS_V4_2_24_PREBUILT/09_MOTIONS_V4_2/AI_SELECTED_V4_2_24/03_VERTICALS/V14/06_CLOSE_M3/20_MOTION_FINAL/COLOCAR_AQUI_MOTION_FINAL.txt
1389	7.43	/Users/lordjef/Downloads/ABRAXAS_V4_2_24_CONTINUITY_MASTER_PACKAGE/DELIVERABLES/JOC55_ABRAXAS_V4_2_24_PREBUILT/09_MOTIONS_V4_2/AI_SELECTED_V4_2_24/03_VERTICALS/V14/06_CLOSE_M3/MOTION_DECISION.json
1238	7.43	/Users/lordjef/Downloads/ABRAXAS_V4_2_24_CONTINUITY_MASTER_PACKAGE/DELIVERABLES/JOC55_ABRAXAS_V4_2_24_PREBUILT/09_MOTIONS_V4_2/AI_SELECTED_V4_2_24/03_VERTICALS/V15/00_MOTION_INDEX.json
701	7.43	/Users/lordjef/Downloads/ABRAXAS_V4_2_24_CONTINUITY_MASTER_PACKAGE/DELIVERABLES/JOC55_ABRAXAS_V4_2_24_PREBUILT/09_MOTIONS_V4_2/AI_SELECTED_V4_2_24/03_VERTICALS/V15/01_HOOK_M3/02_PROMPT_ANIMAR_MOTION.txt
88	7.43	/Users/lordjef/Downloads/ABRAXAS_V4_2_24_CONTINUITY_MASTER_PACKAGE/DELIVERABLES/JOC55_ABRAXAS_V4_2_24_PREBUILT/09_MOTIONS_V4_2/AI_SELECTED_V4_2_24/03_VERTICALS/V15/01_HOOK_M3/20_MOTION_FINAL/COLOCAR_AQUI_MOTION_FINAL.txt
1386	7.43	/Users/lordjef/Downloads/ABRAXAS_V4_2_24_CONTINUITY_MASTER_PACKAGE/DELIVERABLES/JOC55_ABRAXAS_V4_2_24_PREBUILT/09_MOTIONS_V4_2/AI_SELECTED_V4_2_24/03_VERTICALS/V15/01_HOOK_M3/MOTION_DECISION.json
647	7.43	/Users/lordjef/Downloads/ABRAXAS_V4_2_24_CONTINUITY_MASTER_PACKAGE/DELIVERABLES/JOC55_ABRAXAS_V4_2_24_PREBUILT/09_MOTIONS_V4_2/AI_SELECTED_V4_2_24/03_VERTICALS/V15/02_TENSION_M1/02_PROMPT_ANIMAR_MOTION.txt
88	7.43	/Users/lordjef/Downloads/ABRAXAS_V4_2_24_CONTINUITY_MASTER_PACKAGE/DELIVERABLES/JOC55_ABRAXAS_V4_2_24_PREBUILT/09_MOTIONS_V4_2/AI_SELECTED_V4_2_24/03_VERTICALS/V15/02_TENSION_M1/20_MOTION_FINAL/COLOCAR_AQUI_MOTION_FINAL.txt
1389	7.43	/Users/lordjef/Downloads/ABRAXAS_V4_2_24_CONTINUITY_MASTER_PACKAGE/DELIVERABLES/JOC55_ABRAXAS_V4_2_24_PREBUILT/09_MOTIONS_V4_2/AI_SELECTED_V4_2_24/03_VERTICALS/V15/02_TENSION_M1/MOTION_DECISION.json
725	7.43	/Users/lordjef/Downloads/ABRAXAS_V4_2_24_CONTINUITY_MASTER_PACKAGE/DELIVERABLES/JOC55_ABRAXAS_V4_2_24_PREBUILT/09_MOTIONS_V4_2/AI_SELECTED_V4_2_24/03_VERTICALS/V15/03_CORE_M4/02_PROMPT_ANIMAR_MOTION.txt
88	7.43	/Users/lordjef/Downloads/ABRAXAS_V4_2_24_CONTINUITY_MASTER_PACKAGE/DELIVERABLES/JOC55_ABRAXAS_V4_2_24_PREBUILT/09_MOTIONS_V4_2/AI_SELECTED_V4_2_24/03_VERTICALS/V15/03_CORE_M4/20_MOTION_FINAL/COLOCAR_AQUI_MOTION_FINAL.txt
1385	7.43	/Users/lordjef/Downloads/ABRAXAS_V4_2_24_CONTINUITY_MASTER_PACKAGE/DELIVERABLES/JOC55_ABRAXAS_V4_2_24_PREBUILT/09_MOTIONS_V4_2/AI_SELECTED_V4_2_24/03_VERTICALS/V15/03_CORE_M4/MOTION_DECISION.json
678	7.43	/Users/lordjef/Downloads/ABRAXAS_V4_2_24_CONTINUITY_MASTER_PACKAGE/DELIVERABLES/JOC55_ABRAXAS_V4_2_24_PREBUILT/09_MOTIONS_V4_2/AI_SELECTED_V4_2_24/03_VERTICALS/V15/04_SHIFT_M1/02_PROMPT_ANIMAR_MOTION.txt
88	7.43	/Users/lordjef/Downloads/ABRAXAS_V4_2_24_CONTINUITY_MASTER_PACKAGE/DELIVERABLES/JOC55_ABRAXAS_V4_2_24_PREBUILT/09_MOTIONS_V4_2/AI_SELECTED_V4_2_24/03_VERTICALS/V15/04_SHIFT_M1/20_MOTION_FINAL/COLOCAR_AQUI_MOTION_FINAL.txt
1395	7.43	/Users/lordjef/Downloads/ABRAXAS_V4_2_24_CONTINUITY_MASTER_PACKAGE/DELIVERABLES/JOC55_ABRAXAS_V4_2_24_PREBUILT/09_MOTIONS_V4_2/AI_SELECTED_V4_2_24/03_VERTICALS/V15/04_SHIFT_M1/MOTION_DECISION.json
664	7.43	/Users/lordjef/Downloads/ABRAXAS_V4_2_24_CONTINUITY_MASTER_PACKAGE/DELIVERABLES/JOC55_ABRAXAS_V4_2_24_PREBUILT/09_MOTIONS_V4_2/AI_SELECTED_V4_2_24/03_VERTICALS/V15/05_MEMORABLE_M3/02_PROMPT_ANIMAR_MOTION.txt
88	7.43	/Users/lordjef/Downloads/ABRAXAS_V4_2_24_CONTINUITY_MASTER_PACKAGE/DELIVERABLES/JOC55_ABRAXAS_V4_2_24_PREBUILT/09_MOTIONS_V4_2/AI_SELECTED_V4_2_24/03_VERTICALS/V15/05_MEMORABLE_M3/20_MOTION_FINAL/COLOCAR_AQUI_MOTION_FINAL.txt
1372	7.43	/Users/lordjef/Downloads/ABRAXAS_V4_2_24_CONTINUITY_MASTER_PACKAGE/DELIVERABLES/JOC55_ABRAXAS_V4_2_24_PREBUILT/09_MOTIONS_V4_2/AI_SELECTED_V4_2_24/03_VERTICALS/V15/05_MEMORABLE_M3/MOTION_DECISION.json
703	7.43	/Users/lordjef/Downloads/ABRAXAS_V4_2_24_CONTINUITY_MASTER_PACKAGE/DELIVERABLES/JOC55_ABRAXAS_V4_2_24_PREBUILT/09_MOTIONS_V4_2/AI_SELECTED_V4_2_24/03_VERTICALS/V15/06_CLOSE_M3/02_PROMPT_ANIMAR_MOTION.txt
88	7.43	/Users/lordjef/Downloads/ABRAXAS_V4_2_24_CONTINUITY_MASTER_PACKAGE/DELIVERABLES/JOC55_ABRAXAS_V4_2_24_PREBUILT/09_MOTIONS_V4_2/AI_SELECTED_V4_2_24/03_VERTICALS/V15/06_CLOSE_M3/20_MOTION_FINAL/COLOCAR_AQUI_MOTION_FINAL.txt
1397	7.43	/Users/lordjef/Downloads/ABRAXAS_V4_2_24_CONTINUITY_MASTER_PACKAGE/DELIVERABLES/JOC55_ABRAXAS_V4_2_24_PREBUILT/09_MOTIONS_V4_2/AI_SELECTED_V4_2_24/03_VERTICALS/V15/06_CLOSE_M3/MOTION_DECISION.json
1238	7.43	/Users/lordjef/Downloads/ABRAXAS_V4_2_24_CONTINUITY_MASTER_PACKAGE/DELIVERABLES/JOC55_ABRAXAS_V4_2_24_PREBUILT/09_MOTIONS_V4_2/AI_SELECTED_V4_2_24/03_VERTICALS/V16/00_MOTION_INDEX.json
628	7.43	/Users/lordjef/Downloads/ABRAXAS_V4_2_24_CONTINUITY_MASTER_PACKAGE/DELIVERABLES/JOC55_ABRAXAS_V4_2_24_PREBUILT/09_MOTIONS_V4_2/AI_SELECTED_V4_2_24/03_VERTICALS/V16/01_HOOK_M3/02_PROMPT_ANIMAR_MOTION.txt
88	7.43	/Users/lordjef/Downloads/ABRAXAS_V4_2_24_CONTINUITY_MASTER_PACKAGE/DELIVERABLES/JOC55_ABRAXAS_V4_2_24_PREBUILT/09_MOTIONS_V4_2/AI_SELECTED_V4_2_24/03_VERTICALS/V16/01_HOOK_M3/20_MOTION_FINAL/COLOCAR_AQUI_MOTION_FINAL.txt
1342	7.43	/Users/lordjef/Downloads/ABRAXAS_V4_2_24_CONTINUITY_MASTER_PACKAGE/DELIVERABLES/JOC55_ABRAXAS_V4_2_24_PREBUILT/09_MOTIONS_V4_2/AI_SELECTED_V4_2_24/03_VERTICALS/V16/01_HOOK_M3/MOTION_DECISION.json
680	7.43	/Users/lordjef/Downloads/ABRAXAS_V4_2_24_CONTINUITY_MASTER_PACKAGE/DELIVERABLES/JOC55_ABRAXAS_V4_2_24_PREBUILT/09_MOTIONS_V4_2/AI_SELECTED_V4_2_24/03_VERTICALS/V16/02_TENSION_M3/02_PROMPT_ANIMAR_MOTION.txt
88	7.43	/Users/lordjef/Downloads/ABRAXAS_V4_2_24_CONTINUITY_MASTER_PACKAGE/DELIVERABLES/JOC55_ABRAXAS_V4_2_24_PREBUILT/09_MOTIONS_V4_2/AI_SELECTED_V4_2_24/03_VERTICALS/V16/02_TENSION_M3/20_MOTION_FINAL/COLOCAR_AQUI_MOTION_FINAL.txt
1385	7.43	/Users/lordjef/Downloads/ABRAXAS_V4_2_24_CONTINUITY_MASTER_PACKAGE/DELIVERABLES/JOC55_ABRAXAS_V4_2_24_PREBUILT/09_MOTIONS_V4_2/AI_SELECTED_V4_2_24/03_VERTICALS/V16/02_TENSION_M3/MOTION_DECISION.json
720	7.43	/Users/lordjef/Downloads/ABRAXAS_V4_2_24_CONTINUITY_MASTER_PACKAGE/DELIVERABLES/JOC55_ABRAXAS_V4_2_24_PREBUILT/09_MOTIONS_V4_2/AI_SELECTED_V4_2_24/03_VERTICALS/V16/03_CORE_M4/02_PROMPT_ANIMAR_MOTION.txt
88	7.43	/Users/lordjef/Downloads/ABRAXAS_V4_2_24_CONTINUITY_MASTER_PACKAGE/DELIVERABLES/JOC55_ABRAXAS_V4_2_24_PREBUILT/09_MOTIONS_V4_2/AI_SELECTED_V4_2_24/03_VERTICALS/V16/03_CORE_M4/20_MOTION_FINAL/COLOCAR_AQUI_MOTION_FINAL.txt
1365	7.43	/Users/lordjef/Downloads/ABRAXAS_V4_2_24_CONTINUITY_MASTER_PACKAGE/DELIVERABLES/JOC55_ABRAXAS_V4_2_24_PREBUILT/09_MOTIONS_V4_2/AI_SELECTED_V4_2_24/03_VERTICALS/V16/03_CORE_M4/MOTION_DECISION.json
652	7.43	/Users/lordjef/Downloads/ABRAXAS_V4_2_24_CONTINUITY_MASTER_PACKAGE/DELIVERABLES/JOC55_ABRAXAS_V4_2_24_PREBUILT/09_MOTIONS_V4_2/AI_SELECTED_V4_2_24/03_VERTICALS/V16/04_SHIFT_M1/02_PROMPT_ANIMAR_MOTION.txt
88	7.43	/Users/lordjef/Downloads/ABRAXAS_V4_2_24_CONTINUITY_MASTER_PACKAGE/DELIVERABLES/JOC55_ABRAXAS_V4_2_24_PREBUILT/09_MOTIONS_V4_2/AI_SELECTED_V4_2_24/03_VERTICALS/V16/04_SHIFT_M1/20_MOTION_FINAL/COLOCAR_AQUI_MOTION_FINAL.txt
1370	7.43	/Users/lordjef/Downloads/ABRAXAS_V4_2_24_CONTINUITY_MASTER_PACKAGE/DELIVERABLES/JOC55_ABRAXAS_V4_2_24_PREBUILT/09_MOTIONS_V4_2/AI_SELECTED_V4_2_24/03_VERTICALS/V16/04_SHIFT_M1/MOTION_DECISION.json
696	7.43	/Users/lordjef/Downloads/ABRAXAS_V4_2_24_CONTINUITY_MASTER_PACKAGE/DELIVERABLES/JOC55_ABRAXAS_V4_2_24_PREBUILT/09_MOTIONS_V4_2/AI_SELECTED_V4_2_24/03_VERTICALS/V16/05_MEMORABLE_M3/02_PROMPT_ANIMAR_MOTION.txt
88	7.43	/Users/lordjef/Downloads/ABRAXAS_V4_2_24_CONTINUITY_MASTER_PACKAGE/DELIVERABLES/JOC55_ABRAXAS_V4_2_24_PREBUILT/09_MOTIONS_V4_2/AI_SELECTED_V4_2_24/03_VERTICALS/V16/05_MEMORABLE_M3/20_MOTION_FINAL/COLOCAR_AQUI_MOTION_FINAL.txt
1388	7.43	/Users/lordjef/Downloads/ABRAXAS_V4_2_24_CONTINUITY_MASTER_PACKAGE/DELIVERABLES/JOC55_ABRAXAS_V4_2_24_PREBUILT/09_MOTIONS_V4_2/AI_SELECTED_V4_2_24/03_VERTICALS/V16/05_MEMORABLE_M3/MOTION_DECISION.json
745	7.43	/Users/lordjef/Downloads/ABRAXAS_V4_2_24_CONTINUITY_MASTER_PACKAGE/DELIVERABLES/JOC55_ABRAXAS_V4_2_24_PREBUILT/09_MOTIONS_V4_2/AI_SELECTED_V4_2_24/03_VERTICALS/V16/06_CLOSE_M6/02_PROMPT_ANIMAR_MOTION.txt
88	7.43	/Users/lordjef/Downloads/ABRAXAS_V4_2_24_CONTINUITY_MASTER_PACKAGE/DELIVERABLES/JOC55_ABRAXAS_V4_2_24_PREBUILT/09_MOTIONS_V4_2/AI_SELECTED_V4_2_24/03_VERTICALS/V16/06_CLOSE_M6/20_MOTION_FINAL/COLOCAR_AQUI_MOTION_FINAL.txt
1444	7.43	/Users/lordjef/Downloads/ABRAXAS_V4_2_24_CONTINUITY_MASTER_PACKAGE/DELIVERABLES/JOC55_ABRAXAS_V4_2_24_PREBUILT/09_MOTIONS_V4_2/AI_SELECTED_V4_2_24/03_VERTICALS/V16/06_CLOSE_M6/MOTION_DECISION.json
1238	7.43	/Users/lordjef/Downloads/ABRAXAS_V4_2_24_CONTINUITY_MASTER_PACKAGE/DELIVERABLES/JOC55_ABRAXAS_V4_2_24_PREBUILT/09_MOTIONS_V4_2/AI_SELECTED_V4_2_24/03_VERTICALS/V17/00_MOTION_INDEX.json
723	7.43	/Users/lordjef/Downloads/ABRAXAS_V4_2_24_CONTINUITY_MASTER_PACKAGE/DELIVERABLES/JOC55_ABRAXAS_V4_2_24_PREBUILT/09_MOTIONS_V4_2/AI_SELECTED_V4_2_24/03_VERTICALS/V17/01_HOOK_M6/02_PROMPT_ANIMAR_MOTION.txt
88	7.43	/Users/lordjef/Downloads/ABRAXAS_V4_2_24_CONTINUITY_MASTER_PACKAGE/DELIVERABLES/JOC55_ABRAXAS_V4_2_24_PREBUILT/09_MOTIONS_V4_2/AI_SELECTED_V4_2_24/03_VERTICALS/V17/01_HOOK_M6/20_MOTION_FINAL/COLOCAR_AQUI_MOTION_FINAL.txt
1433	7.43	/Users/lordjef/Downloads/ABRAXAS_V4_2_24_CONTINUITY_MASTER_PACKAGE/DELIVERABLES/JOC55_ABRAXAS_V4_2_24_PREBUILT/09_MOTIONS_V4_2/AI_SELECTED_V4_2_24/03_VERTICALS/V17/01_HOOK_M6/MOTION_DECISION.json
712	7.43	/Users/lordjef/Downloads/ABRAXAS_V4_2_24_CONTINUITY_MASTER_PACKAGE/DELIVERABLES/JOC55_ABRAXAS_V4_2_24_PREBUILT/09_MOTIONS_V4_2/AI_SELECTED_V4_2_24/03_VERTICALS/V17/02_TENSION_M1/02_PROMPT_ANIMAR_MOTION.txt
88	7.43	/Users/lordjef/Downloads/ABRAXAS_V4_2_24_CONTINUITY_MASTER_PACKAGE/DELIVERABLES/JOC55_ABRAXAS_V4_2_24_PREBUILT/09_MOTIONS_V4_2/AI_SELECTED_V4_2_24/03_VERTICALS/V17/02_TENSION_M1/20_MOTION_FINAL/COLOCAR_AQUI_MOTION_FINAL.txt
1453	7.43	/Users/lordjef/Downloads/ABRAXAS_V4_2_24_CONTINUITY_MASTER_PACKAGE/DELIVERABLES/JOC55_ABRAXAS_V4_2_24_PREBUILT/09_MOTIONS_V4_2/AI_SELECTED_V4_2_24/03_VERTICALS/V17/02_TENSION_M1/MOTION_DECISION.json
634	7.43	/Users/lordjef/Downloads/ABRAXAS_V4_2_24_CONTINUITY_MASTER_PACKAGE/DELIVERABLES/JOC55_ABRAXAS_V4_2_24_PREBUILT/09_MOTIONS_V4_2/AI_SELECTED_V4_2_24/03_VERTICALS/V17/03_CORE_M4/02_PROMPT_ANIMAR_MOTION.txt
88	7.43	/Users/lordjef/Downloads/ABRAXAS_V4_2_24_CONTINUITY_MASTER_PACKAGE/DELIVERABLES/JOC55_ABRAXAS_V4_2_24_PREBUILT/09_MOTIONS_V4_2/AI_SELECTED_V4_2_24/03_VERTICALS/V17/03_CORE_M4/20_MOTION_FINAL/COLOCAR_AQUI_MOTION_FINAL.txt
1315	7.43	/Users/lordjef/Downloads/ABRAXAS_V4_2_24_CONTINUITY_MASTER_PACKAGE/DELIVERABLES/JOC55_ABRAXAS_V4_2_24_PREBUILT/09_MOTIONS_V4_2/AI_SELECTED_V4_2_24/03_VERTICALS/V17/03_CORE_M4/MOTION_DECISION.json
707	7.43	/Users/lordjef/Downloads/ABRAXAS_V4_2_24_CONTINUITY_MASTER_PACKAGE/DELIVERABLES/JOC55_ABRAXAS_V4_2_24_PREBUILT/09_MOTIONS_V4_2/AI_SELECTED_V4_2_24/03_VERTICALS/V17/04_SHIFT_M6/02_PROMPT_ANIMAR_MOTION.txt
88	7.43	/Users/lordjef/Downloads/ABRAXAS_V4_2_24_CONTINUITY_MASTER_PACKAGE/DELIVERABLES/JOC55_ABRAXAS_V4_2_24_PREBUILT/09_MOTIONS_V4_2/AI_SELECTED_V4_2_24/03_VERTICALS/V17/04_SHIFT_M6/20_MOTION_FINAL/COLOCAR_AQUI_MOTION_FINAL.txt
1404	7.43	/Users/lordjef/Downloads/ABRAXAS_V4_2_24_CONTINUITY_MASTER_PACKAGE/DELIVERABLES/JOC55_ABRAXAS_V4_2_24_PREBUILT/09_MOTIONS_V4_2/AI_SELECTED_V4_2_24/03_VERTICALS/V17/04_SHIFT_M6/MOTION_DECISION.json
663	7.43	/Users/lordjef/Downloads/ABRAXAS_V4_2_24_CONTINUITY_MASTER_PACKAGE/DELIVERABLES/JOC55_ABRAXAS_V4_2_24_PREBUILT/09_MOTIONS_V4_2/AI_SELECTED_V4_2_24/03_VERTICALS/V17/05_MEMORABLE_M3/02_PROMPT_ANIMAR_MOTION.txt
88	7.43	/Users/lordjef/Downloads/ABRAXAS_V4_2_24_CONTINUITY_MASTER_PACKAGE/DELIVERABLES/JOC55_ABRAXAS_V4_2_24_PREBUILT/09_MOTIONS_V4_2/AI_SELECTED_V4_2_24/03_VERTICALS/V17/05_MEMORABLE_M3/20_MOTION_FINAL/COLOCAR_AQUI_MOTION_FINAL.txt
1351	7.43	/Users/lordjef/Downloads/ABRAXAS_V4_2_24_CONTINUITY_MASTER_PACKAGE/DELIVERABLES/JOC55_ABRAXAS_V4_2_24_PREBUILT/09_MOTIONS_V4_2/AI_SELECTED_V4_2_24/03_VERTICALS/V17/05_MEMORABLE_M3/MOTION_DECISION.json
652	7.43	/Users/lordjef/Downloads/ABRAXAS_V4_2_24_CONTINUITY_MASTER_PACKAGE/DELIVERABLES/JOC55_ABRAXAS_V4_2_24_PREBUILT/09_MOTIONS_V4_2/AI_SELECTED_V4_2_24/03_VERTICALS/V17/06_CLOSE_M3/02_PROMPT_ANIMAR_MOTION.txt
88	7.43	/Users/lordjef/Downloads/ABRAXAS_V4_2_24_CONTINUITY_MASTER_PACKAGE/DELIVERABLES/JOC55_ABRAXAS_V4_2_24_PREBUILT/09_MOTIONS_V4_2/AI_SELECTED_V4_2_24/03_VERTICALS/V17/06_CLOSE_M3/20_MOTION_FINAL/COLOCAR_AQUI_MOTION_FINAL.txt
1346	7.43	/Users/lordjef/Downloads/ABRAXAS_V4_2_24_CONTINUITY_MASTER_PACKAGE/DELIVERABLES/JOC55_ABRAXAS_V4_2_24_PREBUILT/09_MOTIONS_V4_2/AI_SELECTED_V4_2_24/03_VERTICALS/V17/06_CLOSE_M3/MOTION_DECISION.json
1238	7.43	/Users/lordjef/Downloads/ABRAXAS_V4_2_24_CONTINUITY_MASTER_PACKAGE/DELIVERABLES/JOC55_ABRAXAS_V4_2_24_PREBUILT/09_MOTIONS_V4_2/AI_SELECTED_V4_2_24/03_VERTICALS/V18/00_MOTION_INDEX.json
685	7.43	/Users/lordjef/Downloads/ABRAXAS_V4_2_24_CONTINUITY_MASTER_PACKAGE/DELIVERABLES/JOC55_ABRAXAS_V4_2_24_PREBUILT/09_MOTIONS_V4_2/AI_SELECTED_V4_2_24/03_VERTICALS/V18/01_HOOK_M3/02_PROMPT_ANIMAR_MOTION.txt
88	7.43	/Users/lordjef/Downloads/ABRAXAS_V4_2_24_CONTINUITY_MASTER_PACKAGE/DELIVERABLES/JOC55_ABRAXAS_V4_2_24_PREBUILT/09_MOTIONS_V4_2/AI_SELECTED_V4_2_24/03_VERTICALS/V18/01_HOOK_M3/20_MOTION_FINAL/COLOCAR_AQUI_MOTION_FINAL.txt
1371	7.43	/Users/lordjef/Downloads/ABRAXAS_V4_2_24_CONTINUITY_MASTER_PACKAGE/DELIVERABLES/JOC55_ABRAXAS_V4_2_24_PREBUILT/09_MOTIONS_V4_2/AI_SELECTED_V4_2_24/03_VERTICALS/V18/01_HOOK_M3/MOTION_DECISION.json
728	7.43	/Users/lordjef/Downloads/ABRAXAS_V4_2_24_CONTINUITY_MASTER_PACKAGE/DELIVERABLES/JOC55_ABRAXAS_V4_2_24_PREBUILT/09_MOTIONS_V4_2/AI_SELECTED_V4_2_24/03_VERTICALS/V18/02_TENSION_M1/02_PROMPT_ANIMAR_MOTION.txt
88	7.43	/Users/lordjef/Downloads/ABRAXAS_V4_2_24_CONTINUITY_MASTER_PACKAGE/DELIVERABLES/JOC55_ABRAXAS_V4_2_24_PREBUILT/09_MOTIONS_V4_2/AI_SELECTED_V4_2_24/03_VERTICALS/V18/02_TENSION_M1/20_MOTION_FINAL/COLOCAR_AQUI_MOTION_FINAL.txt
1435	7.43	/Users/lordjef/Downloads/ABRAXAS_V4_2_24_CONTINUITY_MASTER_PACKAGE/DELIVERABLES/JOC55_ABRAXAS_V4_2_24_PREBUILT/09_MOTIONS_V4_2/AI_SELECTED_V4_2_24/03_VERTICALS/V18/02_TENSION_M1/MOTION_DECISION.json
666	7.43	/Users/lordjef/Downloads/ABRAXAS_V4_2_24_CONTINUITY_MASTER_PACKAGE/DELIVERABLES/JOC55_ABRAXAS_V4_2_24_PREBUILT/09_MOTIONS_V4_2/AI_SELECTED_V4_2_24/03_VERTICALS/V18/03_CORE_M1/02_PROMPT_ANIMAR_MOTION.txt
88	7.43	/Users/lordjef/Downloads/ABRAXAS_V4_2_24_CONTINUITY_MASTER_PACKAGE/DELIVERABLES/JOC55_ABRAXAS_V4_2_24_PREBUILT/09_MOTIONS_V4_2/AI_SELECTED_V4_2_24/03_VERTICALS/V18/03_CORE_M1/20_MOTION_FINAL/COLOCAR_AQUI_MOTION_FINAL.txt
1379	7.43	/Users/lordjef/Downloads/ABRAXAS_V4_2_24_CONTINUITY_MASTER_PACKAGE/DELIVERABLES/JOC55_ABRAXAS_V4_2_24_PREBUILT/09_MOTIONS_V4_2/AI_SELECTED_V4_2_24/03_VERTICALS/V18/03_CORE_M1/MOTION_DECISION.json
675	7.43	/Users/lordjef/Downloads/ABRAXAS_V4_2_24_CONTINUITY_MASTER_PACKAGE/DELIVERABLES/JOC55_ABRAXAS_V4_2_24_PREBUILT/09_MOTIONS_V4_2/AI_SELECTED_V4_2_24/03_VERTICALS/V18/04_SHIFT_M1/02_PROMPT_ANIMAR_MOTION.txt
88	7.43	/Users/lordjef/Downloads/ABRAXAS_V4_2_24_CONTINUITY_MASTER_PACKAGE/DELIVERABLES/JOC55_ABRAXAS_V4_2_24_PREBUILT/09_MOTIONS_V4_2/AI_SELECTED_V4_2_24/03_VERTICALS/V18/04_SHIFT_M1/20_MOTION_FINAL/COLOCAR_AQUI_MOTION_FINAL.txt
1393	7.43	/Users/lordjef/Downloads/ABRAXAS_V4_2_24_CONTINUITY_MASTER_PACKAGE/DELIVERABLES/JOC55_ABRAXAS_V4_2_24_PREBUILT/09_MOTIONS_V4_2/AI_SELECTED_V4_2_24/03_VERTICALS/V18/04_SHIFT_M1/MOTION_DECISION.json
623	7.43	/Users/lordjef/Downloads/ABRAXAS_V4_2_24_CONTINUITY_MASTER_PACKAGE/DELIVERABLES/JOC55_ABRAXAS_V4_2_24_PREBUILT/09_MOTIONS_V4_2/AI_SELECTED_V4_2_24/03_VERTICALS/V18/05_MEMORABLE_M3/02_PROMPT_ANIMAR_MOTION.txt
88	7.43	/Users/lordjef/Downloads/ABRAXAS_V4_2_24_CONTINUITY_MASTER_PACKAGE/DELIVERABLES/JOC55_ABRAXAS_V4_2_24_PREBUILT/09_MOTIONS_V4_2/AI_SELECTED_V4_2_24/03_VERTICALS/V18/05_MEMORABLE_M3/20_MOTION_FINAL/COLOCAR_AQUI_MOTION_FINAL.txt
1332	7.43	/Users/lordjef/Downloads/ABRAXAS_V4_2_24_CONTINUITY_MASTER_PACKAGE/DELIVERABLES/JOC55_ABRAXAS_V4_2_24_PREBUILT/09_MOTIONS_V4_2/AI_SELECTED_V4_2_24/03_VERTICALS/V18/05_MEMORABLE_M3/MOTION_DECISION.json
636	7.43	/Users/lordjef/Downloads/ABRAXAS_V4_2_24_CONTINUITY_MASTER_PACKAGE/DELIVERABLES/JOC55_ABRAXAS_V4_2_24_PREBUILT/09_MOTIONS_V4_2/AI_SELECTED_V4_2_24/03_VERTICALS/V18/06_CLOSE_M3/02_PROMPT_ANIMAR_MOTION.txt
88	7.43	/Users/lordjef/Downloads/ABRAXAS_V4_2_24_CONTINUITY_MASTER_PACKAGE/DELIVERABLES/JOC55_ABRAXAS_V4_2_24_PREBUILT/09_MOTIONS_V4_2/AI_SELECTED_V4_2_24/03_VERTICALS/V18/06_CLOSE_M3/20_MOTION_FINAL/COLOCAR_AQUI_MOTION_FINAL.txt
1350	7.43	/Users/lordjef/Downloads/ABRAXAS_V4_2_24_CONTINUITY_MASTER_PACKAGE/DELIVERABLES/JOC55_ABRAXAS_V4_2_24_PREBUILT/09_MOTIONS_V4_2/AI_SELECTED_V4_2_24/03_VERTICALS/V18/06_CLOSE_M3/MOTION_DECISION.json
4559	7.43	/Users/lordjef/Downloads/ABRAXAS_V4_2_24_CONTINUITY_MASTER_PACKAGE/DELIVERABLES/JOC55_ABRAXAS_V4_2_24_PREBUILT/09_MOTIONS_V4_2/AI_SELECTED_V4_2_24/04_HORIZONTALS/H01/00_MOTION_INDEX.json
739	7.43	/Users/lordjef/Downloads/ABRAXAS_V4_2_24_CONTINUITY_MASTER_PACKAGE/DELIVERABLES/JOC55_ABRAXAS_V4_2_24_PREBUILT/09_MOTIONS_V4_2/AI_SELECTED_V4_2_24/04_HORIZONTALS/H01/01_EDITORIAL_M1/02_PROMPT_ANIMAR_MOTION.txt
88	7.43	/Users/lordjef/Downloads/ABRAXAS_V4_2_24_CONTINUITY_MASTER_PACKAGE/DELIVERABLES/JOC55_ABRAXAS_V4_2_24_PREBUILT/09_MOTIONS_V4_2/AI_SELECTED_V4_2_24/04_HORIZONTALS/H01/01_EDITORIAL_M1/20_MOTION_FINAL/COLOCAR_AQUI_MOTION_FINAL.txt
1460	7.43	/Users/lordjef/Downloads/ABRAXAS_V4_2_24_CONTINUITY_MASTER_PACKAGE/DELIVERABLES/JOC55_ABRAXAS_V4_2_24_PREBUILT/09_MOTIONS_V4_2/AI_SELECTED_V4_2_24/04_HORIZONTALS/H01/01_EDITORIAL_M1/MOTION_DECISION.json
714	7.43	/Users/lordjef/Downloads/ABRAXAS_V4_2_24_CONTINUITY_MASTER_PACKAGE/DELIVERABLES/JOC55_ABRAXAS_V4_2_24_PREBUILT/09_MOTIONS_V4_2/AI_SELECTED_V4_2_24/04_HORIZONTALS/H01/02_EDITORIAL_M1/02_PROMPT_ANIMAR_MOTION.txt
88	7.43	/Users/lordjef/Downloads/ABRAXAS_V4_2_24_CONTINUITY_MASTER_PACKAGE/DELIVERABLES/JOC55_ABRAXAS_V4_2_24_PREBUILT/09_MOTIONS_V4_2/AI_SELECTED_V4_2_24/04_HORIZONTALS/H01/02_EDITORIAL_M1/20_MOTION_FINAL/COLOCAR_AQUI_MOTION_FINAL.txt
1431	7.43	/Users/lordjef/Downloads/ABRAXAS_V4_2_24_CONTINUITY_MASTER_PACKAGE/DELIVERABLES/JOC55_ABRAXAS_V4_2_24_PREBUILT/09_MOTIONS_V4_2/AI_SELECTED_V4_2_24/04_HORIZONTALS/H01/02_EDITORIAL_M1/MOTION_DECISION.json
728	7.43	/Users/lordjef/Downloads/ABRAXAS_V4_2_24_CONTINUITY_MASTER_PACKAGE/DELIVERABLES/JOC55_ABRAXAS_V4_2_24_PREBUILT/09_MOTIONS_V4_2/AI_SELECTED_V4_2_24/04_HORIZONTALS/H01/03_EDITORIAL_M1/02_PROMPT_ANIMAR_MOTION.txt
88	7.43	/Users/lordjef/Downloads/ABRAXAS_V4_2_24_CONTINUITY_MASTER_PACKAGE/DELIVERABLES/JOC55_ABRAXAS_V4_2_24_PREBUILT/09_MOTIONS_V4_2/AI_SELECTED_V4_2_24/04_HORIZONTALS/H01/03_EDITORIAL_M1/20_MOTION_FINAL/COLOCAR_AQUI_MOTION_FINAL.txt
1451	7.43	/Users/lordjef/Downloads/ABRAXAS_V4_2_24_CONTINUITY_MASTER_PACKAGE/DELIVERABLES/JOC55_ABRAXAS_V4_2_24_PREBUILT/09_MOTIONS_V4_2/AI_SELECTED_V4_2_24/04_HORIZONTALS/H01/03_EDITORIAL_M1/MOTION_DECISION.json
699	7.43	/Users/lordjef/Downloads/ABRAXAS_V4_2_24_CONTINUITY_MASTER_PACKAGE/DELIVERABLES/JOC55_ABRAXAS_V4_2_24_PREBUILT/09_MOTIONS_V4_2/AI_SELECTED_V4_2_24/04_HORIZONTALS/H01/04_EDITORIAL_M1/02_PROMPT_ANIMAR_MOTION.txt
88	7.43	/Users/lordjef/Downloads/ABRAXAS_V4_2_24_CONTINUITY_MASTER_PACKAGE/DELIVERABLES/JOC55_ABRAXAS_V4_2_24_PREBUILT/09_MOTIONS_V4_2/AI_SELECTED_V4_2_24/04_HORIZONTALS/H01/04_EDITORIAL_M1/20_MOTION_FINAL/COLOCAR_AQUI_MOTION_FINAL.txt
1418	7.43	/Users/lordjef/Downloads/ABRAXAS_V4_2_24_CONTINUITY_MASTER_PACKAGE/DELIVERABLES/JOC55_ABRAXAS_V4_2_24_PREBUILT/09_MOTIONS_V4_2/AI_SELECTED_V4_2_24/04_HORIZONTALS/H01/04_EDITORIAL_M1/MOTION_DECISION.json
747	7.43	/Users/lordjef/Downloads/ABRAXAS_V4_2_24_CONTINUITY_MASTER_PACKAGE/DELIVERABLES/JOC55_ABRAXAS_V4_2_24_PREBUILT/09_MOTIONS_V4_2/AI_SELECTED_V4_2_24/04_HORIZONTALS/H01/05_EDITORIAL_M1/02_PROMPT_ANIMAR_MOTION.txt
88	7.43	/Users/lordjef/Downloads/ABRAXAS_V4_2_24_CONTINUITY_MASTER_PACKAGE/DELIVERABLES/JOC55_ABRAXAS_V4_2_24_PREBUILT/09_MOTIONS_V4_2/AI_SELECTED_V4_2_24/04_HORIZONTALS/H01/05_EDITORIAL_M1/20_MOTION_FINAL/COLOCAR_AQUI_MOTION_FINAL.txt
1466	7.43	/Users/lordjef/Downloads/ABRAXAS_V4_2_24_CONTINUITY_MASTER_PACKAGE/DELIVERABLES/JOC55_ABRAXAS_V4_2_24_PREBUILT/09_MOTIONS_V4_2/AI_SELECTED_V4_2_24/04_HORIZONTALS/H01/05_EDITORIAL_M1/MOTION_DECISION.json
769	7.43	/Users/lordjef/Downloads/ABRAXAS_V4_2_24_CONTINUITY_MASTER_PACKAGE/DELIVERABLES/JOC55_ABRAXAS_V4_2_24_PREBUILT/09_MOTIONS_V4_2/AI_SELECTED_V4_2_24/04_HORIZONTALS/H01/06_EDITORIAL_M1/02_PROMPT_ANIMAR_MOTION.txt
88	7.43	/Users/lordjef/Downloads/ABRAXAS_V4_2_24_CONTINUITY_MASTER_PACKAGE/DELIVERABLES/JOC55_ABRAXAS_V4_2_24_PREBUILT/09_MOTIONS_V4_2/AI_SELECTED_V4_2_24/04_HORIZONTALS/H01/06_EDITORIAL_M1/20_MOTION_FINAL/COLOCAR_AQUI_MOTION_FINAL.txt
1488	7.43	/Users/lordjef/Downloads/ABRAXAS_V4_2_24_CONTINUITY_MASTER_PACKAGE/DELIVERABLES/JOC55_ABRAXAS_V4_2_24_PREBUILT/09_MOTIONS_V4_2/AI_SELECTED_V4_2_24/04_HORIZONTALS/H01/06_EDITORIAL_M1/MOTION_DECISION.json
764	7.43	/Users/lordjef/Downloads/ABRAXAS_V4_2_24_CONTINUITY_MASTER_PACKAGE/DELIVERABLES/JOC55_ABRAXAS_V4_2_24_PREBUILT/09_MOTIONS_V4_2/AI_SELECTED_V4_2_24/04_HORIZONTALS/H01/07_EDITORIAL_M1/02_PROMPT_ANIMAR_MOTION.txt
88	7.43	/Users/lordjef/Downloads/ABRAXAS_V4_2_24_CONTINUITY_MASTER_PACKAGE/DELIVERABLES/JOC55_ABRAXAS_V4_2_24_PREBUILT/09_MOTIONS_V4_2/AI_SELECTED_V4_2_24/04_HORIZONTALS/H01/07_EDITORIAL_M1/20_MOTION_FINAL/COLOCAR_AQUI_MOTION_FINAL.txt
1489	7.43	/Users/lordjef/Downloads/ABRAXAS_V4_2_24_CONTINUITY_MASTER_PACKAGE/DELIVERABLES/JOC55_ABRAXAS_V4_2_24_PREBUILT/09_MOTIONS_V4_2/AI_SELECTED_V4_2_24/04_HORIZONTALS/H01/07_EDITORIAL_M1/MOTION_DECISION.json
688	7.43	/Users/lordjef/Downloads/ABRAXAS_V4_2_24_CONTINUITY_MASTER_PACKAGE/DELIVERABLES/JOC55_ABRAXAS_V4_2_24_PREBUILT/09_MOTIONS_V4_2/AI_SELECTED_V4_2_24/04_HORIZONTALS/H01/08_EDITORIAL_M1/02_PROMPT_ANIMAR_MOTION.txt
88	7.43	/Users/lordjef/Downloads/ABRAXAS_V4_2_24_CONTINUITY_MASTER_PACKAGE/DELIVERABLES/JOC55_ABRAXAS_V4_2_24_PREBUILT/09_MOTIONS_V4_2/AI_SELECTED_V4_2_24/04_HORIZONTALS/H01/08_EDITORIAL_M1/20_MOTION_FINAL/COLOCAR_AQUI_MOTION_FINAL.txt
1409	7.43	/Users/lordjef/Downloads/ABRAXAS_V4_2_24_CONTINUITY_MASTER_PACKAGE/DELIVERABLES/JOC55_ABRAXAS_V4_2_24_PREBUILT/09_MOTIONS_V4_2/AI_SELECTED_V4_2_24/04_HORIZONTALS/H01/08_EDITORIAL_M1/MOTION_DECISION.json
758	7.43	/Users/lordjef/Downloads/ABRAXAS_V4_2_24_CONTINUITY_MASTER_PACKAGE/DELIVERABLES/JOC55_ABRAXAS_V4_2_24_PREBUILT/09_MOTIONS_V4_2/AI_SELECTED_V4_2_24/04_HORIZONTALS/H01/09_EDITORIAL_M4/02_PROMPT_ANIMAR_MOTION.txt
88	7.43	/Users/lordjef/Downloads/ABRAXAS_V4_2_24_CONTINUITY_MASTER_PACKAGE/DELIVERABLES/JOC55_ABRAXAS_V4_2_24_PREBUILT/09_MOTIONS_V4_2/AI_SELECTED_V4_2_24/04_HORIZONTALS/H01/09_EDITORIAL_M4/20_MOTION_FINAL/COLOCAR_AQUI_MOTION_FINAL.txt
1430	7.43	/Users/lordjef/Downloads/ABRAXAS_V4_2_24_CONTINUITY_MASTER_PACKAGE/DELIVERABLES/JOC55_ABRAXAS_V4_2_24_PREBUILT/09_MOTIONS_V4_2/AI_SELECTED_V4_2_24/04_HORIZONTALS/H01/09_EDITORIAL_M4/MOTION_DECISION.json
745	7.43	/Users/lordjef/Downloads/ABRAXAS_V4_2_24_CONTINUITY_MASTER_PACKAGE/DELIVERABLES/JOC55_ABRAXAS_V4_2_24_PREBUILT/09_MOTIONS_V4_2/AI_SELECTED_V4_2_24/04_HORIZONTALS/H01/10_EDITORIAL_M1/02_PROMPT_ANIMAR_MOTION.txt
88	7.43	/Users/lordjef/Downloads/ABRAXAS_V4_2_24_CONTINUITY_MASTER_PACKAGE/DELIVERABLES/JOC55_ABRAXAS_V4_2_24_PREBUILT/09_MOTIONS_V4_2/AI_SELECTED_V4_2_24/04_HORIZONTALS/H01/10_EDITORIAL_M1/20_MOTION_FINAL/COLOCAR_AQUI_MOTION_FINAL.txt
1465	7.43	/Users/lordjef/Downloads/ABRAXAS_V4_2_24_CONTINUITY_MASTER_PACKAGE/DELIVERABLES/JOC55_ABRAXAS_V4_2_24_PREBUILT/09_MOTIONS_V4_2/AI_SELECTED_V4_2_24/04_HORIZONTALS/H01/10_EDITORIAL_M1/MOTION_DECISION.json
760	7.43	/Users/lordjef/Downloads/ABRAXAS_V4_2_24_CONTINUITY_MASTER_PACKAGE/DELIVERABLES/JOC55_ABRAXAS_V4_2_24_PREBUILT/09_MOTIONS_V4_2/AI_SELECTED_V4_2_24/04_HORIZONTALS/H01/11_EDITORIAL_M1/02_PROMPT_ANIMAR_MOTION.txt
88	7.43	/Users/lordjef/Downloads/ABRAXAS_V4_2_24_CONTINUITY_MASTER_PACKAGE/DELIVERABLES/JOC55_ABRAXAS_V4_2_24_PREBUILT/09_MOTIONS_V4_2/AI_SELECTED_V4_2_24/04_HORIZONTALS/H01/11_EDITORIAL_M1/20_MOTION_FINAL/COLOCAR_AQUI_MOTION_FINAL.txt
1480	7.43	/Users/lordjef/Downloads/ABRAXAS_V4_2_24_CONTINUITY_MASTER_PACKAGE/DELIVERABLES/JOC55_ABRAXAS_V4_2_24_PREBUILT/09_MOTIONS_V4_2/AI_SELECTED_V4_2_24/04_HORIZONTALS/H01/11_EDITORIAL_M1/MOTION_DECISION.json
693	7.43	/Users/lordjef/Downloads/ABRAXAS_V4_2_24_CONTINUITY_MASTER_PACKAGE/DELIVERABLES/JOC55_ABRAXAS_V4_2_24_PREBUILT/09_MOTIONS_V4_2/AI_SELECTED_V4_2_24/04_HORIZONTALS/H01/12_EDITORIAL_M1/02_PROMPT_ANIMAR_MOTION.txt
88	7.43	/Users/lordjef/Downloads/ABRAXAS_V4_2_24_CONTINUITY_MASTER_PACKAGE/DELIVERABLES/JOC55_ABRAXAS_V4_2_24_PREBUILT/09_MOTIONS_V4_2/AI_SELECTED_V4_2_24/04_HORIZONTALS/H01/12_EDITORIAL_M1/20_MOTION_FINAL/COLOCAR_AQUI_MOTION_FINAL.txt
1421	7.43	/Users/lordjef/Downloads/ABRAXAS_V4_2_24_CONTINUITY_MASTER_PACKAGE/DELIVERABLES/JOC55_ABRAXAS_V4_2_24_PREBUILT/09_MOTIONS_V4_2/AI_SELECTED_V4_2_24/04_HORIZONTALS/H01/12_EDITORIAL_M1/MOTION_DECISION.json
766	7.43	/Users/lordjef/Downloads/ABRAXAS_V4_2_24_CONTINUITY_MASTER_PACKAGE/DELIVERABLES/JOC55_ABRAXAS_V4_2_24_PREBUILT/09_MOTIONS_V4_2/AI_SELECTED_V4_2_24/04_HORIZONTALS/H01/13_EDITORIAL_M1/02_PROMPT_ANIMAR_MOTION.txt
88	7.43	/Users/lordjef/Downloads/ABRAXAS_V4_2_24_CONTINUITY_MASTER_PACKAGE/DELIVERABLES/JOC55_ABRAXAS_V4_2_24_PREBUILT/09_MOTIONS_V4_2/AI_SELECTED_V4_2_24/04_HORIZONTALS/H01/13_EDITORIAL_M1/20_MOTION_FINAL/COLOCAR_AQUI_MOTION_FINAL.txt
1486	7.43	/Users/lordjef/Downloads/ABRAXAS_V4_2_24_CONTINUITY_MASTER_PACKAGE/DELIVERABLES/JOC55_ABRAXAS_V4_2_24_PREBUILT/09_MOTIONS_V4_2/AI_SELECTED_V4_2_24/04_HORIZONTALS/H01/13_EDITORIAL_M1/MOTION_DECISION.json
748	7.43	/Users/lordjef/Downloads/ABRAXAS_V4_2_24_CONTINUITY_MASTER_PACKAGE/DELIVERABLES/JOC55_ABRAXAS_V4_2_24_PREBUILT/09_MOTIONS_V4_2/AI_SELECTED_V4_2_24/04_HORIZONTALS/H01/14_EDITORIAL_M3/02_PROMPT_ANIMAR_MOTION.txt
88	7.43	/Users/lordjef/Downloads/ABRAXAS_V4_2_24_CONTINUITY_MASTER_PACKAGE/DELIVERABLES/JOC55_ABRAXAS_V4_2_24_PREBUILT/09_MOTIONS_V4_2/AI_SELECTED_V4_2_24/04_HORIZONTALS/H01/14_EDITORIAL_M3/20_MOTION_FINAL/COLOCAR_AQUI_MOTION_FINAL.txt
1446	7.43	/Users/lordjef/Downloads/ABRAXAS_V4_2_24_CONTINUITY_MASTER_PACKAGE/DELIVERABLES/JOC55_ABRAXAS_V4_2_24_PREBUILT/09_MOTIONS_V4_2/AI_SELECTED_V4_2_24/04_HORIZONTALS/H01/14_EDITORIAL_M3/MOTION_DECISION.json
759	7.43	/Users/lordjef/Downloads/ABRAXAS_V4_2_24_CONTINUITY_MASTER_PACKAGE/DELIVERABLES/JOC55_ABRAXAS_V4_2_24_PREBUILT/09_MOTIONS_V4_2/AI_SELECTED_V4_2_24/04_HORIZONTALS/H01/15_EDITORIAL_M1/02_PROMPT_ANIMAR_MOTION.txt
88	7.43	/Users/lordjef/Downloads/ABRAXAS_V4_2_24_CONTINUITY_MASTER_PACKAGE/DELIVERABLES/JOC55_ABRAXAS_V4_2_24_PREBUILT/09_MOTIONS_V4_2/AI_SELECTED_V4_2_24/04_HORIZONTALS/H01/15_EDITORIAL_M1/20_MOTION_FINAL/COLOCAR_AQUI_MOTION_FINAL.txt
1479	7.43	/Users/lordjef/Downloads/ABRAXAS_V4_2_24_CONTINUITY_MASTER_PACKAGE/DELIVERABLES/JOC55_ABRAXAS_V4_2_24_PREBUILT/09_MOTIONS_V4_2/AI_SELECTED_V4_2_24/04_HORIZONTALS/H01/15_EDITORIAL_M1/MOTION_DECISION.json
720	7.43	/Users/lordjef/Downloads/ABRAXAS_V4_2_24_CONTINUITY_MASTER_PACKAGE/DELIVERABLES/JOC55_ABRAXAS_V4_2_24_PREBUILT/09_MOTIONS_V4_2/AI_SELECTED_V4_2_24/04_HORIZONTALS/H01/16_EDITORIAL_M1/02_PROMPT_ANIMAR_MOTION.txt
88	7.43	/Users/lordjef/Downloads/ABRAXAS_V4_2_24_CONTINUITY_MASTER_PACKAGE/DELIVERABLES/JOC55_ABRAXAS_V4_2_24_PREBUILT/09_MOTIONS_V4_2/AI_SELECTED_V4_2_24/04_HORIZONTALS/H01/16_EDITORIAL_M1/20_MOTION_FINAL/COLOCAR_AQUI_MOTION_FINAL.txt
1440	7.43	/Users/lordjef/Downloads/ABRAXAS_V4_2_24_CONTINUITY_MASTER_PACKAGE/DELIVERABLES/JOC55_ABRAXAS_V4_2_24_PREBUILT/09_MOTIONS_V4_2/AI_SELECTED_V4_2_24/04_HORIZONTALS/H01/16_EDITORIAL_M1/MOTION_DECISION.json
659	7.43	/Users/lordjef/Downloads/ABRAXAS_V4_2_24_CONTINUITY_MASTER_PACKAGE/DELIVERABLES/JOC55_ABRAXAS_V4_2_24_PREBUILT/09_MOTIONS_V4_2/AI_SELECTED_V4_2_24/04_HORIZONTALS/H01/17_EDITORIAL_M1/02_PROMPT_ANIMAR_MOTION.txt
88	7.43	/Users/lordjef/Downloads/ABRAXAS_V4_2_24_CONTINUITY_MASTER_PACKAGE/DELIVERABLES/JOC55_ABRAXAS_V4_2_24_PREBUILT/09_MOTIONS_V4_2/AI_SELECTED_V4_2_24/04_HORIZONTALS/H01/17_EDITORIAL_M1/20_MOTION_FINAL/COLOCAR_AQUI_MOTION_FINAL.txt
1388	7.43	/Users/lordjef/Downloads/ABRAXAS_V4_2_24_CONTINUITY_MASTER_PACKAGE/DELIVERABLES/JOC55_ABRAXAS_V4_2_24_PREBUILT/09_MOTIONS_V4_2/AI_SELECTED_V4_2_24/04_HORIZONTALS/H01/17_EDITORIAL_M1/MOTION_DECISION.json
705	7.43	/Users/lordjef/Downloads/ABRAXAS_V4_2_24_CONTINUITY_MASTER_PACKAGE/DELIVERABLES/JOC55_ABRAXAS_V4_2_24_PREBUILT/09_MOTIONS_V4_2/AI_SELECTED_V4_2_24/04_HORIZONTALS/H01/18_EDITORIAL_M4/02_PROMPT_ANIMAR_MOTION.txt
88	7.43	/Users/lordjef/Downloads/ABRAXAS_V4_2_24_CONTINUITY_MASTER_PACKAGE/DELIVERABLES/JOC55_ABRAXAS_V4_2_24_PREBUILT/09_MOTIONS_V4_2/AI_SELECTED_V4_2_24/04_HORIZONTALS/H01/18_EDITORIAL_M4/20_MOTION_FINAL/COLOCAR_AQUI_MOTION_FINAL.txt
1380	7.43	/Users/lordjef/Downloads/ABRAXAS_V4_2_24_CONTINUITY_MASTER_PACKAGE/DELIVERABLES/JOC55_ABRAXAS_V4_2_24_PREBUILT/09_MOTIONS_V4_2/AI_SELECTED_V4_2_24/04_HORIZONTALS/H01/18_EDITORIAL_M4/MOTION_DECISION.json
730	7.43	/Users/lordjef/Downloads/ABRAXAS_V4_2_24_CONTINUITY_MASTER_PACKAGE/DELIVERABLES/JOC55_ABRAXAS_V4_2_24_PREBUILT/09_MOTIONS_V4_2/AI_SELECTED_V4_2_24/04_HORIZONTALS/H01/19_EDITORIAL_M1/02_PROMPT_ANIMAR_MOTION.txt
88	7.43	/Users/lordjef/Downloads/ABRAXAS_V4_2_24_CONTINUITY_MASTER_PACKAGE/DELIVERABLES/JOC55_ABRAXAS_V4_2_24_PREBUILT/09_MOTIONS_V4_2/AI_SELECTED_V4_2_24/04_HORIZONTALS/H01/19_EDITORIAL_M1/20_MOTION_FINAL/COLOCAR_AQUI_MOTION_FINAL.txt
1452	7.43	/Users/lordjef/Downloads/ABRAXAS_V4_2_24_CONTINUITY_MASTER_PACKAGE/DELIVERABLES/JOC55_ABRAXAS_V4_2_24_PREBUILT/09_MOTIONS_V4_2/AI_SELECTED_V4_2_24/04_HORIZONTALS/H01/19_EDITORIAL_M1/MOTION_DECISION.json
733	7.43	/Users/lordjef/Downloads/ABRAXAS_V4_2_24_CONTINUITY_MASTER_PACKAGE/DELIVERABLES/JOC55_ABRAXAS_V4_2_24_PREBUILT/09_MOTIONS_V4_2/AI_SELECTED_V4_2_24/04_HORIZONTALS/H01/20_EDITORIAL_M2/02_PROMPT_ANIMAR_MOTION.txt
503	7.43	/Users/lordjef/Downloads/ABRAXAS_V4_2_24_CONTINUITY_MASTER_PACKAGE/DELIVERABLES/JOC55_ABRAXAS_V4_2_24_PREBUILT/09_MOTIONS_V4_2/AI_SELECTED_V4_2_24/04_HORIZONTALS/H01/20_EDITORIAL_M2/10_ASSETS/MOTION2_TEXT_SEGMENTS_EXACT.json
88	7.43	/Users/lordjef/Downloads/ABRAXAS_V4_2_24_CONTINUITY_MASTER_PACKAGE/DELIVERABLES/JOC55_ABRAXAS_V4_2_24_PREBUILT/09_MOTIONS_V4_2/AI_SELECTED_V4_2_24/04_HORIZONTALS/H01/20_EDITORIAL_M2/20_MOTION_FINAL/COLOCAR_AQUI_MOTION_FINAL.txt
1569	7.43	/Users/lordjef/Downloads/ABRAXAS_V4_2_24_CONTINUITY_MASTER_PACKAGE/DELIVERABLES/JOC55_ABRAXAS_V4_2_24_PREBUILT/09_MOTIONS_V4_2/AI_SELECTED_V4_2_24/04_HORIZONTALS/H01/20_EDITORIAL_M2/MOTION_DECISION.json
732	7.43	/Users/lordjef/Downloads/ABRAXAS_V4_2_24_CONTINUITY_MASTER_PACKAGE/DELIVERABLES/JOC55_ABRAXAS_V4_2_24_PREBUILT/09_MOTIONS_V4_2/AI_SELECTED_V4_2_24/04_HORIZONTALS/H01/21_EDITORIAL_M1/02_PROMPT_ANIMAR_MOTION.txt
88	7.43	/Users/lordjef/Downloads/ABRAXAS_V4_2_24_CONTINUITY_MASTER_PACKAGE/DELIVERABLES/JOC55_ABRAXAS_V4_2_24_PREBUILT/09_MOTIONS_V4_2/AI_SELECTED_V4_2_24/04_HORIZONTALS/H01/21_EDITORIAL_M1/20_MOTION_FINAL/COLOCAR_AQUI_MOTION_FINAL.txt
1460	7.43	/Users/lordjef/Downloads/ABRAXAS_V4_2_24_CONTINUITY_MASTER_PACKAGE/DELIVERABLES/JOC55_ABRAXAS_V4_2_24_PREBUILT/09_MOTIONS_V4_2/AI_SELECTED_V4_2_24/04_HORIZONTALS/H01/21_EDITORIAL_M1/MOTION_DECISION.json
730	7.43	/Users/lordjef/Downloads/ABRAXAS_V4_2_24_CONTINUITY_MASTER_PACKAGE/DELIVERABLES/JOC55_ABRAXAS_V4_2_24_PREBUILT/09_MOTIONS_V4_2/AI_SELECTED_V4_2_24/04_HORIZONTALS/H01/22_EDITORIAL_M1/02_PROMPT_ANIMAR_MOTION.txt
88	7.43	/Users/lordjef/Downloads/ABRAXAS_V4_2_24_CONTINUITY_MASTER_PACKAGE/DELIVERABLES/JOC55_ABRAXAS_V4_2_24_PREBUILT/09_MOTIONS_V4_2/AI_SELECTED_V4_2_24/04_HORIZONTALS/H01/22_EDITORIAL_M1/20_MOTION_FINAL/COLOCAR_AQUI_MOTION_FINAL.txt
1452	7.43	/Users/lordjef/Downloads/ABRAXAS_V4_2_24_CONTINUITY_MASTER_PACKAGE/DELIVERABLES/JOC55_ABRAXAS_V4_2_24_PREBUILT/09_MOTIONS_V4_2/AI_SELECTED_V4_2_24/04_HORIZONTALS/H01/22_EDITORIAL_M1/MOTION_DECISION.json
790	7.43	/Users/lordjef/Downloads/ABRAXAS_V4_2_24_CONTINUITY_MASTER_PACKAGE/DELIVERABLES/JOC55_ABRAXAS_V4_2_24_PREBUILT/09_MOTIONS_V4_2/AI_SELECTED_V4_2_24/04_HORIZONTALS/H01/23_EDITORIAL_M1/02_PROMPT_ANIMAR_MOTION.txt
88	7.43	/Users/lordjef/Downloads/ABRAXAS_V4_2_24_CONTINUITY_MASTER_PACKAGE/DELIVERABLES/JOC55_ABRAXAS_V4_2_24_PREBUILT/09_MOTIONS_V4_2/AI_SELECTED_V4_2_24/04_HORIZONTALS/H01/23_EDITORIAL_M1/20_MOTION_FINAL/COLOCAR_AQUI_MOTION_FINAL.txt
1512	7.43	/Users/lordjef/Downloads/ABRAXAS_V4_2_24_CONTINUITY_MASTER_PACKAGE/DELIVERABLES/JOC55_ABRAXAS_V4_2_24_PREBUILT/09_MOTIONS_V4_2/AI_SELECTED_V4_2_24/04_HORIZONTALS/H01/23_EDITORIAL_M1/MOTION_DECISION.json
4559	7.43	/Users/lordjef/Downloads/ABRAXAS_V4_2_24_CONTINUITY_MASTER_PACKAGE/DELIVERABLES/JOC55_ABRAXAS_V4_2_24_PREBUILT/09_MOTIONS_V4_2/AI_SELECTED_V4_2_24/04_HORIZONTALS/H02/00_MOTION_INDEX.json
725	7.43	/Users/lordjef/Downloads/ABRAXAS_V4_2_24_CONTINUITY_MASTER_PACKAGE/DELIVERABLES/JOC55_ABRAXAS_V4_2_24_PREBUILT/09_MOTIONS_V4_2/AI_SELECTED_V4_2_24/04_HORIZONTALS/H02/01_EDITORIAL_M1/02_PROMPT_ANIMAR_MOTION.txt
88	7.43	/Users/lordjef/Downloads/ABRAXAS_V4_2_24_CONTINUITY_MASTER_PACKAGE/DELIVERABLES/JOC55_ABRAXAS_V4_2_24_PREBUILT/09_MOTIONS_V4_2/AI_SELECTED_V4_2_24/04_HORIZONTALS/H02/01_EDITORIAL_M1/20_MOTION_FINAL/COLOCAR_AQUI_MOTION_FINAL.txt
1447	7.43	/Users/lordjef/Downloads/ABRAXAS_V4_2_24_CONTINUITY_MASTER_PACKAGE/DELIVERABLES/JOC55_ABRAXAS_V4_2_24_PREBUILT/09_MOTIONS_V4_2/AI_SELECTED_V4_2_24/04_HORIZONTALS/H02/01_EDITORIAL_M1/MOTION_DECISION.json
751	7.43	/Users/lordjef/Downloads/ABRAXAS_V4_2_24_CONTINUITY_MASTER_PACKAGE/DELIVERABLES/JOC55_ABRAXAS_V4_2_24_PREBUILT/09_MOTIONS_V4_2/AI_SELECTED_V4_2_24/04_HORIZONTALS/H02/02_EDITORIAL_M1/02_PROMPT_ANIMAR_MOTION.txt
88	7.43	/Users/lordjef/Downloads/ABRAXAS_V4_2_24_CONTINUITY_MASTER_PACKAGE/DELIVERABLES/JOC55_ABRAXAS_V4_2_24_PREBUILT/09_MOTIONS_V4_2/AI_SELECTED_V4_2_24/04_HORIZONTALS/H02/02_EDITORIAL_M1/20_MOTION_FINAL/COLOCAR_AQUI_MOTION_FINAL.txt
1468	7.43	/Users/lordjef/Downloads/ABRAXAS_V4_2_24_CONTINUITY_MASTER_PACKAGE/DELIVERABLES/JOC55_ABRAXAS_V4_2_24_PREBUILT/09_MOTIONS_V4_2/AI_SELECTED_V4_2_24/04_HORIZONTALS/H02/02_EDITORIAL_M1/MOTION_DECISION.json
788	7.43	/Users/lordjef/Downloads/ABRAXAS_V4_2_24_CONTINUITY_MASTER_PACKAGE/DELIVERABLES/JOC55_ABRAXAS_V4_2_24_PREBUILT/09_MOTIONS_V4_2/AI_SELECTED_V4_2_24/04_HORIZONTALS/H02/03_EDITORIAL_M1/02_PROMPT_ANIMAR_MOTION.txt
88	7.43	/Users/lordjef/Downloads/ABRAXAS_V4_2_24_CONTINUITY_MASTER_PACKAGE/DELIVERABLES/JOC55_ABRAXAS_V4_2_24_PREBUILT/09_MOTIONS_V4_2/AI_SELECTED_V4_2_24/04_HORIZONTALS/H02/03_EDITORIAL_M1/20_MOTION_FINAL/COLOCAR_AQUI_MOTION_FINAL.txt
1511	7.43	/Users/lordjef/Downloads/ABRAXAS_V4_2_24_CONTINUITY_MASTER_PACKAGE/DELIVERABLES/JOC55_ABRAXAS_V4_2_24_PREBUILT/09_MOTIONS_V4_2/AI_SELECTED_V4_2_24/04_HORIZONTALS/H02/03_EDITORIAL_M1/MOTION_DECISION.json
762	7.43	/Users/lordjef/Downloads/ABRAXAS_V4_2_24_CONTINUITY_MASTER_PACKAGE/DELIVERABLES/JOC55_ABRAXAS_V4_2_24_PREBUILT/09_MOTIONS_V4_2/AI_SELECTED_V4_2_24/04_HORIZONTALS/H02/04_EDITORIAL_M1/02_PROMPT_ANIMAR_MOTION.txt
88	7.43	/Users/lordjef/Downloads/ABRAXAS_V4_2_24_CONTINUITY_MASTER_PACKAGE/DELIVERABLES/JOC55_ABRAXAS_V4_2_24_PREBUILT/09_MOTIONS_V4_2/AI_SELECTED_V4_2_24/04_HORIZONTALS/H02/04_EDITORIAL_M1/20_MOTION_FINAL/COLOCAR_AQUI_MOTION_FINAL.txt
1481	7.43	/Users/lordjef/Downloads/ABRAXAS_V4_2_24_CONTINUITY_MASTER_PACKAGE/DELIVERABLES/JOC55_ABRAXAS_V4_2_24_PREBUILT/09_MOTIONS_V4_2/AI_SELECTED_V4_2_24/04_HORIZONTALS/H02/04_EDITORIAL_M1/MOTION_DECISION.json
785	7.43	/Users/lordjef/Downloads/ABRAXAS_V4_2_24_CONTINUITY_MASTER_PACKAGE/DELIVERABLES/JOC55_ABRAXAS_V4_2_24_PREBUILT/09_MOTIONS_V4_2/AI_SELECTED_V4_2_24/04_HORIZONTALS/H02/05_EDITORIAL_M6/02_PROMPT_ANIMAR_MOTION.txt
88	7.43	/Users/lordjef/Downloads/ABRAXAS_V4_2_24_CONTINUITY_MASTER_PACKAGE/DELIVERABLES/JOC55_ABRAXAS_V4_2_24_PREBUILT/09_MOTIONS_V4_2/AI_SELECTED_V4_2_24/04_HORIZONTALS/H02/05_EDITORIAL_M6/20_MOTION_FINAL/COLOCAR_AQUI_MOTION_FINAL.txt
1489	7.43	/Users/lordjef/Downloads/ABRAXAS_V4_2_24_CONTINUITY_MASTER_PACKAGE/DELIVERABLES/JOC55_ABRAXAS_V4_2_24_PREBUILT/09_MOTIONS_V4_2/AI_SELECTED_V4_2_24/04_HORIZONTALS/H02/05_EDITORIAL_M6/MOTION_DECISION.json
760	7.43	/Users/lordjef/Downloads/ABRAXAS_V4_2_24_CONTINUITY_MASTER_PACKAGE/DELIVERABLES/JOC55_ABRAXAS_V4_2_24_PREBUILT/09_MOTIONS_V4_2/AI_SELECTED_V4_2_24/04_HORIZONTALS/H02/06_EDITORIAL_M1/02_PROMPT_ANIMAR_MOTION.txt
88	7.43	/Users/lordjef/Downloads/ABRAXAS_V4_2_24_CONTINUITY_MASTER_PACKAGE/DELIVERABLES/JOC55_ABRAXAS_V4_2_24_PREBUILT/09_MOTIONS_V4_2/AI_SELECTED_V4_2_24/04_HORIZONTALS/H02/06_EDITORIAL_M1/20_MOTION_FINAL/COLOCAR_AQUI_MOTION_FINAL.txt
1483	7.43	/Users/lordjef/Downloads/ABRAXAS_V4_2_24_CONTINUITY_MASTER_PACKAGE/DELIVERABLES/JOC55_ABRAXAS_V4_2_24_PREBUILT/09_MOTIONS_V4_2/AI_SELECTED_V4_2_24/04_HORIZONTALS/H02/06_EDITORIAL_M1/MOTION_DECISION.json
725	7.43	/Users/lordjef/Downloads/ABRAXAS_V4_2_24_CONTINUITY_MASTER_PACKAGE/DELIVERABLES/JOC55_ABRAXAS_V4_2_24_PREBUILT/09_MOTIONS_V4_2/AI_SELECTED_V4_2_24/04_HORIZONTALS/H02/07_EDITORIAL_M6/02_PROMPT_ANIMAR_MOTION.txt
88	7.43	/Users/lordjef/Downloads/ABRAXAS_V4_2_24_CONTINUITY_MASTER_PACKAGE/DELIVERABLES/JOC55_ABRAXAS_V4_2_24_PREBUILT/09_MOTIONS_V4_2/AI_SELECTED_V4_2_24/04_HORIZONTALS/H02/07_EDITORIAL_M6/20_MOTION_FINAL/COLOCAR_AQUI_MOTION_FINAL.txt
1431	7.43	/Users/lordjef/Downloads/ABRAXAS_V4_2_24_CONTINUITY_MASTER_PACKAGE/DELIVERABLES/JOC55_ABRAXAS_V4_2_24_PREBUILT/09_MOTIONS_V4_2/AI_SELECTED_V4_2_24/04_HORIZONTALS/H02/07_EDITORIAL_M6/MOTION_DECISION.json
779	7.43	/Users/lordjef/Downloads/ABRAXAS_V4_2_24_CONTINUITY_MASTER_PACKAGE/DELIVERABLES/JOC55_ABRAXAS_V4_2_24_PREBUILT/09_MOTIONS_V4_2/AI_SELECTED_V4_2_24/04_HORIZONTALS/H02/08_EDITORIAL_M5/02_PROMPT_ANIMAR_MOTION.txt
88	7.43	/Users/lordjef/Downloads/ABRAXAS_V4_2_24_CONTINUITY_MASTER_PACKAGE/DELIVERABLES/JOC55_ABRAXAS_V4_2_24_PREBUILT/09_MOTIONS_V4_2/AI_SELECTED_V4_2_24/04_HORIZONTALS/H02/08_EDITORIAL_M5/20_MOTION_FINAL/COLOCAR_AQUI_MOTION_FINAL.txt
1521	7.43	/Users/lordjef/Downloads/ABRAXAS_V4_2_24_CONTINUITY_MASTER_PACKAGE/DELIVERABLES/JOC55_ABRAXAS_V4_2_24_PREBUILT/09_MOTIONS_V4_2/AI_SELECTED_V4_2_24/04_HORIZONTALS/H02/08_EDITORIAL_M5/MOTION_DECISION.json
710	7.43	/Users/lordjef/Downloads/ABRAXAS_V4_2_24_CONTINUITY_MASTER_PACKAGE/DELIVERABLES/JOC55_ABRAXAS_V4_2_24_PREBUILT/09_MOTIONS_V4_2/AI_SELECTED_V4_2_24/04_HORIZONTALS/H02/09_EDITORIAL_M1/02_PROMPT_ANIMAR_MOTION.txt
88	7.43	/Users/lordjef/Downloads/ABRAXAS_V4_2_24_CONTINUITY_MASTER_PACKAGE/DELIVERABLES/JOC55_ABRAXAS_V4_2_24_PREBUILT/09_MOTIONS_V4_2/AI_SELECTED_V4_2_24/04_HORIZONTALS/H02/09_EDITORIAL_M1/20_MOTION_FINAL/COLOCAR_AQUI_MOTION_FINAL.txt
1429	7.43	/Users/lordjef/Downloads/ABRAXAS_V4_2_24_CONTINUITY_MASTER_PACKAGE/DELIVERABLES/JOC55_ABRAXAS_V4_2_24_PREBUILT/09_MOTIONS_V4_2/AI_SELECTED_V4_2_24/04_HORIZONTALS/H02/09_EDITORIAL_M1/MOTION_DECISION.json
763	7.43	/Users/lordjef/Downloads/ABRAXAS_V4_2_24_CONTINUITY_MASTER_PACKAGE/DELIVERABLES/JOC55_ABRAXAS_V4_2_24_PREBUILT/09_MOTIONS_V4_2/AI_SELECTED_V4_2_24/04_HORIZONTALS/H02/10_EDITORIAL_M1/02_PROMPT_ANIMAR_MOTION.txt
88	7.43	/Users/lordjef/Downloads/ABRAXAS_V4_2_24_CONTINUITY_MASTER_PACKAGE/DELIVERABLES/JOC55_ABRAXAS_V4_2_24_PREBUILT/09_MOTIONS_V4_2/AI_SELECTED_V4_2_24/04_HORIZONTALS/H02/10_EDITORIAL_M1/20_MOTION_FINAL/COLOCAR_AQUI_MOTION_FINAL.txt
1489	7.43	/Users/lordjef/Downloads/ABRAXAS_V4_2_24_CONTINUITY_MASTER_PACKAGE/DELIVERABLES/JOC55_ABRAXAS_V4_2_24_PREBUILT/09_MOTIONS_V4_2/AI_SELECTED_V4_2_24/04_HORIZONTALS/H02/10_EDITORIAL_M1/MOTION_DECISION.json
721	7.43	/Users/lordjef/Downloads/ABRAXAS_V4_2_24_CONTINUITY_MASTER_PACKAGE/DELIVERABLES/JOC55_ABRAXAS_V4_2_24_PREBUILT/09_MOTIONS_V4_2/AI_SELECTED_V4_2_24/04_HORIZONTALS/H02/11_EDITORIAL_M1/02_PROMPT_ANIMAR_MOTION.txt
88	7.43	/Users/lordjef/Downloads/ABRAXAS_V4_2_24_CONTINUITY_MASTER_PACKAGE/DELIVERABLES/JOC55_ABRAXAS_V4_2_24_PREBUILT/09_MOTIONS_V4_2/AI_SELECTED_V4_2_24/04_HORIZONTALS/H02/11_EDITORIAL_M1/20_MOTION_FINAL/COLOCAR_AQUI_MOTION_FINAL.txt
1441	7.43	/Users/lordjef/Downloads/ABRAXAS_V4_2_24_CONTINUITY_MASTER_PACKAGE/DELIVERABLES/JOC55_ABRAXAS_V4_2_24_PREBUILT/09_MOTIONS_V4_2/AI_SELECTED_V4_2_24/04_HORIZONTALS/H02/11_EDITORIAL_M1/MOTION_DECISION.json
690	7.43	/Users/lordjef/Downloads/ABRAXAS_V4_2_24_CONTINUITY_MASTER_PACKAGE/DELIVERABLES/JOC55_ABRAXAS_V4_2_24_PREBUILT/09_MOTIONS_V4_2/AI_SELECTED_V4_2_24/04_HORIZONTALS/H02/12_EDITORIAL_M1/02_PROMPT_ANIMAR_MOTION.txt
88	7.43	/Users/lordjef/Downloads/ABRAXAS_V4_2_24_CONTINUITY_MASTER_PACKAGE/DELIVERABLES/JOC55_ABRAXAS_V4_2_24_PREBUILT/09_MOTIONS_V4_2/AI_SELECTED_V4_2_24/04_HORIZONTALS/H02/12_EDITORIAL_M1/20_MOTION_FINAL/COLOCAR_AQUI_MOTION_FINAL.txt
1418	7.43	/Users/lordjef/Downloads/ABRAXAS_V4_2_24_CONTINUITY_MASTER_PACKAGE/DELIVERABLES/JOC55_ABRAXAS_V4_2_24_PREBUILT/09_MOTIONS_V4_2/AI_SELECTED_V4_2_24/04_HORIZONTALS/H02/12_EDITORIAL_M1/MOTION_DECISION.json
765	7.43	/Users/lordjef/Downloads/ABRAXAS_V4_2_24_CONTINUITY_MASTER_PACKAGE/DELIVERABLES/JOC55_ABRAXAS_V4_2_24_PREBUILT/09_MOTIONS_V4_2/AI_SELECTED_V4_2_24/04_HORIZONTALS/H02/13_EDITORIAL_M1/02_PROMPT_ANIMAR_MOTION.txt
88	7.43	/Users/lordjef/Downloads/ABRAXAS_V4_2_24_CONTINUITY_MASTER_PACKAGE/DELIVERABLES/JOC55_ABRAXAS_V4_2_24_PREBUILT/09_MOTIONS_V4_2/AI_SELECTED_V4_2_24/04_HORIZONTALS/H02/13_EDITORIAL_M1/20_MOTION_FINAL/COLOCAR_AQUI_MOTION_FINAL.txt
1489	7.43	/Users/lordjef/Downloads/ABRAXAS_V4_2_24_CONTINUITY_MASTER_PACKAGE/DELIVERABLES/JOC55_ABRAXAS_V4_2_24_PREBUILT/09_MOTIONS_V4_2/AI_SELECTED_V4_2_24/04_HORIZONTALS/H02/13_EDITORIAL_M1/MOTION_DECISION.json
677	7.43	/Users/lordjef/Downloads/ABRAXAS_V4_2_24_CONTINUITY_MASTER_PACKAGE/DELIVERABLES/JOC55_ABRAXAS_V4_2_24_PREBUILT/09_MOTIONS_V4_2/AI_SELECTED_V4_2_24/04_HORIZONTALS/H02/14_EDITORIAL_M1/02_PROMPT_ANIMAR_MOTION.txt
88	7.43	/Users/lordjef/Downloads/ABRAXAS_V4_2_24_CONTINUITY_MASTER_PACKAGE/DELIVERABLES/JOC55_ABRAXAS_V4_2_24_PREBUILT/09_MOTIONS_V4_2/AI_SELECTED_V4_2_24/04_HORIZONTALS/H02/14_EDITORIAL_M1/20_MOTION_FINAL/COLOCAR_AQUI_MOTION_FINAL.txt
1404	7.43	/Users/lordjef/Downloads/ABRAXAS_V4_2_24_CONTINUITY_MASTER_PACKAGE/DELIVERABLES/JOC55_ABRAXAS_V4_2_24_PREBUILT/09_MOTIONS_V4_2/AI_SELECTED_V4_2_24/04_HORIZONTALS/H02/14_EDITORIAL_M1/MOTION_DECISION.json
666	7.43	/Users/lordjef/Downloads/ABRAXAS_V4_2_24_CONTINUITY_MASTER_PACKAGE/DELIVERABLES/JOC55_ABRAXAS_V4_2_24_PREBUILT/09_MOTIONS_V4_2/AI_SELECTED_V4_2_24/04_HORIZONTALS/H02/15_EDITORIAL_M1/02_PROMPT_ANIMAR_MOTION.txt
88	7.43	/Users/lordjef/Downloads/ABRAXAS_V4_2_24_CONTINUITY_MASTER_PACKAGE/DELIVERABLES/JOC55_ABRAXAS_V4_2_24_PREBUILT/09_MOTIONS_V4_2/AI_SELECTED_V4_2_24/04_HORIZONTALS/H02/15_EDITORIAL_M1/20_MOTION_FINAL/COLOCAR_AQUI_MOTION_FINAL.txt
1393	7.43	/Users/lordjef/Downloads/ABRAXAS_V4_2_24_CONTINUITY_MASTER_PACKAGE/DELIVERABLES/JOC55_ABRAXAS_V4_2_24_PREBUILT/09_MOTIONS_V4_2/AI_SELECTED_V4_2_24/04_HORIZONTALS/H02/15_EDITORIAL_M1/MOTION_DECISION.json
697	7.43	/Users/lordjef/Downloads/ABRAXAS_V4_2_24_CONTINUITY_MASTER_PACKAGE/DELIVERABLES/JOC55_ABRAXAS_V4_2_24_PREBUILT/09_MOTIONS_V4_2/AI_SELECTED_V4_2_24/04_HORIZONTALS/H02/16_EDITORIAL_M1/02_PROMPT_ANIMAR_MOTION.txt
88	7.43	/Users/lordjef/Downloads/ABRAXAS_V4_2_24_CONTINUITY_MASTER_PACKAGE/DELIVERABLES/JOC55_ABRAXAS_V4_2_24_PREBUILT/09_MOTIONS_V4_2/AI_SELECTED_V4_2_24/04_HORIZONTALS/H02/16_EDITORIAL_M1/20_MOTION_FINAL/COLOCAR_AQUI_MOTION_FINAL.txt
1419	7.43	/Users/lordjef/Downloads/ABRAXAS_V4_2_24_CONTINUITY_MASTER_PACKAGE/DELIVERABLES/JOC55_ABRAXAS_V4_2_24_PREBUILT/09_MOTIONS_V4_2/AI_SELECTED_V4_2_24/04_HORIZONTALS/H02/16_EDITORIAL_M1/MOTION_DECISION.json
739	7.43	/Users/lordjef/Downloads/ABRAXAS_V4_2_24_CONTINUITY_MASTER_PACKAGE/DELIVERABLES/JOC55_ABRAXAS_V4_2_24_PREBUILT/09_MOTIONS_V4_2/AI_SELECTED_V4_2_24/04_HORIZONTALS/H02/17_EDITORIAL_M4/02_PROMPT_ANIMAR_MOTION.txt
88	7.43	/Users/lordjef/Downloads/ABRAXAS_V4_2_24_CONTINUITY_MASTER_PACKAGE/DELIVERABLES/JOC55_ABRAXAS_V4_2_24_PREBUILT/09_MOTIONS_V4_2/AI_SELECTED_V4_2_24/04_HORIZONTALS/H02/17_EDITORIAL_M4/20_MOTION_FINAL/COLOCAR_AQUI_MOTION_FINAL.txt
1412	7.43	/Users/lordjef/Downloads/ABRAXAS_V4_2_24_CONTINUITY_MASTER_PACKAGE/DELIVERABLES/JOC55_ABRAXAS_V4_2_24_PREBUILT/09_MOTIONS_V4_2/AI_SELECTED_V4_2_24/04_HORIZONTALS/H02/17_EDITORIAL_M4/MOTION_DECISION.json
764	7.43	/Users/lordjef/Downloads/ABRAXAS_V4_2_24_CONTINUITY_MASTER_PACKAGE/DELIVERABLES/JOC55_ABRAXAS_V4_2_24_PREBUILT/09_MOTIONS_V4_2/AI_SELECTED_V4_2_24/04_HORIZONTALS/H02/18_EDITORIAL_M1/02_PROMPT_ANIMAR_MOTION.txt
88	7.43	/Users/lordjef/Downloads/ABRAXAS_V4_2_24_CONTINUITY_MASTER_PACKAGE/DELIVERABLES/JOC55_ABRAXAS_V4_2_24_PREBUILT/09_MOTIONS_V4_2/AI_SELECTED_V4_2_24/04_HORIZONTALS/H02/18_EDITORIAL_M1/20_MOTION_FINAL/COLOCAR_AQUI_MOTION_FINAL.txt
1484	7.43	/Users/lordjef/Downloads/ABRAXAS_V4_2_24_CONTINUITY_MASTER_PACKAGE/DELIVERABLES/JOC55_ABRAXAS_V4_2_24_PREBUILT/09_MOTIONS_V4_2/AI_SELECTED_V4_2_24/04_HORIZONTALS/H02/18_EDITORIAL_M1/MOTION_DECISION.json
744	7.43	/Users/lordjef/Downloads/ABRAXAS_V4_2_24_CONTINUITY_MASTER_PACKAGE/DELIVERABLES/JOC55_ABRAXAS_V4_2_24_PREBUILT/09_MOTIONS_V4_2/AI_SELECTED_V4_2_24/04_HORIZONTALS/H02/19_EDITORIAL_M1/02_PROMPT_ANIMAR_MOTION.txt
88	7.43	/Users/lordjef/Downloads/ABRAXAS_V4_2_24_CONTINUITY_MASTER_PACKAGE/DELIVERABLES/JOC55_ABRAXAS_V4_2_24_PREBUILT/09_MOTIONS_V4_2/AI_SELECTED_V4_2_24/04_HORIZONTALS/H02/19_EDITORIAL_M1/20_MOTION_FINAL/COLOCAR_AQUI_MOTION_FINAL.txt
1464	7.43	/Users/lordjef/Downloads/ABRAXAS_V4_2_24_CONTINUITY_MASTER_PACKAGE/DELIVERABLES/JOC55_ABRAXAS_V4_2_24_PREBUILT/09_MOTIONS_V4_2/AI_SELECTED_V4_2_24/04_HORIZONTALS/H02/19_EDITORIAL_M1/MOTION_DECISION.json
680	7.43	/Users/lordjef/Downloads/ABRAXAS_V4_2_24_CONTINUITY_MASTER_PACKAGE/DELIVERABLES/JOC55_ABRAXAS_V4_2_24_PREBUILT/09_MOTIONS_V4_2/AI_SELECTED_V4_2_24/04_HORIZONTALS/H02/20_EDITORIAL_M1/02_PROMPT_ANIMAR_MOTION.txt
88	7.43	/Users/lordjef/Downloads/ABRAXAS_V4_2_24_CONTINUITY_MASTER_PACKAGE/DELIVERABLES/JOC55_ABRAXAS_V4_2_24_PREBUILT/09_MOTIONS_V4_2/AI_SELECTED_V4_2_24/04_HORIZONTALS/H02/20_EDITORIAL_M1/20_MOTION_FINAL/COLOCAR_AQUI_MOTION_FINAL.txt
1408	7.43	/Users/lordjef/Downloads/ABRAXAS_V4_2_24_CONTINUITY_MASTER_PACKAGE/DELIVERABLES/JOC55_ABRAXAS_V4_2_24_PREBUILT/09_MOTIONS_V4_2/AI_SELECTED_V4_2_24/04_HORIZONTALS/H02/20_EDITORIAL_M1/MOTION_DECISION.json
729	7.43	/Users/lordjef/Downloads/ABRAXAS_V4_2_24_CONTINUITY_MASTER_PACKAGE/DELIVERABLES/JOC55_ABRAXAS_V4_2_24_PREBUILT/09_MOTIONS_V4_2/AI_SELECTED_V4_2_24/04_HORIZONTALS/H02/21_EDITORIAL_M1/02_PROMPT_ANIMAR_MOTION.txt
88	7.43	/Users/lordjef/Downloads/ABRAXAS_V4_2_24_CONTINUITY_MASTER_PACKAGE/DELIVERABLES/JOC55_ABRAXAS_V4_2_24_PREBUILT/09_MOTIONS_V4_2/AI_SELECTED_V4_2_24/04_HORIZONTALS/H02/21_EDITORIAL_M1/20_MOTION_FINAL/COLOCAR_AQUI_MOTION_FINAL.txt
1451	7.43	/Users/lordjef/Downloads/ABRAXAS_V4_2_24_CONTINUITY_MASTER_PACKAGE/DELIVERABLES/JOC55_ABRAXAS_V4_2_24_PREBUILT/09_MOTIONS_V4_2/AI_SELECTED_V4_2_24/04_HORIZONTALS/H02/21_EDITORIAL_M1/MOTION_DECISION.json
690	7.43	/Users/lordjef/Downloads/ABRAXAS_V4_2_24_CONTINUITY_MASTER_PACKAGE/DELIVERABLES/JOC55_ABRAXAS_V4_2_24_PREBUILT/09_MOTIONS_V4_2/AI_SELECTED_V4_2_24/04_HORIZONTALS/H02/22_EDITORIAL_M1/02_PROMPT_ANIMAR_MOTION.txt
88	7.43	/Users/lordjef/Downloads/ABRAXAS_V4_2_24_CONTINUITY_MASTER_PACKAGE/DELIVERABLES/JOC55_ABRAXAS_V4_2_24_PREBUILT/09_MOTIONS_V4_2/AI_SELECTED_V4_2_24/04_HORIZONTALS/H02/22_EDITORIAL_M1/20_MOTION_FINAL/COLOCAR_AQUI_MOTION_FINAL.txt
1420	7.43	/Users/lordjef/Downloads/ABRAXAS_V4_2_24_CONTINUITY_MASTER_PACKAGE/DELIVERABLES/JOC55_ABRAXAS_V4_2_24_PREBUILT/09_MOTIONS_V4_2/AI_SELECTED_V4_2_24/04_HORIZONTALS/H02/22_EDITORIAL_M1/MOTION_DECISION.json
711	7.43	/Users/lordjef/Downloads/ABRAXAS_V4_2_24_CONTINUITY_MASTER_PACKAGE/DELIVERABLES/JOC55_ABRAXAS_V4_2_24_PREBUILT/09_MOTIONS_V4_2/AI_SELECTED_V4_2_24/04_HORIZONTALS/H02/23_EDITORIAL_M1/02_PROMPT_ANIMAR_MOTION.txt
88	7.43	/Users/lordjef/Downloads/ABRAXAS_V4_2_24_CONTINUITY_MASTER_PACKAGE/DELIVERABLES/JOC55_ABRAXAS_V4_2_24_PREBUILT/09_MOTIONS_V4_2/AI_SELECTED_V4_2_24/04_HORIZONTALS/H02/23_EDITORIAL_M1/20_MOTION_FINAL/COLOCAR_AQUI_MOTION_FINAL.txt
1434	7.43	/Users/lordjef/Downloads/ABRAXAS_V4_2_24_CONTINUITY_MASTER_PACKAGE/DELIVERABLES/JOC55_ABRAXAS_V4_2_24_PREBUILT/09_MOTIONS_V4_2/AI_SELECTED_V4_2_24/04_HORIZONTALS/H02/23_EDITORIAL_M1/MOTION_DECISION.json
4752	7.43	/Users/lordjef/Downloads/ABRAXAS_V4_2_24_CONTINUITY_MASTER_PACKAGE/DELIVERABLES/JOC55_ABRAXAS_V4_2_24_PREBUILT/09_MOTIONS_V4_2/AI_SELECTED_V4_2_24/04_HORIZONTALS/H03/00_MOTION_INDEX.json
753	7.43	/Users/lordjef/Downloads/ABRAXAS_V4_2_24_CONTINUITY_MASTER_PACKAGE/DELIVERABLES/JOC55_ABRAXAS_V4_2_24_PREBUILT/09_MOTIONS_V4_2/AI_SELECTED_V4_2_24/04_HORIZONTALS/H03/01_EDITORIAL_M4/02_PROMPT_ANIMAR_MOTION.txt
88	7.43	/Users/lordjef/Downloads/ABRAXAS_V4_2_24_CONTINUITY_MASTER_PACKAGE/DELIVERABLES/JOC55_ABRAXAS_V4_2_24_PREBUILT/09_MOTIONS_V4_2/AI_SELECTED_V4_2_24/04_HORIZONTALS/H03/01_EDITORIAL_M4/20_MOTION_FINAL/COLOCAR_AQUI_MOTION_FINAL.txt
1423	7.43	/Users/lordjef/Downloads/ABRAXAS_V4_2_24_CONTINUITY_MASTER_PACKAGE/DELIVERABLES/JOC55_ABRAXAS_V4_2_24_PREBUILT/09_MOTIONS_V4_2/AI_SELECTED_V4_2_24/04_HORIZONTALS/H03/01_EDITORIAL_M4/MOTION_DECISION.json
690	7.43	/Users/lordjef/Downloads/ABRAXAS_V4_2_24_CONTINUITY_MASTER_PACKAGE/DELIVERABLES/JOC55_ABRAXAS_V4_2_24_PREBUILT/09_MOTIONS_V4_2/AI_SELECTED_V4_2_24/04_HORIZONTALS/H03/02_EDITORIAL_M1/02_PROMPT_ANIMAR_MOTION.txt
88	7.43	/Users/lordjef/Downloads/ABRAXAS_V4_2_24_CONTINUITY_MASTER_PACKAGE/DELIVERABLES/JOC55_ABRAXAS_V4_2_24_PREBUILT/09_MOTIONS_V4_2/AI_SELECTED_V4_2_24/04_HORIZONTALS/H03/02_EDITORIAL_M1/20_MOTION_FINAL/COLOCAR_AQUI_MOTION_FINAL.txt
1408	7.43	/Users/lordjef/Downloads/ABRAXAS_V4_2_24_CONTINUITY_MASTER_PACKAGE/DELIVERABLES/JOC55_ABRAXAS_V4_2_24_PREBUILT/09_MOTIONS_V4_2/AI_SELECTED_V4_2_24/04_HORIZONTALS/H03/02_EDITORIAL_M1/MOTION_DECISION.json
727	7.43	/Users/lordjef/Downloads/ABRAXAS_V4_2_24_CONTINUITY_MASTER_PACKAGE/DELIVERABLES/JOC55_ABRAXAS_V4_2_24_PREBUILT/09_MOTIONS_V4_2/AI_SELECTED_V4_2_24/04_HORIZONTALS/H03/03_EDITORIAL_M1/02_PROMPT_ANIMAR_MOTION.txt
88	7.43	/Users/lordjef/Downloads/ABRAXAS_V4_2_24_CONTINUITY_MASTER_PACKAGE/DELIVERABLES/JOC55_ABRAXAS_V4_2_24_PREBUILT/09_MOTIONS_V4_2/AI_SELECTED_V4_2_24/04_HORIZONTALS/H03/03_EDITORIAL_M1/20_MOTION_FINAL/COLOCAR_AQUI_MOTION_FINAL.txt
1444	7.43	/Users/lordjef/Downloads/ABRAXAS_V4_2_24_CONTINUITY_MASTER_PACKAGE/DELIVERABLES/JOC55_ABRAXAS_V4_2_24_PREBUILT/09_MOTIONS_V4_2/AI_SELECTED_V4_2_24/04_HORIZONTALS/H03/03_EDITORIAL_M1/MOTION_DECISION.json
723	7.43	/Users/lordjef/Downloads/ABRAXAS_V4_2_24_CONTINUITY_MASTER_PACKAGE/DELIVERABLES/JOC55_ABRAXAS_V4_2_24_PREBUILT/09_MOTIONS_V4_2/AI_SELECTED_V4_2_24/04_HORIZONTALS/H03/04_EDITORIAL_M1/02_PROMPT_ANIMAR_MOTION.txt
88	7.43	/Users/lordjef/Downloads/ABRAXAS_V4_2_24_CONTINUITY_MASTER_PACKAGE/DELIVERABLES/JOC55_ABRAXAS_V4_2_24_PREBUILT/09_MOTIONS_V4_2/AI_SELECTED_V4_2_24/04_HORIZONTALS/H03/04_EDITORIAL_M1/20_MOTION_FINAL/COLOCAR_AQUI_MOTION_FINAL.txt
1446	7.43	/Users/lordjef/Downloads/ABRAXAS_V4_2_24_CONTINUITY_MASTER_PACKAGE/DELIVERABLES/JOC55_ABRAXAS_V4_2_24_PREBUILT/09_MOTIONS_V4_2/AI_SELECTED_V4_2_24/04_HORIZONTALS/H03/04_EDITORIAL_M1/MOTION_DECISION.json
754	7.43	/Users/lordjef/Downloads/ABRAXAS_V4_2_24_CONTINUITY_MASTER_PACKAGE/DELIVERABLES/JOC55_ABRAXAS_V4_2_24_PREBUILT/09_MOTIONS_V4_2/AI_SELECTED_V4_2_24/04_HORIZONTALS/H03/05_EDITORIAL_M1/02_PROMPT_ANIMAR_MOTION.txt
88	7.43	/Users/lordjef/Downloads/ABRAXAS_V4_2_24_CONTINUITY_MASTER_PACKAGE/DELIVERABLES/JOC55_ABRAXAS_V4_2_24_PREBUILT/09_MOTIONS_V4_2/AI_SELECTED_V4_2_24/04_HORIZONTALS/H03/05_EDITORIAL_M1/20_MOTION_FINAL/COLOCAR_AQUI_MOTION_FINAL.txt
1479	7.43	/Users/lordjef/Downloads/ABRAXAS_V4_2_24_CONTINUITY_MASTER_PACKAGE/DELIVERABLES/JOC55_ABRAXAS_V4_2_24_PREBUILT/09_MOTIONS_V4_2/AI_SELECTED_V4_2_24/04_HORIZONTALS/H03/05_EDITORIAL_M1/MOTION_DECISION.json
728	7.43	/Users/lordjef/Downloads/ABRAXAS_V4_2_24_CONTINUITY_MASTER_PACKAGE/DELIVERABLES/JOC55_ABRAXAS_V4_2_24_PREBUILT/09_MOTIONS_V4_2/AI_SELECTED_V4_2_24/04_HORIZONTALS/H03/06_EDITORIAL_M1/02_PROMPT_ANIMAR_MOTION.txt
88	7.43	/Users/lordjef/Downloads/ABRAXAS_V4_2_24_CONTINUITY_MASTER_PACKAGE/DELIVERABLES/JOC55_ABRAXAS_V4_2_24_PREBUILT/09_MOTIONS_V4_2/AI_SELECTED_V4_2_24/04_HORIZONTALS/H03/06_EDITORIAL_M1/20_MOTION_FINAL/COLOCAR_AQUI_MOTION_FINAL.txt
1447	7.43	/Users/lordjef/Downloads/ABRAXAS_V4_2_24_CONTINUITY_MASTER_PACKAGE/DELIVERABLES/JOC55_ABRAXAS_V4_2_24_PREBUILT/09_MOTIONS_V4_2/AI_SELECTED_V4_2_24/04_HORIZONTALS/H03/06_EDITORIAL_M1/MOTION_DECISION.json
754	7.43	/Users/lordjef/Downloads/ABRAXAS_V4_2_24_CONTINUITY_MASTER_PACKAGE/DELIVERABLES/JOC55_ABRAXAS_V4_2_24_PREBUILT/09_MOTIONS_V4_2/AI_SELECTED_V4_2_24/04_HORIZONTALS/H03/07_EDITORIAL_M1/02_PROMPT_ANIMAR_MOTION.txt
88	7.43	/Users/lordjef/Downloads/ABRAXAS_V4_2_24_CONTINUITY_MASTER_PACKAGE/DELIVERABLES/JOC55_ABRAXAS_V4_2_24_PREBUILT/09_MOTIONS_V4_2/AI_SELECTED_V4_2_24/04_HORIZONTALS/H03/07_EDITORIAL_M1/20_MOTION_FINAL/COLOCAR_AQUI_MOTION_FINAL.txt
1473	7.43	/Users/lordjef/Downloads/ABRAXAS_V4_2_24_CONTINUITY_MASTER_PACKAGE/DELIVERABLES/JOC55_ABRAXAS_V4_2_24_PREBUILT/09_MOTIONS_V4_2/AI_SELECTED_V4_2_24/04_HORIZONTALS/H03/07_EDITORIAL_M1/MOTION_DECISION.json
775	7.43	/Users/lordjef/Downloads/ABRAXAS_V4_2_24_CONTINUITY_MASTER_PACKAGE/DELIVERABLES/JOC55_ABRAXAS_V4_2_24_PREBUILT/09_MOTIONS_V4_2/AI_SELECTED_V4_2_24/04_HORIZONTALS/H03/08_EDITORIAL_M1/02_PROMPT_ANIMAR_MOTION.txt
88	7.43	/Users/lordjef/Downloads/ABRAXAS_V4_2_24_CONTINUITY_MASTER_PACKAGE/DELIVERABLES/JOC55_ABRAXAS_V4_2_24_PREBUILT/09_MOTIONS_V4_2/AI_SELECTED_V4_2_24/04_HORIZONTALS/H03/08_EDITORIAL_M1/20_MOTION_FINAL/COLOCAR_AQUI_MOTION_FINAL.txt
1494	7.43	/Users/lordjef/Downloads/ABRAXAS_V4_2_24_CONTINUITY_MASTER_PACKAGE/DELIVERABLES/JOC55_ABRAXAS_V4_2_24_PREBUILT/09_MOTIONS_V4_2/AI_SELECTED_V4_2_24/04_HORIZONTALS/H03/08_EDITORIAL_M1/MOTION_DECISION.json
758	7.43	/Users/lordjef/Downloads/ABRAXAS_V4_2_24_CONTINUITY_MASTER_PACKAGE/DELIVERABLES/JOC55_ABRAXAS_V4_2_24_PREBUILT/09_MOTIONS_V4_2/AI_SELECTED_V4_2_24/04_HORIZONTALS/H03/09_EDITORIAL_M2/02_PROMPT_ANIMAR_MOTION.txt
578	7.43	/Users/lordjef/Downloads/ABRAXAS_V4_2_24_CONTINUITY_MASTER_PACKAGE/DELIVERABLES/JOC55_ABRAXAS_V4_2_24_PREBUILT/09_MOTIONS_V4_2/AI_SELECTED_V4_2_24/04_HORIZONTALS/H03/09_EDITORIAL_M2/10_ASSETS/MOTION2_TEXT_SEGMENTS_EXACT.json
88	7.43	/Users/lordjef/Downloads/ABRAXAS_V4_2_24_CONTINUITY_MASTER_PACKAGE/DELIVERABLES/JOC55_ABRAXAS_V4_2_24_PREBUILT/09_MOTIONS_V4_2/AI_SELECTED_V4_2_24/04_HORIZONTALS/H03/09_EDITORIAL_M2/20_MOTION_FINAL/COLOCAR_AQUI_MOTION_FINAL.txt
1590	7.43	/Users/lordjef/Downloads/ABRAXAS_V4_2_24_CONTINUITY_MASTER_PACKAGE/DELIVERABLES/JOC55_ABRAXAS_V4_2_24_PREBUILT/09_MOTIONS_V4_2/AI_SELECTED_V4_2_24/04_HORIZONTALS/H03/09_EDITORIAL_M2/MOTION_DECISION.json
749	7.43	/Users/lordjef/Downloads/ABRAXAS_V4_2_24_CONTINUITY_MASTER_PACKAGE/DELIVERABLES/JOC55_ABRAXAS_V4_2_24_PREBUILT/09_MOTIONS_V4_2/AI_SELECTED_V4_2_24/04_HORIZONTALS/H03/10_EDITORIAL_M1/02_PROMPT_ANIMAR_MOTION.txt
88	7.43	/Users/lordjef/Downloads/ABRAXAS_V4_2_24_CONTINUITY_MASTER_PACKAGE/DELIVERABLES/JOC55_ABRAXAS_V4_2_24_PREBUILT/09_MOTIONS_V4_2/AI_SELECTED_V4_2_24/04_HORIZONTALS/H03/10_EDITORIAL_M1/20_MOTION_FINAL/COLOCAR_AQUI_MOTION_FINAL.txt
1469	7.43	/Users/lordjef/Downloads/ABRAXAS_V4_2_24_CONTINUITY_MASTER_PACKAGE/DELIVERABLES/JOC55_ABRAXAS_V4_2_24_PREBUILT/09_MOTIONS_V4_2/AI_SELECTED_V4_2_24/04_HORIZONTALS/H03/10_EDITORIAL_M1/MOTION_DECISION.json
775	7.43	/Users/lordjef/Downloads/ABRAXAS_V4_2_24_CONTINUITY_MASTER_PACKAGE/DELIVERABLES/JOC55_ABRAXAS_V4_2_24_PREBUILT/09_MOTIONS_V4_2/AI_SELECTED_V4_2_24/04_HORIZONTALS/H03/11_EDITORIAL_M6/02_PROMPT_ANIMAR_MOTION.txt
88	7.43	/Users/lordjef/Downloads/ABRAXAS_V4_2_24_CONTINUITY_MASTER_PACKAGE/DELIVERABLES/JOC55_ABRAXAS_V4_2_24_PREBUILT/09_MOTIONS_V4_2/AI_SELECTED_V4_2_24/04_HORIZONTALS/H03/11_EDITORIAL_M6/20_MOTION_FINAL/COLOCAR_AQUI_MOTION_FINAL.txt
1480	7.43	/Users/lordjef/Downloads/ABRAXAS_V4_2_24_CONTINUITY_MASTER_PACKAGE/DELIVERABLES/JOC55_ABRAXAS_V4_2_24_PREBUILT/09_MOTIONS_V4_2/AI_SELECTED_V4_2_24/04_HORIZONTALS/H03/11_EDITORIAL_M6/MOTION_DECISION.json
692	7.43	/Users/lordjef/Downloads/ABRAXAS_V4_2_24_CONTINUITY_MASTER_PACKAGE/DELIVERABLES/JOC55_ABRAXAS_V4_2_24_PREBUILT/09_MOTIONS_V4_2/AI_SELECTED_V4_2_24/04_HORIZONTALS/H03/12_EDITORIAL_M1/02_PROMPT_ANIMAR_MOTION.txt
88	7.43	/Users/lordjef/Downloads/ABRAXAS_V4_2_24_CONTINUITY_MASTER_PACKAGE/DELIVERABLES/JOC55_ABRAXAS_V4_2_24_PREBUILT/09_MOTIONS_V4_2/AI_SELECTED_V4_2_24/04_HORIZONTALS/H03/12_EDITORIAL_M1/20_MOTION_FINAL/COLOCAR_AQUI_MOTION_FINAL.txt
1412	7.43	/Users/lordjef/Downloads/ABRAXAS_V4_2_24_CONTINUITY_MASTER_PACKAGE/DELIVERABLES/JOC55_ABRAXAS_V4_2_24_PREBUILT/09_MOTIONS_V4_2/AI_SELECTED_V4_2_24/04_HORIZONTALS/H03/12_EDITORIAL_M1/MOTION_DECISION.json
794	7.43	/Users/lordjef/Downloads/ABRAXAS_V4_2_24_CONTINUITY_MASTER_PACKAGE/DELIVERABLES/JOC55_ABRAXAS_V4_2_24_PREBUILT/09_MOTIONS_V4_2/AI_SELECTED_V4_2_24/04_HORIZONTALS/H03/13_EDITORIAL_M1/02_PROMPT_ANIMAR_MOTION.txt
88	7.43	/Users/lordjef/Downloads/ABRAXAS_V4_2_24_CONTINUITY_MASTER_PACKAGE/DELIVERABLES/JOC55_ABRAXAS_V4_2_24_PREBUILT/09_MOTIONS_V4_2/AI_SELECTED_V4_2_24/04_HORIZONTALS/H03/13_EDITORIAL_M1/20_MOTION_FINAL/COLOCAR_AQUI_MOTION_FINAL.txt
1514	7.43	/Users/lordjef/Downloads/ABRAXAS_V4_2_24_CONTINUITY_MASTER_PACKAGE/DELIVERABLES/JOC55_ABRAXAS_V4_2_24_PREBUILT/09_MOTIONS_V4_2/AI_SELECTED_V4_2_24/04_HORIZONTALS/H03/13_EDITORIAL_M1/MOTION_DECISION.json
746	7.43	/Users/lordjef/Downloads/ABRAXAS_V4_2_24_CONTINUITY_MASTER_PACKAGE/DELIVERABLES/JOC55_ABRAXAS_V4_2_24_PREBUILT/09_MOTIONS_V4_2/AI_SELECTED_V4_2_24/04_HORIZONTALS/H03/14_EDITORIAL_M5/02_PROMPT_ANIMAR_MOTION.txt
88	7.43	/Users/lordjef/Downloads/ABRAXAS_V4_2_24_CONTINUITY_MASTER_PACKAGE/DELIVERABLES/JOC55_ABRAXAS_V4_2_24_PREBUILT/09_MOTIONS_V4_2/AI_SELECTED_V4_2_24/04_HORIZONTALS/H03/14_EDITORIAL_M5/20_MOTION_FINAL/COLOCAR_AQUI_MOTION_FINAL.txt
1489	7.43	/Users/lordjef/Downloads/ABRAXAS_V4_2_24_CONTINUITY_MASTER_PACKAGE/DELIVERABLES/JOC55_ABRAXAS_V4_2_24_PREBUILT/09_MOTIONS_V4_2/AI_SELECTED_V4_2_24/04_HORIZONTALS/H03/14_EDITORIAL_M5/MOTION_DECISION.json
739	7.43	/Users/lordjef/Downloads/ABRAXAS_V4_2_24_CONTINUITY_MASTER_PACKAGE/DELIVERABLES/JOC55_ABRAXAS_V4_2_24_PREBUILT/09_MOTIONS_V4_2/AI_SELECTED_V4_2_24/04_HORIZONTALS/H03/15_EDITORIAL_M1/02_PROMPT_ANIMAR_MOTION.txt
88	7.43	/Users/lordjef/Downloads/ABRAXAS_V4_2_24_CONTINUITY_MASTER_PACKAGE/DELIVERABLES/JOC55_ABRAXAS_V4_2_24_PREBUILT/09_MOTIONS_V4_2/AI_SELECTED_V4_2_24/04_HORIZONTALS/H03/15_EDITORIAL_M1/20_MOTION_FINAL/COLOCAR_AQUI_MOTION_FINAL.txt
1459	7.43	/Users/lordjef/Downloads/ABRAXAS_V4_2_24_CONTINUITY_MASTER_PACKAGE/DELIVERABLES/JOC55_ABRAXAS_V4_2_24_PREBUILT/09_MOTIONS_V4_2/AI_SELECTED_V4_2_24/04_HORIZONTALS/H03/15_EDITORIAL_M1/MOTION_DECISION.json
699	7.43	/Users/lordjef/Downloads/ABRAXAS_V4_2_24_CONTINUITY_MASTER_PACKAGE/DELIVERABLES/JOC55_ABRAXAS_V4_2_24_PREBUILT/09_MOTIONS_V4_2/AI_SELECTED_V4_2_24/04_HORIZONTALS/H03/16_EDITORIAL_M1/02_PROMPT_ANIMAR_MOTION.txt
88	7.43	/Users/lordjef/Downloads/ABRAXAS_V4_2_24_CONTINUITY_MASTER_PACKAGE/DELIVERABLES/JOC55_ABRAXAS_V4_2_24_PREBUILT/09_MOTIONS_V4_2/AI_SELECTED_V4_2_24/04_HORIZONTALS/H03/16_EDITORIAL_M1/20_MOTION_FINAL/COLOCAR_AQUI_MOTION_FINAL.txt
1427	7.43	/Users/lordjef/Downloads/ABRAXAS_V4_2_24_CONTINUITY_MASTER_PACKAGE/DELIVERABLES/JOC55_ABRAXAS_V4_2_24_PREBUILT/09_MOTIONS_V4_2/AI_SELECTED_V4_2_24/04_HORIZONTALS/H03/16_EDITORIAL_M1/MOTION_DECISION.json
764	7.43	/Users/lordjef/Downloads/ABRAXAS_V4_2_24_CONTINUITY_MASTER_PACKAGE/DELIVERABLES/JOC55_ABRAXAS_V4_2_24_PREBUILT/09_MOTIONS_V4_2/AI_SELECTED_V4_2_24/04_HORIZONTALS/H03/17_EDITORIAL_M4/02_PROMPT_ANIMAR_MOTION.txt
88	7.43	/Users/lordjef/Downloads/ABRAXAS_V4_2_24_CONTINUITY_MASTER_PACKAGE/DELIVERABLES/JOC55_ABRAXAS_V4_2_24_PREBUILT/09_MOTIONS_V4_2/AI_SELECTED_V4_2_24/04_HORIZONTALS/H03/17_EDITORIAL_M4/20_MOTION_FINAL/COLOCAR_AQUI_MOTION_FINAL.txt
1437	7.43	/Users/lordjef/Downloads/ABRAXAS_V4_2_24_CONTINUITY_MASTER_PACKAGE/DELIVERABLES/JOC55_ABRAXAS_V4_2_24_PREBUILT/09_MOTIONS_V4_2/AI_SELECTED_V4_2_24/04_HORIZONTALS/H03/17_EDITORIAL_M4/MOTION_DECISION.json
749	7.43	/Users/lordjef/Downloads/ABRAXAS_V4_2_24_CONTINUITY_MASTER_PACKAGE/DELIVERABLES/JOC55_ABRAXAS_V4_2_24_PREBUILT/09_MOTIONS_V4_2/AI_SELECTED_V4_2_24/04_HORIZONTALS/H03/18_EDITORIAL_M1/02_PROMPT_ANIMAR_MOTION.txt
88	7.43	/Users/lordjef/Downloads/ABRAXAS_V4_2_24_CONTINUITY_MASTER_PACKAGE/DELIVERABLES/JOC55_ABRAXAS_V4_2_24_PREBUILT/09_MOTIONS_V4_2/AI_SELECTED_V4_2_24/04_HORIZONTALS/H03/18_EDITORIAL_M1/20_MOTION_FINAL/COLOCAR_AQUI_MOTION_FINAL.txt
1469	7.43	/Users/lordjef/Downloads/ABRAXAS_V4_2_24_CONTINUITY_MASTER_PACKAGE/DELIVERABLES/JOC55_ABRAXAS_V4_2_24_PREBUILT/09_MOTIONS_V4_2/AI_SELECTED_V4_2_24/04_HORIZONTALS/H03/18_EDITORIAL_M1/MOTION_DECISION.json
765	7.43	/Users/lordjef/Downloads/ABRAXAS_V4_2_24_CONTINUITY_MASTER_PACKAGE/DELIVERABLES/JOC55_ABRAXAS_V4_2_24_PREBUILT/09_MOTIONS_V4_2/AI_SELECTED_V4_2_24/04_HORIZONTALS/H03/19_EDITORIAL_M1/02_PROMPT_ANIMAR_MOTION.txt
88	7.43	/Users/lordjef/Downloads/ABRAXAS_V4_2_24_CONTINUITY_MASTER_PACKAGE/DELIVERABLES/JOC55_ABRAXAS_V4_2_24_PREBUILT/09_MOTIONS_V4_2/AI_SELECTED_V4_2_24/04_HORIZONTALS/H03/19_EDITORIAL_M1/20_MOTION_FINAL/COLOCAR_AQUI_MOTION_FINAL.txt
1487	7.43	/Users/lordjef/Downloads/ABRAXAS_V4_2_24_CONTINUITY_MASTER_PACKAGE/DELIVERABLES/JOC55_ABRAXAS_V4_2_24_PREBUILT/09_MOTIONS_V4_2/AI_SELECTED_V4_2_24/04_HORIZONTALS/H03/19_EDITORIAL_M1/MOTION_DECISION.json
744	7.43	/Users/lordjef/Downloads/ABRAXAS_V4_2_24_CONTINUITY_MASTER_PACKAGE/DELIVERABLES/JOC55_ABRAXAS_V4_2_24_PREBUILT/09_MOTIONS_V4_2/AI_SELECTED_V4_2_24/04_HORIZONTALS/H03/20_EDITORIAL_M1/02_PROMPT_ANIMAR_MOTION.txt
88	7.43	/Users/lordjef/Downloads/ABRAXAS_V4_2_24_CONTINUITY_MASTER_PACKAGE/DELIVERABLES/JOC55_ABRAXAS_V4_2_24_PREBUILT/09_MOTIONS_V4_2/AI_SELECTED_V4_2_24/04_HORIZONTALS/H03/20_EDITORIAL_M1/20_MOTION_FINAL/COLOCAR_AQUI_MOTION_FINAL.txt
1466	7.43	/Users/lordjef/Downloads/ABRAXAS_V4_2_24_CONTINUITY_MASTER_PACKAGE/DELIVERABLES/JOC55_ABRAXAS_V4_2_24_PREBUILT/09_MOTIONS_V4_2/AI_SELECTED_V4_2_24/04_HORIZONTALS/H03/20_EDITORIAL_M1/MOTION_DECISION.json
768	7.43	/Users/lordjef/Downloads/ABRAXAS_V4_2_24_CONTINUITY_MASTER_PACKAGE/DELIVERABLES/JOC55_ABRAXAS_V4_2_24_PREBUILT/09_MOTIONS_V4_2/AI_SELECTED_V4_2_24/04_HORIZONTALS/H03/21_EDITORIAL_M1/02_PROMPT_ANIMAR_MOTION.txt
88	7.43	/Users/lordjef/Downloads/ABRAXAS_V4_2_24_CONTINUITY_MASTER_PACKAGE/DELIVERABLES/JOC55_ABRAXAS_V4_2_24_PREBUILT/09_MOTIONS_V4_2/AI_SELECTED_V4_2_24/04_HORIZONTALS/H03/21_EDITORIAL_M1/20_MOTION_FINAL/COLOCAR_AQUI_MOTION_FINAL.txt
1490	7.43	/Users/lordjef/Downloads/ABRAXAS_V4_2_24_CONTINUITY_MASTER_PACKAGE/DELIVERABLES/JOC55_ABRAXAS_V4_2_24_PREBUILT/09_MOTIONS_V4_2/AI_SELECTED_V4_2_24/04_HORIZONTALS/H03/21_EDITORIAL_M1/MOTION_DECISION.json
760	7.43	/Users/lordjef/Downloads/ABRAXAS_V4_2_24_CONTINUITY_MASTER_PACKAGE/DELIVERABLES/JOC55_ABRAXAS_V4_2_24_PREBUILT/09_MOTIONS_V4_2/AI_SELECTED_V4_2_24/04_HORIZONTALS/H03/22_EDITORIAL_M5/02_PROMPT_ANIMAR_MOTION.txt
88	7.43	/Users/lordjef/Downloads/ABRAXAS_V4_2_24_CONTINUITY_MASTER_PACKAGE/DELIVERABLES/JOC55_ABRAXAS_V4_2_24_PREBUILT/09_MOTIONS_V4_2/AI_SELECTED_V4_2_24/04_HORIZONTALS/H03/22_EDITORIAL_M5/20_MOTION_FINAL/COLOCAR_AQUI_MOTION_FINAL.txt
1505	7.43	/Users/lordjef/Downloads/ABRAXAS_V4_2_24_CONTINUITY_MASTER_PACKAGE/DELIVERABLES/JOC55_ABRAXAS_V4_2_24_PREBUILT/09_MOTIONS_V4_2/AI_SELECTED_V4_2_24/04_HORIZONTALS/H03/22_EDITORIAL_M5/MOTION_DECISION.json
735	7.43	/Users/lordjef/Downloads/ABRAXAS_V4_2_24_CONTINUITY_MASTER_PACKAGE/DELIVERABLES/JOC55_ABRAXAS_V4_2_24_PREBUILT/09_MOTIONS_V4_2/AI_SELECTED_V4_2_24/04_HORIZONTALS/H03/23_EDITORIAL_M1/02_PROMPT_ANIMAR_MOTION.txt
88	7.43	/Users/lordjef/Downloads/ABRAXAS_V4_2_24_CONTINUITY_MASTER_PACKAGE/DELIVERABLES/JOC55_ABRAXAS_V4_2_24_PREBUILT/09_MOTIONS_V4_2/AI_SELECTED_V4_2_24/04_HORIZONTALS/H03/23_EDITORIAL_M1/20_MOTION_FINAL/COLOCAR_AQUI_MOTION_FINAL.txt
1457	7.43	/Users/lordjef/Downloads/ABRAXAS_V4_2_24_CONTINUITY_MASTER_PACKAGE/DELIVERABLES/JOC55_ABRAXAS_V4_2_24_PREBUILT/09_MOTIONS_V4_2/AI_SELECTED_V4_2_24/04_HORIZONTALS/H03/23_EDITORIAL_M1/MOTION_DECISION.json
732	7.43	/Users/lordjef/Downloads/ABRAXAS_V4_2_24_CONTINUITY_MASTER_PACKAGE/DELIVERABLES/JOC55_ABRAXAS_V4_2_24_PREBUILT/09_MOTIONS_V4_2/AI_SELECTED_V4_2_24/04_HORIZONTALS/H03/24_EDITORIAL_M4/02_PROMPT_ANIMAR_MOTION.txt
88	7.43	/Users/lordjef/Downloads/ABRAXAS_V4_2_24_CONTINUITY_MASTER_PACKAGE/DELIVERABLES/JOC55_ABRAXAS_V4_2_24_PREBUILT/09_MOTIONS_V4_2/AI_SELECTED_V4_2_24/04_HORIZONTALS/H03/24_EDITORIAL_M4/20_MOTION_FINAL/COLOCAR_AQUI_MOTION_FINAL.txt
1407	7.43	/Users/lordjef/Downloads/ABRAXAS_V4_2_24_CONTINUITY_MASTER_PACKAGE/DELIVERABLES/JOC55_ABRAXAS_V4_2_24_PREBUILT/09_MOTIONS_V4_2/AI_SELECTED_V4_2_24/04_HORIZONTALS/H03/24_EDITORIAL_M4/MOTION_DECISION.json
3980	7.43	/Users/lordjef/Downloads/ABRAXAS_V4_2_24_CONTINUITY_MASTER_PACKAGE/DELIVERABLES/JOC55_ABRAXAS_V4_2_24_PREBUILT/09_MOTIONS_V4_2/AI_SELECTED_V4_2_24/04_HORIZONTALS/H04/00_MOTION_INDEX.json
664	7.43	/Users/lordjef/Downloads/ABRAXAS_V4_2_24_CONTINUITY_MASTER_PACKAGE/DELIVERABLES/JOC55_ABRAXAS_V4_2_24_PREBUILT/09_MOTIONS_V4_2/AI_SELECTED_V4_2_24/04_HORIZONTALS/H04/01_EDITORIAL_M1/02_PROMPT_ANIMAR_MOTION.txt
88	7.43	/Users/lordjef/Downloads/ABRAXAS_V4_2_24_CONTINUITY_MASTER_PACKAGE/DELIVERABLES/JOC55_ABRAXAS_V4_2_24_PREBUILT/09_MOTIONS_V4_2/AI_SELECTED_V4_2_24/04_HORIZONTALS/H04/01_EDITORIAL_M1/20_MOTION_FINAL/COLOCAR_AQUI_MOTION_FINAL.txt
1388	7.43	/Users/lordjef/Downloads/ABRAXAS_V4_2_24_CONTINUITY_MASTER_PACKAGE/DELIVERABLES/JOC55_ABRAXAS_V4_2_24_PREBUILT/09_MOTIONS_V4_2/AI_SELECTED_V4_2_24/04_HORIZONTALS/H04/01_EDITORIAL_M1/MOTION_DECISION.json
677	7.43	/Users/lordjef/Downloads/ABRAXAS_V4_2_24_CONTINUITY_MASTER_PACKAGE/DELIVERABLES/JOC55_ABRAXAS_V4_2_24_PREBUILT/09_MOTIONS_V4_2/AI_SELECTED_V4_2_24/04_HORIZONTALS/H04/02_EDITORIAL_M1/02_PROMPT_ANIMAR_MOTION.txt
88	7.43	/Users/lordjef/Downloads/ABRAXAS_V4_2_24_CONTINUITY_MASTER_PACKAGE/DELIVERABLES/JOC55_ABRAXAS_V4_2_24_PREBUILT/09_MOTIONS_V4_2/AI_SELECTED_V4_2_24/04_HORIZONTALS/H04/02_EDITORIAL_M1/20_MOTION_FINAL/COLOCAR_AQUI_MOTION_FINAL.txt
1401	7.43	/Users/lordjef/Downloads/ABRAXAS_V4_2_24_CONTINUITY_MASTER_PACKAGE/DELIVERABLES/JOC55_ABRAXAS_V4_2_24_PREBUILT/09_MOTIONS_V4_2/AI_SELECTED_V4_2_24/04_HORIZONTALS/H04/02_EDITORIAL_M1/MOTION_DECISION.json
734	7.43	/Users/lordjef/Downloads/ABRAXAS_V4_2_24_CONTINUITY_MASTER_PACKAGE/DELIVERABLES/JOC55_ABRAXAS_V4_2_24_PREBUILT/09_MOTIONS_V4_2/AI_SELECTED_V4_2_24/04_HORIZONTALS/H04/03_EDITORIAL_M1/02_PROMPT_ANIMAR_MOTION.txt
88	7.43	/Users/lordjef/Downloads/ABRAXAS_V4_2_24_CONTINUITY_MASTER_PACKAGE/DELIVERABLES/JOC55_ABRAXAS_V4_2_24_PREBUILT/09_MOTIONS_V4_2/AI_SELECTED_V4_2_24/04_HORIZONTALS/H04/03_EDITORIAL_M1/20_MOTION_FINAL/COLOCAR_AQUI_MOTION_FINAL.txt
1452	7.43	/Users/lordjef/Downloads/ABRAXAS_V4_2_24_CONTINUITY_MASTER_PACKAGE/DELIVERABLES/JOC55_ABRAXAS_V4_2_24_PREBUILT/09_MOTIONS_V4_2/AI_SELECTED_V4_2_24/04_HORIZONTALS/H04/03_EDITORIAL_M1/MOTION_DECISION.json
765	7.43	/Users/lordjef/Downloads/ABRAXAS_V4_2_24_CONTINUITY_MASTER_PACKAGE/DELIVERABLES/JOC55_ABRAXAS_V4_2_24_PREBUILT/09_MOTIONS_V4_2/AI_SELECTED_V4_2_24/04_HORIZONTALS/H04/04_EDITORIAL_M4/02_PROMPT_ANIMAR_MOTION.txt
88	7.43	/Users/lordjef/Downloads/ABRAXAS_V4_2_24_CONTINUITY_MASTER_PACKAGE/DELIVERABLES/JOC55_ABRAXAS_V4_2_24_PREBUILT/09_MOTIONS_V4_2/AI_SELECTED_V4_2_24/04_HORIZONTALS/H04/04_EDITORIAL_M4/20_MOTION_FINAL/COLOCAR_AQUI_MOTION_FINAL.txt
1437	7.43	/Users/lordjef/Downloads/ABRAXAS_V4_2_24_CONTINUITY_MASTER_PACKAGE/DELIVERABLES/JOC55_ABRAXAS_V4_2_24_PREBUILT/09_MOTIONS_V4_2/AI_SELECTED_V4_2_24/04_HORIZONTALS/H04/04_EDITORIAL_M4/MOTION_DECISION.json
734	7.43	/Users/lordjef/Downloads/ABRAXAS_V4_2_24_CONTINUITY_MASTER_PACKAGE/DELIVERABLES/JOC55_ABRAXAS_V4_2_24_PREBUILT/09_MOTIONS_V4_2/AI_SELECTED_V4_2_24/04_HORIZONTALS/H04/05_EDITORIAL_M4/02_PROMPT_ANIMAR_MOTION.txt
88	7.43	/Users/lordjef/Downloads/ABRAXAS_V4_2_24_CONTINUITY_MASTER_PACKAGE/DELIVERABLES/JOC55_ABRAXAS_V4_2_24_PREBUILT/09_MOTIONS_V4_2/AI_SELECTED_V4_2_24/04_HORIZONTALS/H04/05_EDITORIAL_M4/20_MOTION_FINAL/COLOCAR_AQUI_MOTION_FINAL.txt
1406	7.43	/Users/lordjef/Downloads/ABRAXAS_V4_2_24_CONTINUITY_MASTER_PACKAGE/DELIVERABLES/JOC55_ABRAXAS_V4_2_24_PREBUILT/09_MOTIONS_V4_2/AI_SELECTED_V4_2_24/04_HORIZONTALS/H04/05_EDITORIAL_M4/MOTION_DECISION.json
712	7.43	/Users/lordjef/Downloads/ABRAXAS_V4_2_24_CONTINUITY_MASTER_PACKAGE/DELIVERABLES/JOC55_ABRAXAS_V4_2_24_PREBUILT/09_MOTIONS_V4_2/AI_SELECTED_V4_2_24/04_HORIZONTALS/H04/06_EDITORIAL_M1/02_PROMPT_ANIMAR_MOTION.txt
88	7.43	/Users/lordjef/Downloads/ABRAXAS_V4_2_24_CONTINUITY_MASTER_PACKAGE/DELIVERABLES/JOC55_ABRAXAS_V4_2_24_PREBUILT/09_MOTIONS_V4_2/AI_SELECTED_V4_2_24/04_HORIZONTALS/H04/06_EDITORIAL_M1/20_MOTION_FINAL/COLOCAR_AQUI_MOTION_FINAL.txt
1437	7.43	/Users/lordjef/Downloads/ABRAXAS_V4_2_24_CONTINUITY_MASTER_PACKAGE/DELIVERABLES/JOC55_ABRAXAS_V4_2_24_PREBUILT/09_MOTIONS_V4_2/AI_SELECTED_V4_2_24/04_HORIZONTALS/H04/06_EDITORIAL_M1/MOTION_DECISION.json
736	7.43	/Users/lordjef/Downloads/ABRAXAS_V4_2_24_CONTINUITY_MASTER_PACKAGE/DELIVERABLES/JOC55_ABRAXAS_V4_2_24_PREBUILT/09_MOTIONS_V4_2/AI_SELECTED_V4_2_24/04_HORIZONTALS/H04/07_EDITORIAL_M1/02_PROMPT_ANIMAR_MOTION.txt
88	7.43	/Users/lordjef/Downloads/ABRAXAS_V4_2_24_CONTINUITY_MASTER_PACKAGE/DELIVERABLES/JOC55_ABRAXAS_V4_2_24_PREBUILT/09_MOTIONS_V4_2/AI_SELECTED_V4_2_24/04_HORIZONTALS/H04/07_EDITORIAL_M1/20_MOTION_FINAL/COLOCAR_AQUI_MOTION_FINAL.txt
1455	7.43	/Users/lordjef/Downloads/ABRAXAS_V4_2_24_CONTINUITY_MASTER_PACKAGE/DELIVERABLES/JOC55_ABRAXAS_V4_2_24_PREBUILT/09_MOTIONS_V4_2/AI_SELECTED_V4_2_24/04_HORIZONTALS/H04/07_EDITORIAL_M1/MOTION_DECISION.json
732	7.43	/Users/lordjef/Downloads/ABRAXAS_V4_2_24_CONTINUITY_MASTER_PACKAGE/DELIVERABLES/JOC55_ABRAXAS_V4_2_24_PREBUILT/09_MOTIONS_V4_2/AI_SELECTED_V4_2_24/04_HORIZONTALS/H04/08_EDITORIAL_M3/02_PROMPT_ANIMAR_MOTION.txt
88	7.43	/Users/lordjef/Downloads/ABRAXAS_V4_2_24_CONTINUITY_MASTER_PACKAGE/DELIVERABLES/JOC55_ABRAXAS_V4_2_24_PREBUILT/09_MOTIONS_V4_2/AI_SELECTED_V4_2_24/04_HORIZONTALS/H04/08_EDITORIAL_M3/20_MOTION_FINAL/COLOCAR_AQUI_MOTION_FINAL.txt
1429	7.43	/Users/lordjef/Downloads/ABRAXAS_V4_2_24_CONTINUITY_MASTER_PACKAGE/DELIVERABLES/JOC55_ABRAXAS_V4_2_24_PREBUILT/09_MOTIONS_V4_2/AI_SELECTED_V4_2_24/04_HORIZONTALS/H04/08_EDITORIAL_M3/MOTION_DECISION.json
681	7.43	/Users/lordjef/Downloads/ABRAXAS_V4_2_24_CONTINUITY_MASTER_PACKAGE/DELIVERABLES/JOC55_ABRAXAS_V4_2_24_PREBUILT/09_MOTIONS_V4_2/AI_SELECTED_V4_2_24/04_HORIZONTALS/H04/09_EDITORIAL_M1/02_PROMPT_ANIMAR_MOTION.txt
88	7.43	/Users/lordjef/Downloads/ABRAXAS_V4_2_24_CONTINUITY_MASTER_PACKAGE/DELIVERABLES/JOC55_ABRAXAS_V4_2_24_PREBUILT/09_MOTIONS_V4_2/AI_SELECTED_V4_2_24/04_HORIZONTALS/H04/09_EDITORIAL_M1/20_MOTION_FINAL/COLOCAR_AQUI_MOTION_FINAL.txt
1408	7.43	/Users/lordjef/Downloads/ABRAXAS_V4_2_24_CONTINUITY_MASTER_PACKAGE/DELIVERABLES/JOC55_ABRAXAS_V4_2_24_PREBUILT/09_MOTIONS_V4_2/AI_SELECTED_V4_2_24/04_HORIZONTALS/H04/09_EDITORIAL_M1/MOTION_DECISION.json
775	7.43	/Users/lordjef/Downloads/ABRAXAS_V4_2_24_CONTINUITY_MASTER_PACKAGE/DELIVERABLES/JOC55_ABRAXAS_V4_2_24_PREBUILT/09_MOTIONS_V4_2/AI_SELECTED_V4_2_24/04_HORIZONTALS/H04/10_EDITORIAL_M3/02_PROMPT_ANIMAR_MOTION.txt
88	7.43	/Users/lordjef/Downloads/ABRAXAS_V4_2_24_CONTINUITY_MASTER_PACKAGE/DELIVERABLES/JOC55_ABRAXAS_V4_2_24_PREBUILT/09_MOTIONS_V4_2/AI_SELECTED_V4_2_24/04_HORIZONTALS/H04/10_EDITORIAL_M3/20_MOTION_FINAL/COLOCAR_AQUI_MOTION_FINAL.txt
1473	7.43	/Users/lordjef/Downloads/ABRAXAS_V4_2_24_CONTINUITY_MASTER_PACKAGE/DELIVERABLES/JOC55_ABRAXAS_V4_2_24_PREBUILT/09_MOTIONS_V4_2/AI_SELECTED_V4_2_24/04_HORIZONTALS/H04/10_EDITORIAL_M3/MOTION_DECISION.json
714	7.43	/Users/lordjef/Downloads/ABRAXAS_V4_2_24_CONTINUITY_MASTER_PACKAGE/DELIVERABLES/JOC55_ABRAXAS_V4_2_24_PREBUILT/09_MOTIONS_V4_2/AI_SELECTED_V4_2_24/04_HORIZONTALS/H04/11_EDITORIAL_M1/02_PROMPT_ANIMAR_MOTION.txt
88	7.43	/Users/lordjef/Downloads/ABRAXAS_V4_2_24_CONTINUITY_MASTER_PACKAGE/DELIVERABLES/JOC55_ABRAXAS_V4_2_24_PREBUILT/09_MOTIONS_V4_2/AI_SELECTED_V4_2_24/04_HORIZONTALS/H04/11_EDITORIAL_M1/20_MOTION_FINAL/COLOCAR_AQUI_MOTION_FINAL.txt
1434	7.43	/Users/lordjef/Downloads/ABRAXAS_V4_2_24_CONTINUITY_MASTER_PACKAGE/DELIVERABLES/JOC55_ABRAXAS_V4_2_24_PREBUILT/09_MOTIONS_V4_2/AI_SELECTED_V4_2_24/04_HORIZONTALS/H04/11_EDITORIAL_M1/MOTION_DECISION.json
727	7.43	/Users/lordjef/Downloads/ABRAXAS_V4_2_24_CONTINUITY_MASTER_PACKAGE/DELIVERABLES/JOC55_ABRAXAS_V4_2_24_PREBUILT/09_MOTIONS_V4_2/AI_SELECTED_V4_2_24/04_HORIZONTALS/H04/12_EDITORIAL_M4/02_PROMPT_ANIMAR_MOTION.txt
88	7.43	/Users/lordjef/Downloads/ABRAXAS_V4_2_24_CONTINUITY_MASTER_PACKAGE/DELIVERABLES/JOC55_ABRAXAS_V4_2_24_PREBUILT/09_MOTIONS_V4_2/AI_SELECTED_V4_2_24/04_HORIZONTALS/H04/12_EDITORIAL_M4/20_MOTION_FINAL/COLOCAR_AQUI_MOTION_FINAL.txt
1400	7.43	/Users/lordjef/Downloads/ABRAXAS_V4_2_24_CONTINUITY_MASTER_PACKAGE/DELIVERABLES/JOC55_ABRAXAS_V4_2_24_PREBUILT/09_MOTIONS_V4_2/AI_SELECTED_V4_2_24/04_HORIZONTALS/H04/12_EDITORIAL_M4/MOTION_DECISION.json
739	7.43	/Users/lordjef/Downloads/ABRAXAS_V4_2_24_CONTINUITY_MASTER_PACKAGE/DELIVERABLES/JOC55_ABRAXAS_V4_2_24_PREBUILT/09_MOTIONS_V4_2/AI_SELECTED_V4_2_24/04_HORIZONTALS/H04/13_EDITORIAL_M1/02_PROMPT_ANIMAR_MOTION.txt
88	7.43	/Users/lordjef/Downloads/ABRAXAS_V4_2_24_CONTINUITY_MASTER_PACKAGE/DELIVERABLES/JOC55_ABRAXAS_V4_2_24_PREBUILT/09_MOTIONS_V4_2/AI_SELECTED_V4_2_24/04_HORIZONTALS/H04/13_EDITORIAL_M1/20_MOTION_FINAL/COLOCAR_AQUI_MOTION_FINAL.txt
1459	7.43	/Users/lordjef/Downloads/ABRAXAS_V4_2_24_CONTINUITY_MASTER_PACKAGE/DELIVERABLES/JOC55_ABRAXAS_V4_2_24_PREBUILT/09_MOTIONS_V4_2/AI_SELECTED_V4_2_24/04_HORIZONTALS/H04/13_EDITORIAL_M1/MOTION_DECISION.json
717	7.43	/Users/lordjef/Downloads/ABRAXAS_V4_2_24_CONTINUITY_MASTER_PACKAGE/DELIVERABLES/JOC55_ABRAXAS_V4_2_24_PREBUILT/09_MOTIONS_V4_2/AI_SELECTED_V4_2_24/04_HORIZONTALS/H04/14_EDITORIAL_M1/02_PROMPT_ANIMAR_MOTION.txt
88	7.43	/Users/lordjef/Downloads/ABRAXAS_V4_2_24_CONTINUITY_MASTER_PACKAGE/DELIVERABLES/JOC55_ABRAXAS_V4_2_24_PREBUILT/09_MOTIONS_V4_2/AI_SELECTED_V4_2_24/04_HORIZONTALS/H04/14_EDITORIAL_M1/20_MOTION_FINAL/COLOCAR_AQUI_MOTION_FINAL.txt
1439	7.43	/Users/lordjef/Downloads/ABRAXAS_V4_2_24_CONTINUITY_MASTER_PACKAGE/DELIVERABLES/JOC55_ABRAXAS_V4_2_24_PREBUILT/09_MOTIONS_V4_2/AI_SELECTED_V4_2_24/04_HORIZONTALS/H04/14_EDITORIAL_M1/MOTION_DECISION.json
665	7.43	/Users/lordjef/Downloads/ABRAXAS_V4_2_24_CONTINUITY_MASTER_PACKAGE/DELIVERABLES/JOC55_ABRAXAS_V4_2_24_PREBUILT/09_MOTIONS_V4_2/AI_SELECTED_V4_2_24/04_HORIZONTALS/H04/15_EDITORIAL_M1/02_PROMPT_ANIMAR_MOTION.txt
88	7.43	/Users/lordjef/Downloads/ABRAXAS_V4_2_24_CONTINUITY_MASTER_PACKAGE/DELIVERABLES/JOC55_ABRAXAS_V4_2_24_PREBUILT/09_MOTIONS_V4_2/AI_SELECTED_V4_2_24/04_HORIZONTALS/H04/15_EDITORIAL_M1/20_MOTION_FINAL/COLOCAR_AQUI_MOTION_FINAL.txt
1393	7.43	/Users/lordjef/Downloads/ABRAXAS_V4_2_24_CONTINUITY_MASTER_PACKAGE/DELIVERABLES/JOC55_ABRAXAS_V4_2_24_PREBUILT/09_MOTIONS_V4_2/AI_SELECTED_V4_2_24/04_HORIZONTALS/H04/15_EDITORIAL_M1/MOTION_DECISION.json
674	7.43	/Users/lordjef/Downloads/ABRAXAS_V4_2_24_CONTINUITY_MASTER_PACKAGE/DELIVERABLES/JOC55_ABRAXAS_V4_2_24_PREBUILT/09_MOTIONS_V4_2/AI_SELECTED_V4_2_24/04_HORIZONTALS/H04/16_EDITORIAL_M1/02_PROMPT_ANIMAR_MOTION.txt
88	7.43	/Users/lordjef/Downloads/ABRAXAS_V4_2_24_CONTINUITY_MASTER_PACKAGE/DELIVERABLES/JOC55_ABRAXAS_V4_2_24_PREBUILT/09_MOTIONS_V4_2/AI_SELECTED_V4_2_24/04_HORIZONTALS/H04/16_EDITORIAL_M1/20_MOTION_FINAL/COLOCAR_AQUI_MOTION_FINAL.txt
1408	7.43	/Users/lordjef/Downloads/ABRAXAS_V4_2_24_CONTINUITY_MASTER_PACKAGE/DELIVERABLES/JOC55_ABRAXAS_V4_2_24_PREBUILT/09_MOTIONS_V4_2/AI_SELECTED_V4_2_24/04_HORIZONTALS/H04/16_EDITORIAL_M1/MOTION_DECISION.json
772	7.43	/Users/lordjef/Downloads/ABRAXAS_V4_2_24_CONTINUITY_MASTER_PACKAGE/DELIVERABLES/JOC55_ABRAXAS_V4_2_24_PREBUILT/09_MOTIONS_V4_2/AI_SELECTED_V4_2_24/04_HORIZONTALS/H04/17_EDITORIAL_M1/02_PROMPT_ANIMAR_MOTION.txt
88	7.43	/Users/lordjef/Downloads/ABRAXAS_V4_2_24_CONTINUITY_MASTER_PACKAGE/DELIVERABLES/JOC55_ABRAXAS_V4_2_24_PREBUILT/09_MOTIONS_V4_2/AI_SELECTED_V4_2_24/04_HORIZONTALS/H04/17_EDITORIAL_M1/20_MOTION_FINAL/COLOCAR_AQUI_MOTION_FINAL.txt
1496	7.43	/Users/lordjef/Downloads/ABRAXAS_V4_2_24_CONTINUITY_MASTER_PACKAGE/DELIVERABLES/JOC55_ABRAXAS_V4_2_24_PREBUILT/09_MOTIONS_V4_2/AI_SELECTED_V4_2_24/04_HORIZONTALS/H04/17_EDITORIAL_M1/MOTION_DECISION.json
767	7.43	/Users/lordjef/Downloads/ABRAXAS_V4_2_24_CONTINUITY_MASTER_PACKAGE/DELIVERABLES/JOC55_ABRAXAS_V4_2_24_PREBUILT/09_MOTIONS_V4_2/AI_SELECTED_V4_2_24/04_HORIZONTALS/H04/18_EDITORIAL_M1/02_PROMPT_ANIMAR_MOTION.txt
88	7.43	/Users/lordjef/Downloads/ABRAXAS_V4_2_24_CONTINUITY_MASTER_PACKAGE/DELIVERABLES/JOC55_ABRAXAS_V4_2_24_PREBUILT/09_MOTIONS_V4_2/AI_SELECTED_V4_2_24/04_HORIZONTALS/H04/18_EDITORIAL_M1/20_MOTION_FINAL/COLOCAR_AQUI_MOTION_FINAL.txt
1487	7.43	/Users/lordjef/Downloads/ABRAXAS_V4_2_24_CONTINUITY_MASTER_PACKAGE/DELIVERABLES/JOC55_ABRAXAS_V4_2_24_PREBUILT/09_MOTIONS_V4_2/AI_SELECTED_V4_2_24/04_HORIZONTALS/H04/18_EDITORIAL_M1/MOTION_DECISION.json
735	7.43	/Users/lordjef/Downloads/ABRAXAS_V4_2_24_CONTINUITY_MASTER_PACKAGE/DELIVERABLES/JOC55_ABRAXAS_V4_2_24_PREBUILT/09_MOTIONS_V4_2/AI_SELECTED_V4_2_24/04_HORIZONTALS/H04/19_EDITORIAL_M1/02_PROMPT_ANIMAR_MOTION.txt
88	7.43	/Users/lordjef/Downloads/ABRAXAS_V4_2_24_CONTINUITY_MASTER_PACKAGE/DELIVERABLES/JOC55_ABRAXAS_V4_2_24_PREBUILT/09_MOTIONS_V4_2/AI_SELECTED_V4_2_24/04_HORIZONTALS/H04/19_EDITORIAL_M1/20_MOTION_FINAL/COLOCAR_AQUI_MOTION_FINAL.txt
1455	7.43	/Users/lordjef/Downloads/ABRAXAS_V4_2_24_CONTINUITY_MASTER_PACKAGE/DELIVERABLES/JOC55_ABRAXAS_V4_2_24_PREBUILT/09_MOTIONS_V4_2/AI_SELECTED_V4_2_24/04_HORIZONTALS/H04/19_EDITORIAL_M1/MOTION_DECISION.json
725	7.43	/Users/lordjef/Downloads/ABRAXAS_V4_2_24_CONTINUITY_MASTER_PACKAGE/DELIVERABLES/JOC55_ABRAXAS_V4_2_24_PREBUILT/09_MOTIONS_V4_2/AI_SELECTED_V4_2_24/04_HORIZONTALS/H04/20_EDITORIAL_M1/02_PROMPT_ANIMAR_MOTION.txt
88	7.43	/Users/lordjef/Downloads/ABRAXAS_V4_2_24_CONTINUITY_MASTER_PACKAGE/DELIVERABLES/JOC55_ABRAXAS_V4_2_24_PREBUILT/09_MOTIONS_V4_2/AI_SELECTED_V4_2_24/04_HORIZONTALS/H04/20_EDITORIAL_M1/20_MOTION_FINAL/COLOCAR_AQUI_MOTION_FINAL.txt
1445	7.43	/Users/lordjef/Downloads/ABRAXAS_V4_2_24_CONTINUITY_MASTER_PACKAGE/DELIVERABLES/JOC55_ABRAXAS_V4_2_24_PREBUILT/09_MOTIONS_V4_2/AI_SELECTED_V4_2_24/04_HORIZONTALS/H04/20_EDITORIAL_M1/MOTION_DECISION.json
3595	7.43	/Users/lordjef/Downloads/ABRAXAS_V4_2_24_CONTINUITY_MASTER_PACKAGE/DELIVERABLES/JOC55_ABRAXAS_V4_2_24_PREBUILT/09_MOTIONS_V4_2/AI_SELECTED_V4_2_24/04_HORIZONTALS/JH01/00_MOTION_INDEX.json
737	7.43	/Users/lordjef/Downloads/ABRAXAS_V4_2_24_CONTINUITY_MASTER_PACKAGE/DELIVERABLES/JOC55_ABRAXAS_V4_2_24_PREBUILT/09_MOTIONS_V4_2/AI_SELECTED_V4_2_24/04_HORIZONTALS/JH01/01_EDITORIAL_M1/02_PROMPT_ANIMAR_MOTION.txt
88	7.43	/Users/lordjef/Downloads/ABRAXAS_V4_2_24_CONTINUITY_MASTER_PACKAGE/DELIVERABLES/JOC55_ABRAXAS_V4_2_24_PREBUILT/09_MOTIONS_V4_2/AI_SELECTED_V4_2_24/04_HORIZONTALS/JH01/01_EDITORIAL_M1/20_MOTION_FINAL/COLOCAR_AQUI_MOTION_FINAL.txt
1460	7.43	/Users/lordjef/Downloads/ABRAXAS_V4_2_24_CONTINUITY_MASTER_PACKAGE/DELIVERABLES/JOC55_ABRAXAS_V4_2_24_PREBUILT/09_MOTIONS_V4_2/AI_SELECTED_V4_2_24/04_HORIZONTALS/JH01/01_EDITORIAL_M1/MOTION_DECISION.json
769	7.43	/Users/lordjef/Downloads/ABRAXAS_V4_2_24_CONTINUITY_MASTER_PACKAGE/DELIVERABLES/JOC55_ABRAXAS_V4_2_24_PREBUILT/09_MOTIONS_V4_2/AI_SELECTED_V4_2_24/04_HORIZONTALS/JH01/02_EDITORIAL_M1/02_PROMPT_ANIMAR_MOTION.txt
88	7.43	/Users/lordjef/Downloads/ABRAXAS_V4_2_24_CONTINUITY_MASTER_PACKAGE/DELIVERABLES/JOC55_ABRAXAS_V4_2_24_PREBUILT/09_MOTIONS_V4_2/AI_SELECTED_V4_2_24/04_HORIZONTALS/JH01/02_EDITORIAL_M1/20_MOTION_FINAL/COLOCAR_AQUI_MOTION_FINAL.txt
1498	7.43	/Users/lordjef/Downloads/ABRAXAS_V4_2_24_CONTINUITY_MASTER_PACKAGE/DELIVERABLES/JOC55_ABRAXAS_V4_2_24_PREBUILT/09_MOTIONS_V4_2/AI_SELECTED_V4_2_24/04_HORIZONTALS/JH01/02_EDITORIAL_M1/MOTION_DECISION.json
743	7.43	/Users/lordjef/Downloads/ABRAXAS_V4_2_24_CONTINUITY_MASTER_PACKAGE/DELIVERABLES/JOC55_ABRAXAS_V4_2_24_PREBUILT/09_MOTIONS_V4_2/AI_SELECTED_V4_2_24/04_HORIZONTALS/JH01/03_EDITORIAL_M1/02_PROMPT_ANIMAR_MOTION.txt
88	7.43	/Users/lordjef/Downloads/ABRAXAS_V4_2_24_CONTINUITY_MASTER_PACKAGE/DELIVERABLES/JOC55_ABRAXAS_V4_2_24_PREBUILT/09_MOTIONS_V4_2/AI_SELECTED_V4_2_24/04_HORIZONTALS/JH01/03_EDITORIAL_M1/20_MOTION_FINAL/COLOCAR_AQUI_MOTION_FINAL.txt
1472	7.43	/Users/lordjef/Downloads/ABRAXAS_V4_2_24_CONTINUITY_MASTER_PACKAGE/DELIVERABLES/JOC55_ABRAXAS_V4_2_24_PREBUILT/09_MOTIONS_V4_2/AI_SELECTED_V4_2_24/04_HORIZONTALS/JH01/03_EDITORIAL_M1/MOTION_DECISION.json
771	7.43	/Users/lordjef/Downloads/ABRAXAS_V4_2_24_CONTINUITY_MASTER_PACKAGE/DELIVERABLES/JOC55_ABRAXAS_V4_2_24_PREBUILT/09_MOTIONS_V4_2/AI_SELECTED_V4_2_24/04_HORIZONTALS/JH01/04_EDITORIAL_M1/02_PROMPT_ANIMAR_MOTION.txt
88	7.43	/Users/lordjef/Downloads/ABRAXAS_V4_2_24_CONTINUITY_MASTER_PACKAGE/DELIVERABLES/JOC55_ABRAXAS_V4_2_24_PREBUILT/09_MOTIONS_V4_2/AI_SELECTED_V4_2_24/04_HORIZONTALS/JH01/04_EDITORIAL_M1/20_MOTION_FINAL/COLOCAR_AQUI_MOTION_FINAL.txt
1502	7.43	/Users/lordjef/Downloads/ABRAXAS_V4_2_24_CONTINUITY_MASTER_PACKAGE/DELIVERABLES/JOC55_ABRAXAS_V4_2_24_PREBUILT/09_MOTIONS_V4_2/AI_SELECTED_V4_2_24/04_HORIZONTALS/JH01/04_EDITORIAL_M1/MOTION_DECISION.json
734	7.43	/Users/lordjef/Downloads/ABRAXAS_V4_2_24_CONTINUITY_MASTER_PACKAGE/DELIVERABLES/JOC55_ABRAXAS_V4_2_24_PREBUILT/09_MOTIONS_V4_2/AI_SELECTED_V4_2_24/04_HORIZONTALS/JH01/05_EDITORIAL_M1/02_PROMPT_ANIMAR_MOTION.txt
88	7.43	/Users/lordjef/Downloads/ABRAXAS_V4_2_24_CONTINUITY_MASTER_PACKAGE/DELIVERABLES/JOC55_ABRAXAS_V4_2_24_PREBUILT/09_MOTIONS_V4_2/AI_SELECTED_V4_2_24/04_HORIZONTALS/JH01/05_EDITORIAL_M1/20_MOTION_FINAL/COLOCAR_AQUI_MOTION_FINAL.txt
1459	7.43	/Users/lordjef/Downloads/ABRAXAS_V4_2_24_CONTINUITY_MASTER_PACKAGE/DELIVERABLES/JOC55_ABRAXAS_V4_2_24_PREBUILT/09_MOTIONS_V4_2/AI_SELECTED_V4_2_24/04_HORIZONTALS/JH01/05_EDITORIAL_M1/MOTION_DECISION.json
782	7.43	/Users/lordjef/Downloads/ABRAXAS_V4_2_24_CONTINUITY_MASTER_PACKAGE/DELIVERABLES/JOC55_ABRAXAS_V4_2_24_PREBUILT/09_MOTIONS_V4_2/AI_SELECTED_V4_2_24/04_HORIZONTALS/JH01/06_EDITORIAL_M5/02_PROMPT_ANIMAR_MOTION.txt
88	7.43	/Users/lordjef/Downloads/ABRAXAS_V4_2_24_CONTINUITY_MASTER_PACKAGE/DELIVERABLES/JOC55_ABRAXAS_V4_2_24_PREBUILT/09_MOTIONS_V4_2/AI_SELECTED_V4_2_24/04_HORIZONTALS/JH01/06_EDITORIAL_M5/20_MOTION_FINAL/COLOCAR_AQUI_MOTION_FINAL.txt
1530	7.43	/Users/lordjef/Downloads/ABRAXAS_V4_2_24_CONTINUITY_MASTER_PACKAGE/DELIVERABLES/JOC55_ABRAXAS_V4_2_24_PREBUILT/09_MOTIONS_V4_2/AI_SELECTED_V4_2_24/04_HORIZONTALS/JH01/06_EDITORIAL_M5/MOTION_DECISION.json
747	7.43	/Users/lordjef/Downloads/ABRAXAS_V4_2_24_CONTINUITY_MASTER_PACKAGE/DELIVERABLES/JOC55_ABRAXAS_V4_2_24_PREBUILT/09_MOTIONS_V4_2/AI_SELECTED_V4_2_24/04_HORIZONTALS/JH01/07_EDITORIAL_M1/02_PROMPT_ANIMAR_MOTION.txt
88	7.43	/Users/lordjef/Downloads/ABRAXAS_V4_2_24_CONTINUITY_MASTER_PACKAGE/DELIVERABLES/JOC55_ABRAXAS_V4_2_24_PREBUILT/09_MOTIONS_V4_2/AI_SELECTED_V4_2_24/04_HORIZONTALS/JH01/07_EDITORIAL_M1/20_MOTION_FINAL/COLOCAR_AQUI_MOTION_FINAL.txt
1474	7.43	/Users/lordjef/Downloads/ABRAXAS_V4_2_24_CONTINUITY_MASTER_PACKAGE/DELIVERABLES/JOC55_ABRAXAS_V4_2_24_PREBUILT/09_MOTIONS_V4_2/AI_SELECTED_V4_2_24/04_HORIZONTALS/JH01/07_EDITORIAL_M1/MOTION_DECISION.json
710	7.43	/Users/lordjef/Downloads/ABRAXAS_V4_2_24_CONTINUITY_MASTER_PACKAGE/DELIVERABLES/JOC55_ABRAXAS_V4_2_24_PREBUILT/09_MOTIONS_V4_2/AI_SELECTED_V4_2_24/04_HORIZONTALS/JH01/08_EDITORIAL_M1/02_PROMPT_ANIMAR_MOTION.txt
88	7.43	/Users/lordjef/Downloads/ABRAXAS_V4_2_24_CONTINUITY_MASTER_PACKAGE/DELIVERABLES/JOC55_ABRAXAS_V4_2_24_PREBUILT/09_MOTIONS_V4_2/AI_SELECTED_V4_2_24/04_HORIZONTALS/JH01/08_EDITORIAL_M1/20_MOTION_FINAL/COLOCAR_AQUI_MOTION_FINAL.txt
1435	7.43	/Users/lordjef/Downloads/ABRAXAS_V4_2_24_CONTINUITY_MASTER_PACKAGE/DELIVERABLES/JOC55_ABRAXAS_V4_2_24_PREBUILT/09_MOTIONS_V4_2/AI_SELECTED_V4_2_24/04_HORIZONTALS/JH01/08_EDITORIAL_M1/MOTION_DECISION.json
782	7.43	/Users/lordjef/Downloads/ABRAXAS_V4_2_24_CONTINUITY_MASTER_PACKAGE/DELIVERABLES/JOC55_ABRAXAS_V4_2_24_PREBUILT/09_MOTIONS_V4_2/AI_SELECTED_V4_2_24/04_HORIZONTALS/JH01/09_EDITORIAL_M5/02_PROMPT_ANIMAR_MOTION.txt
88	7.43	/Users/lordjef/Downloads/ABRAXAS_V4_2_24_CONTINUITY_MASTER_PACKAGE/DELIVERABLES/JOC55_ABRAXAS_V4_2_24_PREBUILT/09_MOTIONS_V4_2/AI_SELECTED_V4_2_24/04_HORIZONTALS/JH01/09_EDITORIAL_M5/20_MOTION_FINAL/COLOCAR_AQUI_MOTION_FINAL.txt
1530	7.43	/Users/lordjef/Downloads/ABRAXAS_V4_2_24_CONTINUITY_MASTER_PACKAGE/DELIVERABLES/JOC55_ABRAXAS_V4_2_24_PREBUILT/09_MOTIONS_V4_2/AI_SELECTED_V4_2_24/04_HORIZONTALS/JH01/09_EDITORIAL_M5/MOTION_DECISION.json
776	7.43	/Users/lordjef/Downloads/ABRAXAS_V4_2_24_CONTINUITY_MASTER_PACKAGE/DELIVERABLES/JOC55_ABRAXAS_V4_2_24_PREBUILT/09_MOTIONS_V4_2/AI_SELECTED_V4_2_24/04_HORIZONTALS/JH01/10_EDITORIAL_M3/02_PROMPT_ANIMAR_MOTION.txt
88	7.43	/Users/lordjef/Downloads/ABRAXAS_V4_2_24_CONTINUITY_MASTER_PACKAGE/DELIVERABLES/JOC55_ABRAXAS_V4_2_24_PREBUILT/09_MOTIONS_V4_2/AI_SELECTED_V4_2_24/04_HORIZONTALS/JH01/10_EDITORIAL_M3/20_MOTION_FINAL/COLOCAR_AQUI_MOTION_FINAL.txt
1482	7.43	/Users/lordjef/Downloads/ABRAXAS_V4_2_24_CONTINUITY_MASTER_PACKAGE/DELIVERABLES/JOC55_ABRAXAS_V4_2_24_PREBUILT/09_MOTIONS_V4_2/AI_SELECTED_V4_2_24/04_HORIZONTALS/JH01/10_EDITORIAL_M3/MOTION_DECISION.json
769	7.43	/Users/lordjef/Downloads/ABRAXAS_V4_2_24_CONTINUITY_MASTER_PACKAGE/DELIVERABLES/JOC55_ABRAXAS_V4_2_24_PREBUILT/09_MOTIONS_V4_2/AI_SELECTED_V4_2_24/04_HORIZONTALS/JH01/11_EDITORIAL_M1/02_PROMPT_ANIMAR_MOTION.txt
88	7.43	/Users/lordjef/Downloads/ABRAXAS_V4_2_24_CONTINUITY_MASTER_PACKAGE/DELIVERABLES/JOC55_ABRAXAS_V4_2_24_PREBUILT/09_MOTIONS_V4_2/AI_SELECTED_V4_2_24/04_HORIZONTALS/JH01/11_EDITORIAL_M1/20_MOTION_FINAL/COLOCAR_AQUI_MOTION_FINAL.txt
1495	7.43	/Users/lordjef/Downloads/ABRAXAS_V4_2_24_CONTINUITY_MASTER_PACKAGE/DELIVERABLES/JOC55_ABRAXAS_V4_2_24_PREBUILT/09_MOTIONS_V4_2/AI_SELECTED_V4_2_24/04_HORIZONTALS/JH01/11_EDITORIAL_M1/MOTION_DECISION.json
699	7.43	/Users/lordjef/Downloads/ABRAXAS_V4_2_24_CONTINUITY_MASTER_PACKAGE/DELIVERABLES/JOC55_ABRAXAS_V4_2_24_PREBUILT/09_MOTIONS_V4_2/AI_SELECTED_V4_2_24/04_HORIZONTALS/JH01/12_EDITORIAL_M1/02_PROMPT_ANIMAR_MOTION.txt
88	7.43	/Users/lordjef/Downloads/ABRAXAS_V4_2_24_CONTINUITY_MASTER_PACKAGE/DELIVERABLES/JOC55_ABRAXAS_V4_2_24_PREBUILT/09_MOTIONS_V4_2/AI_SELECTED_V4_2_24/04_HORIZONTALS/JH01/12_EDITORIAL_M1/20_MOTION_FINAL/COLOCAR_AQUI_MOTION_FINAL.txt
1427	7.43	/Users/lordjef/Downloads/ABRAXAS_V4_2_24_CONTINUITY_MASTER_PACKAGE/DELIVERABLES/JOC55_ABRAXAS_V4_2_24_PREBUILT/09_MOTIONS_V4_2/AI_SELECTED_V4_2_24/04_HORIZONTALS/JH01/12_EDITORIAL_M1/MOTION_DECISION.json
672	7.43	/Users/lordjef/Downloads/ABRAXAS_V4_2_24_CONTINUITY_MASTER_PACKAGE/DELIVERABLES/JOC55_ABRAXAS_V4_2_24_PREBUILT/09_MOTIONS_V4_2/AI_SELECTED_V4_2_24/04_HORIZONTALS/JH01/13_EDITORIAL_M1/02_PROMPT_ANIMAR_MOTION.txt
88	7.43	/Users/lordjef/Downloads/ABRAXAS_V4_2_24_CONTINUITY_MASTER_PACKAGE/DELIVERABLES/JOC55_ABRAXAS_V4_2_24_PREBUILT/09_MOTIONS_V4_2/AI_SELECTED_V4_2_24/04_HORIZONTALS/JH01/13_EDITORIAL_M1/20_MOTION_FINAL/COLOCAR_AQUI_MOTION_FINAL.txt
1399	7.43	/Users/lordjef/Downloads/ABRAXAS_V4_2_24_CONTINUITY_MASTER_PACKAGE/DELIVERABLES/JOC55_ABRAXAS_V4_2_24_PREBUILT/09_MOTIONS_V4_2/AI_SELECTED_V4_2_24/04_HORIZONTALS/JH01/13_EDITORIAL_M1/MOTION_DECISION.json
649	7.43	/Users/lordjef/Downloads/ABRAXAS_V4_2_24_CONTINUITY_MASTER_PACKAGE/DELIVERABLES/JOC55_ABRAXAS_V4_2_24_PREBUILT/09_MOTIONS_V4_2/AI_SELECTED_V4_2_24/04_HORIZONTALS/JH01/14_EDITORIAL_M3/02_PROMPT_ANIMAR_MOTION.txt
88	7.43	/Users/lordjef/Downloads/ABRAXAS_V4_2_24_CONTINUITY_MASTER_PACKAGE/DELIVERABLES/JOC55_ABRAXAS_V4_2_24_PREBUILT/09_MOTIONS_V4_2/AI_SELECTED_V4_2_24/04_HORIZONTALS/JH01/14_EDITORIAL_M3/20_MOTION_FINAL/COLOCAR_AQUI_MOTION_FINAL.txt
1359	7.43	/Users/lordjef/Downloads/ABRAXAS_V4_2_24_CONTINUITY_MASTER_PACKAGE/DELIVERABLES/JOC55_ABRAXAS_V4_2_24_PREBUILT/09_MOTIONS_V4_2/AI_SELECTED_V4_2_24/04_HORIZONTALS/JH01/14_EDITORIAL_M3/MOTION_DECISION.json
695	7.43	/Users/lordjef/Downloads/ABRAXAS_V4_2_24_CONTINUITY_MASTER_PACKAGE/DELIVERABLES/JOC55_ABRAXAS_V4_2_24_PREBUILT/09_MOTIONS_V4_2/AI_SELECTED_V4_2_24/04_HORIZONTALS/JH01/15_EDITORIAL_M1/02_PROMPT_ANIMAR_MOTION.txt
88	7.43	/Users/lordjef/Downloads/ABRAXAS_V4_2_24_CONTINUITY_MASTER_PACKAGE/DELIVERABLES/JOC55_ABRAXAS_V4_2_24_PREBUILT/09_MOTIONS_V4_2/AI_SELECTED_V4_2_24/04_HORIZONTALS/JH01/15_EDITORIAL_M1/20_MOTION_FINAL/COLOCAR_AQUI_MOTION_FINAL.txt
1425	7.43	/Users/lordjef/Downloads/ABRAXAS_V4_2_24_CONTINUITY_MASTER_PACKAGE/DELIVERABLES/JOC55_ABRAXAS_V4_2_24_PREBUILT/09_MOTIONS_V4_2/AI_SELECTED_V4_2_24/04_HORIZONTALS/JH01/15_EDITORIAL_M1/MOTION_DECISION.json
740	7.43	/Users/lordjef/Downloads/ABRAXAS_V4_2_24_CONTINUITY_MASTER_PACKAGE/DELIVERABLES/JOC55_ABRAXAS_V4_2_24_PREBUILT/09_MOTIONS_V4_2/AI_SELECTED_V4_2_24/04_HORIZONTALS/JH01/16_EDITORIAL_M1/02_PROMPT_ANIMAR_MOTION.txt
88	7.43	/Users/lordjef/Downloads/ABRAXAS_V4_2_24_CONTINUITY_MASTER_PACKAGE/DELIVERABLES/JOC55_ABRAXAS_V4_2_24_PREBUILT/09_MOTIONS_V4_2/AI_SELECTED_V4_2_24/04_HORIZONTALS/JH01/16_EDITORIAL_M1/20_MOTION_FINAL/COLOCAR_AQUI_MOTION_FINAL.txt
1472	7.43	/Users/lordjef/Downloads/ABRAXAS_V4_2_24_CONTINUITY_MASTER_PACKAGE/DELIVERABLES/JOC55_ABRAXAS_V4_2_24_PREBUILT/09_MOTIONS_V4_2/AI_SELECTED_V4_2_24/04_HORIZONTALS/JH01/16_EDITORIAL_M1/MOTION_DECISION.json
685	7.43	/Users/lordjef/Downloads/ABRAXAS_V4_2_24_CONTINUITY_MASTER_PACKAGE/DELIVERABLES/JOC55_ABRAXAS_V4_2_24_PREBUILT/09_MOTIONS_V4_2/AI_SELECTED_V4_2_24/04_HORIZONTALS/JH01/17_EDITORIAL_M1/02_PROMPT_ANIMAR_MOTION.txt
88	7.43	/Users/lordjef/Downloads/ABRAXAS_V4_2_24_CONTINUITY_MASTER_PACKAGE/DELIVERABLES/JOC55_ABRAXAS_V4_2_24_PREBUILT/09_MOTIONS_V4_2/AI_SELECTED_V4_2_24/04_HORIZONTALS/JH01/17_EDITORIAL_M1/20_MOTION_FINAL/COLOCAR_AQUI_MOTION_FINAL.txt
1415	7.43	/Users/lordjef/Downloads/ABRAXAS_V4_2_24_CONTINUITY_MASTER_PACKAGE/DELIVERABLES/JOC55_ABRAXAS_V4_2_24_PREBUILT/09_MOTIONS_V4_2/AI_SELECTED_V4_2_24/04_HORIZONTALS/JH01/17_EDITORIAL_M1/MOTION_DECISION.json
707	7.43	/Users/lordjef/Downloads/ABRAXAS_V4_2_24_CONTINUITY_MASTER_PACKAGE/DELIVERABLES/JOC55_ABRAXAS_V4_2_24_PREBUILT/09_MOTIONS_V4_2/AI_SELECTED_V4_2_24/04_HORIZONTALS/JH01/18_EDITORIAL_M1/02_PROMPT_ANIMAR_MOTION.txt
88	7.43	/Users/lordjef/Downloads/ABRAXAS_V4_2_24_CONTINUITY_MASTER_PACKAGE/DELIVERABLES/JOC55_ABRAXAS_V4_2_24_PREBUILT/09_MOTIONS_V4_2/AI_SELECTED_V4_2_24/04_HORIZONTALS/JH01/18_EDITORIAL_M1/20_MOTION_FINAL/COLOCAR_AQUI_MOTION_FINAL.txt
1435	7.43	/Users/lordjef/Downloads/ABRAXAS_V4_2_24_CONTINUITY_MASTER_PACKAGE/DELIVERABLES/JOC55_ABRAXAS_V4_2_24_PREBUILT/09_MOTIONS_V4_2/AI_SELECTED_V4_2_24/04_HORIZONTALS/JH01/18_EDITORIAL_M1/MOTION_DECISION.json
3981	7.43	/Users/lordjef/Downloads/ABRAXAS_V4_2_24_CONTINUITY_MASTER_PACKAGE/DELIVERABLES/JOC55_ABRAXAS_V4_2_24_PREBUILT/09_MOTIONS_V4_2/AI_SELECTED_V4_2_24/04_HORIZONTALS/JH02/00_MOTION_INDEX.json
759	7.43	/Users/lordjef/Downloads/ABRAXAS_V4_2_24_CONTINUITY_MASTER_PACKAGE/DELIVERABLES/JOC55_ABRAXAS_V4_2_24_PREBUILT/09_MOTIONS_V4_2/AI_SELECTED_V4_2_24/04_HORIZONTALS/JH02/01_EDITORIAL_M4/02_PROMPT_ANIMAR_MOTION.txt
88	7.43	/Users/lordjef/Downloads/ABRAXAS_V4_2_24_CONTINUITY_MASTER_PACKAGE/DELIVERABLES/JOC55_ABRAXAS_V4_2_24_PREBUILT/09_MOTIONS_V4_2/AI_SELECTED_V4_2_24/04_HORIZONTALS/JH02/01_EDITORIAL_M4/20_MOTION_FINAL/COLOCAR_AQUI_MOTION_FINAL.txt
1435	7.43	/Users/lordjef/Downloads/ABRAXAS_V4_2_24_CONTINUITY_MASTER_PACKAGE/DELIVERABLES/JOC55_ABRAXAS_V4_2_24_PREBUILT/09_MOTIONS_V4_2/AI_SELECTED_V4_2_24/04_HORIZONTALS/JH02/01_EDITORIAL_M4/MOTION_DECISION.json
761	7.43	/Users/lordjef/Downloads/ABRAXAS_V4_2_24_CONTINUITY_MASTER_PACKAGE/DELIVERABLES/JOC55_ABRAXAS_V4_2_24_PREBUILT/09_MOTIONS_V4_2/AI_SELECTED_V4_2_24/04_HORIZONTALS/JH02/02_EDITORIAL_M1/02_PROMPT_ANIMAR_MOTION.txt
88	7.43	/Users/lordjef/Downloads/ABRAXAS_V4_2_24_CONTINUITY_MASTER_PACKAGE/DELIVERABLES/JOC55_ABRAXAS_V4_2_24_PREBUILT/09_MOTIONS_V4_2/AI_SELECTED_V4_2_24/04_HORIZONTALS/JH02/02_EDITORIAL_M1/20_MOTION_FINAL/COLOCAR_AQUI_MOTION_FINAL.txt
1484	7.43	/Users/lordjef/Downloads/ABRAXAS_V4_2_24_CONTINUITY_MASTER_PACKAGE/DELIVERABLES/JOC55_ABRAXAS_V4_2_24_PREBUILT/09_MOTIONS_V4_2/AI_SELECTED_V4_2_24/04_HORIZONTALS/JH02/02_EDITORIAL_M1/MOTION_DECISION.json
706	7.43	/Users/lordjef/Downloads/ABRAXAS_V4_2_24_CONTINUITY_MASTER_PACKAGE/DELIVERABLES/JOC55_ABRAXAS_V4_2_24_PREBUILT/09_MOTIONS_V4_2/AI_SELECTED_V4_2_24/04_HORIZONTALS/JH02/03_EDITORIAL_M1/02_PROMPT_ANIMAR_MOTION.txt
88	7.43	/Users/lordjef/Downloads/ABRAXAS_V4_2_24_CONTINUITY_MASTER_PACKAGE/DELIVERABLES/JOC55_ABRAXAS_V4_2_24_PREBUILT/09_MOTIONS_V4_2/AI_SELECTED_V4_2_24/04_HORIZONTALS/JH02/03_EDITORIAL_M1/20_MOTION_FINAL/COLOCAR_AQUI_MOTION_FINAL.txt
1429	7.43	/Users/lordjef/Downloads/ABRAXAS_V4_2_24_CONTINUITY_MASTER_PACKAGE/DELIVERABLES/JOC55_ABRAXAS_V4_2_24_PREBUILT/09_MOTIONS_V4_2/AI_SELECTED_V4_2_24/04_HORIZONTALS/JH02/03_EDITORIAL_M1/MOTION_DECISION.json
767	7.43	/Users/lordjef/Downloads/ABRAXAS_V4_2_24_CONTINUITY_MASTER_PACKAGE/DELIVERABLES/JOC55_ABRAXAS_V4_2_24_PREBUILT/09_MOTIONS_V4_2/AI_SELECTED_V4_2_24/04_HORIZONTALS/JH02/04_EDITORIAL_M1/02_PROMPT_ANIMAR_MOTION.txt
88	7.43	/Users/lordjef/Downloads/ABRAXAS_V4_2_24_CONTINUITY_MASTER_PACKAGE/DELIVERABLES/JOC55_ABRAXAS_V4_2_24_PREBUILT/09_MOTIONS_V4_2/AI_SELECTED_V4_2_24/04_HORIZONTALS/JH02/04_EDITORIAL_M1/20_MOTION_FINAL/COLOCAR_AQUI_MOTION_FINAL.txt
1492	7.43	/Users/lordjef/Downloads/ABRAXAS_V4_2_24_CONTINUITY_MASTER_PACKAGE/DELIVERABLES/JOC55_ABRAXAS_V4_2_24_PREBUILT/09_MOTIONS_V4_2/AI_SELECTED_V4_2_24/04_HORIZONTALS/JH02/04_EDITORIAL_M1/MOTION_DECISION.json
749	7.43	/Users/lordjef/Downloads/ABRAXAS_V4_2_24_CONTINUITY_MASTER_PACKAGE/DELIVERABLES/JOC55_ABRAXAS_V4_2_24_PREBUILT/09_MOTIONS_V4_2/AI_SELECTED_V4_2_24/04_HORIZONTALS/JH02/05_EDITORIAL_M3/02_PROMPT_ANIMAR_MOTION.txt
88	7.43	/Users/lordjef/Downloads/ABRAXAS_V4_2_24_CONTINUITY_MASTER_PACKAGE/DELIVERABLES/JOC55_ABRAXAS_V4_2_24_PREBUILT/09_MOTIONS_V4_2/AI_SELECTED_V4_2_24/04_HORIZONTALS/JH02/05_EDITORIAL_M3/20_MOTION_FINAL/COLOCAR_AQUI_MOTION_FINAL.txt
1452	7.43	/Users/lordjef/Downloads/ABRAXAS_V4_2_24_CONTINUITY_MASTER_PACKAGE/DELIVERABLES/JOC55_ABRAXAS_V4_2_24_PREBUILT/09_MOTIONS_V4_2/AI_SELECTED_V4_2_24/04_HORIZONTALS/JH02/05_EDITORIAL_M3/MOTION_DECISION.json
691	7.43	/Users/lordjef/Downloads/ABRAXAS_V4_2_24_CONTINUITY_MASTER_PACKAGE/DELIVERABLES/JOC55_ABRAXAS_V4_2_24_PREBUILT/09_MOTIONS_V4_2/AI_SELECTED_V4_2_24/04_HORIZONTALS/JH02/06_EDITORIAL_M1/02_PROMPT_ANIMAR_MOTION.txt
88	7.43	/Users/lordjef/Downloads/ABRAXAS_V4_2_24_CONTINUITY_MASTER_PACKAGE/DELIVERABLES/JOC55_ABRAXAS_V4_2_24_PREBUILT/09_MOTIONS_V4_2/AI_SELECTED_V4_2_24/04_HORIZONTALS/JH02/06_EDITORIAL_M1/20_MOTION_FINAL/COLOCAR_AQUI_MOTION_FINAL.txt
1420	7.43	/Users/lordjef/Downloads/ABRAXAS_V4_2_24_CONTINUITY_MASTER_PACKAGE/DELIVERABLES/JOC55_ABRAXAS_V4_2_24_PREBUILT/09_MOTIONS_V4_2/AI_SELECTED_V4_2_24/04_HORIZONTALS/JH02/06_EDITORIAL_M1/MOTION_DECISION.json
681	7.43	/Users/lordjef/Downloads/ABRAXAS_V4_2_24_CONTINUITY_MASTER_PACKAGE/DELIVERABLES/JOC55_ABRAXAS_V4_2_24_PREBUILT/09_MOTIONS_V4_2/AI_SELECTED_V4_2_24/04_HORIZONTALS/JH02/07_EDITORIAL_M1/02_PROMPT_ANIMAR_MOTION.txt
88	7.43	/Users/lordjef/Downloads/ABRAXAS_V4_2_24_CONTINUITY_MASTER_PACKAGE/DELIVERABLES/JOC55_ABRAXAS_V4_2_24_PREBUILT/09_MOTIONS_V4_2/AI_SELECTED_V4_2_24/04_HORIZONTALS/JH02/07_EDITORIAL_M1/20_MOTION_FINAL/COLOCAR_AQUI_MOTION_FINAL.txt
1410	7.43	/Users/lordjef/Downloads/ABRAXAS_V4_2_24_CONTINUITY_MASTER_PACKAGE/DELIVERABLES/JOC55_ABRAXAS_V4_2_24_PREBUILT/09_MOTIONS_V4_2/AI_SELECTED_V4_2_24/04_HORIZONTALS/JH02/07_EDITORIAL_M1/MOTION_DECISION.json
760	7.43	/Users/lordjef/Downloads/ABRAXAS_V4_2_24_CONTINUITY_MASTER_PACKAGE/DELIVERABLES/JOC55_ABRAXAS_V4_2_24_PREBUILT/09_MOTIONS_V4_2/AI_SELECTED_V4_2_24/04_HORIZONTALS/JH02/08_EDITORIAL_M1/02_PROMPT_ANIMAR_MOTION.txt
88	7.43	/Users/lordjef/Downloads/ABRAXAS_V4_2_24_CONTINUITY_MASTER_PACKAGE/DELIVERABLES/JOC55_ABRAXAS_V4_2_24_PREBUILT/09_MOTIONS_V4_2/AI_SELECTED_V4_2_24/04_HORIZONTALS/JH02/08_EDITORIAL_M1/20_MOTION_FINAL/COLOCAR_AQUI_MOTION_FINAL.txt
1485	7.43	/Users/lordjef/Downloads/ABRAXAS_V4_2_24_CONTINUITY_MASTER_PACKAGE/DELIVERABLES/JOC55_ABRAXAS_V4_2_24_PREBUILT/09_MOTIONS_V4_2/AI_SELECTED_V4_2_24/04_HORIZONTALS/JH02/08_EDITORIAL_M1/MOTION_DECISION.json
660	7.43	/Users/lordjef/Downloads/ABRAXAS_V4_2_24_CONTINUITY_MASTER_PACKAGE/DELIVERABLES/JOC55_ABRAXAS_V4_2_24_PREBUILT/09_MOTIONS_V4_2/AI_SELECTED_V4_2_24/04_HORIZONTALS/JH02/09_EDITORIAL_M1/02_PROMPT_ANIMAR_MOTION.txt
88	7.43	/Users/lordjef/Downloads/ABRAXAS_V4_2_24_CONTINUITY_MASTER_PACKAGE/DELIVERABLES/JOC55_ABRAXAS_V4_2_24_PREBUILT/09_MOTIONS_V4_2/AI_SELECTED_V4_2_24/04_HORIZONTALS/JH02/09_EDITORIAL_M1/20_MOTION_FINAL/COLOCAR_AQUI_MOTION_FINAL.txt
1389	7.43	/Users/lordjef/Downloads/ABRAXAS_V4_2_24_CONTINUITY_MASTER_PACKAGE/DELIVERABLES/JOC55_ABRAXAS_V4_2_24_PREBUILT/09_MOTIONS_V4_2/AI_SELECTED_V4_2_24/04_HORIZONTALS/JH02/09_EDITORIAL_M1/MOTION_DECISION.json
706	7.43	/Users/lordjef/Downloads/ABRAXAS_V4_2_24_CONTINUITY_MASTER_PACKAGE/DELIVERABLES/JOC55_ABRAXAS_V4_2_24_PREBUILT/09_MOTIONS_V4_2/AI_SELECTED_V4_2_24/04_HORIZONTALS/JH02/10_EDITORIAL_M4/02_PROMPT_ANIMAR_MOTION.txt
88	7.43	/Users/lordjef/Downloads/ABRAXAS_V4_2_24_CONTINUITY_MASTER_PACKAGE/DELIVERABLES/JOC55_ABRAXAS_V4_2_24_PREBUILT/09_MOTIONS_V4_2/AI_SELECTED_V4_2_24/04_HORIZONTALS/JH02/10_EDITORIAL_M4/20_MOTION_FINAL/COLOCAR_AQUI_MOTION_FINAL.txt
1385	7.43	/Users/lordjef/Downloads/ABRAXAS_V4_2_24_CONTINUITY_MASTER_PACKAGE/DELIVERABLES/JOC55_ABRAXAS_V4_2_24_PREBUILT/09_MOTIONS_V4_2/AI_SELECTED_V4_2_24/04_HORIZONTALS/JH02/10_EDITORIAL_M4/MOTION_DECISION.json
749	7.43	/Users/lordjef/Downloads/ABRAXAS_V4_2_24_CONTINUITY_MASTER_PACKAGE/DELIVERABLES/JOC55_ABRAXAS_V4_2_24_PREBUILT/09_MOTIONS_V4_2/AI_SELECTED_V4_2_24/04_HORIZONTALS/JH02/11_EDITORIAL_M1/02_PROMPT_ANIMAR_MOTION.txt
88	7.43	/Users/lordjef/Downloads/ABRAXAS_V4_2_24_CONTINUITY_MASTER_PACKAGE/DELIVERABLES/JOC55_ABRAXAS_V4_2_24_PREBUILT/09_MOTIONS_V4_2/AI_SELECTED_V4_2_24/04_HORIZONTALS/JH02/11_EDITORIAL_M1/20_MOTION_FINAL/COLOCAR_AQUI_MOTION_FINAL.txt
1475	7.43	/Users/lordjef/Downloads/ABRAXAS_V4_2_24_CONTINUITY_MASTER_PACKAGE/DELIVERABLES/JOC55_ABRAXAS_V4_2_24_PREBUILT/09_MOTIONS_V4_2/AI_SELECTED_V4_2_24/04_HORIZONTALS/JH02/11_EDITORIAL_M1/MOTION_DECISION.json
734	7.43	/Users/lordjef/Downloads/ABRAXAS_V4_2_24_CONTINUITY_MASTER_PACKAGE/DELIVERABLES/JOC55_ABRAXAS_V4_2_24_PREBUILT/09_MOTIONS_V4_2/AI_SELECTED_V4_2_24/04_HORIZONTALS/JH02/12_EDITORIAL_M2/02_PROMPT_ANIMAR_MOTION.txt
503	7.43	/Users/lordjef/Downloads/ABRAXAS_V4_2_24_CONTINUITY_MASTER_PACKAGE/DELIVERABLES/JOC55_ABRAXAS_V4_2_24_PREBUILT/09_MOTIONS_V4_2/AI_SELECTED_V4_2_24/04_HORIZONTALS/JH02/12_EDITORIAL_M2/10_ASSETS/MOTION2_TEXT_SEGMENTS_EXACT.json
88	7.43	/Users/lordjef/Downloads/ABRAXAS_V4_2_24_CONTINUITY_MASTER_PACKAGE/DELIVERABLES/JOC55_ABRAXAS_V4_2_24_PREBUILT/09_MOTIONS_V4_2/AI_SELECTED_V4_2_24/04_HORIZONTALS/JH02/12_EDITORIAL_M2/20_MOTION_FINAL/COLOCAR_AQUI_MOTION_FINAL.txt
1574	7.43	/Users/lordjef/Downloads/ABRAXAS_V4_2_24_CONTINUITY_MASTER_PACKAGE/DELIVERABLES/JOC55_ABRAXAS_V4_2_24_PREBUILT/09_MOTIONS_V4_2/AI_SELECTED_V4_2_24/04_HORIZONTALS/JH02/12_EDITORIAL_M2/MOTION_DECISION.json
733	7.43	/Users/lordjef/Downloads/ABRAXAS_V4_2_24_CONTINUITY_MASTER_PACKAGE/DELIVERABLES/JOC55_ABRAXAS_V4_2_24_PREBUILT/09_MOTIONS_V4_2/AI_SELECTED_V4_2_24/04_HORIZONTALS/JH02/13_EDITORIAL_M1/02_PROMPT_ANIMAR_MOTION.txt
88	7.43	/Users/lordjef/Downloads/ABRAXAS_V4_2_24_CONTINUITY_MASTER_PACKAGE/DELIVERABLES/JOC55_ABRAXAS_V4_2_24_PREBUILT/09_MOTIONS_V4_2/AI_SELECTED_V4_2_24/04_HORIZONTALS/JH02/13_EDITORIAL_M1/20_MOTION_FINAL/COLOCAR_AQUI_MOTION_FINAL.txt
1465	7.43	/Users/lordjef/Downloads/ABRAXAS_V4_2_24_CONTINUITY_MASTER_PACKAGE/DELIVERABLES/JOC55_ABRAXAS_V4_2_24_PREBUILT/09_MOTIONS_V4_2/AI_SELECTED_V4_2_24/04_HORIZONTALS/JH02/13_EDITORIAL_M1/MOTION_DECISION.json
731	7.43	/Users/lordjef/Downloads/ABRAXAS_V4_2_24_CONTINUITY_MASTER_PACKAGE/DELIVERABLES/JOC55_ABRAXAS_V4_2_24_PREBUILT/09_MOTIONS_V4_2/AI_SELECTED_V4_2_24/04_HORIZONTALS/JH02/14_EDITORIAL_M1/02_PROMPT_ANIMAR_MOTION.txt
88	7.43	/Users/lordjef/Downloads/ABRAXAS_V4_2_24_CONTINUITY_MASTER_PACKAGE/DELIVERABLES/JOC55_ABRAXAS_V4_2_24_PREBUILT/09_MOTIONS_V4_2/AI_SELECTED_V4_2_24/04_HORIZONTALS/JH02/14_EDITORIAL_M1/20_MOTION_FINAL/COLOCAR_AQUI_MOTION_FINAL.txt
1457	7.43	/Users/lordjef/Downloads/ABRAXAS_V4_2_24_CONTINUITY_MASTER_PACKAGE/DELIVERABLES/JOC55_ABRAXAS_V4_2_24_PREBUILT/09_MOTIONS_V4_2/AI_SELECTED_V4_2_24/04_HORIZONTALS/JH02/14_EDITORIAL_M1/MOTION_DECISION.json
707	7.43	/Users/lordjef/Downloads/ABRAXAS_V4_2_24_CONTINUITY_MASTER_PACKAGE/DELIVERABLES/JOC55_ABRAXAS_V4_2_24_PREBUILT/09_MOTIONS_V4_2/AI_SELECTED_V4_2_24/04_HORIZONTALS/JH02/15_EDITORIAL_M1/02_PROMPT_ANIMAR_MOTION.txt
88	7.43	/Users/lordjef/Downloads/ABRAXAS_V4_2_24_CONTINUITY_MASTER_PACKAGE/DELIVERABLES/JOC55_ABRAXAS_V4_2_24_PREBUILT/09_MOTIONS_V4_2/AI_SELECTED_V4_2_24/04_HORIZONTALS/JH02/15_EDITORIAL_M1/20_MOTION_FINAL/COLOCAR_AQUI_MOTION_FINAL.txt
1435	7.43	/Users/lordjef/Downloads/ABRAXAS_V4_2_24_CONTINUITY_MASTER_PACKAGE/DELIVERABLES/JOC55_ABRAXAS_V4_2_24_PREBUILT/09_MOTIONS_V4_2/AI_SELECTED_V4_2_24/04_HORIZONTALS/JH02/15_EDITORIAL_M1/MOTION_DECISION.json
755	7.43	/Users/lordjef/Downloads/ABRAXAS_V4_2_24_CONTINUITY_MASTER_PACKAGE/DELIVERABLES/JOC55_ABRAXAS_V4_2_24_PREBUILT/09_MOTIONS_V4_2/AI_SELECTED_V4_2_24/04_HORIZONTALS/JH02/16_EDITORIAL_M4/02_PROMPT_ANIMAR_MOTION.txt
88	7.43	/Users/lordjef/Downloads/ABRAXAS_V4_2_24_CONTINUITY_MASTER_PACKAGE/DELIVERABLES/JOC55_ABRAXAS_V4_2_24_PREBUILT/09_MOTIONS_V4_2/AI_SELECTED_V4_2_24/04_HORIZONTALS/JH02/16_EDITORIAL_M4/20_MOTION_FINAL/COLOCAR_AQUI_MOTION_FINAL.txt
1434	7.43	/Users/lordjef/Downloads/ABRAXAS_V4_2_24_CONTINUITY_MASTER_PACKAGE/DELIVERABLES/JOC55_ABRAXAS_V4_2_24_PREBUILT/09_MOTIONS_V4_2/AI_SELECTED_V4_2_24/04_HORIZONTALS/JH02/16_EDITORIAL_M4/MOTION_DECISION.json
648	7.43	/Users/lordjef/Downloads/ABRAXAS_V4_2_24_CONTINUITY_MASTER_PACKAGE/DELIVERABLES/JOC55_ABRAXAS_V4_2_24_PREBUILT/09_MOTIONS_V4_2/AI_SELECTED_V4_2_24/04_HORIZONTALS/JH02/17_EDITORIAL_M4/02_PROMPT_ANIMAR_MOTION.txt
88	7.43	/Users/lordjef/Downloads/ABRAXAS_V4_2_24_CONTINUITY_MASTER_PACKAGE/DELIVERABLES/JOC55_ABRAXAS_V4_2_24_PREBUILT/09_MOTIONS_V4_2/AI_SELECTED_V4_2_24/04_HORIZONTALS/JH02/17_EDITORIAL_M4/20_MOTION_FINAL/COLOCAR_AQUI_MOTION_FINAL.txt
1329	7.43	/Users/lordjef/Downloads/ABRAXAS_V4_2_24_CONTINUITY_MASTER_PACKAGE/DELIVERABLES/JOC55_ABRAXAS_V4_2_24_PREBUILT/09_MOTIONS_V4_2/AI_SELECTED_V4_2_24/04_HORIZONTALS/JH02/17_EDITORIAL_M4/MOTION_DECISION.json
776	7.43	/Users/lordjef/Downloads/ABRAXAS_V4_2_24_CONTINUITY_MASTER_PACKAGE/DELIVERABLES/JOC55_ABRAXAS_V4_2_24_PREBUILT/09_MOTIONS_V4_2/AI_SELECTED_V4_2_24/04_HORIZONTALS/JH02/18_EDITORIAL_M1/02_PROMPT_ANIMAR_MOTION.txt
88	7.43	/Users/lordjef/Downloads/ABRAXAS_V4_2_24_CONTINUITY_MASTER_PACKAGE/DELIVERABLES/JOC55_ABRAXAS_V4_2_24_PREBUILT/09_MOTIONS_V4_2/AI_SELECTED_V4_2_24/04_HORIZONTALS/JH02/18_EDITORIAL_M1/20_MOTION_FINAL/COLOCAR_AQUI_MOTION_FINAL.txt
1502	7.43	/Users/lordjef/Downloads/ABRAXAS_V4_2_24_CONTINUITY_MASTER_PACKAGE/DELIVERABLES/JOC55_ABRAXAS_V4_2_24_PREBUILT/09_MOTIONS_V4_2/AI_SELECTED_V4_2_24/04_HORIZONTALS/JH02/18_EDITORIAL_M1/MOTION_DECISION.json
710	7.43	/Users/lordjef/Downloads/ABRAXAS_V4_2_24_CONTINUITY_MASTER_PACKAGE/DELIVERABLES/JOC55_ABRAXAS_V4_2_24_PREBUILT/09_MOTIONS_V4_2/AI_SELECTED_V4_2_24/04_HORIZONTALS/JH02/19_EDITORIAL_M2/02_PROMPT_ANIMAR_MOTION.txt
431	7.43	/Users/lordjef/Downloads/ABRAXAS_V4_2_24_CONTINUITY_MASTER_PACKAGE/DELIVERABLES/JOC55_ABRAXAS_V4_2_24_PREBUILT/09_MOTIONS_V4_2/AI_SELECTED_V4_2_24/04_HORIZONTALS/JH02/19_EDITORIAL_M2/10_ASSETS/MOTION2_TEXT_SEGMENTS_EXACT.json
88	7.43	/Users/lordjef/Downloads/ABRAXAS_V4_2_24_CONTINUITY_MASTER_PACKAGE/DELIVERABLES/JOC55_ABRAXAS_V4_2_24_PREBUILT/09_MOTIONS_V4_2/AI_SELECTED_V4_2_24/04_HORIZONTALS/JH02/19_EDITORIAL_M2/20_MOTION_FINAL/COLOCAR_AQUI_MOTION_FINAL.txt
1554	7.43	/Users/lordjef/Downloads/ABRAXAS_V4_2_24_CONTINUITY_MASTER_PACKAGE/DELIVERABLES/JOC55_ABRAXAS_V4_2_24_PREBUILT/09_MOTIONS_V4_2/AI_SELECTED_V4_2_24/04_HORIZONTALS/JH02/19_EDITORIAL_M2/MOTION_DECISION.json
783	7.43	/Users/lordjef/Downloads/ABRAXAS_V4_2_24_CONTINUITY_MASTER_PACKAGE/DELIVERABLES/JOC55_ABRAXAS_V4_2_24_PREBUILT/09_MOTIONS_V4_2/AI_SELECTED_V4_2_24/04_HORIZONTALS/JH02/20_EDITORIAL_M1/02_PROMPT_ANIMAR_MOTION.txt
88	7.43	/Users/lordjef/Downloads/ABRAXAS_V4_2_24_CONTINUITY_MASTER_PACKAGE/DELIVERABLES/JOC55_ABRAXAS_V4_2_24_PREBUILT/09_MOTIONS_V4_2/AI_SELECTED_V4_2_24/04_HORIZONTALS/JH02/20_EDITORIAL_M1/20_MOTION_FINAL/COLOCAR_AQUI_MOTION_FINAL.txt
1513	7.43	/Users/lordjef/Downloads/ABRAXAS_V4_2_24_CONTINUITY_MASTER_PACKAGE/DELIVERABLES/JOC55_ABRAXAS_V4_2_24_PREBUILT/09_MOTIONS_V4_2/AI_SELECTED_V4_2_24/04_HORIZONTALS/JH02/20_EDITORIAL_M1/MOTION_DECISION.json
3595	7.43	/Users/lordjef/Downloads/ABRAXAS_V4_2_24_CONTINUITY_MASTER_PACKAGE/DELIVERABLES/JOC55_ABRAXAS_V4_2_24_PREBUILT/09_MOTIONS_V4_2/AI_SELECTED_V4_2_24/04_HORIZONTALS/JH03/00_MOTION_INDEX.json
667	7.43	/Users/lordjef/Downloads/ABRAXAS_V4_2_24_CONTINUITY_MASTER_PACKAGE/DELIVERABLES/JOC55_ABRAXAS_V4_2_24_PREBUILT/09_MOTIONS_V4_2/AI_SELECTED_V4_2_24/04_HORIZONTALS/JH03/01_EDITORIAL_M1/02_PROMPT_ANIMAR_MOTION.txt
88	7.43	/Users/lordjef/Downloads/ABRAXAS_V4_2_24_CONTINUITY_MASTER_PACKAGE/DELIVERABLES/JOC55_ABRAXAS_V4_2_24_PREBUILT/09_MOTIONS_V4_2/AI_SELECTED_V4_2_24/04_HORIZONTALS/JH03/01_EDITORIAL_M1/20_MOTION_FINAL/COLOCAR_AQUI_MOTION_FINAL.txt
1392	7.43	/Users/lordjef/Downloads/ABRAXAS_V4_2_24_CONTINUITY_MASTER_PACKAGE/DELIVERABLES/JOC55_ABRAXAS_V4_2_24_PREBUILT/09_MOTIONS_V4_2/AI_SELECTED_V4_2_24/04_HORIZONTALS/JH03/01_EDITORIAL_M1/MOTION_DECISION.json
719	7.43	/Users/lordjef/Downloads/ABRAXAS_V4_2_24_CONTINUITY_MASTER_PACKAGE/DELIVERABLES/JOC55_ABRAXAS_V4_2_24_PREBUILT/09_MOTIONS_V4_2/AI_SELECTED_V4_2_24/04_HORIZONTALS/JH03/02_EDITORIAL_M1/02_PROMPT_ANIMAR_MOTION.txt
88	7.43	/Users/lordjef/Downloads/ABRAXAS_V4_2_24_CONTINUITY_MASTER_PACKAGE/DELIVERABLES/JOC55_ABRAXAS_V4_2_24_PREBUILT/09_MOTIONS_V4_2/AI_SELECTED_V4_2_24/04_HORIZONTALS/JH03/02_EDITORIAL_M1/20_MOTION_FINAL/COLOCAR_AQUI_MOTION_FINAL.txt
1440	7.43	/Users/lordjef/Downloads/ABRAXAS_V4_2_24_CONTINUITY_MASTER_PACKAGE/DELIVERABLES/JOC55_ABRAXAS_V4_2_24_PREBUILT/09_MOTIONS_V4_2/AI_SELECTED_V4_2_24/04_HORIZONTALS/JH03/02_EDITORIAL_M1/MOTION_DECISION.json
740	7.43	/Users/lordjef/Downloads/ABRAXAS_V4_2_24_CONTINUITY_MASTER_PACKAGE/DELIVERABLES/JOC55_ABRAXAS_V4_2_24_PREBUILT/09_MOTIONS_V4_2/AI_SELECTED_V4_2_24/04_HORIZONTALS/JH03/03_EDITORIAL_M4/02_PROMPT_ANIMAR_MOTION.txt
88	7.43	/Users/lordjef/Downloads/ABRAXAS_V4_2_24_CONTINUITY_MASTER_PACKAGE/DELIVERABLES/JOC55_ABRAXAS_V4_2_24_PREBUILT/09_MOTIONS_V4_2/AI_SELECTED_V4_2_24/04_HORIZONTALS/JH03/03_EDITORIAL_M4/20_MOTION_FINAL/COLOCAR_AQUI_MOTION_FINAL.txt
1426	7.43	/Users/lordjef/Downloads/ABRAXAS_V4_2_24_CONTINUITY_MASTER_PACKAGE/DELIVERABLES/JOC55_ABRAXAS_V4_2_24_PREBUILT/09_MOTIONS_V4_2/AI_SELECTED_V4_2_24/04_HORIZONTALS/JH03/03_EDITORIAL_M4/MOTION_DECISION.json
721	7.43	/Users/lordjef/Downloads/ABRAXAS_V4_2_24_CONTINUITY_MASTER_PACKAGE/DELIVERABLES/JOC55_ABRAXAS_V4_2_24_PREBUILT/09_MOTIONS_V4_2/AI_SELECTED_V4_2_24/04_HORIZONTALS/JH03/04_EDITORIAL_M2/02_PROMPT_ANIMAR_MOTION.txt
464	7.43	/Users/lordjef/Downloads/ABRAXAS_V4_2_24_CONTINUITY_MASTER_PACKAGE/DELIVERABLES/JOC55_ABRAXAS_V4_2_24_PREBUILT/09_MOTIONS_V4_2/AI_SELECTED_V4_2_24/04_HORIZONTALS/JH03/04_EDITORIAL_M2/10_ASSETS/MOTION2_TEXT_SEGMENTS_EXACT.json
88	7.43	/Users/lordjef/Downloads/ABRAXAS_V4_2_24_CONTINUITY_MASTER_PACKAGE/DELIVERABLES/JOC55_ABRAXAS_V4_2_24_PREBUILT/09_MOTIONS_V4_2/AI_SELECTED_V4_2_24/04_HORIZONTALS/JH03/04_EDITORIAL_M2/20_MOTION_FINAL/COLOCAR_AQUI_MOTION_FINAL.txt
1561	7.43	/Users/lordjef/Downloads/ABRAXAS_V4_2_24_CONTINUITY_MASTER_PACKAGE/DELIVERABLES/JOC55_ABRAXAS_V4_2_24_PREBUILT/09_MOTIONS_V4_2/AI_SELECTED_V4_2_24/04_HORIZONTALS/JH03/04_EDITORIAL_M2/MOTION_DECISION.json
713	7.43	/Users/lordjef/Downloads/ABRAXAS_V4_2_24_CONTINUITY_MASTER_PACKAGE/DELIVERABLES/JOC55_ABRAXAS_V4_2_24_PREBUILT/09_MOTIONS_V4_2/AI_SELECTED_V4_2_24/04_HORIZONTALS/JH03/05_EDITORIAL_M1/02_PROMPT_ANIMAR_MOTION.txt
88	7.43	/Users/lordjef/Downloads/ABRAXAS_V4_2_24_CONTINUITY_MASTER_PACKAGE/DELIVERABLES/JOC55_ABRAXAS_V4_2_24_PREBUILT/09_MOTIONS_V4_2/AI_SELECTED_V4_2_24/04_HORIZONTALS/JH03/05_EDITORIAL_M1/20_MOTION_FINAL/COLOCAR_AQUI_MOTION_FINAL.txt
1446	7.43	/Users/lordjef/Downloads/ABRAXAS_V4_2_24_CONTINUITY_MASTER_PACKAGE/DELIVERABLES/JOC55_ABRAXAS_V4_2_24_PREBUILT/09_MOTIONS_V4_2/AI_SELECTED_V4_2_24/04_HORIZONTALS/JH03/05_EDITORIAL_M1/MOTION_DECISION.json
767	7.43	/Users/lordjef/Downloads/ABRAXAS_V4_2_24_CONTINUITY_MASTER_PACKAGE/DELIVERABLES/JOC55_ABRAXAS_V4_2_24_PREBUILT/09_MOTIONS_V4_2/AI_SELECTED_V4_2_24/04_HORIZONTALS/JH03/06_EDITORIAL_M1/02_PROMPT_ANIMAR_MOTION.txt
88	7.43	/Users/lordjef/Downloads/ABRAXAS_V4_2_24_CONTINUITY_MASTER_PACKAGE/DELIVERABLES/JOC55_ABRAXAS_V4_2_24_PREBUILT/09_MOTIONS_V4_2/AI_SELECTED_V4_2_24/04_HORIZONTALS/JH03/06_EDITORIAL_M1/20_MOTION_FINAL/COLOCAR_AQUI_MOTION_FINAL.txt
1500	7.43	/Users/lordjef/Downloads/ABRAXAS_V4_2_24_CONTINUITY_MASTER_PACKAGE/DELIVERABLES/JOC55_ABRAXAS_V4_2_24_PREBUILT/09_MOTIONS_V4_2/AI_SELECTED_V4_2_24/04_HORIZONTALS/JH03/06_EDITORIAL_M1/MOTION_DECISION.json
766	7.43	/Users/lordjef/Downloads/ABRAXAS_V4_2_24_CONTINUITY_MASTER_PACKAGE/DELIVERABLES/JOC55_ABRAXAS_V4_2_24_PREBUILT/09_MOTIONS_V4_2/AI_SELECTED_V4_2_24/04_HORIZONTALS/JH03/07_EDITORIAL_M2/02_PROMPT_ANIMAR_MOTION.txt
599	7.43	/Users/lordjef/Downloads/ABRAXAS_V4_2_24_CONTINUITY_MASTER_PACKAGE/DELIVERABLES/JOC55_ABRAXAS_V4_2_24_PREBUILT/09_MOTIONS_V4_2/AI_SELECTED_V4_2_24/04_HORIZONTALS/JH03/07_EDITORIAL_M2/10_ASSETS/MOTION2_TEXT_SEGMENTS_EXACT.json
88	7.43	/Users/lordjef/Downloads/ABRAXAS_V4_2_24_CONTINUITY_MASTER_PACKAGE/DELIVERABLES/JOC55_ABRAXAS_V4_2_24_PREBUILT/09_MOTIONS_V4_2/AI_SELECTED_V4_2_24/04_HORIZONTALS/JH03/07_EDITORIAL_M2/20_MOTION_FINAL/COLOCAR_AQUI_MOTION_FINAL.txt
1612	7.43	/Users/lordjef/Downloads/ABRAXAS_V4_2_24_CONTINUITY_MASTER_PACKAGE/DELIVERABLES/JOC55_ABRAXAS_V4_2_24_PREBUILT/09_MOTIONS_V4_2/AI_SELECTED_V4_2_24/04_HORIZONTALS/JH03/07_EDITORIAL_M2/MOTION_DECISION.json
744	7.43	/Users/lordjef/Downloads/ABRAXAS_V4_2_24_CONTINUITY_MASTER_PACKAGE/DELIVERABLES/JOC55_ABRAXAS_V4_2_24_PREBUILT/09_MOTIONS_V4_2/AI_SELECTED_V4_2_24/04_HORIZONTALS/JH03/08_EDITORIAL_M1/02_PROMPT_ANIMAR_MOTION.txt
88	7.43	/Users/lordjef/Downloads/ABRAXAS_V4_2_24_CONTINUITY_MASTER_PACKAGE/DELIVERABLES/JOC55_ABRAXAS_V4_2_24_PREBUILT/09_MOTIONS_V4_2/AI_SELECTED_V4_2_24/04_HORIZONTALS/JH03/08_EDITORIAL_M1/20_MOTION_FINAL/COLOCAR_AQUI_MOTION_FINAL.txt
1477	7.43	/Users/lordjef/Downloads/ABRAXAS_V4_2_24_CONTINUITY_MASTER_PACKAGE/DELIVERABLES/JOC55_ABRAXAS_V4_2_24_PREBUILT/09_MOTIONS_V4_2/AI_SELECTED_V4_2_24/04_HORIZONTALS/JH03/08_EDITORIAL_M1/MOTION_DECISION.json
744	7.43	/Users/lordjef/Downloads/ABRAXAS_V4_2_24_CONTINUITY_MASTER_PACKAGE/DELIVERABLES/JOC55_ABRAXAS_V4_2_24_PREBUILT/09_MOTIONS_V4_2/AI_SELECTED_V4_2_24/04_HORIZONTALS/JH03/09_EDITORIAL_M1/02_PROMPT_ANIMAR_MOTION.txt
88	7.43	/Users/lordjef/Downloads/ABRAXAS_V4_2_24_CONTINUITY_MASTER_PACKAGE/DELIVERABLES/JOC55_ABRAXAS_V4_2_24_PREBUILT/09_MOTIONS_V4_2/AI_SELECTED_V4_2_24/04_HORIZONTALS/JH03/09_EDITORIAL_M1/20_MOTION_FINAL/COLOCAR_AQUI_MOTION_FINAL.txt
1467	7.43	/Users/lordjef/Downloads/ABRAXAS_V4_2_24_CONTINUITY_MASTER_PACKAGE/DELIVERABLES/JOC55_ABRAXAS_V4_2_24_PREBUILT/09_MOTIONS_V4_2/AI_SELECTED_V4_2_24/04_HORIZONTALS/JH03/09_EDITORIAL_M1/MOTION_DECISION.json
774	7.43	/Users/lordjef/Downloads/ABRAXAS_V4_2_24_CONTINUITY_MASTER_PACKAGE/DELIVERABLES/JOC55_ABRAXAS_V4_2_24_PREBUILT/09_MOTIONS_V4_2/AI_SELECTED_V4_2_24/04_HORIZONTALS/JH03/10_EDITORIAL_M1/02_PROMPT_ANIMAR_MOTION.txt
88	7.43	/Users/lordjef/Downloads/ABRAXAS_V4_2_24_CONTINUITY_MASTER_PACKAGE/DELIVERABLES/JOC55_ABRAXAS_V4_2_24_PREBUILT/09_MOTIONS_V4_2/AI_SELECTED_V4_2_24/04_HORIZONTALS/JH03/10_EDITORIAL_M1/20_MOTION_FINAL/COLOCAR_AQUI_MOTION_FINAL.txt
1500	7.43	/Users/lordjef/Downloads/ABRAXAS_V4_2_24_CONTINUITY_MASTER_PACKAGE/DELIVERABLES/JOC55_ABRAXAS_V4_2_24_PREBUILT/09_MOTIONS_V4_2/AI_SELECTED_V4_2_24/04_HORIZONTALS/JH03/10_EDITORIAL_M1/MOTION_DECISION.json
765	7.43	/Users/lordjef/Downloads/ABRAXAS_V4_2_24_CONTINUITY_MASTER_PACKAGE/DELIVERABLES/JOC55_ABRAXAS_V4_2_24_PREBUILT/09_MOTIONS_V4_2/AI_SELECTED_V4_2_24/04_HORIZONTALS/JH03/11_EDITORIAL_M4/02_PROMPT_ANIMAR_MOTION.txt
88	7.43	/Users/lordjef/Downloads/ABRAXAS_V4_2_24_CONTINUITY_MASTER_PACKAGE/DELIVERABLES/JOC55_ABRAXAS_V4_2_24_PREBUILT/09_MOTIONS_V4_2/AI_SELECTED_V4_2_24/04_HORIZONTALS/JH03/11_EDITORIAL_M4/20_MOTION_FINAL/COLOCAR_AQUI_MOTION_FINAL.txt
1452	7.43	/Users/lordjef/Downloads/ABRAXAS_V4_2_24_CONTINUITY_MASTER_PACKAGE/DELIVERABLES/JOC55_ABRAXAS_V4_2_24_PREBUILT/09_MOTIONS_V4_2/AI_SELECTED_V4_2_24/04_HORIZONTALS/JH03/11_EDITORIAL_M4/MOTION_DECISION.json
710	7.43	/Users/lordjef/Downloads/ABRAXAS_V4_2_24_CONTINUITY_MASTER_PACKAGE/DELIVERABLES/JOC55_ABRAXAS_V4_2_24_PREBUILT/09_MOTIONS_V4_2/AI_SELECTED_V4_2_24/04_HORIZONTALS/JH03/12_EDITORIAL_M1/02_PROMPT_ANIMAR_MOTION.txt
88	7.43	/Users/lordjef/Downloads/ABRAXAS_V4_2_24_CONTINUITY_MASTER_PACKAGE/DELIVERABLES/JOC55_ABRAXAS_V4_2_24_PREBUILT/09_MOTIONS_V4_2/AI_SELECTED_V4_2_24/04_HORIZONTALS/JH03/12_EDITORIAL_M1/20_MOTION_FINAL/COLOCAR_AQUI_MOTION_FINAL.txt
1446	7.43	/Users/lordjef/Downloads/ABRAXAS_V4_2_24_CONTINUITY_MASTER_PACKAGE/DELIVERABLES/JOC55_ABRAXAS_V4_2_24_PREBUILT/09_MOTIONS_V4_2/AI_SELECTED_V4_2_24/04_HORIZONTALS/JH03/12_EDITORIAL_M1/MOTION_DECISION.json
788	7.43	/Users/lordjef/Downloads/ABRAXAS_V4_2_24_CONTINUITY_MASTER_PACKAGE/DELIVERABLES/JOC55_ABRAXAS_V4_2_24_PREBUILT/09_MOTIONS_V4_2/AI_SELECTED_V4_2_24/04_HORIZONTALS/JH03/13_EDITORIAL_M1/02_PROMPT_ANIMAR_MOTION.txt
88	7.43	/Users/lordjef/Downloads/ABRAXAS_V4_2_24_CONTINUITY_MASTER_PACKAGE/DELIVERABLES/JOC55_ABRAXAS_V4_2_24_PREBUILT/09_MOTIONS_V4_2/AI_SELECTED_V4_2_24/04_HORIZONTALS/JH03/13_EDITORIAL_M1/20_MOTION_FINAL/COLOCAR_AQUI_MOTION_FINAL.txt
1512	7.43	/Users/lordjef/Downloads/ABRAXAS_V4_2_24_CONTINUITY_MASTER_PACKAGE/DELIVERABLES/JOC55_ABRAXAS_V4_2_24_PREBUILT/09_MOTIONS_V4_2/AI_SELECTED_V4_2_24/04_HORIZONTALS/JH03/13_EDITORIAL_M1/MOTION_DECISION.json
668	7.43	/Users/lordjef/Downloads/ABRAXAS_V4_2_24_CONTINUITY_MASTER_PACKAGE/DELIVERABLES/JOC55_ABRAXAS_V4_2_24_PREBUILT/09_MOTIONS_V4_2/AI_SELECTED_V4_2_24/04_HORIZONTALS/JH03/14_EDITORIAL_M1/02_PROMPT_ANIMAR_MOTION.txt
88	7.43	/Users/lordjef/Downloads/ABRAXAS_V4_2_24_CONTINUITY_MASTER_PACKAGE/DELIVERABLES/JOC55_ABRAXAS_V4_2_24_PREBUILT/09_MOTIONS_V4_2/AI_SELECTED_V4_2_24/04_HORIZONTALS/JH03/14_EDITORIAL_M1/20_MOTION_FINAL/COLOCAR_AQUI_MOTION_FINAL.txt
1406	7.43	/Users/lordjef/Downloads/ABRAXAS_V4_2_24_CONTINUITY_MASTER_PACKAGE/DELIVERABLES/JOC55_ABRAXAS_V4_2_24_PREBUILT/09_MOTIONS_V4_2/AI_SELECTED_V4_2_24/04_HORIZONTALS/JH03/14_EDITORIAL_M1/MOTION_DECISION.json
747	7.43	/Users/lordjef/Downloads/ABRAXAS_V4_2_24_CONTINUITY_MASTER_PACKAGE/DELIVERABLES/JOC55_ABRAXAS_V4_2_24_PREBUILT/09_MOTIONS_V4_2/AI_SELECTED_V4_2_24/04_HORIZONTALS/JH03/15_EDITORIAL_M3/02_PROMPT_ANIMAR_MOTION.txt
88	7.43	/Users/lordjef/Downloads/ABRAXAS_V4_2_24_CONTINUITY_MASTER_PACKAGE/DELIVERABLES/JOC55_ABRAXAS_V4_2_24_PREBUILT/09_MOTIONS_V4_2/AI_SELECTED_V4_2_24/04_HORIZONTALS/JH03/15_EDITORIAL_M3/20_MOTION_FINAL/COLOCAR_AQUI_MOTION_FINAL.txt
1459	7.43	/Users/lordjef/Downloads/ABRAXAS_V4_2_24_CONTINUITY_MASTER_PACKAGE/DELIVERABLES/JOC55_ABRAXAS_V4_2_24_PREBUILT/09_MOTIONS_V4_2/AI_SELECTED_V4_2_24/04_HORIZONTALS/JH03/15_EDITORIAL_M3/MOTION_DECISION.json
774	7.43	/Users/lordjef/Downloads/ABRAXAS_V4_2_24_CONTINUITY_MASTER_PACKAGE/DELIVERABLES/JOC55_ABRAXAS_V4_2_24_PREBUILT/09_MOTIONS_V4_2/AI_SELECTED_V4_2_24/04_HORIZONTALS/JH03/16_EDITORIAL_M1/02_PROMPT_ANIMAR_MOTION.txt
88	7.43	/Users/lordjef/Downloads/ABRAXAS_V4_2_24_CONTINUITY_MASTER_PACKAGE/DELIVERABLES/JOC55_ABRAXAS_V4_2_24_PREBUILT/09_MOTIONS_V4_2/AI_SELECTED_V4_2_24/04_HORIZONTALS/JH03/16_EDITORIAL_M1/20_MOTION_FINAL/COLOCAR_AQUI_MOTION_FINAL.txt
1508	7.43	/Users/lordjef/Downloads/ABRAXAS_V4_2_24_CONTINUITY_MASTER_PACKAGE/DELIVERABLES/JOC55_ABRAXAS_V4_2_24_PREBUILT/09_MOTIONS_V4_2/AI_SELECTED_V4_2_24/04_HORIZONTALS/JH03/16_EDITORIAL_M1/MOTION_DECISION.json
764	7.43	/Users/lordjef/Downloads/ABRAXAS_V4_2_24_CONTINUITY_MASTER_PACKAGE/DELIVERABLES/JOC55_ABRAXAS_V4_2_24_PREBUILT/09_MOTIONS_V4_2/AI_SELECTED_V4_2_24/04_HORIZONTALS/JH03/17_EDITORIAL_M1/02_PROMPT_ANIMAR_MOTION.txt
88	7.43	/Users/lordjef/Downloads/ABRAXAS_V4_2_24_CONTINUITY_MASTER_PACKAGE/DELIVERABLES/JOC55_ABRAXAS_V4_2_24_PREBUILT/09_MOTIONS_V4_2/AI_SELECTED_V4_2_24/04_HORIZONTALS/JH03/17_EDITORIAL_M1/20_MOTION_FINAL/COLOCAR_AQUI_MOTION_FINAL.txt
1490	7.43	/Users/lordjef/Downloads/ABRAXAS_V4_2_24_CONTINUITY_MASTER_PACKAGE/DELIVERABLES/JOC55_ABRAXAS_V4_2_24_PREBUILT/09_MOTIONS_V4_2/AI_SELECTED_V4_2_24/04_HORIZONTALS/JH03/17_EDITORIAL_M1/MOTION_DECISION.json
755	7.43	/Users/lordjef/Downloads/ABRAXAS_V4_2_24_CONTINUITY_MASTER_PACKAGE/DELIVERABLES/JOC55_ABRAXAS_V4_2_24_PREBUILT/09_MOTIONS_V4_2/AI_SELECTED_V4_2_24/04_HORIZONTALS/JH03/18_EDITORIAL_M3/02_PROMPT_ANIMAR_MOTION.txt
88	7.43	/Users/lordjef/Downloads/ABRAXAS_V4_2_24_CONTINUITY_MASTER_PACKAGE/DELIVERABLES/JOC55_ABRAXAS_V4_2_24_PREBUILT/09_MOTIONS_V4_2/AI_SELECTED_V4_2_24/04_HORIZONTALS/JH03/18_EDITORIAL_M3/20_MOTION_FINAL/COLOCAR_AQUI_MOTION_FINAL.txt
1459	7.43	/Users/lordjef/Downloads/ABRAXAS_V4_2_24_CONTINUITY_MASTER_PACKAGE/DELIVERABLES/JOC55_ABRAXAS_V4_2_24_PREBUILT/09_MOTIONS_V4_2/AI_SELECTED_V4_2_24/04_HORIZONTALS/JH03/18_EDITORIAL_M3/MOTION_DECISION.json
3981	7.43	/Users/lordjef/Downloads/ABRAXAS_V4_2_24_CONTINUITY_MASTER_PACKAGE/DELIVERABLES/JOC55_ABRAXAS_V4_2_24_PREBUILT/09_MOTIONS_V4_2/AI_SELECTED_V4_2_24/04_HORIZONTALS/JH04/00_MOTION_INDEX.json
733	7.43	/Users/lordjef/Downloads/ABRAXAS_V4_2_24_CONTINUITY_MASTER_PACKAGE/DELIVERABLES/JOC55_ABRAXAS_V4_2_24_PREBUILT/09_MOTIONS_V4_2/AI_SELECTED_V4_2_24/04_HORIZONTALS/JH04/01_EDITORIAL_M4/02_PROMPT_ANIMAR_MOTION.txt
88	7.43	/Users/lordjef/Downloads/ABRAXAS_V4_2_24_CONTINUITY_MASTER_PACKAGE/DELIVERABLES/JOC55_ABRAXAS_V4_2_24_PREBUILT/09_MOTIONS_V4_2/AI_SELECTED_V4_2_24/04_HORIZONTALS/JH04/01_EDITORIAL_M4/20_MOTION_FINAL/COLOCAR_AQUI_MOTION_FINAL.txt
1417	7.43	/Users/lordjef/Downloads/ABRAXAS_V4_2_24_CONTINUITY_MASTER_PACKAGE/DELIVERABLES/JOC55_ABRAXAS_V4_2_24_PREBUILT/09_MOTIONS_V4_2/AI_SELECTED_V4_2_24/04_HORIZONTALS/JH04/01_EDITORIAL_M4/MOTION_DECISION.json
685	7.43	/Users/lordjef/Downloads/ABRAXAS_V4_2_24_CONTINUITY_MASTER_PACKAGE/DELIVERABLES/JOC55_ABRAXAS_V4_2_24_PREBUILT/09_MOTIONS_V4_2/AI_SELECTED_V4_2_24/04_HORIZONTALS/JH04/02_EDITORIAL_M1/02_PROMPT_ANIMAR_MOTION.txt
88	7.43	/Users/lordjef/Downloads/ABRAXAS_V4_2_24_CONTINUITY_MASTER_PACKAGE/DELIVERABLES/JOC55_ABRAXAS_V4_2_24_PREBUILT/09_MOTIONS_V4_2/AI_SELECTED_V4_2_24/04_HORIZONTALS/JH04/02_EDITORIAL_M1/20_MOTION_FINAL/COLOCAR_AQUI_MOTION_FINAL.txt
1419	7.43	/Users/lordjef/Downloads/ABRAXAS_V4_2_24_CONTINUITY_MASTER_PACKAGE/DELIVERABLES/JOC55_ABRAXAS_V4_2_24_PREBUILT/09_MOTIONS_V4_2/AI_SELECTED_V4_2_24/04_HORIZONTALS/JH04/02_EDITORIAL_M1/MOTION_DECISION.json
743	7.43	/Users/lordjef/Downloads/ABRAXAS_V4_2_24_CONTINUITY_MASTER_PACKAGE/DELIVERABLES/JOC55_ABRAXAS_V4_2_24_PREBUILT/09_MOTIONS_V4_2/AI_SELECTED_V4_2_24/04_HORIZONTALS/JH04/03_EDITORIAL_M1/02_PROMPT_ANIMAR_MOTION.txt
88	7.43	/Users/lordjef/Downloads/ABRAXAS_V4_2_24_CONTINUITY_MASTER_PACKAGE/DELIVERABLES/JOC55_ABRAXAS_V4_2_24_PREBUILT/09_MOTIONS_V4_2/AI_SELECTED_V4_2_24/04_HORIZONTALS/JH04/03_EDITORIAL_M1/20_MOTION_FINAL/COLOCAR_AQUI_MOTION_FINAL.txt
1477	7.43	/Users/lordjef/Downloads/ABRAXAS_V4_2_24_CONTINUITY_MASTER_PACKAGE/DELIVERABLES/JOC55_ABRAXAS_V4_2_24_PREBUILT/09_MOTIONS_V4_2/AI_SELECTED_V4_2_24/04_HORIZONTALS/JH04/03_EDITORIAL_M1/MOTION_DECISION.json
691	7.43	/Users/lordjef/Downloads/ABRAXAS_V4_2_24_CONTINUITY_MASTER_PACKAGE/DELIVERABLES/JOC55_ABRAXAS_V4_2_24_PREBUILT/09_MOTIONS_V4_2/AI_SELECTED_V4_2_24/04_HORIZONTALS/JH04/04_EDITORIAL_M4/02_PROMPT_ANIMAR_MOTION.txt
88	7.43	/Users/lordjef/Downloads/ABRAXAS_V4_2_24_CONTINUITY_MASTER_PACKAGE/DELIVERABLES/JOC55_ABRAXAS_V4_2_24_PREBUILT/09_MOTIONS_V4_2/AI_SELECTED_V4_2_24/04_HORIZONTALS/JH04/04_EDITORIAL_M4/20_MOTION_FINAL/COLOCAR_AQUI_MOTION_FINAL.txt
1378	7.43	/Users/lordjef/Downloads/ABRAXAS_V4_2_24_CONTINUITY_MASTER_PACKAGE/DELIVERABLES/JOC55_ABRAXAS_V4_2_24_PREBUILT/09_MOTIONS_V4_2/AI_SELECTED_V4_2_24/04_HORIZONTALS/JH04/04_EDITORIAL_M4/MOTION_DECISION.json
748	7.43	/Users/lordjef/Downloads/ABRAXAS_V4_2_24_CONTINUITY_MASTER_PACKAGE/DELIVERABLES/JOC55_ABRAXAS_V4_2_24_PREBUILT/09_MOTIONS_V4_2/AI_SELECTED_V4_2_24/04_HORIZONTALS/JH04/05_EDITORIAL_M1/02_PROMPT_ANIMAR_MOTION.txt
88	7.43	/Users/lordjef/Downloads/ABRAXAS_V4_2_24_CONTINUITY_MASTER_PACKAGE/DELIVERABLES/JOC55_ABRAXAS_V4_2_24_PREBUILT/09_MOTIONS_V4_2/AI_SELECTED_V4_2_24/04_HORIZONTALS/JH04/05_EDITORIAL_M1/20_MOTION_FINAL/COLOCAR_AQUI_MOTION_FINAL.txt
1483	7.43	/Users/lordjef/Downloads/ABRAXAS_V4_2_24_CONTINUITY_MASTER_PACKAGE/DELIVERABLES/JOC55_ABRAXAS_V4_2_24_PREBUILT/09_MOTIONS_V4_2/AI_SELECTED_V4_2_24/04_HORIZONTALS/JH04/05_EDITORIAL_M1/MOTION_DECISION.json
679	7.43	/Users/lordjef/Downloads/ABRAXAS_V4_2_24_CONTINUITY_MASTER_PACKAGE/DELIVERABLES/JOC55_ABRAXAS_V4_2_24_PREBUILT/09_MOTIONS_V4_2/AI_SELECTED_V4_2_24/04_HORIZONTALS/JH04/06_EDITORIAL_M1/02_PROMPT_ANIMAR_MOTION.txt
88	7.43	/Users/lordjef/Downloads/ABRAXAS_V4_2_24_CONTINUITY_MASTER_PACKAGE/DELIVERABLES/JOC55_ABRAXAS_V4_2_24_PREBUILT/09_MOTIONS_V4_2/AI_SELECTED_V4_2_24/04_HORIZONTALS/JH04/06_EDITORIAL_M1/20_MOTION_FINAL/COLOCAR_AQUI_MOTION_FINAL.txt
1404	7.43	/Users/lordjef/Downloads/ABRAXAS_V4_2_24_CONTINUITY_MASTER_PACKAGE/DELIVERABLES/JOC55_ABRAXAS_V4_2_24_PREBUILT/09_MOTIONS_V4_2/AI_SELECTED_V4_2_24/04_HORIZONTALS/JH04/06_EDITORIAL_M1/MOTION_DECISION.json
708	7.43	/Users/lordjef/Downloads/ABRAXAS_V4_2_24_CONTINUITY_MASTER_PACKAGE/DELIVERABLES/JOC55_ABRAXAS_V4_2_24_PREBUILT/09_MOTIONS_V4_2/AI_SELECTED_V4_2_24/04_HORIZONTALS/JH04/07_EDITORIAL_M1/02_PROMPT_ANIMAR_MOTION.txt
88	7.43	/Users/lordjef/Downloads/ABRAXAS_V4_2_24_CONTINUITY_MASTER_PACKAGE/DELIVERABLES/JOC55_ABRAXAS_V4_2_24_PREBUILT/09_MOTIONS_V4_2/AI_SELECTED_V4_2_24/04_HORIZONTALS/JH04/07_EDITORIAL_M1/20_MOTION_FINAL/COLOCAR_AQUI_MOTION_FINAL.txt
1431	7.43	/Users/lordjef/Downloads/ABRAXAS_V4_2_24_CONTINUITY_MASTER_PACKAGE/DELIVERABLES/JOC55_ABRAXAS_V4_2_24_PREBUILT/09_MOTIONS_V4_2/AI_SELECTED_V4_2_24/04_HORIZONTALS/JH04/07_EDITORIAL_M1/MOTION_DECISION.json
687	7.43	/Users/lordjef/Downloads/ABRAXAS_V4_2_24_CONTINUITY_MASTER_PACKAGE/DELIVERABLES/JOC55_ABRAXAS_V4_2_24_PREBUILT/09_MOTIONS_V4_2/AI_SELECTED_V4_2_24/04_HORIZONTALS/JH04/08_EDITORIAL_M6/02_PROMPT_ANIMAR_MOTION.txt
88	7.43	/Users/lordjef/Downloads/ABRAXAS_V4_2_24_CONTINUITY_MASTER_PACKAGE/DELIVERABLES/JOC55_ABRAXAS_V4_2_24_PREBUILT/09_MOTIONS_V4_2/AI_SELECTED_V4_2_24/04_HORIZONTALS/JH04/08_EDITORIAL_M6/20_MOTION_FINAL/COLOCAR_AQUI_MOTION_FINAL.txt
1397	7.43	/Users/lordjef/Downloads/ABRAXAS_V4_2_24_CONTINUITY_MASTER_PACKAGE/DELIVERABLES/JOC55_ABRAXAS_V4_2_24_PREBUILT/09_MOTIONS_V4_2/AI_SELECTED_V4_2_24/04_HORIZONTALS/JH04/08_EDITORIAL_M6/MOTION_DECISION.json
714	7.43	/Users/lordjef/Downloads/ABRAXAS_V4_2_24_CONTINUITY_MASTER_PACKAGE/DELIVERABLES/JOC55_ABRAXAS_V4_2_24_PREBUILT/09_MOTIONS_V4_2/AI_SELECTED_V4_2_24/04_HORIZONTALS/JH04/09_EDITORIAL_M6/02_PROMPT_ANIMAR_MOTION.txt
88	7.43	/Users/lordjef/Downloads/ABRAXAS_V4_2_24_CONTINUITY_MASTER_PACKAGE/DELIVERABLES/JOC55_ABRAXAS_V4_2_24_PREBUILT/09_MOTIONS_V4_2/AI_SELECTED_V4_2_24/04_HORIZONTALS/JH04/09_EDITORIAL_M6/20_MOTION_FINAL/COLOCAR_AQUI_MOTION_FINAL.txt
1432	7.43	/Users/lordjef/Downloads/ABRAXAS_V4_2_24_CONTINUITY_MASTER_PACKAGE/DELIVERABLES/JOC55_ABRAXAS_V4_2_24_PREBUILT/09_MOTIONS_V4_2/AI_SELECTED_V4_2_24/04_HORIZONTALS/JH04/09_EDITORIAL_M6/MOTION_DECISION.json
781	7.43	/Users/lordjef/Downloads/ABRAXAS_V4_2_24_CONTINUITY_MASTER_PACKAGE/DELIVERABLES/JOC55_ABRAXAS_V4_2_24_PREBUILT/09_MOTIONS_V4_2/AI_SELECTED_V4_2_24/04_HORIZONTALS/JH04/10_EDITORIAL_M1/02_PROMPT_ANIMAR_MOTION.txt
88	7.43	/Users/lordjef/Downloads/ABRAXAS_V4_2_24_CONTINUITY_MASTER_PACKAGE/DELIVERABLES/JOC55_ABRAXAS_V4_2_24_PREBUILT/09_MOTIONS_V4_2/AI_SELECTED_V4_2_24/04_HORIZONTALS/JH04/10_EDITORIAL_M1/20_MOTION_FINAL/COLOCAR_AQUI_MOTION_FINAL.txt
1515	7.43	/Users/lordjef/Downloads/ABRAXAS_V4_2_24_CONTINUITY_MASTER_PACKAGE/DELIVERABLES/JOC55_ABRAXAS_V4_2_24_PREBUILT/09_MOTIONS_V4_2/AI_SELECTED_V4_2_24/04_HORIZONTALS/JH04/10_EDITORIAL_M1/MOTION_DECISION.json
635	7.43	/Users/lordjef/Downloads/ABRAXAS_V4_2_24_CONTINUITY_MASTER_PACKAGE/DELIVERABLES/JOC55_ABRAXAS_V4_2_24_PREBUILT/09_MOTIONS_V4_2/AI_SELECTED_V4_2_24/04_HORIZONTALS/JH04/11_EDITORIAL_M3/02_PROMPT_ANIMAR_MOTION.txt
88	7.43	/Users/lordjef/Downloads/ABRAXAS_V4_2_24_CONTINUITY_MASTER_PACKAGE/DELIVERABLES/JOC55_ABRAXAS_V4_2_24_PREBUILT/09_MOTIONS_V4_2/AI_SELECTED_V4_2_24/04_HORIZONTALS/JH04/11_EDITORIAL_M3/20_MOTION_FINAL/COLOCAR_AQUI_MOTION_FINAL.txt
1351	7.43	/Users/lordjef/Downloads/ABRAXAS_V4_2_24_CONTINUITY_MASTER_PACKAGE/DELIVERABLES/JOC55_ABRAXAS_V4_2_24_PREBUILT/09_MOTIONS_V4_2/AI_SELECTED_V4_2_24/04_HORIZONTALS/JH04/11_EDITORIAL_M3/MOTION_DECISION.json
710	7.43	/Users/lordjef/Downloads/ABRAXAS_V4_2_24_CONTINUITY_MASTER_PACKAGE/DELIVERABLES/JOC55_ABRAXAS_V4_2_24_PREBUILT/09_MOTIONS_V4_2/AI_SELECTED_V4_2_24/04_HORIZONTALS/JH04/12_EDITORIAL_M1/02_PROMPT_ANIMAR_MOTION.txt
88	7.43	/Users/lordjef/Downloads/ABRAXAS_V4_2_24_CONTINUITY_MASTER_PACKAGE/DELIVERABLES/JOC55_ABRAXAS_V4_2_24_PREBUILT/09_MOTIONS_V4_2/AI_SELECTED_V4_2_24/04_HORIZONTALS/JH04/12_EDITORIAL_M1/20_MOTION_FINAL/COLOCAR_AQUI_MOTION_FINAL.txt
1446	7.43	/Users/lordjef/Downloads/ABRAXAS_V4_2_24_CONTINUITY_MASTER_PACKAGE/DELIVERABLES/JOC55_ABRAXAS_V4_2_24_PREBUILT/09_MOTIONS_V4_2/AI_SELECTED_V4_2_24/04_HORIZONTALS/JH04/12_EDITORIAL_M1/MOTION_DECISION.json
760	7.43	/Users/lordjef/Downloads/ABRAXAS_V4_2_24_CONTINUITY_MASTER_PACKAGE/DELIVERABLES/JOC55_ABRAXAS_V4_2_24_PREBUILT/09_MOTIONS_V4_2/AI_SELECTED_V4_2_24/04_HORIZONTALS/JH04/13_EDITORIAL_M1/02_PROMPT_ANIMAR_MOTION.txt
88	7.43	/Users/lordjef/Downloads/ABRAXAS_V4_2_24_CONTINUITY_MASTER_PACKAGE/DELIVERABLES/JOC55_ABRAXAS_V4_2_24_PREBUILT/09_MOTIONS_V4_2/AI_SELECTED_V4_2_24/04_HORIZONTALS/JH04/13_EDITORIAL_M1/20_MOTION_FINAL/COLOCAR_AQUI_MOTION_FINAL.txt
1496	7.43	/Users/lordjef/Downloads/ABRAXAS_V4_2_24_CONTINUITY_MASTER_PACKAGE/DELIVERABLES/JOC55_ABRAXAS_V4_2_24_PREBUILT/09_MOTIONS_V4_2/AI_SELECTED_V4_2_24/04_HORIZONTALS/JH04/13_EDITORIAL_M1/MOTION_DECISION.json
766	7.43	/Users/lordjef/Downloads/ABRAXAS_V4_2_24_CONTINUITY_MASTER_PACKAGE/DELIVERABLES/JOC55_ABRAXAS_V4_2_24_PREBUILT/09_MOTIONS_V4_2/AI_SELECTED_V4_2_24/04_HORIZONTALS/JH04/14_EDITORIAL_M4/02_PROMPT_ANIMAR_MOTION.txt
88	7.43	/Users/lordjef/Downloads/ABRAXAS_V4_2_24_CONTINUITY_MASTER_PACKAGE/DELIVERABLES/JOC55_ABRAXAS_V4_2_24_PREBUILT/09_MOTIONS_V4_2/AI_SELECTED_V4_2_24/04_HORIZONTALS/JH04/14_EDITORIAL_M4/20_MOTION_FINAL/COLOCAR_AQUI_MOTION_FINAL.txt
1453	7.43	/Users/lordjef/Downloads/ABRAXAS_V4_2_24_CONTINUITY_MASTER_PACKAGE/DELIVERABLES/JOC55_ABRAXAS_V4_2_24_PREBUILT/09_MOTIONS_V4_2/AI_SELECTED_V4_2_24/04_HORIZONTALS/JH04/14_EDITORIAL_M4/MOTION_DECISION.json
713	7.43	/Users/lordjef/Downloads/ABRAXAS_V4_2_24_CONTINUITY_MASTER_PACKAGE/DELIVERABLES/JOC55_ABRAXAS_V4_2_24_PREBUILT/09_MOTIONS_V4_2/AI_SELECTED_V4_2_24/04_HORIZONTALS/JH04/15_EDITORIAL_M1/02_PROMPT_ANIMAR_MOTION.txt
88	7.43	/Users/lordjef/Downloads/ABRAXAS_V4_2_24_CONTINUITY_MASTER_PACKAGE/DELIVERABLES/JOC55_ABRAXAS_V4_2_24_PREBUILT/09_MOTIONS_V4_2/AI_SELECTED_V4_2_24/04_HORIZONTALS/JH04/15_EDITORIAL_M1/20_MOTION_FINAL/COLOCAR_AQUI_MOTION_FINAL.txt
1451	7.43	/Users/lordjef/Downloads/ABRAXAS_V4_2_24_CONTINUITY_MASTER_PACKAGE/DELIVERABLES/JOC55_ABRAXAS_V4_2_24_PREBUILT/09_MOTIONS_V4_2/AI_SELECTED_V4_2_24/04_HORIZONTALS/JH04/15_EDITORIAL_M1/MOTION_DECISION.json
737	7.43	/Users/lordjef/Downloads/ABRAXAS_V4_2_24_CONTINUITY_MASTER_PACKAGE/DELIVERABLES/JOC55_ABRAXAS_V4_2_24_PREBUILT/09_MOTIONS_V4_2/AI_SELECTED_V4_2_24/04_HORIZONTALS/JH04/16_EDITORIAL_M1/02_PROMPT_ANIMAR_MOTION.txt
88	7.43	/Users/lordjef/Downloads/ABRAXAS_V4_2_24_CONTINUITY_MASTER_PACKAGE/DELIVERABLES/JOC55_ABRAXAS_V4_2_24_PREBUILT/09_MOTIONS_V4_2/AI_SELECTED_V4_2_24/04_HORIZONTALS/JH04/16_EDITORIAL_M1/20_MOTION_FINAL/COLOCAR_AQUI_MOTION_FINAL.txt
1471	7.43	/Users/lordjef/Downloads/ABRAXAS_V4_2_24_CONTINUITY_MASTER_PACKAGE/DELIVERABLES/JOC55_ABRAXAS_V4_2_24_PREBUILT/09_MOTIONS_V4_2/AI_SELECTED_V4_2_24/04_HORIZONTALS/JH04/16_EDITORIAL_M1/MOTION_DECISION.json
733	7.43	/Users/lordjef/Downloads/ABRAXAS_V4_2_24_CONTINUITY_MASTER_PACKAGE/DELIVERABLES/JOC55_ABRAXAS_V4_2_24_PREBUILT/09_MOTIONS_V4_2/AI_SELECTED_V4_2_24/04_HORIZONTALS/JH04/17_EDITORIAL_M1/02_PROMPT_ANIMAR_MOTION.txt
88	7.43	/Users/lordjef/Downloads/ABRAXAS_V4_2_24_CONTINUITY_MASTER_PACKAGE/DELIVERABLES/JOC55_ABRAXAS_V4_2_24_PREBUILT/09_MOTIONS_V4_2/AI_SELECTED_V4_2_24/04_HORIZONTALS/JH04/17_EDITORIAL_M1/20_MOTION_FINAL/COLOCAR_AQUI_MOTION_FINAL.txt
1467	7.43	/Users/lordjef/Downloads/ABRAXAS_V4_2_24_CONTINUITY_MASTER_PACKAGE/DELIVERABLES/JOC55_ABRAXAS_V4_2_24_PREBUILT/09_MOTIONS_V4_2/AI_SELECTED_V4_2_24/04_HORIZONTALS/JH04/17_EDITORIAL_M1/MOTION_DECISION.json
694	7.43	/Users/lordjef/Downloads/ABRAXAS_V4_2_24_CONTINUITY_MASTER_PACKAGE/DELIVERABLES/JOC55_ABRAXAS_V4_2_24_PREBUILT/09_MOTIONS_V4_2/AI_SELECTED_V4_2_24/04_HORIZONTALS/JH04/18_EDITORIAL_M1/02_PROMPT_ANIMAR_MOTION.txt
88	7.43	/Users/lordjef/Downloads/ABRAXAS_V4_2_24_CONTINUITY_MASTER_PACKAGE/DELIVERABLES/JOC55_ABRAXAS_V4_2_24_PREBUILT/09_MOTIONS_V4_2/AI_SELECTED_V4_2_24/04_HORIZONTALS/JH04/18_EDITORIAL_M1/20_MOTION_FINAL/COLOCAR_AQUI_MOTION_FINAL.txt
1434	7.43	/Users/lordjef/Downloads/ABRAXAS_V4_2_24_CONTINUITY_MASTER_PACKAGE/DELIVERABLES/JOC55_ABRAXAS_V4_2_24_PREBUILT/09_MOTIONS_V4_2/AI_SELECTED_V4_2_24/04_HORIZONTALS/JH04/18_EDITORIAL_M1/MOTION_DECISION.json
730	7.43	/Users/lordjef/Downloads/ABRAXAS_V4_2_24_CONTINUITY_MASTER_PACKAGE/DELIVERABLES/JOC55_ABRAXAS_V4_2_24_PREBUILT/09_MOTIONS_V4_2/AI_SELECTED_V4_2_24/04_HORIZONTALS/JH04/19_EDITORIAL_M1/02_PROMPT_ANIMAR_MOTION.txt
88	7.43	/Users/lordjef/Downloads/ABRAXAS_V4_2_24_CONTINUITY_MASTER_PACKAGE/DELIVERABLES/JOC55_ABRAXAS_V4_2_24_PREBUILT/09_MOTIONS_V4_2/AI_SELECTED_V4_2_24/04_HORIZONTALS/JH04/19_EDITORIAL_M1/20_MOTION_FINAL/COLOCAR_AQUI_MOTION_FINAL.txt
1456	7.43	/Users/lordjef/Downloads/ABRAXAS_V4_2_24_CONTINUITY_MASTER_PACKAGE/DELIVERABLES/JOC55_ABRAXAS_V4_2_24_PREBUILT/09_MOTIONS_V4_2/AI_SELECTED_V4_2_24/04_HORIZONTALS/JH04/19_EDITORIAL_M1/MOTION_DECISION.json
776	7.43	/Users/lordjef/Downloads/ABRAXAS_V4_2_24_CONTINUITY_MASTER_PACKAGE/DELIVERABLES/JOC55_ABRAXAS_V4_2_24_PREBUILT/09_MOTIONS_V4_2/AI_SELECTED_V4_2_24/04_HORIZONTALS/JH04/20_EDITORIAL_M3/02_PROMPT_ANIMAR_MOTION.txt
88	7.43	/Users/lordjef/Downloads/ABRAXAS_V4_2_24_CONTINUITY_MASTER_PACKAGE/DELIVERABLES/JOC55_ABRAXAS_V4_2_24_PREBUILT/09_MOTIONS_V4_2/AI_SELECTED_V4_2_24/04_HORIZONTALS/JH04/20_EDITORIAL_M3/20_MOTION_FINAL/COLOCAR_AQUI_MOTION_FINAL.txt
1480	7.43	/Users/lordjef/Downloads/ABRAXAS_V4_2_24_CONTINUITY_MASTER_PACKAGE/DELIVERABLES/JOC55_ABRAXAS_V4_2_24_PREBUILT/09_MOTIONS_V4_2/AI_SELECTED_V4_2_24/04_HORIZONTALS/JH04/20_EDITORIAL_M3/MOTION_DECISION.json
4560	7.43	/Users/lordjef/Downloads/ABRAXAS_V4_2_24_CONTINUITY_MASTER_PACKAGE/DELIVERABLES/JOC55_ABRAXAS_V4_2_24_PREBUILT/09_MOTIONS_V4_2/AI_SELECTED_V4_2_24/04_HORIZONTALS/MH01/00_MOTION_INDEX.json
811	7.43	/Users/lordjef/Downloads/ABRAXAS_V4_2_24_CONTINUITY_MASTER_PACKAGE/DELIVERABLES/JOC55_ABRAXAS_V4_2_24_PREBUILT/09_MOTIONS_V4_2/AI_SELECTED_V4_2_24/04_HORIZONTALS/MH01/01_EDITORIAL_M2/02_PROMPT_ANIMAR_MOTION.txt
734	7.43	/Users/lordjef/Downloads/ABRAXAS_V4_2_24_CONTINUITY_MASTER_PACKAGE/DELIVERABLES/JOC55_ABRAXAS_V4_2_24_PREBUILT/09_MOTIONS_V4_2/AI_SELECTED_V4_2_24/04_HORIZONTALS/MH01/01_EDITORIAL_M2/10_ASSETS/MOTION2_TEXT_SEGMENTS_EXACT.json
88	7.43	/Users/lordjef/Downloads/ABRAXAS_V4_2_24_CONTINUITY_MASTER_PACKAGE/DELIVERABLES/JOC55_ABRAXAS_V4_2_24_PREBUILT/09_MOTIONS_V4_2/AI_SELECTED_V4_2_24/04_HORIZONTALS/MH01/01_EDITORIAL_M2/20_MOTION_FINAL/COLOCAR_AQUI_MOTION_FINAL.txt
1646	7.43	/Users/lordjef/Downloads/ABRAXAS_V4_2_24_CONTINUITY_MASTER_PACKAGE/DELIVERABLES/JOC55_ABRAXAS_V4_2_24_PREBUILT/09_MOTIONS_V4_2/AI_SELECTED_V4_2_24/04_HORIZONTALS/MH01/01_EDITORIAL_M2/MOTION_DECISION.json
759	7.43	/Users/lordjef/Downloads/ABRAXAS_V4_2_24_CONTINUITY_MASTER_PACKAGE/DELIVERABLES/JOC55_ABRAXAS_V4_2_24_PREBUILT/09_MOTIONS_V4_2/AI_SELECTED_V4_2_24/04_HORIZONTALS/MH01/02_EDITORIAL_M1/02_PROMPT_ANIMAR_MOTION.txt
88	7.43	/Users/lordjef/Downloads/ABRAXAS_V4_2_24_CONTINUITY_MASTER_PACKAGE/DELIVERABLES/JOC55_ABRAXAS_V4_2_24_PREBUILT/09_MOTIONS_V4_2/AI_SELECTED_V4_2_24/04_HORIZONTALS/MH01/02_EDITORIAL_M1/20_MOTION_FINAL/COLOCAR_AQUI_MOTION_FINAL.txt
1488	7.43	/Users/lordjef/Downloads/ABRAXAS_V4_2_24_CONTINUITY_MASTER_PACKAGE/DELIVERABLES/JOC55_ABRAXAS_V4_2_24_PREBUILT/09_MOTIONS_V4_2/AI_SELECTED_V4_2_24/04_HORIZONTALS/MH01/02_EDITORIAL_M1/MOTION_DECISION.json
738	7.43	/Users/lordjef/Downloads/ABRAXAS_V4_2_24_CONTINUITY_MASTER_PACKAGE/DELIVERABLES/JOC55_ABRAXAS_V4_2_24_PREBUILT/09_MOTIONS_V4_2/AI_SELECTED_V4_2_24/04_HORIZONTALS/MH01/03_EDITORIAL_M1/02_PROMPT_ANIMAR_MOTION.txt
88	7.43	/Users/lordjef/Downloads/ABRAXAS_V4_2_24_CONTINUITY_MASTER_PACKAGE/DELIVERABLES/JOC55_ABRAXAS_V4_2_24_PREBUILT/09_MOTIONS_V4_2/AI_SELECTED_V4_2_24/04_HORIZONTALS/MH01/03_EDITORIAL_M1/20_MOTION_FINAL/COLOCAR_AQUI_MOTION_FINAL.txt
1463	7.43	/Users/lordjef/Downloads/ABRAXAS_V4_2_24_CONTINUITY_MASTER_PACKAGE/DELIVERABLES/JOC55_ABRAXAS_V4_2_24_PREBUILT/09_MOTIONS_V4_2/AI_SELECTED_V4_2_24/04_HORIZONTALS/MH01/03_EDITORIAL_M1/MOTION_DECISION.json
689	7.43	/Users/lordjef/Downloads/ABRAXAS_V4_2_24_CONTINUITY_MASTER_PACKAGE/DELIVERABLES/JOC55_ABRAXAS_V4_2_24_PREBUILT/09_MOTIONS_V4_2/AI_SELECTED_V4_2_24/04_HORIZONTALS/MH01/04_EDITORIAL_M1/02_PROMPT_ANIMAR_MOTION.txt
88	7.43	/Users/lordjef/Downloads/ABRAXAS_V4_2_24_CONTINUITY_MASTER_PACKAGE/DELIVERABLES/JOC55_ABRAXAS_V4_2_24_PREBUILT/09_MOTIONS_V4_2/AI_SELECTED_V4_2_24/04_HORIZONTALS/MH01/04_EDITORIAL_M1/20_MOTION_FINAL/COLOCAR_AQUI_MOTION_FINAL.txt
1414	7.43	/Users/lordjef/Downloads/ABRAXAS_V4_2_24_CONTINUITY_MASTER_PACKAGE/DELIVERABLES/JOC55_ABRAXAS_V4_2_24_PREBUILT/09_MOTIONS_V4_2/AI_SELECTED_V4_2_24/04_HORIZONTALS/MH01/04_EDITORIAL_M1/MOTION_DECISION.json
737	7.43	/Users/lordjef/Downloads/ABRAXAS_V4_2_24_CONTINUITY_MASTER_PACKAGE/DELIVERABLES/JOC55_ABRAXAS_V4_2_24_PREBUILT/09_MOTIONS_V4_2/AI_SELECTED_V4_2_24/04_HORIZONTALS/MH01/05_EDITORIAL_M1/02_PROMPT_ANIMAR_MOTION.txt
88	7.43	/Users/lordjef/Downloads/ABRAXAS_V4_2_24_CONTINUITY_MASTER_PACKAGE/DELIVERABLES/JOC55_ABRAXAS_V4_2_24_PREBUILT/09_MOTIONS_V4_2/AI_SELECTED_V4_2_24/04_HORIZONTALS/MH01/05_EDITORIAL_M1/20_MOTION_FINAL/COLOCAR_AQUI_MOTION_FINAL.txt
1462	7.43	/Users/lordjef/Downloads/ABRAXAS_V4_2_24_CONTINUITY_MASTER_PACKAGE/DELIVERABLES/JOC55_ABRAXAS_V4_2_24_PREBUILT/09_MOTIONS_V4_2/AI_SELECTED_V4_2_24/04_HORIZONTALS/MH01/05_EDITORIAL_M1/MOTION_DECISION.json
743	7.43	/Users/lordjef/Downloads/ABRAXAS_V4_2_24_CONTINUITY_MASTER_PACKAGE/DELIVERABLES/JOC55_ABRAXAS_V4_2_24_PREBUILT/09_MOTIONS_V4_2/AI_SELECTED_V4_2_24/04_HORIZONTALS/MH01/06_EDITORIAL_M1/02_PROMPT_ANIMAR_MOTION.txt
88	7.43	/Users/lordjef/Downloads/ABRAXAS_V4_2_24_CONTINUITY_MASTER_PACKAGE/DELIVERABLES/JOC55_ABRAXAS_V4_2_24_PREBUILT/09_MOTIONS_V4_2/AI_SELECTED_V4_2_24/04_HORIZONTALS/MH01/06_EDITORIAL_M1/20_MOTION_FINAL/COLOCAR_AQUI_MOTION_FINAL.txt
1474	7.43	/Users/lordjef/Downloads/ABRAXAS_V4_2_24_CONTINUITY_MASTER_PACKAGE/DELIVERABLES/JOC55_ABRAXAS_V4_2_24_PREBUILT/09_MOTIONS_V4_2/AI_SELECTED_V4_2_24/04_HORIZONTALS/MH01/06_EDITORIAL_M1/MOTION_DECISION.json
761	7.43	/Users/lordjef/Downloads/ABRAXAS_V4_2_24_CONTINUITY_MASTER_PACKAGE/DELIVERABLES/JOC55_ABRAXAS_V4_2_24_PREBUILT/09_MOTIONS_V4_2/AI_SELECTED_V4_2_24/04_HORIZONTALS/MH01/07_EDITORIAL_M1/02_PROMPT_ANIMAR_MOTION.txt
88	7.43	/Users/lordjef/Downloads/ABRAXAS_V4_2_24_CONTINUITY_MASTER_PACKAGE/DELIVERABLES/JOC55_ABRAXAS_V4_2_24_PREBUILT/09_MOTIONS_V4_2/AI_SELECTED_V4_2_24/04_HORIZONTALS/MH01/07_EDITORIAL_M1/20_MOTION_FINAL/COLOCAR_AQUI_MOTION_FINAL.txt
1492	7.43	/Users/lordjef/Downloads/ABRAXAS_V4_2_24_CONTINUITY_MASTER_PACKAGE/DELIVERABLES/JOC55_ABRAXAS_V4_2_24_PREBUILT/09_MOTIONS_V4_2/AI_SELECTED_V4_2_24/04_HORIZONTALS/MH01/07_EDITORIAL_M1/MOTION_DECISION.json
771	7.43	/Users/lordjef/Downloads/ABRAXAS_V4_2_24_CONTINUITY_MASTER_PACKAGE/DELIVERABLES/JOC55_ABRAXAS_V4_2_24_PREBUILT/09_MOTIONS_V4_2/AI_SELECTED_V4_2_24/04_HORIZONTALS/MH01/08_EDITORIAL_M1/02_PROMPT_ANIMAR_MOTION.txt
88	7.43	/Users/lordjef/Downloads/ABRAXAS_V4_2_24_CONTINUITY_MASTER_PACKAGE/DELIVERABLES/JOC55_ABRAXAS_V4_2_24_PREBUILT/09_MOTIONS_V4_2/AI_SELECTED_V4_2_24/04_HORIZONTALS/MH01/08_EDITORIAL_M1/20_MOTION_FINAL/COLOCAR_AQUI_MOTION_FINAL.txt
1496	7.43	/Users/lordjef/Downloads/ABRAXAS_V4_2_24_CONTINUITY_MASTER_PACKAGE/DELIVERABLES/JOC55_ABRAXAS_V4_2_24_PREBUILT/09_MOTIONS_V4_2/AI_SELECTED_V4_2_24/04_HORIZONTALS/MH01/08_EDITORIAL_M1/MOTION_DECISION.json
771	7.43	/Users/lordjef/Downloads/ABRAXAS_V4_2_24_CONTINUITY_MASTER_PACKAGE/DELIVERABLES/JOC55_ABRAXAS_V4_2_24_PREBUILT/09_MOTIONS_V4_2/AI_SELECTED_V4_2_24/04_HORIZONTALS/MH01/09_EDITORIAL_M1/02_PROMPT_ANIMAR_MOTION.txt
88	7.43	/Users/lordjef/Downloads/ABRAXAS_V4_2_24_CONTINUITY_MASTER_PACKAGE/DELIVERABLES/JOC55_ABRAXAS_V4_2_24_PREBUILT/09_MOTIONS_V4_2/AI_SELECTED_V4_2_24/04_HORIZONTALS/MH01/09_EDITORIAL_M1/20_MOTION_FINAL/COLOCAR_AQUI_MOTION_FINAL.txt
1496	7.43	/Users/lordjef/Downloads/ABRAXAS_V4_2_24_CONTINUITY_MASTER_PACKAGE/DELIVERABLES/JOC55_ABRAXAS_V4_2_24_PREBUILT/09_MOTIONS_V4_2/AI_SELECTED_V4_2_24/04_HORIZONTALS/MH01/09_EDITORIAL_M1/MOTION_DECISION.json
681	7.43	/Users/lordjef/Downloads/ABRAXAS_V4_2_24_CONTINUITY_MASTER_PACKAGE/DELIVERABLES/JOC55_ABRAXAS_V4_2_24_PREBUILT/09_MOTIONS_V4_2/AI_SELECTED_V4_2_24/04_HORIZONTALS/MH01/10_EDITORIAL_M1/02_PROMPT_ANIMAR_MOTION.txt
88	7.43	/Users/lordjef/Downloads/ABRAXAS_V4_2_24_CONTINUITY_MASTER_PACKAGE/DELIVERABLES/JOC55_ABRAXAS_V4_2_24_PREBUILT/09_MOTIONS_V4_2/AI_SELECTED_V4_2_24/04_HORIZONTALS/MH01/10_EDITORIAL_M1/20_MOTION_FINAL/COLOCAR_AQUI_MOTION_FINAL.txt
1411	7.43	/Users/lordjef/Downloads/ABRAXAS_V4_2_24_CONTINUITY_MASTER_PACKAGE/DELIVERABLES/JOC55_ABRAXAS_V4_2_24_PREBUILT/09_MOTIONS_V4_2/AI_SELECTED_V4_2_24/04_HORIZONTALS/MH01/10_EDITORIAL_M1/MOTION_DECISION.json
782	7.43	/Users/lordjef/Downloads/ABRAXAS_V4_2_24_CONTINUITY_MASTER_PACKAGE/DELIVERABLES/JOC55_ABRAXAS_V4_2_24_PREBUILT/09_MOTIONS_V4_2/AI_SELECTED_V4_2_24/04_HORIZONTALS/MH01/11_EDITORIAL_M5/02_PROMPT_ANIMAR_MOTION.txt
88	7.43	/Users/lordjef/Downloads/ABRAXAS_V4_2_24_CONTINUITY_MASTER_PACKAGE/DELIVERABLES/JOC55_ABRAXAS_V4_2_24_PREBUILT/09_MOTIONS_V4_2/AI_SELECTED_V4_2_24/04_HORIZONTALS/MH01/11_EDITORIAL_M5/20_MOTION_FINAL/COLOCAR_AQUI_MOTION_FINAL.txt
1531	7.43	/Users/lordjef/Downloads/ABRAXAS_V4_2_24_CONTINUITY_MASTER_PACKAGE/DELIVERABLES/JOC55_ABRAXAS_V4_2_24_PREBUILT/09_MOTIONS_V4_2/AI_SELECTED_V4_2_24/04_HORIZONTALS/MH01/11_EDITORIAL_M5/MOTION_DECISION.json
710	7.43	/Users/lordjef/Downloads/ABRAXAS_V4_2_24_CONTINUITY_MASTER_PACKAGE/DELIVERABLES/JOC55_ABRAXAS_V4_2_24_PREBUILT/09_MOTIONS_V4_2/AI_SELECTED_V4_2_24/04_HORIZONTALS/MH01/12_EDITORIAL_M1/02_PROMPT_ANIMAR_MOTION.txt
88	7.43	/Users/lordjef/Downloads/ABRAXAS_V4_2_24_CONTINUITY_MASTER_PACKAGE/DELIVERABLES/JOC55_ABRAXAS_V4_2_24_PREBUILT/09_MOTIONS_V4_2/AI_SELECTED_V4_2_24/04_HORIZONTALS/MH01/12_EDITORIAL_M1/20_MOTION_FINAL/COLOCAR_AQUI_MOTION_FINAL.txt
1436	7.43	/Users/lordjef/Downloads/ABRAXAS_V4_2_24_CONTINUITY_MASTER_PACKAGE/DELIVERABLES/JOC55_ABRAXAS_V4_2_24_PREBUILT/09_MOTIONS_V4_2/AI_SELECTED_V4_2_24/04_HORIZONTALS/MH01/12_EDITORIAL_M1/MOTION_DECISION.json
718	7.43	/Users/lordjef/Downloads/ABRAXAS_V4_2_24_CONTINUITY_MASTER_PACKAGE/DELIVERABLES/JOC55_ABRAXAS_V4_2_24_PREBUILT/09_MOTIONS_V4_2/AI_SELECTED_V4_2_24/04_HORIZONTALS/MH01/13_EDITORIAL_M1/02_PROMPT_ANIMAR_MOTION.txt
88	7.43	/Users/lordjef/Downloads/ABRAXAS_V4_2_24_CONTINUITY_MASTER_PACKAGE/DELIVERABLES/JOC55_ABRAXAS_V4_2_24_PREBUILT/09_MOTIONS_V4_2/AI_SELECTED_V4_2_24/04_HORIZONTALS/MH01/13_EDITORIAL_M1/20_MOTION_FINAL/COLOCAR_AQUI_MOTION_FINAL.txt
1450	7.43	/Users/lordjef/Downloads/ABRAXAS_V4_2_24_CONTINUITY_MASTER_PACKAGE/DELIVERABLES/JOC55_ABRAXAS_V4_2_24_PREBUILT/09_MOTIONS_V4_2/AI_SELECTED_V4_2_24/04_HORIZONTALS/MH01/13_EDITORIAL_M1/MOTION_DECISION.json
704	7.43	/Users/lordjef/Downloads/ABRAXAS_V4_2_24_CONTINUITY_MASTER_PACKAGE/DELIVERABLES/JOC55_ABRAXAS_V4_2_24_PREBUILT/09_MOTIONS_V4_2/AI_SELECTED_V4_2_24/04_HORIZONTALS/MH01/14_EDITORIAL_M1/02_PROMPT_ANIMAR_MOTION.txt
88	7.43	/Users/lordjef/Downloads/ABRAXAS_V4_2_24_CONTINUITY_MASTER_PACKAGE/DELIVERABLES/JOC55_ABRAXAS_V4_2_24_PREBUILT/09_MOTIONS_V4_2/AI_SELECTED_V4_2_24/04_HORIZONTALS/MH01/14_EDITORIAL_M1/20_MOTION_FINAL/COLOCAR_AQUI_MOTION_FINAL.txt
1430	7.43	/Users/lordjef/Downloads/ABRAXAS_V4_2_24_CONTINUITY_MASTER_PACKAGE/DELIVERABLES/JOC55_ABRAXAS_V4_2_24_PREBUILT/09_MOTIONS_V4_2/AI_SELECTED_V4_2_24/04_HORIZONTALS/MH01/14_EDITORIAL_M1/MOTION_DECISION.json
776	7.43	/Users/lordjef/Downloads/ABRAXAS_V4_2_24_CONTINUITY_MASTER_PACKAGE/DELIVERABLES/JOC55_ABRAXAS_V4_2_24_PREBUILT/09_MOTIONS_V4_2/AI_SELECTED_V4_2_24/04_HORIZONTALS/MH01/15_EDITORIAL_M3/02_PROMPT_ANIMAR_MOTION.txt
88	7.43	/Users/lordjef/Downloads/ABRAXAS_V4_2_24_CONTINUITY_MASTER_PACKAGE/DELIVERABLES/JOC55_ABRAXAS_V4_2_24_PREBUILT/09_MOTIONS_V4_2/AI_SELECTED_V4_2_24/04_HORIZONTALS/MH01/15_EDITORIAL_M3/20_MOTION_FINAL/COLOCAR_AQUI_MOTION_FINAL.txt
1482	7.43	/Users/lordjef/Downloads/ABRAXAS_V4_2_24_CONTINUITY_MASTER_PACKAGE/DELIVERABLES/JOC55_ABRAXAS_V4_2_24_PREBUILT/09_MOTIONS_V4_2/AI_SELECTED_V4_2_24/04_HORIZONTALS/MH01/15_EDITORIAL_M3/MOTION_DECISION.json
751	7.43	/Users/lordjef/Downloads/ABRAXAS_V4_2_24_CONTINUITY_MASTER_PACKAGE/DELIVERABLES/JOC55_ABRAXAS_V4_2_24_PREBUILT/09_MOTIONS_V4_2/AI_SELECTED_V4_2_24/04_HORIZONTALS/MH01/16_EDITORIAL_M1/02_PROMPT_ANIMAR_MOTION.txt
88	7.43	/Users/lordjef/Downloads/ABRAXAS_V4_2_24_CONTINUITY_MASTER_PACKAGE/DELIVERABLES/JOC55_ABRAXAS_V4_2_24_PREBUILT/09_MOTIONS_V4_2/AI_SELECTED_V4_2_24/04_HORIZONTALS/MH01/16_EDITORIAL_M1/20_MOTION_FINAL/COLOCAR_AQUI_MOTION_FINAL.txt
1477	7.43	/Users/lordjef/Downloads/ABRAXAS_V4_2_24_CONTINUITY_MASTER_PACKAGE/DELIVERABLES/JOC55_ABRAXAS_V4_2_24_PREBUILT/09_MOTIONS_V4_2/AI_SELECTED_V4_2_24/04_HORIZONTALS/MH01/16_EDITORIAL_M1/MOTION_DECISION.json
699	7.43	/Users/lordjef/Downloads/ABRAXAS_V4_2_24_CONTINUITY_MASTER_PACKAGE/DELIVERABLES/JOC55_ABRAXAS_V4_2_24_PREBUILT/09_MOTIONS_V4_2/AI_SELECTED_V4_2_24/04_HORIZONTALS/MH01/17_EDITORIAL_M1/02_PROMPT_ANIMAR_MOTION.txt
88	7.43	/Users/lordjef/Downloads/ABRAXAS_V4_2_24_CONTINUITY_MASTER_PACKAGE/DELIVERABLES/JOC55_ABRAXAS_V4_2_24_PREBUILT/09_MOTIONS_V4_2/AI_SELECTED_V4_2_24/04_HORIZONTALS/MH01/17_EDITORIAL_M1/20_MOTION_FINAL/COLOCAR_AQUI_MOTION_FINAL.txt
1427	7.43	/Users/lordjef/Downloads/ABRAXAS_V4_2_24_CONTINUITY_MASTER_PACKAGE/DELIVERABLES/JOC55_ABRAXAS_V4_2_24_PREBUILT/09_MOTIONS_V4_2/AI_SELECTED_V4_2_24/04_HORIZONTALS/MH01/17_EDITORIAL_M1/MOTION_DECISION.json
679	7.43	/Users/lordjef/Downloads/ABRAXAS_V4_2_24_CONTINUITY_MASTER_PACKAGE/DELIVERABLES/JOC55_ABRAXAS_V4_2_24_PREBUILT/09_MOTIONS_V4_2/AI_SELECTED_V4_2_24/04_HORIZONTALS/MH01/18_EDITORIAL_M1/02_PROMPT_ANIMAR_MOTION.txt
88	7.43	/Users/lordjef/Downloads/ABRAXAS_V4_2_24_CONTINUITY_MASTER_PACKAGE/DELIVERABLES/JOC55_ABRAXAS_V4_2_24_PREBUILT/09_MOTIONS_V4_2/AI_SELECTED_V4_2_24/04_HORIZONTALS/MH01/18_EDITORIAL_M1/20_MOTION_FINAL/COLOCAR_AQUI_MOTION_FINAL.txt
1411	7.43	/Users/lordjef/Downloads/ABRAXAS_V4_2_24_CONTINUITY_MASTER_PACKAGE/DELIVERABLES/JOC55_ABRAXAS_V4_2_24_PREBUILT/09_MOTIONS_V4_2/AI_SELECTED_V4_2_24/04_HORIZONTALS/MH01/18_EDITORIAL_M1/MOTION_DECISION.json
676	7.43	/Users/lordjef/Downloads/ABRAXAS_V4_2_24_CONTINUITY_MASTER_PACKAGE/DELIVERABLES/JOC55_ABRAXAS_V4_2_24_PREBUILT/09_MOTIONS_V4_2/AI_SELECTED_V4_2_24/04_HORIZONTALS/MH01/19_EDITORIAL_M1/02_PROMPT_ANIMAR_MOTION.txt
88	7.43	/Users/lordjef/Downloads/ABRAXAS_V4_2_24_CONTINUITY_MASTER_PACKAGE/DELIVERABLES/JOC55_ABRAXAS_V4_2_24_PREBUILT/09_MOTIONS_V4_2/AI_SELECTED_V4_2_24/04_HORIZONTALS/MH01/19_EDITORIAL_M1/20_MOTION_FINAL/COLOCAR_AQUI_MOTION_FINAL.txt
1408	7.43	/Users/lordjef/Downloads/ABRAXAS_V4_2_24_CONTINUITY_MASTER_PACKAGE/DELIVERABLES/JOC55_ABRAXAS_V4_2_24_PREBUILT/09_MOTIONS_V4_2/AI_SELECTED_V4_2_24/04_HORIZONTALS/MH01/19_EDITORIAL_M1/MOTION_DECISION.json
664	7.43	/Users/lordjef/Downloads/ABRAXAS_V4_2_24_CONTINUITY_MASTER_PACKAGE/DELIVERABLES/JOC55_ABRAXAS_V4_2_24_PREBUILT/09_MOTIONS_V4_2/AI_SELECTED_V4_2_24/04_HORIZONTALS/MH01/20_EDITORIAL_M1/02_PROMPT_ANIMAR_MOTION.txt
88	7.43	/Users/lordjef/Downloads/ABRAXAS_V4_2_24_CONTINUITY_MASTER_PACKAGE/DELIVERABLES/JOC55_ABRAXAS_V4_2_24_PREBUILT/09_MOTIONS_V4_2/AI_SELECTED_V4_2_24/04_HORIZONTALS/MH01/20_EDITORIAL_M1/20_MOTION_FINAL/COLOCAR_AQUI_MOTION_FINAL.txt
1396	7.43	/Users/lordjef/Downloads/ABRAXAS_V4_2_24_CONTINUITY_MASTER_PACKAGE/DELIVERABLES/JOC55_ABRAXAS_V4_2_24_PREBUILT/09_MOTIONS_V4_2/AI_SELECTED_V4_2_24/04_HORIZONTALS/MH01/20_EDITORIAL_M1/MOTION_DECISION.json
740	7.43	/Users/lordjef/Downloads/ABRAXAS_V4_2_24_CONTINUITY_MASTER_PACKAGE/DELIVERABLES/JOC55_ABRAXAS_V4_2_24_PREBUILT/09_MOTIONS_V4_2/AI_SELECTED_V4_2_24/04_HORIZONTALS/MH01/21_EDITORIAL_M1/02_PROMPT_ANIMAR_MOTION.txt
88	7.43	/Users/lordjef/Downloads/ABRAXAS_V4_2_24_CONTINUITY_MASTER_PACKAGE/DELIVERABLES/JOC55_ABRAXAS_V4_2_24_PREBUILT/09_MOTIONS_V4_2/AI_SELECTED_V4_2_24/04_HORIZONTALS/MH01/21_EDITORIAL_M1/20_MOTION_FINAL/COLOCAR_AQUI_MOTION_FINAL.txt
1474	7.43	/Users/lordjef/Downloads/ABRAXAS_V4_2_24_CONTINUITY_MASTER_PACKAGE/DELIVERABLES/JOC55_ABRAXAS_V4_2_24_PREBUILT/09_MOTIONS_V4_2/AI_SELECTED_V4_2_24/04_HORIZONTALS/MH01/21_EDITORIAL_M1/MOTION_DECISION.json
717	7.43	/Users/lordjef/Downloads/ABRAXAS_V4_2_24_CONTINUITY_MASTER_PACKAGE/DELIVERABLES/JOC55_ABRAXAS_V4_2_24_PREBUILT/09_MOTIONS_V4_2/AI_SELECTED_V4_2_24/04_HORIZONTALS/MH01/22_EDITORIAL_M2/02_PROMPT_ANIMAR_MOTION.txt
452	7.43	/Users/lordjef/Downloads/ABRAXAS_V4_2_24_CONTINUITY_MASTER_PACKAGE/DELIVERABLES/JOC55_ABRAXAS_V4_2_24_PREBUILT/09_MOTIONS_V4_2/AI_SELECTED_V4_2_24/04_HORIZONTALS/MH01/22_EDITORIAL_M2/10_ASSETS/MOTION2_TEXT_SEGMENTS_EXACT.json
88	7.43	/Users/lordjef/Downloads/ABRAXAS_V4_2_24_CONTINUITY_MASTER_PACKAGE/DELIVERABLES/JOC55_ABRAXAS_V4_2_24_PREBUILT/09_MOTIONS_V4_2/AI_SELECTED_V4_2_24/04_HORIZONTALS/MH01/22_EDITORIAL_M2/20_MOTION_FINAL/COLOCAR_AQUI_MOTION_FINAL.txt
1558	7.43	/Users/lordjef/Downloads/ABRAXAS_V4_2_24_CONTINUITY_MASTER_PACKAGE/DELIVERABLES/JOC55_ABRAXAS_V4_2_24_PREBUILT/09_MOTIONS_V4_2/AI_SELECTED_V4_2_24/04_HORIZONTALS/MH01/22_EDITORIAL_M2/MOTION_DECISION.json
707	7.43	/Users/lordjef/Downloads/ABRAXAS_V4_2_24_CONTINUITY_MASTER_PACKAGE/DELIVERABLES/JOC55_ABRAXAS_V4_2_24_PREBUILT/09_MOTIONS_V4_2/AI_SELECTED_V4_2_24/04_HORIZONTALS/MH01/23_EDITORIAL_M1/02_PROMPT_ANIMAR_MOTION.txt
88	7.43	/Users/lordjef/Downloads/ABRAXAS_V4_2_24_CONTINUITY_MASTER_PACKAGE/DELIVERABLES/JOC55_ABRAXAS_V4_2_24_PREBUILT/09_MOTIONS_V4_2/AI_SELECTED_V4_2_24/04_HORIZONTALS/MH01/23_EDITORIAL_M1/20_MOTION_FINAL/COLOCAR_AQUI_MOTION_FINAL.txt
1435	7.43	/Users/lordjef/Downloads/ABRAXAS_V4_2_24_CONTINUITY_MASTER_PACKAGE/DELIVERABLES/JOC55_ABRAXAS_V4_2_24_PREBUILT/09_MOTIONS_V4_2/AI_SELECTED_V4_2_24/04_HORIZONTALS/MH01/23_EDITORIAL_M1/MOTION_DECISION.json
4560	7.43	/Users/lordjef/Downloads/ABRAXAS_V4_2_24_CONTINUITY_MASTER_PACKAGE/DELIVERABLES/JOC55_ABRAXAS_V4_2_24_PREBUILT/09_MOTIONS_V4_2/AI_SELECTED_V4_2_24/04_HORIZONTALS/MH02/00_MOTION_INDEX.json
759	7.43	/Users/lordjef/Downloads/ABRAXAS_V4_2_24_CONTINUITY_MASTER_PACKAGE/DELIVERABLES/JOC55_ABRAXAS_V4_2_24_PREBUILT/09_MOTIONS_V4_2/AI_SELECTED_V4_2_24/04_HORIZONTALS/MH02/01_EDITORIAL_M4/02_PROMPT_ANIMAR_MOTION.txt
88	7.43	/Users/lordjef/Downloads/ABRAXAS_V4_2_24_CONTINUITY_MASTER_PACKAGE/DELIVERABLES/JOC55_ABRAXAS_V4_2_24_PREBUILT/09_MOTIONS_V4_2/AI_SELECTED_V4_2_24/04_HORIZONTALS/MH02/01_EDITORIAL_M4/20_MOTION_FINAL/COLOCAR_AQUI_MOTION_FINAL.txt
1435	7.43	/Users/lordjef/Downloads/ABRAXAS_V4_2_24_CONTINUITY_MASTER_PACKAGE/DELIVERABLES/JOC55_ABRAXAS_V4_2_24_PREBUILT/09_MOTIONS_V4_2/AI_SELECTED_V4_2_24/04_HORIZONTALS/MH02/01_EDITORIAL_M4/MOTION_DECISION.json
788	7.43	/Users/lordjef/Downloads/ABRAXAS_V4_2_24_CONTINUITY_MASTER_PACKAGE/DELIVERABLES/JOC55_ABRAXAS_V4_2_24_PREBUILT/09_MOTIONS_V4_2/AI_SELECTED_V4_2_24/04_HORIZONTALS/MH02/02_EDITORIAL_M6/02_PROMPT_ANIMAR_MOTION.txt
88	7.43	/Users/lordjef/Downloads/ABRAXAS_V4_2_24_CONTINUITY_MASTER_PACKAGE/DELIVERABLES/JOC55_ABRAXAS_V4_2_24_PREBUILT/09_MOTIONS_V4_2/AI_SELECTED_V4_2_24/04_HORIZONTALS/MH02/02_EDITORIAL_M6/20_MOTION_FINAL/COLOCAR_AQUI_MOTION_FINAL.txt
1496	7.43	/Users/lordjef/Downloads/ABRAXAS_V4_2_24_CONTINUITY_MASTER_PACKAGE/DELIVERABLES/JOC55_ABRAXAS_V4_2_24_PREBUILT/09_MOTIONS_V4_2/AI_SELECTED_V4_2_24/04_HORIZONTALS/MH02/02_EDITORIAL_M6/MOTION_DECISION.json
729	7.43	/Users/lordjef/Downloads/ABRAXAS_V4_2_24_CONTINUITY_MASTER_PACKAGE/DELIVERABLES/JOC55_ABRAXAS_V4_2_24_PREBUILT/09_MOTIONS_V4_2/AI_SELECTED_V4_2_24/04_HORIZONTALS/MH02/03_EDITORIAL_M1/02_PROMPT_ANIMAR_MOTION.txt
88	7.43	/Users/lordjef/Downloads/ABRAXAS_V4_2_24_CONTINUITY_MASTER_PACKAGE/DELIVERABLES/JOC55_ABRAXAS_V4_2_24_PREBUILT/09_MOTIONS_V4_2/AI_SELECTED_V4_2_24/04_HORIZONTALS/MH02/03_EDITORIAL_M1/20_MOTION_FINAL/COLOCAR_AQUI_MOTION_FINAL.txt
1452	7.43	/Users/lordjef/Downloads/ABRAXAS_V4_2_24_CONTINUITY_MASTER_PACKAGE/DELIVERABLES/JOC55_ABRAXAS_V4_2_24_PREBUILT/09_MOTIONS_V4_2/AI_SELECTED_V4_2_24/04_HORIZONTALS/MH02/03_EDITORIAL_M1/MOTION_DECISION.json
767	7.43	/Users/lordjef/Downloads/ABRAXAS_V4_2_24_CONTINUITY_MASTER_PACKAGE/DELIVERABLES/JOC55_ABRAXAS_V4_2_24_PREBUILT/09_MOTIONS_V4_2/AI_SELECTED_V4_2_24/04_HORIZONTALS/MH02/04_EDITORIAL_M1/02_PROMPT_ANIMAR_MOTION.txt
88	7.43	/Users/lordjef/Downloads/ABRAXAS_V4_2_24_CONTINUITY_MASTER_PACKAGE/DELIVERABLES/JOC55_ABRAXAS_V4_2_24_PREBUILT/09_MOTIONS_V4_2/AI_SELECTED_V4_2_24/04_HORIZONTALS/MH02/04_EDITORIAL_M1/20_MOTION_FINAL/COLOCAR_AQUI_MOTION_FINAL.txt
1492	7.43	/Users/lordjef/Downloads/ABRAXAS_V4_2_24_CONTINUITY_MASTER_PACKAGE/DELIVERABLES/JOC55_ABRAXAS_V4_2_24_PREBUILT/09_MOTIONS_V4_2/AI_SELECTED_V4_2_24/04_HORIZONTALS/MH02/04_EDITORIAL_M1/MOTION_DECISION.json
749	7.43	/Users/lordjef/Downloads/ABRAXAS_V4_2_24_CONTINUITY_MASTER_PACKAGE/DELIVERABLES/JOC55_ABRAXAS_V4_2_24_PREBUILT/09_MOTIONS_V4_2/AI_SELECTED_V4_2_24/04_HORIZONTALS/MH02/05_EDITORIAL_M3/02_PROMPT_ANIMAR_MOTION.txt
88	7.43	/Users/lordjef/Downloads/ABRAXAS_V4_2_24_CONTINUITY_MASTER_PACKAGE/DELIVERABLES/JOC55_ABRAXAS_V4_2_24_PREBUILT/09_MOTIONS_V4_2/AI_SELECTED_V4_2_24/04_HORIZONTALS/MH02/05_EDITORIAL_M3/20_MOTION_FINAL/COLOCAR_AQUI_MOTION_FINAL.txt
1452	7.43	/Users/lordjef/Downloads/ABRAXAS_V4_2_24_CONTINUITY_MASTER_PACKAGE/DELIVERABLES/JOC55_ABRAXAS_V4_2_24_PREBUILT/09_MOTIONS_V4_2/AI_SELECTED_V4_2_24/04_HORIZONTALS/MH02/05_EDITORIAL_M3/MOTION_DECISION.json
719	7.43	/Users/lordjef/Downloads/ABRAXAS_V4_2_24_CONTINUITY_MASTER_PACKAGE/DELIVERABLES/JOC55_ABRAXAS_V4_2_24_PREBUILT/09_MOTIONS_V4_2/AI_SELECTED_V4_2_24/04_HORIZONTALS/MH02/06_EDITORIAL_M1/02_PROMPT_ANIMAR_MOTION.txt
88	7.43	/Users/lordjef/Downloads/ABRAXAS_V4_2_24_CONTINUITY_MASTER_PACKAGE/DELIVERABLES/JOC55_ABRAXAS_V4_2_24_PREBUILT/09_MOTIONS_V4_2/AI_SELECTED_V4_2_24/04_HORIZONTALS/MH02/06_EDITORIAL_M1/20_MOTION_FINAL/COLOCAR_AQUI_MOTION_FINAL.txt
1450	7.43	/Users/lordjef/Downloads/ABRAXAS_V4_2_24_CONTINUITY_MASTER_PACKAGE/DELIVERABLES/JOC55_ABRAXAS_V4_2_24_PREBUILT/09_MOTIONS_V4_2/AI_SELECTED_V4_2_24/04_HORIZONTALS/MH02/06_EDITORIAL_M1/MOTION_DECISION.json
760	7.43	/Users/lordjef/Downloads/ABRAXAS_V4_2_24_CONTINUITY_MASTER_PACKAGE/DELIVERABLES/JOC55_ABRAXAS_V4_2_24_PREBUILT/09_MOTIONS_V4_2/AI_SELECTED_V4_2_24/04_HORIZONTALS/MH02/07_EDITORIAL_M1/02_PROMPT_ANIMAR_MOTION.txt
88	7.43	/Users/lordjef/Downloads/ABRAXAS_V4_2_24_CONTINUITY_MASTER_PACKAGE/DELIVERABLES/JOC55_ABRAXAS_V4_2_24_PREBUILT/09_MOTIONS_V4_2/AI_SELECTED_V4_2_24/04_HORIZONTALS/MH02/07_EDITORIAL_M1/20_MOTION_FINAL/COLOCAR_AQUI_MOTION_FINAL.txt
1485	7.43	/Users/lordjef/Downloads/ABRAXAS_V4_2_24_CONTINUITY_MASTER_PACKAGE/DELIVERABLES/JOC55_ABRAXAS_V4_2_24_PREBUILT/09_MOTIONS_V4_2/AI_SELECTED_V4_2_24/04_HORIZONTALS/MH02/07_EDITORIAL_M1/MOTION_DECISION.json
660	7.43	/Users/lordjef/Downloads/ABRAXAS_V4_2_24_CONTINUITY_MASTER_PACKAGE/DELIVERABLES/JOC55_ABRAXAS_V4_2_24_PREBUILT/09_MOTIONS_V4_2/AI_SELECTED_V4_2_24/04_HORIZONTALS/MH02/08_EDITORIAL_M1/02_PROMPT_ANIMAR_MOTION.txt
88	7.43	/Users/lordjef/Downloads/ABRAXAS_V4_2_24_CONTINUITY_MASTER_PACKAGE/DELIVERABLES/JOC55_ABRAXAS_V4_2_24_PREBUILT/09_MOTIONS_V4_2/AI_SELECTED_V4_2_24/04_HORIZONTALS/MH02/08_EDITORIAL_M1/20_MOTION_FINAL/COLOCAR_AQUI_MOTION_FINAL.txt
1389	7.43	/Users/lordjef/Downloads/ABRAXAS_V4_2_24_CONTINUITY_MASTER_PACKAGE/DELIVERABLES/JOC55_ABRAXAS_V4_2_24_PREBUILT/09_MOTIONS_V4_2/AI_SELECTED_V4_2_24/04_HORIZONTALS/MH02/08_EDITORIAL_M1/MOTION_DECISION.json
706	7.43	/Users/lordjef/Downloads/ABRAXAS_V4_2_24_CONTINUITY_MASTER_PACKAGE/DELIVERABLES/JOC55_ABRAXAS_V4_2_24_PREBUILT/09_MOTIONS_V4_2/AI_SELECTED_V4_2_24/04_HORIZONTALS/MH02/09_EDITORIAL_M4/02_PROMPT_ANIMAR_MOTION.txt
88	7.43	/Users/lordjef/Downloads/ABRAXAS_V4_2_24_CONTINUITY_MASTER_PACKAGE/DELIVERABLES/JOC55_ABRAXAS_V4_2_24_PREBUILT/09_MOTIONS_V4_2/AI_SELECTED_V4_2_24/04_HORIZONTALS/MH02/09_EDITORIAL_M4/20_MOTION_FINAL/COLOCAR_AQUI_MOTION_FINAL.txt
1384	7.43	/Users/lordjef/Downloads/ABRAXAS_V4_2_24_CONTINUITY_MASTER_PACKAGE/DELIVERABLES/JOC55_ABRAXAS_V4_2_24_PREBUILT/09_MOTIONS_V4_2/AI_SELECTED_V4_2_24/04_HORIZONTALS/MH02/09_EDITORIAL_M4/MOTION_DECISION.json
731	7.43	/Users/lordjef/Downloads/ABRAXAS_V4_2_24_CONTINUITY_MASTER_PACKAGE/DELIVERABLES/JOC55_ABRAXAS_V4_2_24_PREBUILT/09_MOTIONS_V4_2/AI_SELECTED_V4_2_24/04_HORIZONTALS/MH02/10_EDITORIAL_M1/02_PROMPT_ANIMAR_MOTION.txt
88	7.43	/Users/lordjef/Downloads/ABRAXAS_V4_2_24_CONTINUITY_MASTER_PACKAGE/DELIVERABLES/JOC55_ABRAXAS_V4_2_24_PREBUILT/09_MOTIONS_V4_2/AI_SELECTED_V4_2_24/04_HORIZONTALS/MH02/10_EDITORIAL_M1/20_MOTION_FINAL/COLOCAR_AQUI_MOTION_FINAL.txt
1457	7.43	/Users/lordjef/Downloads/ABRAXAS_V4_2_24_CONTINUITY_MASTER_PACKAGE/DELIVERABLES/JOC55_ABRAXAS_V4_2_24_PREBUILT/09_MOTIONS_V4_2/AI_SELECTED_V4_2_24/04_HORIZONTALS/MH02/10_EDITORIAL_M1/MOTION_DECISION.json
770	7.43	/Users/lordjef/Downloads/ABRAXAS_V4_2_24_CONTINUITY_MASTER_PACKAGE/DELIVERABLES/JOC55_ABRAXAS_V4_2_24_PREBUILT/09_MOTIONS_V4_2/AI_SELECTED_V4_2_24/04_HORIZONTALS/MH02/11_EDITORIAL_M1/02_PROMPT_ANIMAR_MOTION.txt
88	7.43	/Users/lordjef/Downloads/ABRAXAS_V4_2_24_CONTINUITY_MASTER_PACKAGE/DELIVERABLES/JOC55_ABRAXAS_V4_2_24_PREBUILT/09_MOTIONS_V4_2/AI_SELECTED_V4_2_24/04_HORIZONTALS/MH02/11_EDITORIAL_M1/20_MOTION_FINAL/COLOCAR_AQUI_MOTION_FINAL.txt
1502	7.43	/Users/lordjef/Downloads/ABRAXAS_V4_2_24_CONTINUITY_MASTER_PACKAGE/DELIVERABLES/JOC55_ABRAXAS_V4_2_24_PREBUILT/09_MOTIONS_V4_2/AI_SELECTED_V4_2_24/04_HORIZONTALS/MH02/11_EDITORIAL_M1/MOTION_DECISION.json
733	7.43	/Users/lordjef/Downloads/ABRAXAS_V4_2_24_CONTINUITY_MASTER_PACKAGE/DELIVERABLES/JOC55_ABRAXAS_V4_2_24_PREBUILT/09_MOTIONS_V4_2/AI_SELECTED_V4_2_24/04_HORIZONTALS/MH02/12_EDITORIAL_M1/02_PROMPT_ANIMAR_MOTION.txt
88	7.43	/Users/lordjef/Downloads/ABRAXAS_V4_2_24_CONTINUITY_MASTER_PACKAGE/DELIVERABLES/JOC55_ABRAXAS_V4_2_24_PREBUILT/09_MOTIONS_V4_2/AI_SELECTED_V4_2_24/04_HORIZONTALS/MH02/12_EDITORIAL_M1/20_MOTION_FINAL/COLOCAR_AQUI_MOTION_FINAL.txt
1465	7.43	/Users/lordjef/Downloads/ABRAXAS_V4_2_24_CONTINUITY_MASTER_PACKAGE/DELIVERABLES/JOC55_ABRAXAS_V4_2_24_PREBUILT/09_MOTIONS_V4_2/AI_SELECTED_V4_2_24/04_HORIZONTALS/MH02/12_EDITORIAL_M1/MOTION_DECISION.json
731	7.43	/Users/lordjef/Downloads/ABRAXAS_V4_2_24_CONTINUITY_MASTER_PACKAGE/DELIVERABLES/JOC55_ABRAXAS_V4_2_24_PREBUILT/09_MOTIONS_V4_2/AI_SELECTED_V4_2_24/04_HORIZONTALS/MH02/13_EDITORIAL_M1/02_PROMPT_ANIMAR_MOTION.txt
88	7.43	/Users/lordjef/Downloads/ABRAXAS_V4_2_24_CONTINUITY_MASTER_PACKAGE/DELIVERABLES/JOC55_ABRAXAS_V4_2_24_PREBUILT/09_MOTIONS_V4_2/AI_SELECTED_V4_2_24/04_HORIZONTALS/MH02/13_EDITORIAL_M1/20_MOTION_FINAL/COLOCAR_AQUI_MOTION_FINAL.txt
1457	7.43	/Users/lordjef/Downloads/ABRAXAS_V4_2_24_CONTINUITY_MASTER_PACKAGE/DELIVERABLES/JOC55_ABRAXAS_V4_2_24_PREBUILT/09_MOTIONS_V4_2/AI_SELECTED_V4_2_24/04_HORIZONTALS/MH02/13_EDITORIAL_M1/MOTION_DECISION.json
707	7.43	/Users/lordjef/Downloads/ABRAXAS_V4_2_24_CONTINUITY_MASTER_PACKAGE/DELIVERABLES/JOC55_ABRAXAS_V4_2_24_PREBUILT/09_MOTIONS_V4_2/AI_SELECTED_V4_2_24/04_HORIZONTALS/MH02/14_EDITORIAL_M1/02_PROMPT_ANIMAR_MOTION.txt
88	7.43	/Users/lordjef/Downloads/ABRAXAS_V4_2_24_CONTINUITY_MASTER_PACKAGE/DELIVERABLES/JOC55_ABRAXAS_V4_2_24_PREBUILT/09_MOTIONS_V4_2/AI_SELECTED_V4_2_24/04_HORIZONTALS/MH02/14_EDITORIAL_M1/20_MOTION_FINAL/COLOCAR_AQUI_MOTION_FINAL.txt
1435	7.43	/Users/lordjef/Downloads/ABRAXAS_V4_2_24_CONTINUITY_MASTER_PACKAGE/DELIVERABLES/JOC55_ABRAXAS_V4_2_24_PREBUILT/09_MOTIONS_V4_2/AI_SELECTED_V4_2_24/04_HORIZONTALS/MH02/14_EDITORIAL_M1/MOTION_DECISION.json
755	7.43	/Users/lordjef/Downloads/ABRAXAS_V4_2_24_CONTINUITY_MASTER_PACKAGE/DELIVERABLES/JOC55_ABRAXAS_V4_2_24_PREBUILT/09_MOTIONS_V4_2/AI_SELECTED_V4_2_24/04_HORIZONTALS/MH02/15_EDITORIAL_M4/02_PROMPT_ANIMAR_MOTION.txt
88	7.43	/Users/lordjef/Downloads/ABRAXAS_V4_2_24_CONTINUITY_MASTER_PACKAGE/DELIVERABLES/JOC55_ABRAXAS_V4_2_24_PREBUILT/09_MOTIONS_V4_2/AI_SELECTED_V4_2_24/04_HORIZONTALS/MH02/15_EDITORIAL_M4/20_MOTION_FINAL/COLOCAR_AQUI_MOTION_FINAL.txt
1434	7.43	/Users/lordjef/Downloads/ABRAXAS_V4_2_24_CONTINUITY_MASTER_PACKAGE/DELIVERABLES/JOC55_ABRAXAS_V4_2_24_PREBUILT/09_MOTIONS_V4_2/AI_SELECTED_V4_2_24/04_HORIZONTALS/MH02/15_EDITORIAL_M4/MOTION_DECISION.json
776	7.43	/Users/lordjef/Downloads/ABRAXAS_V4_2_24_CONTINUITY_MASTER_PACKAGE/DELIVERABLES/JOC55_ABRAXAS_V4_2_24_PREBUILT/09_MOTIONS_V4_2/AI_SELECTED_V4_2_24/04_HORIZONTALS/MH02/16_EDITORIAL_M1/02_PROMPT_ANIMAR_MOTION.txt
88	7.43	/Users/lordjef/Downloads/ABRAXAS_V4_2_24_CONTINUITY_MASTER_PACKAGE/DELIVERABLES/JOC55_ABRAXAS_V4_2_24_PREBUILT/09_MOTIONS_V4_2/AI_SELECTED_V4_2_24/04_HORIZONTALS/MH02/16_EDITORIAL_M1/20_MOTION_FINAL/COLOCAR_AQUI_MOTION_FINAL.txt
1502	7.43	/Users/lordjef/Downloads/ABRAXAS_V4_2_24_CONTINUITY_MASTER_PACKAGE/DELIVERABLES/JOC55_ABRAXAS_V4_2_24_PREBUILT/09_MOTIONS_V4_2/AI_SELECTED_V4_2_24/04_HORIZONTALS/MH02/16_EDITORIAL_M1/MOTION_DECISION.json
776	7.43	/Users/lordjef/Downloads/ABRAXAS_V4_2_24_CONTINUITY_MASTER_PACKAGE/DELIVERABLES/JOC55_ABRAXAS_V4_2_24_PREBUILT/09_MOTIONS_V4_2/AI_SELECTED_V4_2_24/04_HORIZONTALS/MH02/17_EDITORIAL_M1/02_PROMPT_ANIMAR_MOTION.txt
88	7.43	/Users/lordjef/Downloads/ABRAXAS_V4_2_24_CONTINUITY_MASTER_PACKAGE/DELIVERABLES/JOC55_ABRAXAS_V4_2_24_PREBUILT/09_MOTIONS_V4_2/AI_SELECTED_V4_2_24/04_HORIZONTALS/MH02/17_EDITORIAL_M1/20_MOTION_FINAL/COLOCAR_AQUI_MOTION_FINAL.txt
1504	7.43	/Users/lordjef/Downloads/ABRAXAS_V4_2_24_CONTINUITY_MASTER_PACKAGE/DELIVERABLES/JOC55_ABRAXAS_V4_2_24_PREBUILT/09_MOTIONS_V4_2/AI_SELECTED_V4_2_24/04_HORIZONTALS/MH02/17_EDITORIAL_M1/MOTION_DECISION.json
757	7.43	/Users/lordjef/Downloads/ABRAXAS_V4_2_24_CONTINUITY_MASTER_PACKAGE/DELIVERABLES/JOC55_ABRAXAS_V4_2_24_PREBUILT/09_MOTIONS_V4_2/AI_SELECTED_V4_2_24/04_HORIZONTALS/MH02/18_EDITORIAL_M2/02_PROMPT_ANIMAR_MOTION.txt
572	7.43	/Users/lordjef/Downloads/ABRAXAS_V4_2_24_CONTINUITY_MASTER_PACKAGE/DELIVERABLES/JOC55_ABRAXAS_V4_2_24_PREBUILT/09_MOTIONS_V4_2/AI_SELECTED_V4_2_24/04_HORIZONTALS/MH02/18_EDITORIAL_M2/10_ASSETS/MOTION2_TEXT_SEGMENTS_EXACT.json
88	7.43	/Users/lordjef/Downloads/ABRAXAS_V4_2_24_CONTINUITY_MASTER_PACKAGE/DELIVERABLES/JOC55_ABRAXAS_V4_2_24_PREBUILT/09_MOTIONS_V4_2/AI_SELECTED_V4_2_24/04_HORIZONTALS/MH02/18_EDITORIAL_M2/20_MOTION_FINAL/COLOCAR_AQUI_MOTION_FINAL.txt
1598	7.43	/Users/lordjef/Downloads/ABRAXAS_V4_2_24_CONTINUITY_MASTER_PACKAGE/DELIVERABLES/JOC55_ABRAXAS_V4_2_24_PREBUILT/09_MOTIONS_V4_2/AI_SELECTED_V4_2_24/04_HORIZONTALS/MH02/18_EDITORIAL_M2/MOTION_DECISION.json
783	7.43	/Users/lordjef/Downloads/ABRAXAS_V4_2_24_CONTINUITY_MASTER_PACKAGE/DELIVERABLES/JOC55_ABRAXAS_V4_2_24_PREBUILT/09_MOTIONS_V4_2/AI_SELECTED_V4_2_24/04_HORIZONTALS/MH02/19_EDITORIAL_M1/02_PROMPT_ANIMAR_MOTION.txt
88	7.43	/Users/lordjef/Downloads/ABRAXAS_V4_2_24_CONTINUITY_MASTER_PACKAGE/DELIVERABLES/JOC55_ABRAXAS_V4_2_24_PREBUILT/09_MOTIONS_V4_2/AI_SELECTED_V4_2_24/04_HORIZONTALS/MH02/19_EDITORIAL_M1/20_MOTION_FINAL/COLOCAR_AQUI_MOTION_FINAL.txt
1512	7.43	/Users/lordjef/Downloads/ABRAXAS_V4_2_24_CONTINUITY_MASTER_PACKAGE/DELIVERABLES/JOC55_ABRAXAS_V4_2_24_PREBUILT/09_MOTIONS_V4_2/AI_SELECTED_V4_2_24/04_HORIZONTALS/MH02/19_EDITORIAL_M1/MOTION_DECISION.json
719	7.43	/Users/lordjef/Downloads/ABRAXAS_V4_2_24_CONTINUITY_MASTER_PACKAGE/DELIVERABLES/JOC55_ABRAXAS_V4_2_24_PREBUILT/09_MOTIONS_V4_2/AI_SELECTED_V4_2_24/04_HORIZONTALS/MH02/20_EDITORIAL_M1/02_PROMPT_ANIMAR_MOTION.txt
88	7.43	/Users/lordjef/Downloads/ABRAXAS_V4_2_24_CONTINUITY_MASTER_PACKAGE/DELIVERABLES/JOC55_ABRAXAS_V4_2_24_PREBUILT/09_MOTIONS_V4_2/AI_SELECTED_V4_2_24/04_HORIZONTALS/MH02/20_EDITORIAL_M1/20_MOTION_FINAL/COLOCAR_AQUI_MOTION_FINAL.txt
1447	7.43	/Users/lordjef/Downloads/ABRAXAS_V4_2_24_CONTINUITY_MASTER_PACKAGE/DELIVERABLES/JOC55_ABRAXAS_V4_2_24_PREBUILT/09_MOTIONS_V4_2/AI_SELECTED_V4_2_24/04_HORIZONTALS/MH02/20_EDITORIAL_M1/MOTION_DECISION.json
711	7.43	/Users/lordjef/Downloads/ABRAXAS_V4_2_24_CONTINUITY_MASTER_PACKAGE/DELIVERABLES/JOC55_ABRAXAS_V4_2_24_PREBUILT/09_MOTIONS_V4_2/AI_SELECTED_V4_2_24/04_HORIZONTALS/MH02/21_EDITORIAL_M2/02_PROMPT_ANIMAR_MOTION.txt
434	7.43	/Users/lordjef/Downloads/ABRAXAS_V4_2_24_CONTINUITY_MASTER_PACKAGE/DELIVERABLES/JOC55_ABRAXAS_V4_2_24_PREBUILT/09_MOTIONS_V4_2/AI_SELECTED_V4_2_24/04_HORIZONTALS/MH02/21_EDITORIAL_M2/10_ASSETS/MOTION2_TEXT_SEGMENTS_EXACT.json
88	7.43	/Users/lordjef/Downloads/ABRAXAS_V4_2_24_CONTINUITY_MASTER_PACKAGE/DELIVERABLES/JOC55_ABRAXAS_V4_2_24_PREBUILT/09_MOTIONS_V4_2/AI_SELECTED_V4_2_24/04_HORIZONTALS/MH02/21_EDITORIAL_M2/20_MOTION_FINAL/COLOCAR_AQUI_MOTION_FINAL.txt
1552	7.43	/Users/lordjef/Downloads/ABRAXAS_V4_2_24_CONTINUITY_MASTER_PACKAGE/DELIVERABLES/JOC55_ABRAXAS_V4_2_24_PREBUILT/09_MOTIONS_V4_2/AI_SELECTED_V4_2_24/04_HORIZONTALS/MH02/21_EDITORIAL_M2/MOTION_DECISION.json
759	7.43	/Users/lordjef/Downloads/ABRAXAS_V4_2_24_CONTINUITY_MASTER_PACKAGE/DELIVERABLES/JOC55_ABRAXAS_V4_2_24_PREBUILT/09_MOTIONS_V4_2/AI_SELECTED_V4_2_24/04_HORIZONTALS/MH02/22_EDITORIAL_M2/02_PROMPT_ANIMAR_MOTION.txt
578	7.43	/Users/lordjef/Downloads/ABRAXAS_V4_2_24_CONTINUITY_MASTER_PACKAGE/DELIVERABLES/JOC55_ABRAXAS_V4_2_24_PREBUILT/09_MOTIONS_V4_2/AI_SELECTED_V4_2_24/04_HORIZONTALS/MH02/22_EDITORIAL_M2/10_ASSETS/MOTION2_TEXT_SEGMENTS_EXACT.json
88	7.43	/Users/lordjef/Downloads/ABRAXAS_V4_2_24_CONTINUITY_MASTER_PACKAGE/DELIVERABLES/JOC55_ABRAXAS_V4_2_24_PREBUILT/09_MOTIONS_V4_2/AI_SELECTED_V4_2_24/04_HORIZONTALS/MH02/22_EDITORIAL_M2/20_MOTION_FINAL/COLOCAR_AQUI_MOTION_FINAL.txt
1600	7.43	/Users/lordjef/Downloads/ABRAXAS_V4_2_24_CONTINUITY_MASTER_PACKAGE/DELIVERABLES/JOC55_ABRAXAS_V4_2_24_PREBUILT/09_MOTIONS_V4_2/AI_SELECTED_V4_2_24/04_HORIZONTALS/MH02/22_EDITORIAL_M2/MOTION_DECISION.json
770	7.43	/Users/lordjef/Downloads/ABRAXAS_V4_2_24_CONTINUITY_MASTER_PACKAGE/DELIVERABLES/JOC55_ABRAXAS_V4_2_24_PREBUILT/09_MOTIONS_V4_2/AI_SELECTED_V4_2_24/04_HORIZONTALS/MH02/23_EDITORIAL_M1/02_PROMPT_ANIMAR_MOTION.txt
88	7.43	/Users/lordjef/Downloads/ABRAXAS_V4_2_24_CONTINUITY_MASTER_PACKAGE/DELIVERABLES/JOC55_ABRAXAS_V4_2_24_PREBUILT/09_MOTIONS_V4_2/AI_SELECTED_V4_2_24/04_HORIZONTALS/MH02/23_EDITORIAL_M1/20_MOTION_FINAL/COLOCAR_AQUI_MOTION_FINAL.txt
1498	7.43	/Users/lordjef/Downloads/ABRAXAS_V4_2_24_CONTINUITY_MASTER_PACKAGE/DELIVERABLES/JOC55_ABRAXAS_V4_2_24_PREBUILT/09_MOTIONS_V4_2/AI_SELECTED_V4_2_24/04_HORIZONTALS/MH02/23_EDITORIAL_M1/MOTION_DECISION.json
4174	7.43	/Users/lordjef/Downloads/ABRAXAS_V4_2_24_CONTINUITY_MASTER_PACKAGE/DELIVERABLES/JOC55_ABRAXAS_V4_2_24_PREBUILT/09_MOTIONS_V4_2/AI_SELECTED_V4_2_24/04_HORIZONTALS/MH03/00_MOTION_INDEX.json
726	7.43	/Users/lordjef/Downloads/ABRAXAS_V4_2_24_CONTINUITY_MASTER_PACKAGE/DELIVERABLES/JOC55_ABRAXAS_V4_2_24_PREBUILT/09_MOTIONS_V4_2/AI_SELECTED_V4_2_24/04_HORIZONTALS/MH03/01_EDITORIAL_M1/02_PROMPT_ANIMAR_MOTION.txt
88	7.43	/Users/lordjef/Downloads/ABRAXAS_V4_2_24_CONTINUITY_MASTER_PACKAGE/DELIVERABLES/JOC55_ABRAXAS_V4_2_24_PREBUILT/09_MOTIONS_V4_2/AI_SELECTED_V4_2_24/04_HORIZONTALS/MH03/01_EDITORIAL_M1/20_MOTION_FINAL/COLOCAR_AQUI_MOTION_FINAL.txt
1455	7.43	/Users/lordjef/Downloads/ABRAXAS_V4_2_24_CONTINUITY_MASTER_PACKAGE/DELIVERABLES/JOC55_ABRAXAS_V4_2_24_PREBUILT/09_MOTIONS_V4_2/AI_SELECTED_V4_2_24/04_HORIZONTALS/MH03/01_EDITORIAL_M1/MOTION_DECISION.json
767	7.43	/Users/lordjef/Downloads/ABRAXAS_V4_2_24_CONTINUITY_MASTER_PACKAGE/DELIVERABLES/JOC55_ABRAXAS_V4_2_24_PREBUILT/09_MOTIONS_V4_2/AI_SELECTED_V4_2_24/04_HORIZONTALS/MH03/02_EDITORIAL_M1/02_PROMPT_ANIMAR_MOTION.txt
88	7.43	/Users/lordjef/Downloads/ABRAXAS_V4_2_24_CONTINUITY_MASTER_PACKAGE/DELIVERABLES/JOC55_ABRAXAS_V4_2_24_PREBUILT/09_MOTIONS_V4_2/AI_SELECTED_V4_2_24/04_HORIZONTALS/MH03/02_EDITORIAL_M1/20_MOTION_FINAL/COLOCAR_AQUI_MOTION_FINAL.txt
1490	7.43	/Users/lordjef/Downloads/ABRAXAS_V4_2_24_CONTINUITY_MASTER_PACKAGE/DELIVERABLES/JOC55_ABRAXAS_V4_2_24_PREBUILT/09_MOTIONS_V4_2/AI_SELECTED_V4_2_24/04_HORIZONTALS/MH03/02_EDITORIAL_M1/MOTION_DECISION.json
789	7.43	/Users/lordjef/Downloads/ABRAXAS_V4_2_24_CONTINUITY_MASTER_PACKAGE/DELIVERABLES/JOC55_ABRAXAS_V4_2_24_PREBUILT/09_MOTIONS_V4_2/AI_SELECTED_V4_2_24/04_HORIZONTALS/MH03/03_EDITORIAL_M1/02_PROMPT_ANIMAR_MOTION.txt
88	7.43	/Users/lordjef/Downloads/ABRAXAS_V4_2_24_CONTINUITY_MASTER_PACKAGE/DELIVERABLES/JOC55_ABRAXAS_V4_2_24_PREBUILT/09_MOTIONS_V4_2/AI_SELECTED_V4_2_24/04_HORIZONTALS/MH03/03_EDITORIAL_M1/20_MOTION_FINAL/COLOCAR_AQUI_MOTION_FINAL.txt
1518	7.43	/Users/lordjef/Downloads/ABRAXAS_V4_2_24_CONTINUITY_MASTER_PACKAGE/DELIVERABLES/JOC55_ABRAXAS_V4_2_24_PREBUILT/09_MOTIONS_V4_2/AI_SELECTED_V4_2_24/04_HORIZONTALS/MH03/03_EDITORIAL_M1/MOTION_DECISION.json
763	7.43	/Users/lordjef/Downloads/ABRAXAS_V4_2_24_CONTINUITY_MASTER_PACKAGE/DELIVERABLES/JOC55_ABRAXAS_V4_2_24_PREBUILT/09_MOTIONS_V4_2/AI_SELECTED_V4_2_24/04_HORIZONTALS/MH03/04_EDITORIAL_M1/02_PROMPT_ANIMAR_MOTION.txt
88	7.43	/Users/lordjef/Downloads/ABRAXAS_V4_2_24_CONTINUITY_MASTER_PACKAGE/DELIVERABLES/JOC55_ABRAXAS_V4_2_24_PREBUILT/09_MOTIONS_V4_2/AI_SELECTED_V4_2_24/04_HORIZONTALS/MH03/04_EDITORIAL_M1/20_MOTION_FINAL/COLOCAR_AQUI_MOTION_FINAL.txt
1488	7.43	/Users/lordjef/Downloads/ABRAXAS_V4_2_24_CONTINUITY_MASTER_PACKAGE/DELIVERABLES/JOC55_ABRAXAS_V4_2_24_PREBUILT/09_MOTIONS_V4_2/AI_SELECTED_V4_2_24/04_HORIZONTALS/MH03/04_EDITORIAL_M1/MOTION_DECISION.json
770	7.43	/Users/lordjef/Downloads/ABRAXAS_V4_2_24_CONTINUITY_MASTER_PACKAGE/DELIVERABLES/JOC55_ABRAXAS_V4_2_24_PREBUILT/09_MOTIONS_V4_2/AI_SELECTED_V4_2_24/04_HORIZONTALS/MH03/05_EDITORIAL_M1/02_PROMPT_ANIMAR_MOTION.txt
88	7.43	/Users/lordjef/Downloads/ABRAXAS_V4_2_24_CONTINUITY_MASTER_PACKAGE/DELIVERABLES/JOC55_ABRAXAS_V4_2_24_PREBUILT/09_MOTIONS_V4_2/AI_SELECTED_V4_2_24/04_HORIZONTALS/MH03/05_EDITORIAL_M1/20_MOTION_FINAL/COLOCAR_AQUI_MOTION_FINAL.txt
1495	7.43	/Users/lordjef/Downloads/ABRAXAS_V4_2_24_CONTINUITY_MASTER_PACKAGE/DELIVERABLES/JOC55_ABRAXAS_V4_2_24_PREBUILT/09_MOTIONS_V4_2/AI_SELECTED_V4_2_24/04_HORIZONTALS/MH03/05_EDITORIAL_M1/MOTION_DECISION.json
786	7.43	/Users/lordjef/Downloads/ABRAXAS_V4_2_24_CONTINUITY_MASTER_PACKAGE/DELIVERABLES/JOC55_ABRAXAS_V4_2_24_PREBUILT/09_MOTIONS_V4_2/AI_SELECTED_V4_2_24/04_HORIZONTALS/MH03/06_EDITORIAL_M6/02_PROMPT_ANIMAR_MOTION.txt
88	7.43	/Users/lordjef/Downloads/ABRAXAS_V4_2_24_CONTINUITY_MASTER_PACKAGE/DELIVERABLES/JOC55_ABRAXAS_V4_2_24_PREBUILT/09_MOTIONS_V4_2/AI_SELECTED_V4_2_24/04_HORIZONTALS/MH03/06_EDITORIAL_M6/20_MOTION_FINAL/COLOCAR_AQUI_MOTION_FINAL.txt
1496	7.43	/Users/lordjef/Downloads/ABRAXAS_V4_2_24_CONTINUITY_MASTER_PACKAGE/DELIVERABLES/JOC55_ABRAXAS_V4_2_24_PREBUILT/09_MOTIONS_V4_2/AI_SELECTED_V4_2_24/04_HORIZONTALS/MH03/06_EDITORIAL_M6/MOTION_DECISION.json
761	7.43	/Users/lordjef/Downloads/ABRAXAS_V4_2_24_CONTINUITY_MASTER_PACKAGE/DELIVERABLES/JOC55_ABRAXAS_V4_2_24_PREBUILT/09_MOTIONS_V4_2/AI_SELECTED_V4_2_24/04_HORIZONTALS/MH03/07_EDITORIAL_M1/02_PROMPT_ANIMAR_MOTION.txt
88	7.43	/Users/lordjef/Downloads/ABRAXAS_V4_2_24_CONTINUITY_MASTER_PACKAGE/DELIVERABLES/JOC55_ABRAXAS_V4_2_24_PREBUILT/09_MOTIONS_V4_2/AI_SELECTED_V4_2_24/04_HORIZONTALS/MH03/07_EDITORIAL_M1/20_MOTION_FINAL/COLOCAR_AQUI_MOTION_FINAL.txt
1488	7.43	/Users/lordjef/Downloads/ABRAXAS_V4_2_24_CONTINUITY_MASTER_PACKAGE/DELIVERABLES/JOC55_ABRAXAS_V4_2_24_PREBUILT/09_MOTIONS_V4_2/AI_SELECTED_V4_2_24/04_HORIZONTALS/MH03/07_EDITORIAL_M1/MOTION_DECISION.json
726	7.43	/Users/lordjef/Downloads/ABRAXAS_V4_2_24_CONTINUITY_MASTER_PACKAGE/DELIVERABLES/JOC55_ABRAXAS_V4_2_24_PREBUILT/09_MOTIONS_V4_2/AI_SELECTED_V4_2_24/04_HORIZONTALS/MH03/08_EDITORIAL_M6/02_PROMPT_ANIMAR_MOTION.txt
88	7.43	/Users/lordjef/Downloads/ABRAXAS_V4_2_24_CONTINUITY_MASTER_PACKAGE/DELIVERABLES/JOC55_ABRAXAS_V4_2_24_PREBUILT/09_MOTIONS_V4_2/AI_SELECTED_V4_2_24/04_HORIZONTALS/MH03/08_EDITORIAL_M6/20_MOTION_FINAL/COLOCAR_AQUI_MOTION_FINAL.txt
1438	7.43	/Users/lordjef/Downloads/ABRAXAS_V4_2_24_CONTINUITY_MASTER_PACKAGE/DELIVERABLES/JOC55_ABRAXAS_V4_2_24_PREBUILT/09_MOTIONS_V4_2/AI_SELECTED_V4_2_24/04_HORIZONTALS/MH03/08_EDITORIAL_M6/MOTION_DECISION.json
780	7.43	/Users/lordjef/Downloads/ABRAXAS_V4_2_24_CONTINUITY_MASTER_PACKAGE/DELIVERABLES/JOC55_ABRAXAS_V4_2_24_PREBUILT/09_MOTIONS_V4_2/AI_SELECTED_V4_2_24/04_HORIZONTALS/MH03/09_EDITORIAL_M5/02_PROMPT_ANIMAR_MOTION.txt
88	7.43	/Users/lordjef/Downloads/ABRAXAS_V4_2_24_CONTINUITY_MASTER_PACKAGE/DELIVERABLES/JOC55_ABRAXAS_V4_2_24_PREBUILT/09_MOTIONS_V4_2/AI_SELECTED_V4_2_24/04_HORIZONTALS/MH03/09_EDITORIAL_M5/20_MOTION_FINAL/COLOCAR_AQUI_MOTION_FINAL.txt
1528	7.43	/Users/lordjef/Downloads/ABRAXAS_V4_2_24_CONTINUITY_MASTER_PACKAGE/DELIVERABLES/JOC55_ABRAXAS_V4_2_24_PREBUILT/09_MOTIONS_V4_2/AI_SELECTED_V4_2_24/04_HORIZONTALS/MH03/09_EDITORIAL_M5/MOTION_DECISION.json
714	7.43	/Users/lordjef/Downloads/ABRAXAS_V4_2_24_CONTINUITY_MASTER_PACKAGE/DELIVERABLES/JOC55_ABRAXAS_V4_2_24_PREBUILT/09_MOTIONS_V4_2/AI_SELECTED_V4_2_24/04_HORIZONTALS/MH03/10_EDITORIAL_M1/02_PROMPT_ANIMAR_MOTION.txt
88	7.43	/Users/lordjef/Downloads/ABRAXAS_V4_2_24_CONTINUITY_MASTER_PACKAGE/DELIVERABLES/JOC55_ABRAXAS_V4_2_24_PREBUILT/09_MOTIONS_V4_2/AI_SELECTED_V4_2_24/04_HORIZONTALS/MH03/10_EDITORIAL_M1/20_MOTION_FINAL/COLOCAR_AQUI_MOTION_FINAL.txt
1440	7.43	/Users/lordjef/Downloads/ABRAXAS_V4_2_24_CONTINUITY_MASTER_PACKAGE/DELIVERABLES/JOC55_ABRAXAS_V4_2_24_PREBUILT/09_MOTIONS_V4_2/AI_SELECTED_V4_2_24/04_HORIZONTALS/MH03/10_EDITORIAL_M1/MOTION_DECISION.json
764	7.43	/Users/lordjef/Downloads/ABRAXAS_V4_2_24_CONTINUITY_MASTER_PACKAGE/DELIVERABLES/JOC55_ABRAXAS_V4_2_24_PREBUILT/09_MOTIONS_V4_2/AI_SELECTED_V4_2_24/04_HORIZONTALS/MH03/11_EDITORIAL_M1/02_PROMPT_ANIMAR_MOTION.txt
88	7.43	/Users/lordjef/Downloads/ABRAXAS_V4_2_24_CONTINUITY_MASTER_PACKAGE/DELIVERABLES/JOC55_ABRAXAS_V4_2_24_PREBUILT/09_MOTIONS_V4_2/AI_SELECTED_V4_2_24/04_HORIZONTALS/MH03/11_EDITORIAL_M1/20_MOTION_FINAL/COLOCAR_AQUI_MOTION_FINAL.txt
1496	7.43	/Users/lordjef/Downloads/ABRAXAS_V4_2_24_CONTINUITY_MASTER_PACKAGE/DELIVERABLES/JOC55_ABRAXAS_V4_2_24_PREBUILT/09_MOTIONS_V4_2/AI_SELECTED_V4_2_24/04_HORIZONTALS/MH03/11_EDITORIAL_M1/MOTION_DECISION.json
689	7.43	/Users/lordjef/Downloads/ABRAXAS_V4_2_24_CONTINUITY_MASTER_PACKAGE/DELIVERABLES/JOC55_ABRAXAS_V4_2_24_PREBUILT/09_MOTIONS_V4_2/AI_SELECTED_V4_2_24/04_HORIZONTALS/MH03/12_EDITORIAL_M1/02_PROMPT_ANIMAR_MOTION.txt
88	7.43	/Users/lordjef/Downloads/ABRAXAS_V4_2_24_CONTINUITY_MASTER_PACKAGE/DELIVERABLES/JOC55_ABRAXAS_V4_2_24_PREBUILT/09_MOTIONS_V4_2/AI_SELECTED_V4_2_24/04_HORIZONTALS/MH03/12_EDITORIAL_M1/20_MOTION_FINAL/COLOCAR_AQUI_MOTION_FINAL.txt
1417	7.43	/Users/lordjef/Downloads/ABRAXAS_V4_2_24_CONTINUITY_MASTER_PACKAGE/DELIVERABLES/JOC55_ABRAXAS_V4_2_24_PREBUILT/09_MOTIONS_V4_2/AI_SELECTED_V4_2_24/04_HORIZONTALS/MH03/12_EDITORIAL_M1/MOTION_DECISION.json
766	7.43	/Users/lordjef/Downloads/ABRAXAS_V4_2_24_CONTINUITY_MASTER_PACKAGE/DELIVERABLES/JOC55_ABRAXAS_V4_2_24_PREBUILT/09_MOTIONS_V4_2/AI_SELECTED_V4_2_24/04_HORIZONTALS/MH03/13_EDITORIAL_M1/02_PROMPT_ANIMAR_MOTION.txt
88	7.43	/Users/lordjef/Downloads/ABRAXAS_V4_2_24_CONTINUITY_MASTER_PACKAGE/DELIVERABLES/JOC55_ABRAXAS_V4_2_24_PREBUILT/09_MOTIONS_V4_2/AI_SELECTED_V4_2_24/04_HORIZONTALS/MH03/13_EDITORIAL_M1/20_MOTION_FINAL/COLOCAR_AQUI_MOTION_FINAL.txt
1494	7.43	/Users/lordjef/Downloads/ABRAXAS_V4_2_24_CONTINUITY_MASTER_PACKAGE/DELIVERABLES/JOC55_ABRAXAS_V4_2_24_PREBUILT/09_MOTIONS_V4_2/AI_SELECTED_V4_2_24/04_HORIZONTALS/MH03/13_EDITORIAL_M1/MOTION_DECISION.json
684	7.43	/Users/lordjef/Downloads/ABRAXAS_V4_2_24_CONTINUITY_MASTER_PACKAGE/DELIVERABLES/JOC55_ABRAXAS_V4_2_24_PREBUILT/09_MOTIONS_V4_2/AI_SELECTED_V4_2_24/04_HORIZONTALS/MH03/14_EDITORIAL_M1/02_PROMPT_ANIMAR_MOTION.txt
88	7.43	/Users/lordjef/Downloads/ABRAXAS_V4_2_24_CONTINUITY_MASTER_PACKAGE/DELIVERABLES/JOC55_ABRAXAS_V4_2_24_PREBUILT/09_MOTIONS_V4_2/AI_SELECTED_V4_2_24/04_HORIZONTALS/MH03/14_EDITORIAL_M1/20_MOTION_FINAL/COLOCAR_AQUI_MOTION_FINAL.txt
1410	7.43	/Users/lordjef/Downloads/ABRAXAS_V4_2_24_CONTINUITY_MASTER_PACKAGE/DELIVERABLES/JOC55_ABRAXAS_V4_2_24_PREBUILT/09_MOTIONS_V4_2/AI_SELECTED_V4_2_24/04_HORIZONTALS/MH03/14_EDITORIAL_M1/MOTION_DECISION.json
680	7.43	/Users/lordjef/Downloads/ABRAXAS_V4_2_24_CONTINUITY_MASTER_PACKAGE/DELIVERABLES/JOC55_ABRAXAS_V4_2_24_PREBUILT/09_MOTIONS_V4_2/AI_SELECTED_V4_2_24/04_HORIZONTALS/MH03/15_EDITORIAL_M1/02_PROMPT_ANIMAR_MOTION.txt
88	7.43	/Users/lordjef/Downloads/ABRAXAS_V4_2_24_CONTINUITY_MASTER_PACKAGE/DELIVERABLES/JOC55_ABRAXAS_V4_2_24_PREBUILT/09_MOTIONS_V4_2/AI_SELECTED_V4_2_24/04_HORIZONTALS/MH03/15_EDITORIAL_M1/20_MOTION_FINAL/COLOCAR_AQUI_MOTION_FINAL.txt
1407	7.43	/Users/lordjef/Downloads/ABRAXAS_V4_2_24_CONTINUITY_MASTER_PACKAGE/DELIVERABLES/JOC55_ABRAXAS_V4_2_24_PREBUILT/09_MOTIONS_V4_2/AI_SELECTED_V4_2_24/04_HORIZONTALS/MH03/15_EDITORIAL_M1/MOTION_DECISION.json
719	7.43	/Users/lordjef/Downloads/ABRAXAS_V4_2_24_CONTINUITY_MASTER_PACKAGE/DELIVERABLES/JOC55_ABRAXAS_V4_2_24_PREBUILT/09_MOTIONS_V4_2/AI_SELECTED_V4_2_24/04_HORIZONTALS/MH03/16_EDITORIAL_M1/02_PROMPT_ANIMAR_MOTION.txt
88	7.43	/Users/lordjef/Downloads/ABRAXAS_V4_2_24_CONTINUITY_MASTER_PACKAGE/DELIVERABLES/JOC55_ABRAXAS_V4_2_24_PREBUILT/09_MOTIONS_V4_2/AI_SELECTED_V4_2_24/04_HORIZONTALS/MH03/16_EDITORIAL_M1/20_MOTION_FINAL/COLOCAR_AQUI_MOTION_FINAL.txt
1445	7.43	/Users/lordjef/Downloads/ABRAXAS_V4_2_24_CONTINUITY_MASTER_PACKAGE/DELIVERABLES/JOC55_ABRAXAS_V4_2_24_PREBUILT/09_MOTIONS_V4_2/AI_SELECTED_V4_2_24/04_HORIZONTALS/MH03/16_EDITORIAL_M1/MOTION_DECISION.json
698	7.43	/Users/lordjef/Downloads/ABRAXAS_V4_2_24_CONTINUITY_MASTER_PACKAGE/DELIVERABLES/JOC55_ABRAXAS_V4_2_24_PREBUILT/09_MOTIONS_V4_2/AI_SELECTED_V4_2_24/04_HORIZONTALS/MH03/17_EDITORIAL_M1/02_PROMPT_ANIMAR_MOTION.txt
88	7.43	/Users/lordjef/Downloads/ABRAXAS_V4_2_24_CONTINUITY_MASTER_PACKAGE/DELIVERABLES/JOC55_ABRAXAS_V4_2_24_PREBUILT/09_MOTIONS_V4_2/AI_SELECTED_V4_2_24/04_HORIZONTALS/MH03/17_EDITORIAL_M1/20_MOTION_FINAL/COLOCAR_AQUI_MOTION_FINAL.txt
1426	7.43	/Users/lordjef/Downloads/ABRAXAS_V4_2_24_CONTINUITY_MASTER_PACKAGE/DELIVERABLES/JOC55_ABRAXAS_V4_2_24_PREBUILT/09_MOTIONS_V4_2/AI_SELECTED_V4_2_24/04_HORIZONTALS/MH03/17_EDITORIAL_M1/MOTION_DECISION.json
740	7.43	/Users/lordjef/Downloads/ABRAXAS_V4_2_24_CONTINUITY_MASTER_PACKAGE/DELIVERABLES/JOC55_ABRAXAS_V4_2_24_PREBUILT/09_MOTIONS_V4_2/AI_SELECTED_V4_2_24/04_HORIZONTALS/MH03/18_EDITORIAL_M4/02_PROMPT_ANIMAR_MOTION.txt
88	7.43	/Users/lordjef/Downloads/ABRAXAS_V4_2_24_CONTINUITY_MASTER_PACKAGE/DELIVERABLES/JOC55_ABRAXAS_V4_2_24_PREBUILT/09_MOTIONS_V4_2/AI_SELECTED_V4_2_24/04_HORIZONTALS/MH03/18_EDITORIAL_M4/20_MOTION_FINAL/COLOCAR_AQUI_MOTION_FINAL.txt
1419	7.43	/Users/lordjef/Downloads/ABRAXAS_V4_2_24_CONTINUITY_MASTER_PACKAGE/DELIVERABLES/JOC55_ABRAXAS_V4_2_24_PREBUILT/09_MOTIONS_V4_2/AI_SELECTED_V4_2_24/04_HORIZONTALS/MH03/18_EDITORIAL_M4/MOTION_DECISION.json
765	7.43	/Users/lordjef/Downloads/ABRAXAS_V4_2_24_CONTINUITY_MASTER_PACKAGE/DELIVERABLES/JOC55_ABRAXAS_V4_2_24_PREBUILT/09_MOTIONS_V4_2/AI_SELECTED_V4_2_24/04_HORIZONTALS/MH03/19_EDITORIAL_M1/02_PROMPT_ANIMAR_MOTION.txt
88	7.43	/Users/lordjef/Downloads/ABRAXAS_V4_2_24_CONTINUITY_MASTER_PACKAGE/DELIVERABLES/JOC55_ABRAXAS_V4_2_24_PREBUILT/09_MOTIONS_V4_2/AI_SELECTED_V4_2_24/04_HORIZONTALS/MH03/19_EDITORIAL_M1/20_MOTION_FINAL/COLOCAR_AQUI_MOTION_FINAL.txt
1491	7.43	/Users/lordjef/Downloads/ABRAXAS_V4_2_24_CONTINUITY_MASTER_PACKAGE/DELIVERABLES/JOC55_ABRAXAS_V4_2_24_PREBUILT/09_MOTIONS_V4_2/AI_SELECTED_V4_2_24/04_HORIZONTALS/MH03/19_EDITORIAL_M1/MOTION_DECISION.json
667	7.43	/Users/lordjef/Downloads/ABRAXAS_V4_2_24_CONTINUITY_MASTER_PACKAGE/DELIVERABLES/JOC55_ABRAXAS_V4_2_24_PREBUILT/09_MOTIONS_V4_2/AI_SELECTED_V4_2_24/04_HORIZONTALS/MH03/20_EDITORIAL_M1/02_PROMPT_ANIMAR_MOTION.txt
88	7.43	/Users/lordjef/Downloads/ABRAXAS_V4_2_24_CONTINUITY_MASTER_PACKAGE/DELIVERABLES/JOC55_ABRAXAS_V4_2_24_PREBUILT/09_MOTIONS_V4_2/AI_SELECTED_V4_2_24/04_HORIZONTALS/MH03/20_EDITORIAL_M1/20_MOTION_FINAL/COLOCAR_AQUI_MOTION_FINAL.txt
1397	7.43	/Users/lordjef/Downloads/ABRAXAS_V4_2_24_CONTINUITY_MASTER_PACKAGE/DELIVERABLES/JOC55_ABRAXAS_V4_2_24_PREBUILT/09_MOTIONS_V4_2/AI_SELECTED_V4_2_24/04_HORIZONTALS/MH03/20_EDITORIAL_M1/MOTION_DECISION.json
713	7.43	/Users/lordjef/Downloads/ABRAXAS_V4_2_24_CONTINUITY_MASTER_PACKAGE/DELIVERABLES/JOC55_ABRAXAS_V4_2_24_PREBUILT/09_MOTIONS_V4_2/AI_SELECTED_V4_2_24/04_HORIZONTALS/MH03/21_EDITORIAL_M1/02_PROMPT_ANIMAR_MOTION.txt
88	7.43	/Users/lordjef/Downloads/ABRAXAS_V4_2_24_CONTINUITY_MASTER_PACKAGE/DELIVERABLES/JOC55_ABRAXAS_V4_2_24_PREBUILT/09_MOTIONS_V4_2/AI_SELECTED_V4_2_24/04_HORIZONTALS/MH03/21_EDITORIAL_M1/20_MOTION_FINAL/COLOCAR_AQUI_MOTION_FINAL.txt
1449	7.43	/Users/lordjef/Downloads/ABRAXAS_V4_2_24_CONTINUITY_MASTER_PACKAGE/DELIVERABLES/JOC55_ABRAXAS_V4_2_24_PREBUILT/09_MOTIONS_V4_2/AI_SELECTED_V4_2_24/04_HORIZONTALS/MH03/21_EDITORIAL_M1/MOTION_DECISION.json
4367	7.43	/Users/lordjef/Downloads/ABRAXAS_V4_2_24_CONTINUITY_MASTER_PACKAGE/DELIVERABLES/JOC55_ABRAXAS_V4_2_24_PREBUILT/09_MOTIONS_V4_2/AI_SELECTED_V4_2_24/04_HORIZONTALS/MH04/00_MOTION_INDEX.json
740	7.43	/Users/lordjef/Downloads/ABRAXAS_V4_2_24_CONTINUITY_MASTER_PACKAGE/DELIVERABLES/JOC55_ABRAXAS_V4_2_24_PREBUILT/09_MOTIONS_V4_2/AI_SELECTED_V4_2_24/04_HORIZONTALS/MH04/01_EDITORIAL_M1/02_PROMPT_ANIMAR_MOTION.txt
88	7.43	/Users/lordjef/Downloads/ABRAXAS_V4_2_24_CONTINUITY_MASTER_PACKAGE/DELIVERABLES/JOC55_ABRAXAS_V4_2_24_PREBUILT/09_MOTIONS_V4_2/AI_SELECTED_V4_2_24/04_HORIZONTALS/MH04/01_EDITORIAL_M1/20_MOTION_FINAL/COLOCAR_AQUI_MOTION_FINAL.txt
1461	7.43	/Users/lordjef/Downloads/ABRAXAS_V4_2_24_CONTINUITY_MASTER_PACKAGE/DELIVERABLES/JOC55_ABRAXAS_V4_2_24_PREBUILT/09_MOTIONS_V4_2/AI_SELECTED_V4_2_24/04_HORIZONTALS/MH04/01_EDITORIAL_M1/MOTION_DECISION.json
706	7.43	/Users/lordjef/Downloads/ABRAXAS_V4_2_24_CONTINUITY_MASTER_PACKAGE/DELIVERABLES/JOC55_ABRAXAS_V4_2_24_PREBUILT/09_MOTIONS_V4_2/AI_SELECTED_V4_2_24/04_HORIZONTALS/MH04/02_EDITORIAL_M1/02_PROMPT_ANIMAR_MOTION.txt
88	7.43	/Users/lordjef/Downloads/ABRAXAS_V4_2_24_CONTINUITY_MASTER_PACKAGE/DELIVERABLES/JOC55_ABRAXAS_V4_2_24_PREBUILT/09_MOTIONS_V4_2/AI_SELECTED_V4_2_24/04_HORIZONTALS/MH04/02_EDITORIAL_M1/20_MOTION_FINAL/COLOCAR_AQUI_MOTION_FINAL.txt
1430	7.43	/Users/lordjef/Downloads/ABRAXAS_V4_2_24_CONTINUITY_MASTER_PACKAGE/DELIVERABLES/JOC55_ABRAXAS_V4_2_24_PREBUILT/09_MOTIONS_V4_2/AI_SELECTED_V4_2_24/04_HORIZONTALS/MH04/02_EDITORIAL_M1/MOTION_DECISION.json
675	7.43	/Users/lordjef/Downloads/ABRAXAS_V4_2_24_CONTINUITY_MASTER_PACKAGE/DELIVERABLES/JOC55_ABRAXAS_V4_2_24_PREBUILT/09_MOTIONS_V4_2/AI_SELECTED_V4_2_24/04_HORIZONTALS/MH04/03_EDITORIAL_M1/02_PROMPT_ANIMAR_MOTION.txt
88	7.43	/Users/lordjef/Downloads/ABRAXAS_V4_2_24_CONTINUITY_MASTER_PACKAGE/DELIVERABLES/JOC55_ABRAXAS_V4_2_24_PREBUILT/09_MOTIONS_V4_2/AI_SELECTED_V4_2_24/04_HORIZONTALS/MH04/03_EDITORIAL_M1/20_MOTION_FINAL/COLOCAR_AQUI_MOTION_FINAL.txt
1408	7.43	/Users/lordjef/Downloads/ABRAXAS_V4_2_24_CONTINUITY_MASTER_PACKAGE/DELIVERABLES/JOC55_ABRAXAS_V4_2_24_PREBUILT/09_MOTIONS_V4_2/AI_SELECTED_V4_2_24/04_HORIZONTALS/MH04/03_EDITORIAL_M1/MOTION_DECISION.json
773	7.43	/Users/lordjef/Downloads/ABRAXAS_V4_2_24_CONTINUITY_MASTER_PACKAGE/DELIVERABLES/JOC55_ABRAXAS_V4_2_24_PREBUILT/09_MOTIONS_V4_2/AI_SELECTED_V4_2_24/04_HORIZONTALS/MH04/04_EDITORIAL_M1/02_PROMPT_ANIMAR_MOTION.txt
88	7.43	/Users/lordjef/Downloads/ABRAXAS_V4_2_24_CONTINUITY_MASTER_PACKAGE/DELIVERABLES/JOC55_ABRAXAS_V4_2_24_PREBUILT/09_MOTIONS_V4_2/AI_SELECTED_V4_2_24/04_HORIZONTALS/MH04/04_EDITORIAL_M1/20_MOTION_FINAL/COLOCAR_AQUI_MOTION_FINAL.txt
1500	7.43	/Users/lordjef/Downloads/ABRAXAS_V4_2_24_CONTINUITY_MASTER_PACKAGE/DELIVERABLES/JOC55_ABRAXAS_V4_2_24_PREBUILT/09_MOTIONS_V4_2/AI_SELECTED_V4_2_24/04_HORIZONTALS/MH04/04_EDITORIAL_M1/MOTION_DECISION.json
741	7.43	/Users/lordjef/Downloads/ABRAXAS_V4_2_24_CONTINUITY_MASTER_PACKAGE/DELIVERABLES/JOC55_ABRAXAS_V4_2_24_PREBUILT/09_MOTIONS_V4_2/AI_SELECTED_V4_2_24/04_HORIZONTALS/MH04/05_EDITORIAL_M3/02_PROMPT_ANIMAR_MOTION.txt
88	7.43	/Users/lordjef/Downloads/ABRAXAS_V4_2_24_CONTINUITY_MASTER_PACKAGE/DELIVERABLES/JOC55_ABRAXAS_V4_2_24_PREBUILT/09_MOTIONS_V4_2/AI_SELECTED_V4_2_24/04_HORIZONTALS/MH04/05_EDITORIAL_M3/20_MOTION_FINAL/COLOCAR_AQUI_MOTION_FINAL.txt
1444	7.43	/Users/lordjef/Downloads/ABRAXAS_V4_2_24_CONTINUITY_MASTER_PACKAGE/DELIVERABLES/JOC55_ABRAXAS_V4_2_24_PREBUILT/09_MOTIONS_V4_2/AI_SELECTED_V4_2_24/04_HORIZONTALS/MH04/05_EDITORIAL_M3/MOTION_DECISION.json
736	7.43	/Users/lordjef/Downloads/ABRAXAS_V4_2_24_CONTINUITY_MASTER_PACKAGE/DELIVERABLES/JOC55_ABRAXAS_V4_2_24_PREBUILT/09_MOTIONS_V4_2/AI_SELECTED_V4_2_24/04_HORIZONTALS/MH04/06_EDITORIAL_M1/02_PROMPT_ANIMAR_MOTION.txt
88	7.43	/Users/lordjef/Downloads/ABRAXAS_V4_2_24_CONTINUITY_MASTER_PACKAGE/DELIVERABLES/JOC55_ABRAXAS_V4_2_24_PREBUILT/09_MOTIONS_V4_2/AI_SELECTED_V4_2_24/04_HORIZONTALS/MH04/06_EDITORIAL_M1/20_MOTION_FINAL/COLOCAR_AQUI_MOTION_FINAL.txt
1461	7.43	/Users/lordjef/Downloads/ABRAXAS_V4_2_24_CONTINUITY_MASTER_PACKAGE/DELIVERABLES/JOC55_ABRAXAS_V4_2_24_PREBUILT/09_MOTIONS_V4_2/AI_SELECTED_V4_2_24/04_HORIZONTALS/MH04/06_EDITORIAL_M1/MOTION_DECISION.json
726	7.43	/Users/lordjef/Downloads/ABRAXAS_V4_2_24_CONTINUITY_MASTER_PACKAGE/DELIVERABLES/JOC55_ABRAXAS_V4_2_24_PREBUILT/09_MOTIONS_V4_2/AI_SELECTED_V4_2_24/04_HORIZONTALS/MH04/07_EDITORIAL_M1/02_PROMPT_ANIMAR_MOTION.txt
88	7.43	/Users/lordjef/Downloads/ABRAXAS_V4_2_24_CONTINUITY_MASTER_PACKAGE/DELIVERABLES/JOC55_ABRAXAS_V4_2_24_PREBUILT/09_MOTIONS_V4_2/AI_SELECTED_V4_2_24/04_HORIZONTALS/MH04/07_EDITORIAL_M1/20_MOTION_FINAL/COLOCAR_AQUI_MOTION_FINAL.txt
1451	7.43	/Users/lordjef/Downloads/ABRAXAS_V4_2_24_CONTINUITY_MASTER_PACKAGE/DELIVERABLES/JOC55_ABRAXAS_V4_2_24_PREBUILT/09_MOTIONS_V4_2/AI_SELECTED_V4_2_24/04_HORIZONTALS/MH04/07_EDITORIAL_M1/MOTION_DECISION.json
681	7.43	/Users/lordjef/Downloads/ABRAXAS_V4_2_24_CONTINUITY_MASTER_PACKAGE/DELIVERABLES/JOC55_ABRAXAS_V4_2_24_PREBUILT/09_MOTIONS_V4_2/AI_SELECTED_V4_2_24/04_HORIZONTALS/MH04/08_EDITORIAL_M1/02_PROMPT_ANIMAR_MOTION.txt
88	7.43	/Users/lordjef/Downloads/ABRAXAS_V4_2_24_CONTINUITY_MASTER_PACKAGE/DELIVERABLES/JOC55_ABRAXAS_V4_2_24_PREBUILT/09_MOTIONS_V4_2/AI_SELECTED_V4_2_24/04_HORIZONTALS/MH04/08_EDITORIAL_M1/20_MOTION_FINAL/COLOCAR_AQUI_MOTION_FINAL.txt
1410	7.43	/Users/lordjef/Downloads/ABRAXAS_V4_2_24_CONTINUITY_MASTER_PACKAGE/DELIVERABLES/JOC55_ABRAXAS_V4_2_24_PREBUILT/09_MOTIONS_V4_2/AI_SELECTED_V4_2_24/04_HORIZONTALS/MH04/08_EDITORIAL_M1/MOTION_DECISION.json
687	7.43	/Users/lordjef/Downloads/ABRAXAS_V4_2_24_CONTINUITY_MASTER_PACKAGE/DELIVERABLES/JOC55_ABRAXAS_V4_2_24_PREBUILT/09_MOTIONS_V4_2/AI_SELECTED_V4_2_24/04_HORIZONTALS/MH04/09_EDITORIAL_M4/02_PROMPT_ANIMAR_MOTION.txt
88	7.43	/Users/lordjef/Downloads/ABRAXAS_V4_2_24_CONTINUITY_MASTER_PACKAGE/DELIVERABLES/JOC55_ABRAXAS_V4_2_24_PREBUILT/09_MOTIONS_V4_2/AI_SELECTED_V4_2_24/04_HORIZONTALS/MH04/09_EDITORIAL_M4/20_MOTION_FINAL/COLOCAR_AQUI_MOTION_FINAL.txt
1369	7.43	/Users/lordjef/Downloads/ABRAXAS_V4_2_24_CONTINUITY_MASTER_PACKAGE/DELIVERABLES/JOC55_ABRAXAS_V4_2_24_PREBUILT/09_MOTIONS_V4_2/AI_SELECTED_V4_2_24/04_HORIZONTALS/MH04/09_EDITORIAL_M4/MOTION_DECISION.json
671	7.43	/Users/lordjef/Downloads/ABRAXAS_V4_2_24_CONTINUITY_MASTER_PACKAGE/DELIVERABLES/JOC55_ABRAXAS_V4_2_24_PREBUILT/09_MOTIONS_V4_2/AI_SELECTED_V4_2_24/04_HORIZONTALS/MH04/10_EDITORIAL_M4/02_PROMPT_ANIMAR_MOTION.txt
88	7.43	/Users/lordjef/Downloads/ABRAXAS_V4_2_24_CONTINUITY_MASTER_PACKAGE/DELIVERABLES/JOC55_ABRAXAS_V4_2_24_PREBUILT/09_MOTIONS_V4_2/AI_SELECTED_V4_2_24/04_HORIZONTALS/MH04/10_EDITORIAL_M4/20_MOTION_FINAL/COLOCAR_AQUI_MOTION_FINAL.txt
1354	7.43	/Users/lordjef/Downloads/ABRAXAS_V4_2_24_CONTINUITY_MASTER_PACKAGE/DELIVERABLES/JOC55_ABRAXAS_V4_2_24_PREBUILT/09_MOTIONS_V4_2/AI_SELECTED_V4_2_24/04_HORIZONTALS/MH04/10_EDITORIAL_M4/MOTION_DECISION.json
713	7.43	/Users/lordjef/Downloads/ABRAXAS_V4_2_24_CONTINUITY_MASTER_PACKAGE/DELIVERABLES/JOC55_ABRAXAS_V4_2_24_PREBUILT/09_MOTIONS_V4_2/AI_SELECTED_V4_2_24/04_HORIZONTALS/MH04/11_EDITORIAL_M1/02_PROMPT_ANIMAR_MOTION.txt
88	7.43	/Users/lordjef/Downloads/ABRAXAS_V4_2_24_CONTINUITY_MASTER_PACKAGE/DELIVERABLES/JOC55_ABRAXAS_V4_2_24_PREBUILT/09_MOTIONS_V4_2/AI_SELECTED_V4_2_24/04_HORIZONTALS/MH04/11_EDITORIAL_M1/20_MOTION_FINAL/COLOCAR_AQUI_MOTION_FINAL.txt
1439	7.43	/Users/lordjef/Downloads/ABRAXAS_V4_2_24_CONTINUITY_MASTER_PACKAGE/DELIVERABLES/JOC55_ABRAXAS_V4_2_24_PREBUILT/09_MOTIONS_V4_2/AI_SELECTED_V4_2_24/04_HORIZONTALS/MH04/11_EDITORIAL_M1/MOTION_DECISION.json
686	7.43	/Users/lordjef/Downloads/ABRAXAS_V4_2_24_CONTINUITY_MASTER_PACKAGE/DELIVERABLES/JOC55_ABRAXAS_V4_2_24_PREBUILT/09_MOTIONS_V4_2/AI_SELECTED_V4_2_24/04_HORIZONTALS/MH04/12_EDITORIAL_M1/02_PROMPT_ANIMAR_MOTION.txt
88	7.43	/Users/lordjef/Downloads/ABRAXAS_V4_2_24_CONTINUITY_MASTER_PACKAGE/DELIVERABLES/JOC55_ABRAXAS_V4_2_24_PREBUILT/09_MOTIONS_V4_2/AI_SELECTED_V4_2_24/04_HORIZONTALS/MH04/12_EDITORIAL_M1/20_MOTION_FINAL/COLOCAR_AQUI_MOTION_FINAL.txt
1416	7.43	/Users/lordjef/Downloads/ABRAXAS_V4_2_24_CONTINUITY_MASTER_PACKAGE/DELIVERABLES/JOC55_ABRAXAS_V4_2_24_PREBUILT/09_MOTIONS_V4_2/AI_SELECTED_V4_2_24/04_HORIZONTALS/MH04/12_EDITORIAL_M1/MOTION_DECISION.json
749	7.43	/Users/lordjef/Downloads/ABRAXAS_V4_2_24_CONTINUITY_MASTER_PACKAGE/DELIVERABLES/JOC55_ABRAXAS_V4_2_24_PREBUILT/09_MOTIONS_V4_2/AI_SELECTED_V4_2_24/04_HORIZONTALS/MH04/13_EDITORIAL_M6/02_PROMPT_ANIMAR_MOTION.txt
88	7.43	/Users/lordjef/Downloads/ABRAXAS_V4_2_24_CONTINUITY_MASTER_PACKAGE/DELIVERABLES/JOC55_ABRAXAS_V4_2_24_PREBUILT/09_MOTIONS_V4_2/AI_SELECTED_V4_2_24/04_HORIZONTALS/MH04/13_EDITORIAL_M6/20_MOTION_FINAL/COLOCAR_AQUI_MOTION_FINAL.txt
1460	7.43	/Users/lordjef/Downloads/ABRAXAS_V4_2_24_CONTINUITY_MASTER_PACKAGE/DELIVERABLES/JOC55_ABRAXAS_V4_2_24_PREBUILT/09_MOTIONS_V4_2/AI_SELECTED_V4_2_24/04_HORIZONTALS/MH04/13_EDITORIAL_M6/MOTION_DECISION.json
749	7.43	/Users/lordjef/Downloads/ABRAXAS_V4_2_24_CONTINUITY_MASTER_PACKAGE/DELIVERABLES/JOC55_ABRAXAS_V4_2_24_PREBUILT/09_MOTIONS_V4_2/AI_SELECTED_V4_2_24/04_HORIZONTALS/MH04/14_EDITORIAL_M1/02_PROMPT_ANIMAR_MOTION.txt
88	7.43	/Users/lordjef/Downloads/ABRAXAS_V4_2_24_CONTINUITY_MASTER_PACKAGE/DELIVERABLES/JOC55_ABRAXAS_V4_2_24_PREBUILT/09_MOTIONS_V4_2/AI_SELECTED_V4_2_24/04_HORIZONTALS/MH04/14_EDITORIAL_M1/20_MOTION_FINAL/COLOCAR_AQUI_MOTION_FINAL.txt
1475	7.43	/Users/lordjef/Downloads/ABRAXAS_V4_2_24_CONTINUITY_MASTER_PACKAGE/DELIVERABLES/JOC55_ABRAXAS_V4_2_24_PREBUILT/09_MOTIONS_V4_2/AI_SELECTED_V4_2_24/04_HORIZONTALS/MH04/14_EDITORIAL_M1/MOTION_DECISION.json
715	7.43	/Users/lordjef/Downloads/ABRAXAS_V4_2_24_CONTINUITY_MASTER_PACKAGE/DELIVERABLES/JOC55_ABRAXAS_V4_2_24_PREBUILT/09_MOTIONS_V4_2/AI_SELECTED_V4_2_24/04_HORIZONTALS/MH04/15_EDITORIAL_M1/02_PROMPT_ANIMAR_MOTION.txt
88	7.43	/Users/lordjef/Downloads/ABRAXAS_V4_2_24_CONTINUITY_MASTER_PACKAGE/DELIVERABLES/JOC55_ABRAXAS_V4_2_24_PREBUILT/09_MOTIONS_V4_2/AI_SELECTED_V4_2_24/04_HORIZONTALS/MH04/15_EDITORIAL_M1/20_MOTION_FINAL/COLOCAR_AQUI_MOTION_FINAL.txt
1441	7.43	/Users/lordjef/Downloads/ABRAXAS_V4_2_24_CONTINUITY_MASTER_PACKAGE/DELIVERABLES/JOC55_ABRAXAS_V4_2_24_PREBUILT/09_MOTIONS_V4_2/AI_SELECTED_V4_2_24/04_HORIZONTALS/MH04/15_EDITORIAL_M1/MOTION_DECISION.json
788	7.43	/Users/lordjef/Downloads/ABRAXAS_V4_2_24_CONTINUITY_MASTER_PACKAGE/DELIVERABLES/JOC55_ABRAXAS_V4_2_24_PREBUILT/09_MOTIONS_V4_2/AI_SELECTED_V4_2_24/04_HORIZONTALS/MH04/16_EDITORIAL_M1/02_PROMPT_ANIMAR_MOTION.txt
88	7.43	/Users/lordjef/Downloads/ABRAXAS_V4_2_24_CONTINUITY_MASTER_PACKAGE/DELIVERABLES/JOC55_ABRAXAS_V4_2_24_PREBUILT/09_MOTIONS_V4_2/AI_SELECTED_V4_2_24/04_HORIZONTALS/MH04/16_EDITORIAL_M1/20_MOTION_FINAL/COLOCAR_AQUI_MOTION_FINAL.txt
1516	7.43	/Users/lordjef/Downloads/ABRAXAS_V4_2_24_CONTINUITY_MASTER_PACKAGE/DELIVERABLES/JOC55_ABRAXAS_V4_2_24_PREBUILT/09_MOTIONS_V4_2/AI_SELECTED_V4_2_24/04_HORIZONTALS/MH04/16_EDITORIAL_M1/MOTION_DECISION.json
668	7.43	/Users/lordjef/Downloads/ABRAXAS_V4_2_24_CONTINUITY_MASTER_PACKAGE/DELIVERABLES/JOC55_ABRAXAS_V4_2_24_PREBUILT/09_MOTIONS_V4_2/AI_SELECTED_V4_2_24/04_HORIZONTALS/MH04/17_EDITORIAL_M1/02_PROMPT_ANIMAR_MOTION.txt
88	7.43	/Users/lordjef/Downloads/ABRAXAS_V4_2_24_CONTINUITY_MASTER_PACKAGE/DELIVERABLES/JOC55_ABRAXAS_V4_2_24_PREBUILT/09_MOTIONS_V4_2/AI_SELECTED_V4_2_24/04_HORIZONTALS/MH04/17_EDITORIAL_M1/20_MOTION_FINAL/COLOCAR_AQUI_MOTION_FINAL.txt
1400	7.43	/Users/lordjef/Downloads/ABRAXAS_V4_2_24_CONTINUITY_MASTER_PACKAGE/DELIVERABLES/JOC55_ABRAXAS_V4_2_24_PREBUILT/09_MOTIONS_V4_2/AI_SELECTED_V4_2_24/04_HORIZONTALS/MH04/17_EDITORIAL_M1/MOTION_DECISION.json
747	7.43	/Users/lordjef/Downloads/ABRAXAS_V4_2_24_CONTINUITY_MASTER_PACKAGE/DELIVERABLES/JOC55_ABRAXAS_V4_2_24_PREBUILT/09_MOTIONS_V4_2/AI_SELECTED_V4_2_24/04_HORIZONTALS/MH04/18_EDITORIAL_M3/02_PROMPT_ANIMAR_MOTION.txt
88	7.43	/Users/lordjef/Downloads/ABRAXAS_V4_2_24_CONTINUITY_MASTER_PACKAGE/DELIVERABLES/JOC55_ABRAXAS_V4_2_24_PREBUILT/09_MOTIONS_V4_2/AI_SELECTED_V4_2_24/04_HORIZONTALS/MH04/18_EDITORIAL_M3/20_MOTION_FINAL/COLOCAR_AQUI_MOTION_FINAL.txt
1453	7.43	/Users/lordjef/Downloads/ABRAXAS_V4_2_24_CONTINUITY_MASTER_PACKAGE/DELIVERABLES/JOC55_ABRAXAS_V4_2_24_PREBUILT/09_MOTIONS_V4_2/AI_SELECTED_V4_2_24/04_HORIZONTALS/MH04/18_EDITORIAL_M3/MOTION_DECISION.json
789	7.43	/Users/lordjef/Downloads/ABRAXAS_V4_2_24_CONTINUITY_MASTER_PACKAGE/DELIVERABLES/JOC55_ABRAXAS_V4_2_24_PREBUILT/09_MOTIONS_V4_2/AI_SELECTED_V4_2_24/04_HORIZONTALS/MH04/19_EDITORIAL_M6/02_PROMPT_ANIMAR_MOTION.txt
88	7.43	/Users/lordjef/Downloads/ABRAXAS_V4_2_24_CONTINUITY_MASTER_PACKAGE/DELIVERABLES/JOC55_ABRAXAS_V4_2_24_PREBUILT/09_MOTIONS_V4_2/AI_SELECTED_V4_2_24/04_HORIZONTALS/MH04/19_EDITORIAL_M6/20_MOTION_FINAL/COLOCAR_AQUI_MOTION_FINAL.txt
1502	7.43	/Users/lordjef/Downloads/ABRAXAS_V4_2_24_CONTINUITY_MASTER_PACKAGE/DELIVERABLES/JOC55_ABRAXAS_V4_2_24_PREBUILT/09_MOTIONS_V4_2/AI_SELECTED_V4_2_24/04_HORIZONTALS/MH04/19_EDITORIAL_M6/MOTION_DECISION.json
764	7.43	/Users/lordjef/Downloads/ABRAXAS_V4_2_24_CONTINUITY_MASTER_PACKAGE/DELIVERABLES/JOC55_ABRAXAS_V4_2_24_PREBUILT/09_MOTIONS_V4_2/AI_SELECTED_V4_2_24/04_HORIZONTALS/MH04/20_EDITORIAL_M1/02_PROMPT_ANIMAR_MOTION.txt
88	7.43	/Users/lordjef/Downloads/ABRAXAS_V4_2_24_CONTINUITY_MASTER_PACKAGE/DELIVERABLES/JOC55_ABRAXAS_V4_2_24_PREBUILT/09_MOTIONS_V4_2/AI_SELECTED_V4_2_24/04_HORIZONTALS/MH04/20_EDITORIAL_M1/20_MOTION_FINAL/COLOCAR_AQUI_MOTION_FINAL.txt
1492	7.43	/Users/lordjef/Downloads/ABRAXAS_V4_2_24_CONTINUITY_MASTER_PACKAGE/DELIVERABLES/JOC55_ABRAXAS_V4_2_24_PREBUILT/09_MOTIONS_V4_2/AI_SELECTED_V4_2_24/04_HORIZONTALS/MH04/20_EDITORIAL_M1/MOTION_DECISION.json
755	7.43	/Users/lordjef/Downloads/ABRAXAS_V4_2_24_CONTINUITY_MASTER_PACKAGE/DELIVERABLES/JOC55_ABRAXAS_V4_2_24_PREBUILT/09_MOTIONS_V4_2/AI_SELECTED_V4_2_24/04_HORIZONTALS/MH04/21_EDITORIAL_M3/02_PROMPT_ANIMAR_MOTION.txt
88	7.43	/Users/lordjef/Downloads/ABRAXAS_V4_2_24_CONTINUITY_MASTER_PACKAGE/DELIVERABLES/JOC55_ABRAXAS_V4_2_24_PREBUILT/09_MOTIONS_V4_2/AI_SELECTED_V4_2_24/04_HORIZONTALS/MH04/21_EDITORIAL_M3/20_MOTION_FINAL/COLOCAR_AQUI_MOTION_FINAL.txt
1461	7.43	/Users/lordjef/Downloads/ABRAXAS_V4_2_24_CONTINUITY_MASTER_PACKAGE/DELIVERABLES/JOC55_ABRAXAS_V4_2_24_PREBUILT/09_MOTIONS_V4_2/AI_SELECTED_V4_2_24/04_HORIZONTALS/MH04/21_EDITORIAL_M3/MOTION_DECISION.json
722	7.43	/Users/lordjef/Downloads/ABRAXAS_V4_2_24_CONTINUITY_MASTER_PACKAGE/DELIVERABLES/JOC55_ABRAXAS_V4_2_24_PREBUILT/09_MOTIONS_V4_2/AI_SELECTED_V4_2_24/04_HORIZONTALS/MH04/22_EDITORIAL_M1/02_PROMPT_ANIMAR_MOTION.txt
88	7.43	/Users/lordjef/Downloads/ABRAXAS_V4_2_24_CONTINUITY_MASTER_PACKAGE/DELIVERABLES/JOC55_ABRAXAS_V4_2_24_PREBUILT/09_MOTIONS_V4_2/AI_SELECTED_V4_2_24/04_HORIZONTALS/MH04/22_EDITORIAL_M1/20_MOTION_FINAL/COLOCAR_AQUI_MOTION_FINAL.txt
1450	7.43	/Users/lordjef/Downloads/ABRAXAS_V4_2_24_CONTINUITY_MASTER_PACKAGE/DELIVERABLES/JOC55_ABRAXAS_V4_2_24_PREBUILT/09_MOTIONS_V4_2/AI_SELECTED_V4_2_24/04_HORIZONTALS/MH04/22_EDITORIAL_M1/MOTION_DECISION.json
1057	7.43	/Users/lordjef/Downloads/ABRAXAS_V4_2_24_CONTINUITY_MASTER_PACKAGE/DOCS/01_CONTEXTO_COMPLETO_ABRAXAS.md
857	7.43	/Users/lordjef/Downloads/ABRAXAS_V4_2_24_CONTINUITY_MASTER_PACKAGE/DOCS/04_OBJETIVO_HOTFIX_V4_2_24.md
1043	7.43	/Users/lordjef/Downloads/ABRAXAS_V4_2_24_CONTINUITY_MASTER_PACKAGE/DOCS/05_LOGICA_MOTION_ENGINE.md
994	7.43	/Users/lordjef/Downloads/ABRAXAS_V4_2_24_CONTINUITY_MASTER_PACKAGE/DOCS/06_CRITERIOS_IA_PARA_SELECCIONAR_MOTIONS.md
774	7.43	/Users/lordjef/Downloads/ABRAXAS_V4_2_24_CONTINUITY_MASTER_PACKAGE/DOCS/13_PLAN_DE_IMPLEMENTACION_HOTFIX.md
56143	7.43	/Users/lordjef/Downloads/ABRAXAS_V4_2_24_CONTINUITY_MASTER_PACKAGE/ENGINE/ai_motion_engine_v4_2_24.py
833	7.43	/Users/lordjef/Downloads/ABRAXAS_V4_2_24_CONTINUITY_MASTER_PACKAGE/FINAL_DELIVERY_REPORT.txt
605613	7.43	/Users/lordjef/Downloads/ABRAXAS_V4_2_24_CONTINUITY_MASTER_PACKAGE/INPUT/ABRAXAS_MOTION_SYSTEM_V6_DOCUMENTATION_ARCHIVE.html
644133	7.43	/Users/lordjef/Downloads/ABRAXAS_V4_2_24_CONTINUITY_MASTER_PACKAGE/INPUT/ABRAXAS_MOTION_SYSTEM_V7_INTERACTIVE.html
819	7.43	/Users/lordjef/Downloads/ABRAXAS_V4_2_24_CONTINUITY_MASTER_PACKAGE/PACKAGE_MANIFEST.json
1209	7.43	/Users/lordjef/Downloads/ABRAXAS_V4_2_24_CONTINUITY_MASTER_PACKAGE/README_PARA_NUEVA_IA.txt
1494	7.43	/Users/lordjef/Downloads/ABRAXAS_V4_2_24_CONTINUITY_MASTER_PACKAGE/SHA256SUMS.txt
2648	7.43	/Users/lordjef/Downloads/ABRAXAS_V4_2_24_CONTINUITY_MASTER_PACKAGE/TERMINAL/CREAR_HOTFIX.command
825	7.43	/Users/lordjef/Downloads/ABRAXAS_V4_2_24_CONTINUITY_MASTER_PACKAGE/TERMINAL/DIAGNOSTICO_ABRAXAS.command
41899	7.39	/Users/lordjef/Downloads/ABRAXAS_V4_2_24_MOTION_1080P_40M_HOTFIX.zip
704	7.39	/Users/lordjef/Downloads/ABRAXAS_V4_2_24_MOTION_1080P_40M_HOTFIX/00_LEER_PRIMERO.txt
805	7.39	/Users/lordjef/Downloads/ABRAXAS_V4_2_24_MOTION_1080P_40M_HOTFIX/DOCS/15_HOTFIX_MOTION_1080P_40M.md
6288	7.39	/Users/lordjef/Downloads/ABRAXAS_V4_2_24_MOTION_1080P_40M_HOTFIX/ENGINE/apply_motion_1080p_40m_hotfix.py
1919	7.39	/Users/lordjef/Downloads/ABRAXAS_V4_2_24_MOTION_1080P_40M_HOTFIX/ENGINE/restore_motion_1080p_40m_hotfix.py
604	7.39	/Users/lordjef/Downloads/ABRAXAS_V4_2_24_MOTION_1080P_40M_HOTFIX/HOTFIX_MANIFEST.json
71016	7.39	/Users/lordjef/Downloads/ABRAXAS_V4_2_24_MOTION_1080P_40M_HOTFIX/PAYLOAD/ENGINE/ai_motion_engine_v4_2_24.py
1566	7.39	/Users/lordjef/Downloads/ABRAXAS_V4_2_24_MOTION_1080P_40M_HOTFIX/SHA256SUMS.txt
937	7.39	/Users/lordjef/Downloads/ABRAXAS_V4_2_24_MOTION_1080P_40M_HOTFIX/TERMINAL/APLICAR_HOTFIX_MOTION_1080P_40M.command
532	7.39	/Users/lordjef/Downloads/ABRAXAS_V4_2_24_MOTION_1080P_40M_HOTFIX/TERMINAL/APLICAR_Y_REANUDAR_MOTION_1080P_40M.command
1942	7.39	/Users/lordjef/Downloads/ABRAXAS_V4_2_24_MOTION_1080P_40M_HOTFIX/TESTS/test_hotfix_payload.py
338	7.39	/Users/lordjef/Downloads/ABRAXAS_V4_2_24_MOTION_1080P_40M_HOTFIX/TESTS/VALIDAR_HOTFIX.command
962	7.39	/Users/lordjef/Downloads/ABRAXAS_V4_2_24_MOTION_1080P_40M_HOTFIX/VALIDATION_REPORT.txt
754042	7.77	/Users/lordjef/Downloads/ABRAXAS_V4_2_2_HOTFIX_37_VERTICALS.zip
2454	7.77	/Users/lordjef/Downloads/ABRAXAS_V4_2_2_HOTFIX_37_VERTICALS/APLICAR_HOTFIX_Y_EJECUTAR.command
776	7.77	/Users/lordjef/Downloads/ABRAXAS_V4_2_2_HOTFIX_37_VERTICALS/README_HOTFIX.txt
1041892	7.76	/Users/lordjef/Downloads/ABRAXAS_V4_2_3_SIN_REVISION_MANUAL.zip
6148	7.75	/Users/lordjef/Downloads/ABRAXAS_V4_2_3_SIN_REVISION_MANUAL/.DS_Store
3612	7.76	/Users/lordjef/Downloads/ABRAXAS_V4_2_3_SIN_REVISION_MANUAL/APLICAR_Y_EJECUTAR_TODO.command
959	7.76	/Users/lordjef/Downloads/ABRAXAS_V4_2_3_SIN_REVISION_MANUAL/README_PRIMERO.txt
2054936	7.75	/Users/lordjef/Downloads/ABRAXAS_V4_2_4_DASHBOARDS_MOTION.zip
1354829	7.72	/Users/lordjef/Downloads/ABRAXAS_V4_2_5_HORIZONTAL_LONGFORM_HOTFIX.zip
6148	0.87	/Users/lordjef/Downloads/ABRAXAS_V4_2_5_HORIZONTAL_LONGFORM_HOTFIX/.DS_Store
2510	7.72	/Users/lordjef/Downloads/ABRAXAS_V4_2_5_HORIZONTAL_LONGFORM_HOTFIX/00_APLICAR_HOTFIX_HORIZONTAL_LONGFORM.command
178	7.72	/Users/lordjef/Downloads/ABRAXAS_V4_2_5_HORIZONTAL_LONGFORM_HOTFIX/00_APLICAR_Y_CONTINUAR_TODO.command
1117	7.72	/Users/lordjef/Downloads/ABRAXAS_V4_2_5_HORIZONTAL_LONGFORM_HOTFIX/01_CONTINUAR_TODO_DESDE_CACHE.command
34594	7.72	/Users/lordjef/Downloads/ABRAXAS_V4_2_5_HORIZONTAL_LONGFORM_HOTFIX/PATCH/TOOLS/abraxas/cli.py
48980	7.72	/Users/lordjef/Downloads/ABRAXAS_V4_2_5_HORIZONTAL_LONGFORM_HOTFIX/PATCH/TOOLS/abraxas/html_packages.py
52398	7.72	/Users/lordjef/Downloads/ABRAXAS_V4_2_5_HORIZONTAL_LONGFORM_HOTFIX/PATCH/TOOLS/abraxas/motions.py
9946	7.72	/Users/lordjef/Downloads/ABRAXAS_V4_2_5_HORIZONTAL_LONGFORM_HOTFIX/PATCH/TOOLS/abraxas/plan.py
993	7.72	/Users/lordjef/Downloads/ABRAXAS_V4_2_5_HORIZONTAL_LONGFORM_HOTFIX/README_PRIMERO.txt
1039700	7.72	/Users/lordjef/Downloads/ABRAXAS_V4_2_5_HORIZONTAL_LONGFORM_HOTFIX/REFERENCIA/TRANSCRIPCION_MAESTRA_MOTIONS_REFERENCIA.txt
10110960	7.72	/Users/lordjef/Downloads/ABRAXAS_V4_2_5_HTML_DRIVEN_AUTOMATION.zip
2002	7.62	/Users/lordjef/Downloads/ABRAXAS_V4_2_6_RENDER_RESUME_SAFE_TERMINAL_HOTFIX.zip
359	7.45	/Users/lordjef/Downloads/ABRAXAS_V4_2_6_RENDER_RESUME_SAFE_TERMINAL_HOTFIX/HOTFIX/runtime_safe_apply.py
1251	7.45	/Users/lordjef/Downloads/ABRAXAS_V4_2_6_RENDER_RESUME_SAFE_TERMINAL_HOTFIX/INICIAR_HOTFIX_Y_CONTINUAR.command
368	7.45	/Users/lordjef/Downloads/ABRAXAS_V4_2_6_RENDER_RESUME_SAFE_TERMINAL_HOTFIX/README_TERMINAL.txt
1240	7.61	/Users/lordjef/Downloads/ABRAXAS_V4_2_6_RENDER_RESUME_SAFE_TERMINAL_HOTFIX_V2.zip
1296	7.45	/Users/lordjef/Downloads/ABRAXAS_V4_2_6_RENDER_RESUME_SAFE_TERMINAL_HOTFIX_V2/INICIAR_HOTFIX_Y_CONTINUAR.command
217	7.45	/Users/lordjef/Downloads/ABRAXAS_V4_2_6_RENDER_RESUME_SAFE_TERMINAL_HOTFIX_V2/README.txt
1740	7.60	/Users/lordjef/Downloads/ABRAXAS_V4_2_6_RESILIENT_QUEUE_HOTFIX (1).zip
1740	7.60	/Users/lordjef/Downloads/ABRAXAS_V4_2_6_RESILIENT_QUEUE_HOTFIX (2).zip
1740	7.60	/Users/lordjef/Downloads/ABRAXAS_V4_2_6_RESILIENT_QUEUE_HOTFIX.zip
1040	7.44	/Users/lordjef/Downloads/ABRAXAS_V4_2_6_RESILIENT_QUEUE_HOTFIX/INICIAR_RESILIENT_QUEUE.command
395	7.44	/Users/lordjef/Downloads/ABRAXAS_V4_2_6_RESILIENT_QUEUE_HOTFIX/README.txt
1669	7.60	/Users/lordjef/Downloads/ABRAXAS_V4_2_7_RESILIENT_WORKER_HOTFIX.zip
651	7.44	/Users/lordjef/Downloads/ABRAXAS_V4_2_7_RESILIENT_WORKER_HOTFIX/INICIAR_RESILIENT_WORKER.command
308	7.44	/Users/lordjef/Downloads/ABRAXAS_V4_2_7_RESILIENT_WORKER_HOTFIX/README.txt
1625	7.59	/Users/lordjef/Downloads/ABRAXAS_V4_2_8_MEDIA_STRUCTURE_HOTFIX.zip
589	7.42	/Users/lordjef/Downloads/ABRAXAS_V4_2_8_MEDIA_STRUCTURE_HOTFIX/INICIAR_MEDIA_STRUCTURE.command
1041	7.42	/Users/lordjef/Downloads/ABRAXAS_V4_2_8_MEDIA_STRUCTURE_HOTFIX/organize_media.py
288	7.42	/Users/lordjef/Downloads/ABRAXAS_V4_2_8_MEDIA_STRUCTURE_HOTFIX/README.txt
1879	7.57	/Users/lordjef/Downloads/ABRAXAS_V4_2_8_MONITOR_AND_MEDIA_HOTFIX.zip
837	7.41	/Users/lordjef/Downloads/ABRAXAS_V4_2_8_MONITOR_AND_MEDIA_HOTFIX/INICIAR_MONITOR_MEDIA.command
1855	7.55	/Users/lordjef/Downloads/ABRAXAS_V4_2_8_SAFE_FINISH_AND_ORGANIZE_HOTFIX.zip
1945	7.57	/Users/lordjef/Downloads/ABRAXAS_V4_2_9_MEDIA_ORGANIZER_FAILED_REPAIR.zip
799	7.40	/Users/lordjef/Downloads/ABRAXAS_V4_2_9_MEDIA_ORGANIZER_FAILED_REPAIR/INICIAR_MEDIA_REPAIR.command
8503650	7.78	/Users/lordjef/Downloads/ABRAXAS_V4_2_HTML_DRIVEN_AUTOMATION (1).zip
8503650	7.79	/Users/lordjef/Downloads/ABRAXAS_V4_2_HTML_DRIVEN_AUTOMATION.zip
8196	0.87	/Users/lordjef/Downloads/ABRAXAS_V4_2_HTML_DRIVEN_AUTOMATION/.DS_Store
984	7.80	/Users/lordjef/Downloads/ABRAXAS_V4_2_HTML_DRIVEN_AUTOMATION/00_EJECUTAR_FLUJO_JOC55_HASTA_PAQUETES.command
1947	17041.39	/Users/lordjef/Downloads/ABRAXAS_V4_2_HTML_DRIVEN_AUTOMATION/00_INSTALL_DEPENDENCIES.command
108	17041.39	/Users/lordjef/Downloads/ABRAXAS_V4_2_HTML_DRIVEN_AUTOMATION/01_SETUP_JOC55.command
100	17041.39	/Users/lordjef/Downloads/ABRAXAS_V4_2_HTML_DRIVEN_AUTOMATION/01B_SETUP_GENERIC.command
118	17041.39	/Users/lordjef/Downloads/ABRAXAS_V4_2_HTML_DRIVEN_AUTOMATION/02_VALIDATE_INPUTS.command
102	17041.39	/Users/lordjef/Downloads/ABRAXAS_V4_2_HTML_DRIVEN_AUTOMATION/03_COMPILE_HTML.command
106	17041.39	/Users/lordjef/Downloads/ABRAXAS_V4_2_HTML_DRIVEN_AUTOMATION/04_FINGERPRINT_SOURCES.command
101	17041.39	/Users/lordjef/Downloads/ABRAXAS_V4_2_HTML_DRIVEN_AUTOMATION/05_BUILD_ASSETS_AND_VISUAL_QUEUE.command
124	17041.39	/Users/lordjef/Downloads/ABRAXAS_V4_2_HTML_DRIVEN_AUTOMATION/06_LIST_INTRO_MICROTRIMS.command
251	17041.39	/Users/lordjef/Downloads/ABRAXAS_V4_2_HTML_DRIVEN_AUTOMATION/06A_RESOLVE_NEXT_INTRO_MICROTRIM.command
680	17041.39	/Users/lordjef/Downloads/ABRAXAS_V4_2_HTML_DRIVEN_AUTOMATION/06B_RESOLVE_ALL_INTRO_MICROTRIMS.command
278	17041.39	/Users/lordjef/Downloads/ABRAXAS_V4_2_HTML_DRIVEN_AUTOMATION/06C_APPROVE_MICROTRIM_MANUALLY.command
140	17041.39	/Users/lordjef/Downloads/ABRAXAS_V4_2_HTML_DRIVEN_AUTOMATION/06D_RESOLVE_NEXT_CONTENT_MICROTRIM.command
748	17041.39	/Users/lordjef/Downloads/ABRAXAS_V4_2_HTML_DRIVEN_AUTOMATION/06E_RESOLVE_ALL_RELEVANT_CONTENT_MICROTRIMS.command
917	17041.39	/Users/lordjef/Downloads/ABRAXAS_V4_2_HTML_DRIVEN_AUTOMATION/07_PREVIEW_H03_LAST_SECONDS.command
514	17041.39	/Users/lordjef/Downloads/ABRAXAS_V4_2_HTML_DRIVEN_AUTOMATION/07A_SET_H03_OVERRIDE.command
99	17041.39	/Users/lordjef/Downloads/ABRAXAS_V4_2_HTML_DRIVEN_AUTOMATION/08_BUILD_PART_PLAN.command
331	17041.39	/Users/lordjef/Downloads/ABRAXAS_V4_2_HTML_DRIVEN_AUTOMATION/08A_DRY_RUN_WORKERS.command
216	7.80	/Users/lordjef/Downloads/ABRAXAS_V4_2_HTML_DRIVEN_AUTOMATION/08B_BUILD_MOTIONS_AND_PROMPTS.command
269	17041.39	/Users/lordjef/Downloads/ABRAXAS_V4_2_HTML_DRIVEN_AUTOMATION/09_WORKER_A_RENDER.command
267	17041.39	/Users/lordjef/Downloads/ABRAXAS_V4_2_HTML_DRIVEN_AUTOMATION/10_WORKER_B_RENDER.command
247	7.98	/Users/lordjef/Downloads/ABRAXAS_V4_2_HTML_DRIVEN_AUTOMATION/10B_BUILD_MOTION_PREVIEWS.command
275	17041.39	/Users/lordjef/Downloads/ABRAXAS_V4_2_HTML_DRIVEN_AUTOMATION/11_BUILD_DAVINCI_HANDOFF.command
116	17041.39	/Users/lordjef/Downloads/ABRAXAS_V4_2_HTML_DRIVEN_AUTOMATION/12_VERIFY.command
343	7.98	/Users/lordjef/Downloads/ABRAXAS_V4_2_HTML_DRIVEN_AUTOMATION/12B_VERIFY_MOTIONS_STRICT.command
101	17041.39	/Users/lordjef/Downloads/ABRAXAS_V4_2_HTML_DRIVEN_AUTOMATION/13_STATUS.command
307	17041.39	/Users/lordjef/Downloads/ABRAXAS_V4_2_HTML_DRIVEN_AUTOMATION/14_OPEN_OUTPUT.command
499	7.80	/Users/lordjef/Downloads/ABRAXAS_V4_2_HTML_DRIVEN_AUTOMATION/15_SELFTEST.command
313	7.80	/Users/lordjef/Downloads/ABRAXAS_V4_2_HTML_DRIVEN_AUTOMATION/16_CREAR_PAQUETES_HTML_CORTES_MOTIONS.command
240	7.80	/Users/lordjef/Downloads/ABRAXAS_V4_2_HTML_DRIVEN_AUTOMATION/16A_CREAR_SOLO_ESTRUCTURA_Y_TXT.command
4586	17041.39	/Users/lordjef/Downloads/ABRAXAS_V4_2_HTML_DRIVEN_AUTOMATION/DOCS/ABRAXAS_V3_1_AUDIT_REPORT.md
2237	7.80	/Users/lordjef/Downloads/ABRAXAS_V4_2_HTML_DRIVEN_AUTOMATION/DOCS/ABRAXAS_V3_1_CONTEXT_ZERO_TEST_REPORT.md
33686	7.79	/Users/lordjef/Downloads/ABRAXAS_V4_2_HTML_DRIVEN_AUTOMATION/HOTFIX_BACKUPS/V4_2_5_20260820_201341/TOOLS/abraxas/cli.py
40479	7.80	/Users/lordjef/Downloads/ABRAXAS_V4_2_HTML_DRIVEN_AUTOMATION/HOTFIX_BACKUPS/V4_2_5_20260820_201341/TOOLS/abraxas/html_packages.py
46840	7.80	/Users/lordjef/Downloads/ABRAXAS_V4_2_HTML_DRIVEN_AUTOMATION/HOTFIX_BACKUPS/V4_2_5_20260820_201341/TOOLS/abraxas/motions.py
9447	17041.39	/Users/lordjef/Downloads/ABRAXAS_V4_2_HTML_DRIVEN_AUTOMATION/HOTFIX_BACKUPS/V4_2_5_20260820_201341/TOOLS/abraxas/plan.py
34594	7.72	/Users/lordjef/Downloads/ABRAXAS_V4_2_HTML_DRIVEN_AUTOMATION/HOTFIX_BACKUPS/V4_2_5_20260820_223124/TOOLS/abraxas/cli.py
48980	7.72	/Users/lordjef/Downloads/ABRAXAS_V4_2_HTML_DRIVEN_AUTOMATION/HOTFIX_BACKUPS/V4_2_5_20260820_223124/TOOLS/abraxas/html_packages.py
52398	7.72	/Users/lordjef/Downloads/ABRAXAS_V4_2_HTML_DRIVEN_AUTOMATION/HOTFIX_BACKUPS/V4_2_5_20260820_223124/TOOLS/abraxas/motions.py
9946	7.72	/Users/lordjef/Downloads/ABRAXAS_V4_2_HTML_DRIVEN_AUTOMATION/HOTFIX_BACKUPS/V4_2_5_20260820_223124/TOOLS/abraxas/plan.py
34594	7.72	/Users/lordjef/Downloads/ABRAXAS_V4_2_HTML_DRIVEN_AUTOMATION/HOTFIX_BACKUPS/V4_2_5_20260820_223330/TOOLS/abraxas/cli.py
48980	7.72	/Users/lordjef/Downloads/ABRAXAS_V4_2_HTML_DRIVEN_AUTOMATION/HOTFIX_BACKUPS/V4_2_5_20260820_223330/TOOLS/abraxas/html_packages.py
52398	7.72	/Users/lordjef/Downloads/ABRAXAS_V4_2_HTML_DRIVEN_AUTOMATION/HOTFIX_BACKUPS/V4_2_5_20260820_223330/TOOLS/abraxas/motions.py
9946	7.72	/Users/lordjef/Downloads/ABRAXAS_V4_2_HTML_DRIVEN_AUTOMATION/HOTFIX_BACKUPS/V4_2_5_20260820_223330/TOOLS/abraxas/plan.py
5026154	17041.39	/Users/lordjef/Downloads/ABRAXAS_V4_2_HTML_DRIVEN_AUTOMATION/INPUT/_BACKUPS/HOTFIX_20260820_190158/JOC55_AMANDA_CONTENT_ENGINE_V3_1.html
2083735	7.80	/Users/lordjef/Downloads/ABRAXAS_V4_2_HTML_DRIVEN_AUTOMATION/INPUT/_BACKUPS/HOTFIX_20260820_190158/JOC55_AMANDA_INTRO_LAB_V3_1.html
9557	7.99	/Users/lordjef/Downloads/ABRAXAS_V4_2_HTML_DRIVEN_AUTOMATION/MOTION_SYSTEM_V4/ANALISIS_REFERENCIAS_VISUALES_V4.md
2415	7.99	/Users/lordjef/Downloads/ABRAXAS_V4_2_HTML_DRIVEN_AUTOMATION/MOTION_SYSTEM_V4/CONTEXTO_MAESTRO_PARA_NUEVO_CHAT_V4.md
21966	7.99	/Users/lordjef/Downloads/ABRAXAS_V4_2_HTML_DRIVEN_AUTOMATION/MOTION_SYSTEM_V4/HISTORIAL_CRITERIO_IMAGEN_EXACTA.md
1009	7.99	/Users/lordjef/Downloads/ABRAXAS_V4_2_HTML_DRIVEN_AUTOMATION/MOTION_SYSTEM_V4/OUTPUT_SCHEMA_MOTIONS_V4.json
1020	7.99	/Users/lordjef/Downloads/ABRAXAS_V4_2_HTML_DRIVEN_AUTOMATION/MOTION_SYSTEM_V4/PROMPT_INICIO_NUEVO_CHAT_V4.txt
6156	7.99	/Users/lordjef/Downloads/ABRAXAS_V4_2_HTML_DRIVEN_AUTOMATION/MOTION_SYSTEM_V4/PROMPT_MAESTRO_APLICAR_MOTIONS_V4.txt
1136	7.99	/Users/lordjef/Downloads/ABRAXAS_V4_2_HTML_DRIVEN_AUTOMATION/MOTION_SYSTEM_V4/README_USO_V4.txt
905	7.99	/Users/lordjef/Downloads/ABRAXAS_V4_2_HTML_DRIVEN_AUTOMATION/MOTION_SYSTEM_V4/REGLAS_MOTION2_TEXTO_EXACTO_V4.md
5361415	7.99	/Users/lordjef/Downloads/ABRAXAS_V4_2_HTML_DRIVEN_AUTOMATION/MOTION_SYSTEM_V4/SISTEMA_MAESTRO_MOTIONS_ABRAXAS_V4.html
63494	7.99	/Users/lordjef/Downloads/ABRAXAS_V4_2_HTML_DRIVEN_AUTOMATION/MOTION_SYSTEM_V4/SOURCE_CRITERIOS_CLIENTES_ABRAXAS.txt
19422	7.79	/Users/lordjef/Downloads/ABRAXAS_V4_2_HTML_DRIVEN_AUTOMATION/PACKAGE_MANIFEST.json
2283	7.80	/Users/lordjef/Downloads/ABRAXAS_V4_2_HTML_DRIVEN_AUTOMATION/README_PRIMERO.txt
842216	17041.39	/Users/lordjef/Downloads/ABRAXAS_V4_2_HTML_DRIVEN_AUTOMATION/SYSTEM/ABRAXAS_CONTENT_LAB_V3_1_VERIFIED.zip
3801	7.80	/Users/lordjef/Downloads/ABRAXAS_V4_2_HTML_DRIVEN_AUTOMATION/TESTS/test_motions_v4_2.py
20	17041.39	/Users/lordjef/Downloads/ABRAXAS_V4_2_HTML_DRIVEN_AUTOMATION/TOOLS/abraxas/__init__.py
6754	17041.39	/Users/lordjef/Downloads/ABRAXAS_V4_2_HTML_DRIVEN_AUTOMATION/TOOLS/abraxas/assets.py
999	7.57	/Users/lordjef/Downloads/ABRAXAS_V4_2_HTML_DRIVEN_AUTOMATION/TOOLS/abraxas/build_media_structure.py
35299	7.60	/Users/lordjef/Downloads/ABRAXAS_V4_2_HTML_DRIVEN_AUTOMATION/TOOLS/abraxas/cli.py
4974	7.98	/Users/lordjef/Downloads/ABRAXAS_V4_2_HTML_DRIVEN_AUTOMATION/TOOLS/abraxas/core.py
1447	17041.39	/Users/lordjef/Downloads/ABRAXAS_V4_2_HTML_DRIVEN_AUTOMATION/TOOLS/abraxas/davinci.py
48980	7.72	/Users/lordjef/Downloads/ABRAXAS_V4_2_HTML_DRIVEN_AUTOMATION/TOOLS/abraxas/html_packages.py
1068	17041.39	/Users/lordjef/Downloads/ABRAXAS_V4_2_HTML_DRIVEN_AUTOMATION/TOOLS/abraxas/htmlio.py
2400	17041.39	/Users/lordjef/Downloads/ABRAXAS_V4_2_HTML_DRIVEN_AUTOMATION/TOOLS/abraxas/microtrim.py
3428	7.60	/Users/lordjef/Downloads/ABRAXAS_V4_2_HTML_DRIVEN_AUTOMATION/TOOLS/abraxas/microtrim_runner.py
52398	7.72	/Users/lordjef/Downloads/ABRAXAS_V4_2_HTML_DRIVEN_AUTOMATION/TOOLS/abraxas/motions.py
9946	7.72	/Users/lordjef/Downloads/ABRAXAS_V4_2_HTML_DRIVEN_AUTOMATION/TOOLS/abraxas/plan.py
1754	17041.39	/Users/lordjef/Downloads/ABRAXAS_V4_2_HTML_DRIVEN_AUTOMATION/TOOLS/abraxas/preflight.py
1748	7.80	/Users/lordjef/Downloads/ABRAXAS_V4_2_HTML_DRIVEN_AUTOMATION/TOOLS/abraxas/project.py
3097	17041.39	/Users/lordjef/Downloads/ABRAXAS_V4_2_HTML_DRIVEN_AUTOMATION/TOOLS/abraxas/queue.py
1004	17041.39	/Users/lordjef/Downloads/ABRAXAS_V4_2_HTML_DRIVEN_AUTOMATION/TOOLS/abraxas/render.py
701	7.57	/Users/lordjef/Downloads/ABRAXAS_V4_2_HTML_DRIVEN_AUTOMATION/TOOLS/abraxas/render_monitor.py
5537	7.60	/Users/lordjef/Downloads/ABRAXAS_V4_2_HTML_DRIVEN_AUTOMATION/TOOLS/abraxas/runtime.py
1023	17041.39	/Users/lordjef/Downloads/ABRAXAS_V4_2_HTML_DRIVEN_AUTOMATION/TOOLS/abraxas/state.py
1160	17041.39	/Users/lordjef/Downloads/ABRAXAS_V4_2_HTML_DRIVEN_AUTOMATION/TOOLS/abraxas/verify.py
234	17041.39	/Users/lordjef/Downloads/ABRAXAS_V4_2_HTML_DRIVEN_AUTOMATION/TOOLS/abraxas/workers.py
84	17041.39	/Users/lordjef/Downloads/ABRAXAS_V4_2_HTML_DRIVEN_AUTOMATION/TOOLS/abraxas_cli.py
75647	7.90	/Users/lordjef/Downloads/ABRAXAS_V4_2_MOTIONS_BESIDE_VIDEOS_HOTFIX.zip
6148	7.75	/Users/lordjef/Downloads/ABRAXAS_V4_2_MOTIONS_BESIDE_VIDEOS_HOTFIX/.DS_Store
1374	7.91	/Users/lordjef/Downloads/ABRAXAS_V4_2_MOTIONS_BESIDE_VIDEOS_HOTFIX/08E_BUILD_3_IMAGE_MOTIONS_BESIDE_VIDEOS.command
5017	7.90	/Users/lordjef/Downloads/ABRAXAS_V4_2_MOTIONS_BESIDE_VIDEOS_HOTFIX/README_PASO_A_PASO.md
141795	7.85	/Users/lordjef/Downloads/ABRAXAS_V4_3_REBALANCE_COMPACT_MOTIONS_HOTFIX.zip
6148	7.75	/Users/lordjef/Downloads/ABRAXAS_V4_3_REBALANCE_COMPACT_MOTIONS_HOTFIX/.DS_Store
1237	7.85	/Users/lordjef/Downloads/ABRAXAS_V4_3_REBALANCE_COMPACT_MOTIONS_HOTFIX/08F_REASSIGN_COMPACT_MOTIONS_V4_3.command
1970	7.85	/Users/lordjef/Downloads/ABRAXAS_V4_3_REBALANCE_COMPACT_MOTIONS_HOTFIX/README_PASO_A_PASO.md
585128	7.86	/Users/lordjef/Downloads/ABRAXAS_V4_3_REBALANCE_COMPACT_MOTIONS_HOTFIX/REFERENCE/ABRAXAS_MOTIONS_TODOS_JUNTOS_V4.txt
53479	7.85	/Users/lordjef/Downloads/ABRAXAS_V4_3_REBALANCE_COMPACT_MOTIONS_HOTFIX/TOOLS/reassign_compact_motions_v4_3.py
142182	7.85	/Users/lordjef/Downloads/ABRAXAS_V4_4_QUALITY_AUDIT_HOTFIX.zip
6148	7.75	/Users/lordjef/Downloads/ABRAXAS_V4_4_QUALITY_AUDIT_HOTFIX/.DS_Store
1245	7.85	/Users/lordjef/Downloads/ABRAXAS_V4_4_QUALITY_AUDIT_HOTFIX/08G_QUALITY_AUDIT_AND_MASTER_PROMPTS_V4_4.command
2557	7.85	/Users/lordjef/Downloads/ABRAXAS_V4_4_QUALITY_AUDIT_HOTFIX/README_PASO_A_PASO.md
585128	7.85	/Users/lordjef/Downloads/ABRAXAS_V4_4_QUALITY_AUDIT_HOTFIX/REFERENCE/ABRAXAS_MOTIONS_TODOS_JUNTOS_V4.txt
54905	7.85	/Users/lordjef/Downloads/ABRAXAS_V4_4_QUALITY_AUDIT_HOTFIX/TOOLS/reassign_compact_motions_v4_3.py
2012675	7.74	/Users/lordjef/Downloads/ABRAXAS_V4_CONTINUACION_SEGURA.zip
27417	1.95	/Users/lordjef/Downloads/borrar posiblemente/ABRAXAS_WORKFLOW_KIT_v4.1.zip
5840	1.79	/Users/lordjef/Downloads/borrar posiblemente/MOKA_V26_14_TXT_MASTER_GRABACION_2026-08-26/01_LLAMADAS/FACU/LLAMADA_1/06_LANZAMIENTO_REELS/MOKA-R03_el_contexto_se_cae_en_el_handoff.txt
3238	1.77	/Users/lordjef/Downloads/borrar posiblemente/MOKA_V26_14_TXT_MASTER_GRABACION_2026-08-26/02_INDICES/03_POR_PILAR/07_05b_memoria_experimental_y_handoffs.txt
1365	1.77	/Users/lordjef/Downloads/borrar posiblemente/MOKA_V26_14_TXT_MASTER_GRABACION_2026-08-26/02_INDICES/05_POR_LUGAR_Y_TEMA/013_oficina_05b_memoria_experimental_y_handoffs.txt
2033	1.77	/Users/lordjef/Downloads/borrar posiblemente/MOKA_V26_14_TXT_MASTER_GRABACION_2026-08-26/02_INDICES/05_POR_LUGAR_Y_TEMA/022_wetlab_05b_memoria_experimental_y_handoffs.txt
2492	1.80	/Users/lordjef/Downloads/borrar posiblemente/MOKA_V26_14_TXT_MASTER_GRABACION_2026-08-26/03_CARRUSELES/00_HIBRIDOS_3_PIEZAS_VIDEO_SLIDES/FACU/LLAMADA_2/HYB3-FACU-05B_memoria_handoffs.txt
2519	1.80	/Users/lordjef/Downloads/borrar posiblemente/MOKA_V26_14_TXT_MASTER_GRABACION_2026-08-26/03_CARRUSELES/00_HIBRIDOS_3_PIEZAS_VIDEO_SLIDES/RAFA/LLAMADA_2/HYB3-RAFA-05B_memoria_handoffs.txt
7510	1.85	/Users/lordjef/Downloads/borrar posiblemente/MOKA_V26_14_TXT_MASTER_GRABACION_2026-08-26/03_CARRUSELES/02_DERIVADOS_DE_LLAMADAS/CAR-V26-COMP-MOKA-01_la_autopsia_de_un_handoff_cientifico_roto.txt
5840	1.79	/Users/lordjef/Downloads/borrar posiblemente/MOKA_V26_14_TXT_MASTER_GRABACION_2026-08-26/04_LANZAMIENTO/01_REELS/FACU/LLAMADA_1/MOKA-R03_el_contexto_se_cae_en_el_handoff.txt
2497	1.83	/Users/lordjef/Downloads/borrar posiblemente/MOKA_V26_14_TXT_MASTER_GRABACION_2026-08-26/05_PODCAST/02_CLIPS_HORIZONTALES_8_12_MIN/07_memoria_handoffs.txt
1023	1.83	/Users/lordjef/Downloads/borrar posiblemente/MOKA_V26_14_TXT_MASTER_GRABACION_2026-08-26/05_PODCAST/03_SHORTS_VERTICAL_HASTA_90S/19_memoria_handoffs_dolor_contradiccion.txt
977	1.83	/Users/lordjef/Downloads/borrar posiblemente/MOKA_V26_14_TXT_MASTER_GRABACION_2026-08-26/05_PODCAST/03_SHORTS_VERTICAL_HASTA_90S/20_memoria_handoffs_criterio_tecnico.txt
1013	1.83	/Users/lordjef/Downloads/borrar posiblemente/MOKA_V26_14_TXT_MASTER_GRABACION_2026-08-26/05_PODCAST/03_SHORTS_VERTICAL_HASTA_90S/21_memoria_handoffs_decision_payoff.txt
2893424	1.77	/Users/lordjef/Downloads/borrar posiblemente/MOKA_V26_14_TXT_MASTER_GRABACION_2026-08-26/08_MASTER_HTML_HANDOFF/MOKA_V26_14_MASTER_AUTOSUFICIENTE_PARA_HTML.txt
2849883	1.77	/Users/lordjef/Downloads/borrar posiblemente/MOKA_V26_14_TXT_MASTER_GRABACION_2026-08-26/08_MASTER_HTML_HANDOFF/MOKA_V26_14_MASTER_CANONICO_PARA_HTML.txt
14255413	1.77	/Users/lordjef/Downloads/borrar posiblemente/MOKA_V26_14_TXT_MASTER_GRABACION_2026-08-26/08_MASTER_HTML_HANDOFF/MOKA_V26_14_MASTER_LITERAL_TODOS_LOS_TXT.txt
5840	1.79	/Users/lordjef/Downloads/borrar posiblemente/MOKA_V26_15_CONTINUIDAD_FICHAS_E_INFO/01_LLAMADAS/FACU/LLAMADA_1/06_LANZAMIENTO_REELS/MOKA-R03_el_contexto_se_cae_en_el_handoff.txt
3238	1.77	/Users/lordjef/Downloads/borrar posiblemente/MOKA_V26_15_CONTINUIDAD_FICHAS_E_INFO/02_INDICES/03_POR_PILAR/07_05b_memoria_experimental_y_handoffs.txt
1365	1.77	/Users/lordjef/Downloads/borrar posiblemente/MOKA_V26_15_CONTINUIDAD_FICHAS_E_INFO/02_INDICES/05_POR_LUGAR_Y_TEMA/013_oficina_05b_memoria_experimental_y_handoffs.txt
2033	1.77	/Users/lordjef/Downloads/borrar posiblemente/MOKA_V26_15_CONTINUIDAD_FICHAS_E_INFO/02_INDICES/05_POR_LUGAR_Y_TEMA/022_wetlab_05b_memoria_experimental_y_handoffs.txt
2492	1.80	/Users/lordjef/Downloads/borrar posiblemente/MOKA_V26_15_CONTINUIDAD_FICHAS_E_INFO/03_CARRUSELES/00_HIBRIDOS_3_PIEZAS_VIDEO_SLIDES/FACU/LLAMADA_2/HYB3-FACU-05B_memoria_handoffs.txt
2519	1.80	/Users/lordjef/Downloads/borrar posiblemente/MOKA_V26_15_CONTINUIDAD_FICHAS_E_INFO/03_CARRUSELES/00_HIBRIDOS_3_PIEZAS_VIDEO_SLIDES/RAFA/LLAMADA_2/HYB3-RAFA-05B_memoria_handoffs.txt
7510	1.85	/Users/lordjef/Downloads/borrar posiblemente/MOKA_V26_15_CONTINUIDAD_FICHAS_E_INFO/03_CARRUSELES/02_DERIVADOS_DE_LLAMADAS/CAR-V26-COMP-MOKA-01_la_autopsia_de_un_handoff_cientifico_roto.txt
6813	1.73	/Users/lordjef/Downloads/borrar posiblemente/MOKA_V26_15_CONTINUIDAD_FICHAS_E_INFO/04_LANZAMIENTO/01_REELS/FACU/LLAMADA_1/MOKA-R03_el_contexto_se_cae_en_el_handoff.txt
2497	1.83	/Users/lordjef/Downloads/borrar posiblemente/MOKA_V26_15_CONTINUIDAD_FICHAS_E_INFO/05_PODCAST/02_CLIPS_HORIZONTALES_8_12_MIN/07_memoria_handoffs.txt
1023	1.83	/Users/lordjef/Downloads/borrar posiblemente/MOKA_V26_15_CONTINUIDAD_FICHAS_E_INFO/05_PODCAST/03_SHORTS_VERTICAL_HASTA_90S/19_memoria_handoffs_dolor_contradiccion.txt
977	1.83	/Users/lordjef/Downloads/borrar posiblemente/MOKA_V26_15_CONTINUIDAD_FICHAS_E_INFO/05_PODCAST/03_SHORTS_VERTICAL_HASTA_90S/20_memoria_handoffs_criterio_tecnico.txt
1013	1.83	/Users/lordjef/Downloads/borrar posiblemente/MOKA_V26_15_CONTINUIDAD_FICHAS_E_INFO/05_PODCAST/03_SHORTS_VERTICAL_HASTA_90S/21_memoria_handoffs_decision_payoff.txt
3185604	1.73	/Users/lordjef/Downloads/borrar posiblemente/MOKA_V26_15_CONTINUIDAD_FICHAS_E_INFO/08_MASTER_HTML_HANDOFF/MOKA_V26_15_MASTER_AUTOSUFICIENTE_PARA_HTML.txt
3170804	1.73	/Users/lordjef/Downloads/borrar posiblemente/MOKA_V26_15_CONTINUIDAD_FICHAS_E_INFO/08_MASTER_HTML_HANDOFF/MOKA_V26_15_MASTER_CANONICO_PARA_HTML.txt
15812280	1.73	/Users/lordjef/Downloads/borrar posiblemente/MOKA_V26_15_CONTINUIDAD_FICHAS_E_INFO/08_MASTER_HTML_HANDOFF/MOKA_V26_15_MASTER_LITERAL_TODOS_LOS_TXT.txt
5440178	1.91	/Users/lordjef/Downloads/borrar posiblemente/SISTEMA_MAESTRO_MOTIONS_ABRAXAS_V4_2_PREMIUM_WORKSPACE.html
5391448	1.94	/Users/lordjef/Downloads/borrar posiblemente/SISTEMA_MAESTRO_MOTIONS_ABRAXAS_V4_ABRAXAS_UPGRADE.html
7034	12.82	/Users/lordjef/Downloads/CODEX_HANDOFF_JOC55_V3_3.md
4642	12.82	/Users/lordjef/Downloads/CODEX_HANDOFF_JOC55_V3_3.zip
5161840	17.89	/Users/lordjef/Downloads/Contenido para continuar abraxas/ABRAXAS_Universal_Content_Operations_A_v1.2(3).html
5221407	17.89	/Users/lordjef/Downloads/Contenido para continuar abraxas/ABRAXAS_Universal_Content_Operations_A_v1.2(4).html
104080408	17.90	/Users/lordjef/Downloads/Contenido para continuar abraxas/ABRAXAS_Universal_Content_Operations_A_v1.2_FULL_RELEASE(3).zip
59142770	17.89	/Users/lordjef/Downloads/Contenido para continuar abraxas/ABRAXAS_Universal_Content_Operations_A_v1.2_FULL_RELEASE(4).zip
4934508	18.43	/Users/lordjef/Downloads/Contenido para continuar abraxas/ABRAXAS_Universal_Content_Operations_A_v1.3.1.html
91433407	18.43	/Users/lordjef/Downloads/Contenido para continuar abraxas/ABRAXAS_Universal_Content_Operations_A_v1.3.1_FULL_RELEASE.zip
7490	0.64	/Users/lordjef/Downloads/CREAR_VAVCAPTIONS_SUBIDA_LIGERA_V10.command
6253	1.71	/Users/lordjef/Downloads/creiterio de fichas mas llamadas moka/MOKA_V26_16_TXT_MASTER_GRABACION_2026-08-26/01_LLAMADAS/FACU/LLAMADA_1/06_LANZAMIENTO_REELS/MOKA-R03_el_contexto_se_cae_en_el_handoff.txt
3238	1.77	/Users/lordjef/Downloads/creiterio de fichas mas llamadas moka/MOKA_V26_16_TXT_MASTER_GRABACION_2026-08-26/02_INDICES/03_POR_PILAR/07_05b_memoria_experimental_y_handoffs.txt
1365	1.77	/Users/lordjef/Downloads/creiterio de fichas mas llamadas moka/MOKA_V26_16_TXT_MASTER_GRABACION_2026-08-26/02_INDICES/05_POR_LUGAR_Y_TEMA/013_oficina_05b_memoria_experimental_y_handoffs.txt
2033	1.77	/Users/lordjef/Downloads/creiterio de fichas mas llamadas moka/MOKA_V26_16_TXT_MASTER_GRABACION_2026-08-26/02_INDICES/05_POR_LUGAR_Y_TEMA/022_wetlab_05b_memoria_experimental_y_handoffs.txt
2492	1.80	/Users/lordjef/Downloads/creiterio de fichas mas llamadas moka/MOKA_V26_16_TXT_MASTER_GRABACION_2026-08-26/03_CARRUSELES/00_HIBRIDOS_3_PIEZAS_VIDEO_SLIDES/FACU/LLAMADA_2/HYB3-FACU-05B_memoria_handoffs.txt
2519	1.80	/Users/lordjef/Downloads/creiterio de fichas mas llamadas moka/MOKA_V26_16_TXT_MASTER_GRABACION_2026-08-26/03_CARRUSELES/00_HIBRIDOS_3_PIEZAS_VIDEO_SLIDES/RAFA/LLAMADA_2/HYB3-RAFA-05B_memoria_handoffs.txt
7510	1.85	/Users/lordjef/Downloads/creiterio de fichas mas llamadas moka/MOKA_V26_16_TXT_MASTER_GRABACION_2026-08-26/03_CARRUSELES/02_DERIVADOS_DE_LLAMADAS/CAR-V26-COMP-MOKA-01_la_autopsia_de_un_handoff_cientifico_roto.txt
7072	1.71	/Users/lordjef/Downloads/creiterio de fichas mas llamadas moka/MOKA_V26_16_TXT_MASTER_GRABACION_2026-08-26/04_LANZAMIENTO/01_REELS/FACU/LLAMADA_1/MOKA-R03_el_contexto_se_cae_en_el_handoff.txt
2497	1.83	/Users/lordjef/Downloads/creiterio de fichas mas llamadas moka/MOKA_V26_16_TXT_MASTER_GRABACION_2026-08-26/05_PODCAST/02_CLIPS_HORIZONTALES_8_12_MIN/07_memoria_handoffs.txt
1023	1.83	/Users/lordjef/Downloads/creiterio de fichas mas llamadas moka/MOKA_V26_16_TXT_MASTER_GRABACION_2026-08-26/05_PODCAST/03_SHORTS_VERTICAL_HASTA_90S/19_memoria_handoffs_dolor_contradiccion.txt
977	1.83	/Users/lordjef/Downloads/creiterio de fichas mas llamadas moka/MOKA_V26_16_TXT_MASTER_GRABACION_2026-08-26/05_PODCAST/03_SHORTS_VERTICAL_HASTA_90S/20_memoria_handoffs_criterio_tecnico.txt
1013	1.83	/Users/lordjef/Downloads/creiterio de fichas mas llamadas moka/MOKA_V26_16_TXT_MASTER_GRABACION_2026-08-26/05_PODCAST/03_SHORTS_VERTICAL_HASTA_90S/21_memoria_handoffs_decision_payoff.txt
3253620	1.71	/Users/lordjef/Downloads/creiterio de fichas mas llamadas moka/MOKA_V26_16_TXT_MASTER_GRABACION_2026-08-26/08_MASTER_HTML_HANDOFF/MOKA_V26_16_MASTER_AUTOSUFICIENTE_PARA_HTML.txt
3242612	1.71	/Users/lordjef/Downloads/creiterio de fichas mas llamadas moka/MOKA_V26_16_TXT_MASTER_GRABACION_2026-08-26/08_MASTER_HTML_HANDOFF/MOKA_V26_16_MASTER_CANONICO_PARA_HTML.txt
16125832	1.71	/Users/lordjef/Downloads/creiterio de fichas mas llamadas moka/MOKA_V26_16_TXT_MASTER_GRABACION_2026-08-26/08_MASTER_HTML_HANDOFF/MOKA_V26_16_MASTER_LITERAL_TODOS_LOS_TXT.txt
1257	2.81	/Users/lordjef/Downloads/GUIA_HOTFIX.md
79356	18.83	/Users/lordjef/Downloads/HTML_REFERENCES_ABRAXAS_v1.1.1_FUNCIONAL_IA.md
155696	18.82	/Users/lordjef/Downloads/HTML_REFERENCES_ABRAXAS_VISOR_v1.0.html
1180249	91.79	/Users/lordjef/Downloads/Invoice Joc x Abraxas 2026 05 28.pdf
1183641	54.12	/Users/lordjef/Downloads/Invoice Joc x Abraxas- Jun 225.pdf
1183651	54.12	/Users/lordjef/Downloads/Invoice Joc x Abraxas.pdf
18534	14.59	/Users/lordjef/Downloads/JOC55_HOTFIX_FAST_V3_3_HW_DECODE_RESUME.zip
6148	8.03	/Users/lordjef/Downloads/JOC55_HOTFIX_FAST_V3_3_HW_DECODE_RESUME/.DS_Store
1116	14.59	/Users/lordjef/Downloads/JOC55_HOTFIX_FAST_V3_3_HW_DECODE_RESUME/00_INSTALAR_HOTFIX_FAST_V3_3.command
153	14.59	/Users/lordjef/Downloads/JOC55_HOTFIX_FAST_V3_3_HW_DECODE_RESUME/01_SMOKE_TEST_FAST_V3_3.command
326	14.59	/Users/lordjef/Downloads/JOC55_HOTFIX_FAST_V3_3_HW_DECODE_RESUME/02_REANUDAR_FAST_V3_3.command
154	14.59	/Users/lordjef/Downloads/JOC55_HOTFIX_FAST_V3_3_HW_DECODE_RESUME/03_VERIFICAR_FAST_V3_3.command
682	14.59	/Users/lordjef/Downloads/JOC55_HOTFIX_FAST_V3_3_HW_DECODE_RESUME/04_VALIDAR_MOTION_V2.command
79	14.59	/Users/lordjef/Downloads/JOC55_HOTFIX_FAST_V3_3_HW_DECODE_RESUME/05_ABRIR_OUTPUT.command
883	14.59	/Users/lordjef/Downloads/JOC55_HOTFIX_FAST_V3_3_HW_DECODE_RESUME/PASO_A_PASO.md
262595	14.61	/Users/lordjef/Downloads/JOC55_MOTION_V2_TODO_ACTUALIZADO.zip
120745	14.61	/Users/lordjef/Downloads/JOC55_SPEAKER_BALANCED_OFFICIAL_REBUILD_V3_2_MOTION_TREATMENT_V2.zip
6148	8.03	/Users/lordjef/Downloads/JOC55_SPEAKER_BALANCED_OFFICIAL_REBUILD_V3_2_MOTION_TREATMENT_V2/.DS_Store
1380	14.45	/Users/lordjef/Downloads/JOC55_SPEAKER_BALANCED_OFFICIAL_REBUILD_V3_2_MOTION_TREATMENT_V2/00_INSTALAR_HOTFIX_MOTION_V2.command
165	14.49	/Users/lordjef/Downloads/JOC55_SPEAKER_BALANCED_OFFICIAL_REBUILD_V3_2_MOTION_TREATMENT_V2/01_INSTALAR_MASTERS_DESDE_DOWNLOADS.command
176	14.45	/Users/lordjef/Downloads/JOC55_SPEAKER_BALANCED_OFFICIAL_REBUILD_V3_2_MOTION_TREATMENT_V2/02_DRY_RUN_REBUILD.command
345	14.45	/Users/lordjef/Downloads/JOC55_SPEAKER_BALANCED_OFFICIAL_REBUILD_V3_2_MOTION_TREATMENT_V2/03_REBUILD_TOTAL.command
154	14.45	/Users/lordjef/Downloads/JOC55_SPEAKER_BALANCED_OFFICIAL_REBUILD_V3_2_MOTION_TREATMENT_V2/04_VERIFICAR.command
1152	14.45	/Users/lordjef/Downloads/JOC55_SPEAKER_BALANCED_OFFICIAL_REBUILD_V3_2_MOTION_TREATMENT_V2/05_VALIDAR_MOTION_V2.command
79	14.49	/Users/lordjef/Downloads/JOC55_SPEAKER_BALANCED_OFFICIAL_REBUILD_V3_2_MOTION_TREATMENT_V2/06_ABRIR_OUTPUT.command
1243	14.45	/Users/lordjef/Downloads/JOC55_SPEAKER_BALANCED_OFFICIAL_REBUILD_V3_2_MOTION_TREATMENT_V2/DOCS/2026-08-13-motion-treatment-v2-design.md
1074	14.44	/Users/lordjef/Downloads/JOC55_SPEAKER_BALANCED_OFFICIAL_REBUILD_V3_2_MOTION_TREATMENT_V2/DOCS/2026-08-13-motion-treatment-v2-implementation-plan.md
12359	14.44	/Users/lordjef/Downloads/JOC55_SPEAKER_BALANCED_OFFICIAL_REBUILD_V3_2_MOTION_TREATMENT_V2/DOCS/MOTION_PREVIEWS/I04_MIXED_CLEAN/MOTION_TREATMENT.json
12444	14.44	/Users/lordjef/Downloads/JOC55_SPEAKER_BALANCED_OFFICIAL_REBUILD_V3_2_MOTION_TREATMENT_V2/DOCS/MOTION_PREVIEWS/I05_MIXED_CLEAN/MOTION_TREATMENT.json
194	14.44	/Users/lordjef/Downloads/JOC55_SPEAKER_BALANCED_OFFICIAL_REBUILD_V3_2_MOTION_TREATMENT_V2/DOCS/MOTION_PREVIEWS/README.txt
3153	14.44	/Users/lordjef/Downloads/JOC55_SPEAKER_BALANCED_OFFICIAL_REBUILD_V3_2_MOTION_TREATMENT_V2/DOCS/PASO_A_PASO_V3_2_MOTION_V2.md
5639	14.44	/Users/lordjef/Downloads/JOC55_SPEAKER_BALANCED_OFFICIAL_REBUILD_V3_2_MOTION_TREATMENT_V2/PACKAGE_MANIFEST.json
1451	14.45	/Users/lordjef/Downloads/JOC55_SPEAKER_BALANCED_OFFICIAL_REBUILD_V3_2_MOTION_TREATMENT_V2/TESTS/test_motion_v2.py
1063	14.45	/Users/lordjef/Downloads/JOC55_SPEAKER_BALANCED_OFFICIAL_REBUILD_V3_2_MOTION_TREATMENT_V2/TOOLS/JOC55_GENERATE_MOTION_SIDECARS_V3_2.py
15608	14.45	/Users/lordjef/Downloads/JOC55_SPEAKER_BALANCED_OFFICIAL_REBUILD_V3_2_MOTION_TREATMENT_V2/TOOLS/motion_treatment_v2.py
93312	14.65	/Users/lordjef/Downloads/JOC55_V3_TODO_ACTUALIZADO/ABRAXAS_CONTENT_LAB_v2.4_SPEAKER_BALANCE_MIXED_INTROS.zip
41443	17.97	/Users/lordjef/Downloads/JOC_PODCAST_SHIM_PROMPT_COMPOSER.html
45494	17.99	/Users/lordjef/Downloads/JOC_PODCAST_SHIM_REVIEW.html
791085	112.81	/Users/lordjef/Downloads/mkomegalite-flowstudios-languagehotfix.rar
1335450	9.82	/Users/lordjef/Downloads/MOKA_BIO_FOUNDER_STUDIO_V18_ABRAXAS_QUALITY_ROUTED_OS.html
5653366	8.87	/Users/lordjef/Downloads/MOKA_BIO_SERIE_NARRATIVA_1_2_3_MOTIONS_V4.html
3976	9.64	/Users/lordjef/Downloads/MOKA_POSTPRODUCTION_HANDOFF_V22 (1).json
3976	9.65	/Users/lordjef/Downloads/MOKA_POSTPRODUCTION_HANDOFF_V22.json
6407	1.69	/Users/lordjef/Downloads/MOKA_V26_17_TXT_MASTER_GRABACION_2026-08-26/01_LLAMADAS/FACU/LLAMADA_1/06_LANZAMIENTO_REELS/MOKA-R03_el_contexto_se_cae_en_el_handoff.txt
3238	1.77	/Users/lordjef/Downloads/MOKA_V26_17_TXT_MASTER_GRABACION_2026-08-26/02_INDICES/03_POR_PILAR/07_05b_memoria_experimental_y_handoffs.txt
1365	1.77	/Users/lordjef/Downloads/MOKA_V26_17_TXT_MASTER_GRABACION_2026-08-26/02_INDICES/05_POR_LUGAR_Y_TEMA/013_oficina_05b_memoria_experimental_y_handoffs.txt
2033	1.77	/Users/lordjef/Downloads/MOKA_V26_17_TXT_MASTER_GRABACION_2026-08-26/02_INDICES/05_POR_LUGAR_Y_TEMA/022_wetlab_05b_memoria_experimental_y_handoffs.txt
2492	1.80	/Users/lordjef/Downloads/MOKA_V26_17_TXT_MASTER_GRABACION_2026-08-26/03_CARRUSELES/00_HIBRIDOS_3_PIEZAS_VIDEO_SLIDES/FACU/LLAMADA_2/HYB3-FACU-05B_memoria_handoffs.txt
2519	1.80	/Users/lordjef/Downloads/MOKA_V26_17_TXT_MASTER_GRABACION_2026-08-26/03_CARRUSELES/00_HIBRIDOS_3_PIEZAS_VIDEO_SLIDES/RAFA/LLAMADA_2/HYB3-RAFA-05B_memoria_handoffs.txt
7510	1.85	/Users/lordjef/Downloads/MOKA_V26_17_TXT_MASTER_GRABACION_2026-08-26/03_CARRUSELES/02_DERIVADOS_DE_LLAMADAS/CAR-V26-COMP-MOKA-01_la_autopsia_de_un_handoff_cientifico_roto.txt
7226	1.69	/Users/lordjef/Downloads/MOKA_V26_17_TXT_MASTER_GRABACION_2026-08-26/04_LANZAMIENTO/01_REELS/FACU/LLAMADA_1/MOKA-R03_el_contexto_se_cae_en_el_handoff.txt
2497	1.83	/Users/lordjef/Downloads/MOKA_V26_17_TXT_MASTER_GRABACION_2026-08-26/05_PODCAST/02_CLIPS_HORIZONTALES_8_12_MIN/07_memoria_handoffs.txt
1023	1.83	/Users/lordjef/Downloads/MOKA_V26_17_TXT_MASTER_GRABACION_2026-08-26/05_PODCAST/03_SHORTS_VERTICAL_HASTA_90S/19_memoria_handoffs_dolor_contradiccion.txt
977	1.83	/Users/lordjef/Downloads/MOKA_V26_17_TXT_MASTER_GRABACION_2026-08-26/05_PODCAST/03_SHORTS_VERTICAL_HASTA_90S/20_memoria_handoffs_criterio_tecnico.txt
1013	1.83	/Users/lordjef/Downloads/MOKA_V26_17_TXT_MASTER_GRABACION_2026-08-26/05_PODCAST/03_SHORTS_VERTICAL_HASTA_90S/21_memoria_handoffs_decision_payoff.txt
3116317	1.69	/Users/lordjef/Downloads/MOKA_V26_17_TXT_MASTER_GRABACION_2026-08-26/08_MASTER_HTML_HANDOFF/MOKA_V26_17_MASTER_AUTOSUFICIENTE_PARA_HTML.txt
3104014	1.69	/Users/lordjef/Downloads/MOKA_V26_17_TXT_MASTER_GRABACION_2026-08-26/08_MASTER_HTML_HANDOFF/MOKA_V26_17_MASTER_CANONICO_PARA_HTML.txt
15697354	1.69	/Users/lordjef/Downloads/MOKA_V26_17_TXT_MASTER_GRABACION_2026-08-26/08_MASTER_HTML_HANDOFF/MOKA_V26_17_MASTER_LITERAL_TODOS_LOS_TXT.txt
6671	1.66	/Users/lordjef/Downloads/MOKA_V26_19_TXT_MASTER_GRABACION_2026-08-26/01_LLAMADAS/FACU/LLAMADA_1/06_LANZAMIENTO_REELS/MOKA-R03_el_contexto_se_cae_en_el_handoff.txt
3238	1.77	/Users/lordjef/Downloads/MOKA_V26_19_TXT_MASTER_GRABACION_2026-08-26/02_INDICES/03_POR_PILAR/07_05b_memoria_experimental_y_handoffs.txt
1365	1.77	/Users/lordjef/Downloads/MOKA_V26_19_TXT_MASTER_GRABACION_2026-08-26/02_INDICES/05_POR_LUGAR_Y_TEMA/013_oficina_05b_memoria_experimental_y_handoffs.txt
2033	1.77	/Users/lordjef/Downloads/MOKA_V26_19_TXT_MASTER_GRABACION_2026-08-26/02_INDICES/05_POR_LUGAR_Y_TEMA/022_wetlab_05b_memoria_experimental_y_handoffs.txt
2492	1.80	/Users/lordjef/Downloads/MOKA_V26_19_TXT_MASTER_GRABACION_2026-08-26/03_CARRUSELES/00_HIBRIDOS_3_PIEZAS_VIDEO_SLIDES/FACU/LLAMADA_2/HYB3-FACU-05B_memoria_handoffs.txt
2519	1.80	/Users/lordjef/Downloads/MOKA_V26_19_TXT_MASTER_GRABACION_2026-08-26/03_CARRUSELES/00_HIBRIDOS_3_PIEZAS_VIDEO_SLIDES/RAFA/LLAMADA_2/HYB3-RAFA-05B_memoria_handoffs.txt
7510	1.85	/Users/lordjef/Downloads/MOKA_V26_19_TXT_MASTER_GRABACION_2026-08-26/03_CARRUSELES/02_DERIVADOS_DE_LLAMADAS/CAR-V26-COMP-MOKA-01_la_autopsia_de_un_handoff_cientifico_roto.txt
7490	1.66	/Users/lordjef/Downloads/MOKA_V26_19_TXT_MASTER_GRABACION_2026-08-26/04_LANZAMIENTO/01_REELS/FACU/LLAMADA_1/MOKA-R03_el_contexto_se_cae_en_el_handoff.txt
2497	1.83	/Users/lordjef/Downloads/MOKA_V26_19_TXT_MASTER_GRABACION_2026-08-26/05_PODCAST/02_CLIPS_HORIZONTALES_8_12_MIN/07_memoria_handoffs.txt
1023	1.83	/Users/lordjef/Downloads/MOKA_V26_19_TXT_MASTER_GRABACION_2026-08-26/05_PODCAST/03_SHORTS_VERTICAL_HASTA_90S/19_memoria_handoffs_dolor_contradiccion.txt
977	1.83	/Users/lordjef/Downloads/MOKA_V26_19_TXT_MASTER_GRABACION_2026-08-26/05_PODCAST/03_SHORTS_VERTICAL_HASTA_90S/20_memoria_handoffs_criterio_tecnico.txt
1013	1.83	/Users/lordjef/Downloads/MOKA_V26_19_TXT_MASTER_GRABACION_2026-08-26/05_PODCAST/03_SHORTS_VERTICAL_HASTA_90S/21_memoria_handoffs_decision_payoff.txt
3440173	1.66	/Users/lordjef/Downloads/MOKA_V26_19_TXT_MASTER_GRABACION_2026-08-26/08_MASTER_HTML_HANDOFF/MOKA_V26_19_MASTER_AUTOSUFICIENTE_PARA_HTML.txt
3428450	1.66	/Users/lordjef/Downloads/MOKA_V26_19_TXT_MASTER_GRABACION_2026-08-26/08_MASTER_HTML_HANDOFF/MOKA_V26_19_MASTER_CANONICO_PARA_HTML.txt
18307161	1.66	/Users/lordjef/Downloads/MOKA_V26_19_TXT_MASTER_GRABACION_2026-08-26/08_MASTER_HTML_HANDOFF/MOKA_V26_19_MASTER_LITERAL_TODOS_LOS_TXT.txt
5832017	1.72	/Users/lordjef/Downloads/MOKA_V26_20_HTML_ABRAXAS_V4_3_4_2026-08-26 (1).zip
5832017	1.76	/Users/lordjef/Downloads/MOKA_V26_20_HTML_ABRAXAS_V4_3_4_2026-08-26.zip
2425430	1.05	/Users/lordjef/Downloads/MOKA_V26_20_HTML_ABRAXAS_V4_3_4_R10_2026-08-27.zip
2436452	1.04	/Users/lordjef/Downloads/MOKA_V26_20_HTML_ABRAXAS_V4_3_4_R11_2026-08-27.zip
2439073	1.02	/Users/lordjef/Downloads/MOKA_V26_20_HTML_ABRAXAS_V4_3_4_R12_2026-08-27.zip
2673483	0.98	/Users/lordjef/Downloads/MOKA_V26_20_HTML_ABRAXAS_V4_3_4_R13_2026-08-27.zip
2679359	0.97	/Users/lordjef/Downloads/MOKA_V26_20_HTML_ABRAXAS_V4_3_4_R14_2026-08-27.zip
2423077	1.06	/Users/lordjef/Downloads/MOKA_V26_20_HTML_ABRAXAS_V4_3_4_R9_2026-08-27.zip
11348396	0.89	/Users/lordjef/Downloads/MOKA_V26_20_HTML_STANDALONE_R10_2026-08-27/MOKA_MOTION_PRODUCTION_LAB_V26_20.html
11349474	0.88	/Users/lordjef/Downloads/MOKA_V26_20_HTML_STANDALONE_R11_2026-08-27/MOKA_MOTION_PRODUCTION_LAB_V26_20.html
11357957	0.86	/Users/lordjef/Downloads/MOKA_V26_20_HTML_STANDALONE_R12_2026-08-27/MOKA_MOTION_PRODUCTION_LAB_V26_20.html
11368713	0.84	/Users/lordjef/Downloads/MOKA_V26_20_HTML_STANDALONE_R13_2026-08-27/MOKA_MOTION_PRODUCTION_LAB_V26_20.html
11345771	0.90	/Users/lordjef/Downloads/MOKA_V26_20_HTML_STANDALONE_R9_2026-08-27/MOKA_MOTION_PRODUCTION_LAB_V26_20.html
97472	7.86	/Users/lordjef/Downloads/MOTION_1_ABRAXAS_V4.txt
130770	7.86	/Users/lordjef/Downloads/MOTION_2_ABRAXAS_V4.txt
80677	7.86	/Users/lordjef/Downloads/MOTION_3_ABRAXAS_V4.txt
110515	7.86	/Users/lordjef/Downloads/MOTION_4_ABRAXAS_V4.txt
78567	7.86	/Users/lordjef/Downloads/MOTION_5_ABRAXAS_V4.txt
87112	7.86	/Users/lordjef/Downloads/MOTION_6_ABRAXAS_V4.txt
9233	87.91	/Users/lordjef/Downloads/motionarray-logo-png_seeklogo-623420.png
3859351	1.75	/Users/lordjef/Downloads/MOTIONS_ABRAXAS_V5_5_4_ORACLE_THREEJS_ETCHING_PACKAGE.zip
4620305	1.05	/Users/lordjef/Downloads/MOTIONS_ABRAXAS_V5_5_5_DEEP_EXPANDED_R4_HTML_PACKAGE.zip
10212417	1.74	/Users/lordjef/Downloads/MOTIONS_ABRAXAS_V5_5_5_ORACLE_4K_PROVIDENCE_PACKAGE.zip
3825745	1.80	/Users/lordjef/Downloads/MOTIONS_ABRAXAS_V5_5_FINAL_PACKAGE.zip
272783	56.83	/Users/lordjef/Downloads/Podcasts transcripciones/abraxas-joc (1).srt
203459	56.83	/Users/lordjef/Downloads/Podcasts transcripciones/abraxas-joc (1).txt
151312	56.89	/Users/lordjef/Downloads/Podcasts transcripciones/abraxas-joc.srt
109101	56.89	/Users/lordjef/Downloads/Podcasts transcripciones/abraxas-joc.txt
13081645	21.55	/Users/lordjef/Downloads/referencias html generales/refero.design - Adjusting motion effect on Modyfi.zip
16662	7.90	/Users/lordjef/Downloads/SISTEMA_COMPLETO_MOTIONS_ABRAXAS_V4_MANUAL_TOTAL.txt
5019157	8.84	/Users/lordjef/Downloads/SISTEMA_MAESTRO_MOTIONS_ABRAXAS_V2.html
5455675	1.85	/Users/lordjef/Downloads/SISTEMA_MAESTRO_MOTIONS_ABRAXAS_V5_2_2_FINAL_WORKSPACE.html
5487987	1.83	/Users/lordjef/Downloads/SISTEMA_MAESTRO_MOTIONS_ABRAXAS_V5_3_FINAL_WORKSPACE.html
5665254	1.81	/Users/lordjef/Downloads/SISTEMA_MAESTRO_MOTIONS_ABRAXAS_V5_4_FINAL_WORKSPACE.html
5722258	1.77	/Users/lordjef/Downloads/SISTEMA_MAESTRO_MOTIONS_ABRAXAS_V5_5_1_EYE_FIX_WORKSPACE.html
5724026	1.76	/Users/lordjef/Downloads/SISTEMA_MAESTRO_MOTIONS_ABRAXAS_V5_5_2_BLUEPRINT_ORACLE_WORKSPACE.html
5733563	1.75	/Users/lordjef/Downloads/SISTEMA_MAESTRO_MOTIONS_ABRAXAS_V5_5_3_ORACLE_SECTION_CORE_WORKSPACE.html
5739156	1.75	/Users/lordjef/Downloads/SISTEMA_MAESTRO_MOTIONS_ABRAXAS_V5_5_4_ORACLE_THREEJS_ETCHING_WORKSPACE.html
5947817	1.08	/Users/lordjef/Downloads/SISTEMA_MAESTRO_MOTIONS_ABRAXAS_V5_5_5_DEEP_EXPANDED_R3_WORKSPACE.html
7578871	1.05	/Users/lordjef/Downloads/SISTEMA_MAESTRO_MOTIONS_ABRAXAS_V5_5_5_DEEP_EXPANDED_R4_WORKSPACE.html
5744862	1.74	/Users/lordjef/Downloads/SISTEMA_MAESTRO_MOTIONS_ABRAXAS_V5_5_5_ORACLE_4K_PROVIDENCE_WORKSPACE.html
5715310	1.78	/Users/lordjef/Downloads/SISTEMA_MAESTRO_MOTIONS_ABRAXAS_V5_5_FINAL_WORKSPACE (1).html
5715310	1.80	/Users/lordjef/Downloads/SISTEMA_MAESTRO_MOTIONS_ABRAXAS_V5_5_FINAL_WORKSPACE.html
26652754	1199.29	/Users/lordjef/Downloads/Takeout-9/Drive/Sin organizar/Audio complementario Vision Statements (1) (1).mp3
23417813	1199.29	/Users/lordjef/Downloads/Takeout-9/Drive/Sin organizar/Audio complementario Vision Statements (1).mp3
88713	1685.94	/Users/lordjef/Downloads/Takeout-9/Drive/Sin organizar/El arte y la ciencia de componer un _VISION STATEMENT_ (1).pdf
7381	1828.94	/Users/lordjef/Downloads/Takeout-9/Drive/Sin organizar/El arte y la ciencia de componer un _VISION STATEMENT_ - Felicidades (Parte 4).docx
8945	713.43	/Users/lordjef/Downloads/Takeout-9/Drive/Sin organizar/El arte y la ciencia de componer un _VISION STATEMENT_ - Introducción.docx
41002	1625.07	/Users/lordjef/Downloads/Takeout-9/Drive/Sin organizar/El arte y la ciencia de componer un _VISION STATEMENT_ - Introducción.pdf
10903	713.29	/Users/lordjef/Downloads/Takeout-9/Drive/Sin organizar/El arte y la ciencia de componer un _VISION STATEMENT_ - Parte 1.docx
51938	1815.97	/Users/lordjef/Downloads/Takeout-9/Drive/Sin organizar/El arte y la ciencia de componer un _VISION STATEMENT_ - Parte 1.pdf
8818	1828.95	/Users/lordjef/Downloads/Takeout-9/Drive/Sin organizar/El arte y la ciencia de componer un _VISION STATEMENT_ - Parte 2.docx
48309	1814.27	/Users/lordjef/Downloads/Takeout-9/Drive/Sin organizar/El arte y la ciencia de componer un _VISION STATEMENT_ - Parte 2.pdf
35652	1794.29	/Users/lordjef/Downloads/Takeout-9/Drive/Sin organizar/El arte y la ciencia de componer un _VISION STATEMENT_ - Parte 3(1).pdf
7730	1794.29	/Users/lordjef/Downloads/Takeout-9/Drive/Sin organizar/El arte y la ciencia de componer un _VISION STATEMENT_ - Parte 3.docx
34342	1794.29	/Users/lordjef/Downloads/Takeout-9/Drive/Sin organizar/El arte y la ciencia de componer un _VISION STATEMENT_ - Parte 3.pdf
88713	1685.94	/Users/lordjef/Downloads/Takeout-9/Drive/Sin organizar/El arte y la ciencia de componer un _VISION STATEMENT_ .pdf
17137	1828.94	/Users/lordjef/Downloads/Takeout-9/Drive/Sin organizar/El arte y la ciencia de componer un _VISION STATEMENT__(1).docx
17137	1685.94	/Users/lordjef/Downloads/Takeout-9/Drive/Sin organizar/El arte y la ciencia de componer un _VISION STATEMENT__.docx
3231741	1645.92	/Users/lordjef/Downloads/Takeout-9/Drive/Sin organizar/Poster lordJxCee mentoria vision statements 01 Artboard 1.png
3475092	1647.27	/Users/lordjef/Downloads/Takeout-9/Drive/Sin organizar/Poster lordJxCee mentoria vision statements.png
11848181	1955.15	/Users/lordjef/Downloads/Takeout-9/Drive/Sin organizar/TAROT_Y_KABALA(REVISION_INCOMPLETA).pdf
856869	1933.23	/Users/lordjef/Downloads/Takeout-9/Drive/Sin organizar/THE_SACRED_MIRRORS_The_Visionary_Art_of.docx
1039700	7.72	/Users/lordjef/Downloads/TRANSCRIPCION_MAESTRA_MOTIONS_REFERENCIA.txt
14655	0.22	/Users/lordjef/Downloads/VAV_ABRAXAS_STYLE_MINING_SYSTEM_V1.zip
26839266	0.18	/Users/lordjef/Downloads/VAV_ABRAXAS_STYLE_MINING_SYSTEM_V2_MERGED.zip
6148	0.18	/Users/lordjef/Downloads/VAV_ABRAXAS_STYLE_MINING_SYSTEM_V2_MERGED/.DS_Store
654	0.02	/Users/lordjef/Downloads/VAV_ABRAXAS_STYLE_MINING_SYSTEM_V2_MERGED/00_READ_ME_FIRST.txt
1106	0.07	/Users/lordjef/Downloads/VAV_ABRAXAS_STYLE_MINING_SYSTEM_V2_MERGED/V1_CAPTION_MOTION_CRITERIA/00_README.txt
2588	0.07	/Users/lordjef/Downloads/VAV_ABRAXAS_STYLE_MINING_SYSTEM_V2_MERGED/V1_CAPTION_MOTION_CRITERIA/01_SCHEMA_CAPTION_STYLE_CARD_V1.txt
1516	0.07	/Users/lordjef/Downloads/VAV_ABRAXAS_STYLE_MINING_SYSTEM_V2_MERGED/V1_CAPTION_MOTION_CRITERIA/02_SCHEMA_MOTION_CARD_V1.txt
1219	0.07	/Users/lordjef/Downloads/VAV_ABRAXAS_STYLE_MINING_SYSTEM_V2_MERGED/V1_CAPTION_MOTION_CRITERIA/03_SCHEMA_VIDEO_ANALYSIS_CARD_V1.txt
2733	0.07	/Users/lordjef/Downloads/VAV_ABRAXAS_STYLE_MINING_SYSTEM_V2_MERGED/V1_CAPTION_MOTION_CRITERIA/04_VAV_HYBRID_INSPIRATIONAL.txt
2576	0.07	/Users/lordjef/Downloads/VAV_ABRAXAS_STYLE_MINING_SYSTEM_V2_MERGED/V1_CAPTION_MOTION_CRITERIA/05_VAV_HOLLOW_GLOW.txt
2616	0.07	/Users/lordjef/Downloads/VAV_ABRAXAS_STYLE_MINING_SYSTEM_V2_MERGED/V1_CAPTION_MOTION_CRITERIA/06_VAV_IMPACT_MOTION.txt
2498	0.07	/Users/lordjef/Downloads/VAV_ABRAXAS_STYLE_MINING_SYSTEM_V2_MERGED/V1_CAPTION_MOTION_CRITERIA/07_VAV_CLEAN_BOLD.txt
959	0.07	/Users/lordjef/Downloads/VAV_ABRAXAS_STYLE_MINING_SYSTEM_V2_MERGED/V1_CAPTION_MOTION_CRITERIA/08_VAV_VISUAL_PRIORS_RULES.txt
973	0.07	/Users/lordjef/Downloads/VAV_ABRAXAS_STYLE_MINING_SYSTEM_V2_MERGED/V1_CAPTION_MOTION_CRITERIA/09_VAV_MOTION_TAXONOMY.txt
770	0.07	/Users/lordjef/Downloads/VAV_ABRAXAS_STYLE_MINING_SYSTEM_V2_MERGED/V1_CAPTION_MOTION_CRITERIA/10_VAV_PLACEMENT_AND_COLLISION_RULES.txt
3042	0.07	/Users/lordjef/Downloads/VAV_ABRAXAS_STYLE_MINING_SYSTEM_V2_MERGED/V1_CAPTION_MOTION_CRITERIA/11_PROMPT_AI_ANALIZAR_VIDEO_PROFUNDO.txt
1688	0.07	/Users/lordjef/Downloads/VAV_ABRAXAS_STYLE_MINING_SYSTEM_V2_MERGED/V1_CAPTION_MOTION_CRITERIA/12_PLANTILLA_RESULTADO_VIDEO_ANALIZADO.txt
1057	0.07	/Users/lordjef/Downloads/VAV_ABRAXAS_STYLE_MINING_SYSTEM_V2_MERGED/V1_CAPTION_MOTION_CRITERIA/13_REGLAS_CONVERTIR_ANALISIS_EN_PRESET.txt
688	0.07	/Users/lordjef/Downloads/VAV_ABRAXAS_STYLE_MINING_SYSTEM_V2_MERGED/V1_CAPTION_MOTION_CRITERIA/14_REGISTRY_PRESETS.txt
10925	0.05	/Users/lordjef/Downloads/VAV_ABRAXAS_STYLE_MINING_SYSTEM_V2_MERGED/V1_STYLE_MINING_BASE/00_PROMPT_MAESTRO_MINERIA_ESTILOS_ABRAXAS.txt
664	0.05	/Users/lordjef/Downloads/VAV_ABRAXAS_STYLE_MINING_SYSTEM_V2_MERGED/V1_STYLE_MINING_BASE/04_PROMPT_FASE_4_CREAR_FAMILIAS_ABRAXAS.txt
633	0.05	/Users/lordjef/Downloads/VAV_ABRAXAS_STYLE_MINING_SYSTEM_V2_MERGED/V1_STYLE_MINING_BASE/06_PROMPT_FASE_6_MOTION_GRAMMAR.txt
718	0.05	/Users/lordjef/Downloads/VAV_ABRAXAS_STYLE_MINING_SYSTEM_V2_MERGED/V1_STYLE_MINING_BASE/08_ABRAXAS_QUALITY_BAR.txt
805	0.05	/Users/lordjef/Downloads/VAV_ABRAXAS_STYLE_MINING_SYSTEM_V2_MERGED/V1_STYLE_MINING_BASE/10_SCHEMA_MOTION_FAMILY_GENERAL.txt
904	0.05	/Users/lordjef/Downloads/VAV_ABRAXAS_STYLE_MINING_SYSTEM_V2_MERGED/V1_STYLE_MINING_BASE/13_PROMPT_FINAL_IMPLEMENTACION_VAVCAPTIONS.txt
723	0.05	/Users/lordjef/Downloads/VAV_ABRAXAS_STYLE_MINING_SYSTEM_V2_MERGED/V1_STYLE_MINING_BASE/14_PROMPT_FINAL_IMPLEMENTACION_VAVMOTIONS.txt
3260	0.02	/Users/lordjef/Downloads/VAV_ABRAXAS_STYLE_MINING_SYSTEM_V2_MERGED/V2_EXTENSION/02_VAV_PRIMITIVE_TAXONOMY_V2.txt
1798	0.02	/Users/lordjef/Downloads/VAV_ABRAXAS_STYLE_MINING_SYSTEM_V2_MERGED/V2_EXTENSION/03_ABRAXAS_CAMERA_COMPOSITION_GRAMMAR_V2.txt
2026	0.02	/Users/lordjef/Downloads/VAV_ABRAXAS_STYLE_MINING_SYSTEM_V2_MERGED/V2_EXTENSION/04_ABRAXAS_TEXT_DEPTH_PLACEMENT_GRAMMAR_V2.txt
1923	0.02	/Users/lordjef/Downloads/VAV_ABRAXAS_STYLE_MINING_SYSTEM_V2_MERGED/V2_EXTENSION/05_ABRAXAS_VOICE_TEXT_IMAGE_SYNC_GRAMMAR_V2.txt
1389	0.02	/Users/lordjef/Downloads/VAV_ABRAXAS_STYLE_MINING_SYSTEM_V2_MERGED/V2_EXTENSION/06_ABRAXAS_INTERNAL_EDITING_GRAMMAR_V2.txt
4440	0.02	/Users/lordjef/Downloads/VAV_ABRAXAS_STYLE_MINING_SYSTEM_V2_MERGED/V2_EXTENSION/07_ABRAXAS_V2_PATTERN_FAMILIES_EXTENSION.txt
847	0.02	/Users/lordjef/Downloads/VAV_ABRAXAS_STYLE_MINING_SYSTEM_V2_MERGED/V2_EXTENSION/09_SCHEMA_ABRAXAS_USER_VISUAL_PROFILE_V2.txt
184	0.02	/Users/lordjef/Downloads/VAV_ABRAXAS_STYLE_MINING_SYSTEM_V2_MERGED/V2_EXTENSION/29_ABRAXAS_USER_VISUAL_PROFILE_V2.json
1315	0.05	/Users/lordjef/Downloads/VAV_ABRAXAS_STYLE_MINING_SYSTEM_V2_MERGED/V2_EXTENSION/VAV_ABRAXAS_STYLE_MINING_PASS1_FAMILIES_V1.json
16896	0.05	/Users/lordjef/Downloads/VAV_ABRAXAS_STYLE_MINING_SYSTEM_V2_MERGED/V2_EXTENSION/VAV_ABRAXAS_STYLE_MINING_PASS1_VISUAL_V1.txt
15952	0.19	/Users/lordjef/Downloads/VAV_ABRAXAS_VIDEO_GRAMMAR_PREFERENCE_SYSTEM_V2.zip
8707	0.78	/Users/lordjef/Downloads/VAV_BOOTSTRAP_C01_V10_20260827_184025/BOOTSTRAP_REPORT.txt
825	0.62	/Users/lordjef/Downloads/VAV_BOOTSTRAP_C01_V10_20260827_184025/docs/content-motion-bridge/00_READ_ME_FIRST.md
5988	0.62	/Users/lordjef/Downloads/VAV_BOOTSTRAP_C01_V10_20260827_184025/docs/content-motion-bridge/01_TARGET_REPO_TREE.md
977	0.62	/Users/lordjef/Downloads/VAV_BOOTSTRAP_C01_V10_20260827_184025/docs/content-motion-bridge/02_CORE_ARCHITECTURAL_RULES.md
921	0.62	/Users/lordjef/Downloads/VAV_BOOTSTRAP_C01_V10_20260827_184025/docs/content-motion-bridge/03_FICHA_CONTENT_OS_BRIDGE.md
789	0.62	/Users/lordjef/Downloads/VAV_BOOTSTRAP_C01_V10_20260827_184025/docs/content-motion-bridge/04_VISUAL_MOTION_VS_CAPTION_MOTION.md
1153	0.62	/Users/lordjef/Downloads/VAV_BOOTSTRAP_C01_V10_20260827_184025/docs/content-motion-bridge/05_MOTION_CONTEXT_CONTRACT.md
2360	0.62	/Users/lordjef/Downloads/VAV_BOOTSTRAP_C01_V10_20260827_184025/docs/content-motion-bridge/06_CAPTION_RESPONSE_POLICIES_BY_MOTION.md
1117	0.62	/Users/lordjef/Downloads/VAV_BOOTSTRAP_C01_V10_20260827_184025/docs/content-motion-bridge/07_CONTENT_INTENT_IMPORT.md
748	0.62	/Users/lordjef/Downloads/VAV_BOOTSTRAP_C01_V10_20260827_184025/docs/content-motion-bridge/08_SOURCE_TIMELINE_TIME_MAP.md
1098	0.62	/Users/lordjef/Downloads/VAV_BOOTSTRAP_C01_V10_20260827_184025/docs/content-motion-bridge/09_DUAL_AND_TRIPLE_WORKFLOW.md
793	0.62	/Users/lordjef/Downloads/VAV_BOOTSTRAP_C01_V10_20260827_184025/docs/content-motion-bridge/10_CAPTION_COMPILER_PIPELINE.md
743	0.62	/Users/lordjef/Downloads/VAV_BOOTSTRAP_C01_V10_20260827_184025/docs/content-motion-bridge/11_MODULE_GRAPH_AND_INVALIDATION.md
771	0.62	/Users/lordjef/Downloads/VAV_BOOTSTRAP_C01_V10_20260827_184025/docs/content-motion-bridge/12_INTERCHANGE_CONTRACTS.md
1448	0.62	/Users/lordjef/Downloads/VAV_BOOTSTRAP_C01_V10_20260827_184025/docs/content-motion-bridge/13_MOTION_MANIFEST_EXAMPLE.json
877	0.62	/Users/lordjef/Downloads/VAV_BOOTSTRAP_C01_V10_20260827_184025/docs/content-motion-bridge/14_CONTENT_INTENT_EXAMPLE.json
821	0.62	/Users/lordjef/Downloads/VAV_BOOTSTRAP_C01_V10_20260827_184025/docs/content-motion-bridge/15_RECOMMENDED_DEFAULT_WORKFLOW.md
610	0.62	/Users/lordjef/Downloads/VAV_BOOTSTRAP_C01_V10_20260827_184025/docs/content-motion-bridge/16_SCOPE_BOUNDARIES.md
748	0.62	/Users/lordjef/Downloads/VAV_BOOTSTRAP_C01_V10_20260827_184025/docs/content-motion-bridge/17_ROADMAP_V10.md
555	0.62	/Users/lordjef/Downloads/VAV_BOOTSTRAP_C01_V10_20260827_184025/docs/content-motion-bridge/ARCHITECTURE_MANIFEST.json
424	0.62	/Users/lordjef/Downloads/VAV_BOOTSTRAP_C01_V10_20260827_184025/docs/pro-editor-foundation/07_CAPTION_TRACKS_AND_IMPORT_EXPORT.md
693	0.62	/Users/lordjef/Downloads/VAV_BOOTSTRAP_C01_V10_20260827_184025/docs/pro-editor-foundation/10_FUTURE_VAV_TOOLS_OUT_OF_SCOPE.md
1867	0.62	/Users/lordjef/Downloads/VAV_BOOTSTRAP_C01_V10_20260827_184025/docs/superpowers/plans/2026-08-27-vav-corrida-01-implementation.md
1206	0.62	/Users/lordjef/Downloads/VAV_BOOTSTRAP_C01_V10_20260827_184025/docs/superpowers/specs/2026-08-27-vav-corrida-01-design.md
529	0.62	/Users/lordjef/Downloads/VAV_BOOTSTRAP_C01_V10_20260827_184025/docs/ui-canon/06_MOTION_INTERACTION.md
568	0.62	/Users/lordjef/Downloads/VAV_BOOTSTRAP_C01_V10_20260827_184025/docs/ui-canon/10_ABRAXAS_ADAPTATION.md
1297	0.62	/Users/lordjef/Downloads/VAV_BOOTSTRAP_C01_V10_20260827_184025/docs/ui-canon/12_CAPTION_DOCUMENT_VIEW.md
43596	0.62	/Users/lordjef/Downloads/VAV_BOOTSTRAP_C01_V10_20260827_184025/docs/ui-canon/source-materials/ABRAXAS_HTML_WORKFLOW_v4.3.4_FINAL (1)(1).zip
2688	0.62	/Users/lordjef/Downloads/VAV_BOOTSTRAP_C01_V10_20260827_184025/LEEME_PRIMERO.txt
1838	0.62	/Users/lordjef/Downloads/VAV_BOOTSTRAP_C01_V10_20260827_184025/RUN_VAV_CORRIDA_01.command
93	0.62	/Users/lordjef/Downloads/VAV_BOOTSTRAP_C01_V10_20260827_184025/template/VAV/.gitignore
299	0.62	/Users/lordjef/Downloads/VAV_BOOTSTRAP_C01_V10_20260827_184025/template/VAV/apps/captions-desktop/index.html
885	0.62	/Users/lordjef/Downloads/VAV_BOOTSTRAP_C01_V10_20260827_184025/template/VAV/apps/captions-desktop/package.json
1411	0.62	/Users/lordjef/Downloads/VAV_BOOTSTRAP_C01_V10_20260827_184025/template/VAV/apps/captions-desktop/src/CaptionDocumentPanel.tsx
303	0.62	/Users/lordjef/Downloads/VAV_BOOTSTRAP_C01_V10_20260827_184025/template/VAV/apps/captions-desktop/vite.config.ts
416	0.62	/Users/lordjef/Downloads/VAV_BOOTSTRAP_C01_V10_20260827_184025/template/VAV/docs/architecture/CAPTION_DOCUMENT_VIEW_DECISION.md
825	0.62	/Users/lordjef/Downloads/VAV_BOOTSTRAP_C01_V10_20260827_184025/template/VAV/docs/content-motion-bridge/00_READ_ME_FIRST.md
5988	0.62	/Users/lordjef/Downloads/VAV_BOOTSTRAP_C01_V10_20260827_184025/template/VAV/docs/content-motion-bridge/01_TARGET_REPO_TREE.md
977	0.62	/Users/lordjef/Downloads/VAV_BOOTSTRAP_C01_V10_20260827_184025/template/VAV/docs/content-motion-bridge/02_CORE_ARCHITECTURAL_RULES.md
921	0.62	/Users/lordjef/Downloads/VAV_BOOTSTRAP_C01_V10_20260827_184025/template/VAV/docs/content-motion-bridge/03_FICHA_CONTENT_OS_BRIDGE.md
789	0.62	/Users/lordjef/Downloads/VAV_BOOTSTRAP_C01_V10_20260827_184025/template/VAV/docs/content-motion-bridge/04_VISUAL_MOTION_VS_CAPTION_MOTION.md
1153	0.62	/Users/lordjef/Downloads/VAV_BOOTSTRAP_C01_V10_20260827_184025/template/VAV/docs/content-motion-bridge/05_MOTION_CONTEXT_CONTRACT.md
2360	0.62	/Users/lordjef/Downloads/VAV_BOOTSTRAP_C01_V10_20260827_184025/template/VAV/docs/content-motion-bridge/06_CAPTION_RESPONSE_POLICIES_BY_MOTION.md
1117	0.62	/Users/lordjef/Downloads/VAV_BOOTSTRAP_C01_V10_20260827_184025/template/VAV/docs/content-motion-bridge/07_CONTENT_INTENT_IMPORT.md
748	0.62	/Users/lordjef/Downloads/VAV_BOOTSTRAP_C01_V10_20260827_184025/template/VAV/docs/content-motion-bridge/08_SOURCE_TIMELINE_TIME_MAP.md
1098	0.62	/Users/lordjef/Downloads/VAV_BOOTSTRAP_C01_V10_20260827_184025/template/VAV/docs/content-motion-bridge/09_DUAL_AND_TRIPLE_WORKFLOW.md
793	0.62	/Users/lordjef/Downloads/VAV_BOOTSTRAP_C01_V10_20260827_184025/template/VAV/docs/content-motion-bridge/10_CAPTION_COMPILER_PIPELINE.md
743	0.62	/Users/lordjef/Downloads/VAV_BOOTSTRAP_C01_V10_20260827_184025/template/VAV/docs/content-motion-bridge/11_MODULE_GRAPH_AND_INVALIDATION.md
771	0.62	/Users/lordjef/Downloads/VAV_BOOTSTRAP_C01_V10_20260827_184025/template/VAV/docs/content-motion-bridge/12_INTERCHANGE_CONTRACTS.md
1448	0.62	/Users/lordjef/Downloads/VAV_BOOTSTRAP_C01_V10_20260827_184025/template/VAV/docs/content-motion-bridge/13_MOTION_MANIFEST_EXAMPLE.json
877	0.62	/Users/lordjef/Downloads/VAV_BOOTSTRAP_C01_V10_20260827_184025/template/VAV/docs/content-motion-bridge/14_CONTENT_INTENT_EXAMPLE.json
821	0.62	/Users/lordjef/Downloads/VAV_BOOTSTRAP_C01_V10_20260827_184025/template/VAV/docs/content-motion-bridge/15_RECOMMENDED_DEFAULT_WORKFLOW.md
610	0.62	/Users/lordjef/Downloads/VAV_BOOTSTRAP_C01_V10_20260827_184025/template/VAV/docs/content-motion-bridge/16_SCOPE_BOUNDARIES.md
748	0.62	/Users/lordjef/Downloads/VAV_BOOTSTRAP_C01_V10_20260827_184025/template/VAV/docs/content-motion-bridge/17_ROADMAP_V10.md
555	0.62	/Users/lordjef/Downloads/VAV_BOOTSTRAP_C01_V10_20260827_184025/template/VAV/docs/content-motion-bridge/ARCHITECTURE_MANIFEST.json
424	0.62	/Users/lordjef/Downloads/VAV_BOOTSTRAP_C01_V10_20260827_184025/template/VAV/docs/pro-editor-foundation/07_CAPTION_TRACKS_AND_IMPORT_EXPORT.md
693	0.62	/Users/lordjef/Downloads/VAV_BOOTSTRAP_C01_V10_20260827_184025/template/VAV/docs/pro-editor-foundation/10_FUTURE_VAV_TOOLS_OUT_OF_SCOPE.md
693	0.62	/Users/lordjef/Downloads/VAV_BOOTSTRAP_C01_V10_20260827_184025/template/VAV/docs/product/FUTURE_VAV_TOOLS_OUT_OF_SCOPE.md
529	0.62	/Users/lordjef/Downloads/VAV_BOOTSTRAP_C01_V10_20260827_184025/template/VAV/docs/ui-canon/06_MOTION_INTERACTION.md
568	0.62	/Users/lordjef/Downloads/VAV_BOOTSTRAP_C01_V10_20260827_184025/template/VAV/docs/ui-canon/10_ABRAXAS_ADAPTATION.md
1297	0.62	/Users/lordjef/Downloads/VAV_BOOTSTRAP_C01_V10_20260827_184025/template/VAV/docs/ui-canon/12_CAPTION_DOCUMENT_VIEW.md
43596	0.62	/Users/lordjef/Downloads/VAV_BOOTSTRAP_C01_V10_20260827_184025/template/VAV/docs/ui-canon/source-materials/ABRAXAS_HTML_WORKFLOW_v4.3.4_FINAL (1)(1).zip
871	0.62	/Users/lordjef/Downloads/VAV_BOOTSTRAP_C01_V10_20260827_184025/template/VAV/package.json
205	0.62	/Users/lordjef/Downloads/VAV_BOOTSTRAP_C01_V10_20260827_184025/template/VAV/packages/caption-compiler/package.json
131	0.62	/Users/lordjef/Downloads/VAV_BOOTSTRAP_C01_V10_20260827_184025/template/VAV/packages/caption-domain/package.json
131	0.62	/Users/lordjef/Downloads/VAV_BOOTSTRAP_C01_V10_20260827_184025/template/VAV/packages/caption-layout/package.json
131	0.62	/Users/lordjef/Downloads/VAV_BOOTSTRAP_C01_V10_20260827_184025/template/VAV/packages/caption-motion/package.json
131	0.62	/Users/lordjef/Downloads/VAV_BOOTSTRAP_C01_V10_20260827_184025/template/VAV/packages/caption-styles/package.json
131	0.62	/Users/lordjef/Downloads/VAV_BOOTSTRAP_C01_V10_20260827_184025/template/VAV/packages/caption-tracks/package.json
210	0.62	/Users/lordjef/Downloads/VAV_BOOTSTRAP_C01_V10_20260827_184025/template/VAV/packages/motion-caption-policy/package.json
496	0.62	/Users/lordjef/Downloads/VAV_BOOTSTRAP_C01_V10_20260827_184025/template/VAV/packages/remotion-composition/package.json
1428	0.62	/Users/lordjef/Downloads/VAV_BOOTSTRAP_C01_V10_20260827_184025/template/VAV/packages/remotion-composition/src/CaptionDemoComposition.tsx
171	0.62	/Users/lordjef/Downloads/VAV_BOOTSTRAP_C01_V10_20260827_184025/template/VAV/packages/vav-schema/package.json
137	0.62	/Users/lordjef/Downloads/VAV_BOOTSTRAP_C01_V10_20260827_184025/template/VAV/packages/visual-motion-domain/package.json
57	0.62	/Users/lordjef/Downloads/VAV_BOOTSTRAP_C01_V10_20260827_184025/template/VAV/pnpm-workspace.yaml
201	0.62	/Users/lordjef/Downloads/VAV_BOOTSTRAP_C01_V10_20260827_184025/template/VAV/README.md
2761	0.62	/Users/lordjef/Downloads/VAV_BOOTSTRAP_C01_V10_20260827_184025/template/VAV/README_VAV_PROGRESS.md
167	0.62	/Users/lordjef/Downloads/VAV_BOOTSTRAP_C01_V10_20260827_184025/template/VAV/RUN_VAV_DEV.command
1448	0.62	/Users/lordjef/Downloads/VAV_BOOTSTRAP_C01_V10_20260827_184025/template/VAV/schemas/interchange/vav-motion-manifest.example.json
1198	0.62	/Users/lordjef/Downloads/VAV_BOOTSTRAP_C01_V10_20260827_184025/template/VAV/scripts/check-content-motion-bridge.mjs
407	0.62	/Users/lordjef/Downloads/VAV_BOOTSTRAP_C01_V10_20260827_184025/template/VAV/tsconfig.base.json
278	0.62	/Users/lordjef/Downloads/VAV_BOOTSTRAP_C01_V10_20260827_184025/template/VAV/tsconfig.check.json
2546	0.62	/Users/lordjef/Downloads/VAV_BOOTSTRAP_C01_V10_20260827_184025/template/VAV/VAV_CONTINUITY_STATE.json
20750	0.62	/Users/lordjef/Downloads/VAV_BOOTSTRAP_C01_V10_20260827_184025/VAV_CAPTIONS_NEW_CHAT_MASTER_PROMPT_V10_CONTENT_MOTION_BRIDGE.txt
12251	0.62	/Users/lordjef/Downloads/VAV_BOOTSTRAP_C01_V10_20260827_184025/VAV_CAPTIONS_NEW_CHAT_MASTER_PROMPT_V5.txt
14000	0.62	/Users/lordjef/Downloads/VAV_BOOTSTRAP_C01_V10_20260827_184025/VAV_CAPTIONS_NEW_CHAT_MASTER_PROMPT_V6_UI_CANON.txt
14900	0.62	/Users/lordjef/Downloads/VAV_BOOTSTRAP_C01_V10_20260827_184025/VAV_CAPTIONS_NEW_CHAT_MASTER_PROMPT_V7_RIVERSIDE_VIEW.txt
15743	0.62	/Users/lordjef/Downloads/VAV_BOOTSTRAP_C01_V10_20260827_184025/VAV_CAPTIONS_NEW_CHAT_MASTER_PROMPT_V8_DOCKABLE_DESKTOP.txt
18003	0.62	/Users/lordjef/Downloads/VAV_BOOTSTRAP_C01_V10_20260827_184025/VAV_CAPTIONS_NEW_CHAT_MASTER_PROMPT_V9_PRO_EDITOR_FOUNDATION.txt
1125	0.62	/Users/lordjef/Downloads/VAV_BOOTSTRAP_C01_V10_20260827_184025/VERSIONS_PINNED.txt
11206	0.75	/Users/lordjef/Downloads/VAV_C01_5_CODEX_PROMPT.txt
2410	0.58	/Users/lordjef/Downloads/VAV_C01_5_COMMANDS_20260827_193324/01_APPLY_C01_5_INTERACTIVE_UI.command
429	0.58	/Users/lordjef/Downloads/VAV_C01_5_COMMANDS_20260827_193324/02_VERIFY_C01_5.command
148	0.58	/Users/lordjef/Downloads/VAV_C01_5_COMMANDS_20260827_193324/03_RUN_VAV_C01_5.command
650	0.58	/Users/lordjef/Downloads/VAV_C01_5_COMMANDS_20260827_193324/04_ROLLBACK_C01_5.command
928	0.58	/Users/lordjef/Downloads/VAV_C01_5_COMMANDS_20260827_193324/LEEME_PRIMERO.txt
331	0.58	/Users/lordjef/Downloads/VAV_C01_5_COMMANDS_20260827_193324/PATCH_MANIFEST.json
1263	0.58	/Users/lordjef/Downloads/VAV_C01_5_COMMANDS_20260827_193324/payload/apps/captions-desktop/src/CaptionDocumentPanel.tsx
633	0.58	/Users/lordjef/Downloads/VAV_C01_5_COMMANDS_20260827_193324/payload/docs/continuity/C01_5_INTERACTIVE_UI.md
6278	0.75	/Users/lordjef/Downloads/VAV_C01_5_INTERACTIVE_UI_PLAN.md
2660	0.57	/Users/lordjef/Downloads/VAV_C01_6_20260827_194251/01_APPLY_C01_6_GUIDED_WORKFLOW.command
292	0.57	/Users/lordjef/Downloads/VAV_C01_6_20260827_194251/02_VERIFY_C01_6.command
148	0.57	/Users/lordjef/Downloads/VAV_C01_6_20260827_194251/03_RUN_VAV_C01_6.command
412	0.57	/Users/lordjef/Downloads/VAV_C01_6_20260827_194251/04_ROLLBACK_C01_6.command
362	0.57	/Users/lordjef/Downloads/VAV_C01_6_20260827_194251/PATCH_MANIFEST.json
632	0.57	/Users/lordjef/Downloads/VAV_C01_6_20260827_194251/README.txt
5686	0.60	/Users/lordjef/Downloads/VAV_C01_FIX2_20260827_185435/APPLY_C01_FIX2.command
495	0.60	/Users/lordjef/Downloads/VAV_C01_FIX2_20260827_185435/LEEME_PRIMERO.txt
722	0.60	/Users/lordjef/Downloads/VAV_C01_FIX2_20260827_185435/PATCH_MANIFEST.json
15497	0.23	/Users/lordjef/Downloads/VAV_CAPTION_MOTION_CRITERIA_FICHAS_V1.zip
36942298	0.06	/Users/lordjef/Downloads/VAV_CAPTIONS_ABRAXAS_VISION_PARITY_V12.zip
3661	0.06	/Users/lordjef/Downloads/VAV_CAPTIONS_ANY_CHAT_PRO_MASTER_PROMPT_V12.txt
13170	0.69	/Users/lordjef/Downloads/VAV_CAPTIONS_ANY_CHAT_PRO_MASTER_PROMPT_V7.txt
14606	0.68	/Users/lordjef/Downloads/VAV_CAPTIONS_ANY_CHAT_PRO_MASTER_PROMPT_V7_1 (1).txt
14606	0.68	/Users/lordjef/Downloads/VAV_CAPTIONS_ANY_CHAT_PRO_MASTER_PROMPT_V7_1.txt
16054	0.68	/Users/lordjef/Downloads/VAV_CAPTIONS_ANY_CHAT_PRO_MASTER_PROMPT_V7_2.txt
9116	0.66	/Users/lordjef/Downloads/VAV_CAPTIONS_ANY_CHAT_PRO_MASTER_PROMPT_V8_RENDER_PARITY.txt
8862	0.66	/Users/lordjef/Downloads/VAV_CAPTIONS_ANY_CHAT_PRO_MASTER_PROMPT_V9.txt
14869	0.69	/Users/lordjef/Downloads/VAV_CAPTIONS_AUDIT_HANDOFF_REPO_V6.zip
36786	0.83	/Users/lordjef/Downloads/VAV_CAPTIONS_BOOTSTRAP_CORRIDA_01_MAC.zip
5358213	0.81	/Users/lordjef/Downloads/VAV_CAPTIONS_BOOTSTRAP_CORRIDA_01_UI_CANON_V8_DOCKABLE_DESKTOP.zip
5447127	0.78	/Users/lordjef/Downloads/VAV_CAPTIONS_BOOTSTRAP_CORRIDA_01_V10_1_ENGINE_REGISTRY_FIX.zip
5446658	0.78	/Users/lordjef/Downloads/VAV_CAPTIONS_BOOTSTRAP_CORRIDA_01_V10_CONTENT_MOTION_BRIDGE (1).zip
5446658	0.79	/Users/lordjef/Downloads/VAV_CAPTIONS_BOOTSTRAP_CORRIDA_01_V10_CONTENT_MOTION_BRIDGE.zip
5397897	0.80	/Users/lordjef/Downloads/VAV_CAPTIONS_BOOTSTRAP_CORRIDA_01_V9_PRO_EDITOR_FOUNDATION.zip
20638	0.74	/Users/lordjef/Downloads/VAV_CAPTIONS_C01_5_INTERACTIVE_UI_COMMANDS.zip
2410	0.58	/Users/lordjef/Downloads/VAV_CAPTIONS_C01_5_INTERACTIVE_UI_COMMANDS/01_APPLY_C01_5_INTERACTIVE_UI.command
429	0.58	/Users/lordjef/Downloads/VAV_CAPTIONS_C01_5_INTERACTIVE_UI_COMMANDS/02_VERIFY_C01_5.command
148	0.58	/Users/lordjef/Downloads/VAV_CAPTIONS_C01_5_INTERACTIVE_UI_COMMANDS/03_RUN_VAV_C01_5.command
650	0.58	/Users/lordjef/Downloads/VAV_CAPTIONS_C01_5_INTERACTIVE_UI_COMMANDS/04_ROLLBACK_C01_5.command
928	0.58	/Users/lordjef/Downloads/VAV_CAPTIONS_C01_5_INTERACTIVE_UI_COMMANDS/LEEME_PRIMERO.txt
331	0.58	/Users/lordjef/Downloads/VAV_CAPTIONS_C01_5_INTERACTIVE_UI_COMMANDS/PATCH_MANIFEST.json
1263	0.58	/Users/lordjef/Downloads/VAV_CAPTIONS_C01_5_INTERACTIVE_UI_COMMANDS/payload/apps/captions-desktop/src/CaptionDocumentPanel.tsx
633	0.58	/Users/lordjef/Downloads/VAV_CAPTIONS_C01_5_INTERACTIVE_UI_COMMANDS/payload/docs/continuity/C01_5_INTERACTIVE_UI.md
11516	0.74	/Users/lordjef/Downloads/VAV_CAPTIONS_C01_6_GUIDED_WORKFLOW_COMMANDS.zip
2660	0.57	/Users/lordjef/Downloads/VAV_CAPTIONS_C01_6_GUIDED_WORKFLOW_COMMANDS/01_APPLY_C01_6_GUIDED_WORKFLOW.command
292	0.57	/Users/lordjef/Downloads/VAV_CAPTIONS_C01_6_GUIDED_WORKFLOW_COMMANDS/02_VERIFY_C01_6.command
148	0.57	/Users/lordjef/Downloads/VAV_CAPTIONS_C01_6_GUIDED_WORKFLOW_COMMANDS/03_RUN_VAV_C01_6.command
412	0.57	/Users/lordjef/Downloads/VAV_CAPTIONS_C01_6_GUIDED_WORKFLOW_COMMANDS/04_ROLLBACK_C01_6.command
362	0.57	/Users/lordjef/Downloads/VAV_CAPTIONS_C01_6_GUIDED_WORKFLOW_COMMANDS/PATCH_MANIFEST.json
632	0.57	/Users/lordjef/Downloads/VAV_CAPTIONS_C01_6_GUIDED_WORKFLOW_COMMANDS/README.txt
31581	0.72	/Users/lordjef/Downloads/VAV_CAPTIONS_C02A_REAL_IMPORT_TRANSCRIPTION_COMMANDS.zip
1336	0.77	/Users/lordjef/Downloads/VAV_CAPTIONS_CONTINUITY_PATCH_C01_V10_2_FIXES.zip
8202	0.83	/Users/lordjef/Downloads/VAV_CAPTIONS_CONTINUITY_PATCH_PRE_C01.zip
47431	0.79	/Users/lordjef/Downloads/VAV_CAPTIONS_CONTINUITY_PATCH_PRE_C01_V10_CONTENT_MOTION_BRIDGE.zip
29180	0.81	/Users/lordjef/Downloads/VAV_CAPTIONS_CONTINUITY_PATCH_PRE_C01_V8_DOCKABLE_DESKTOP.zip
37850	0.80	/Users/lordjef/Downloads/VAV_CAPTIONS_CONTINUITY_PATCH_PRE_C01_V9_PRO_EDITOR_FOUNDATION.zip
49153	0.71	/Users/lordjef/Downloads/VAV_CAPTIONS_FULL_ALPHA_END_TO_END_COMMANDS.zip
9503	0.71	/Users/lordjef/Downloads/VAV_CAPTIONS_FULL_UPGRADE_MASTER_PROMPT.txt
12568	0.68	/Users/lordjef/Downloads/VAV_CAPTIONS_HOTFIX_TYPECHECK_V7_1.zip
11169	0.68	/Users/lordjef/Downloads/VAV_CAPTIONS_HOTFIX_VITEST_BACKUPS_V7_2.zip
13087	0.78	/Users/lordjef/Downloads/VAV_CAPTIONS_INTERNAL_REPO_ARCHITECTURE_V1 (1).zip
13087	0.79	/Users/lordjef/Downloads/VAV_CAPTIONS_INTERNAL_REPO_ARCHITECTURE_V1.zip
26634	0.90	/Users/lordjef/Downloads/VAV_CAPTIONS_MASTER_CONTEXT_2026-08-27.zip
50482	0.88	/Users/lordjef/Downloads/VAV_CAPTIONS_MASTER_CONTEXT_2026-08-27_V3.zip
57569	0.85	/Users/lordjef/Downloads/VAV_CAPTIONS_MASTER_CONTEXT_2026-08-27_V4_READY_TO_CODE.zip
905550	0.78	/Users/lordjef/Downloads/VAV_CAPTIONS_MASTER_CONTEXT_V10_CONTENT_MOTION_BRIDGE_READY_FOR_C01 (1).zip
905550	0.79	/Users/lordjef/Downloads/VAV_CAPTIONS_MASTER_CONTEXT_V10_CONTENT_MOTION_BRIDGE_READY_FOR_C01.zip
63352	0.83	/Users/lordjef/Downloads/VAV_CAPTIONS_MASTER_CONTEXT_V5_READY_FOR_C01.zip
858360	0.81	/Users/lordjef/Downloads/VAV_CAPTIONS_MASTER_CONTEXT_V8_DOCKABLE_DESKTOP_READY_FOR_C01.zip
878463	0.80	/Users/lordjef/Downloads/VAV_CAPTIONS_MASTER_CONTEXT_V9_PRO_EDITOR_FOUNDATION_READY_FOR_C01.zip
20750	0.78	/Users/lordjef/Downloads/VAV_CAPTIONS_NEW_CHAT_MASTER_PROMPT_V10_CONTENT_MOTION_BRIDGE (1).txt
20750	0.79	/Users/lordjef/Downloads/VAV_CAPTIONS_NEW_CHAT_MASTER_PROMPT_V10_CONTENT_MOTION_BRIDGE.txt
12251	0.83	/Users/lordjef/Downloads/VAV_CAPTIONS_NEW_CHAT_MASTER_PROMPT_V5.txt
18003	0.80	/Users/lordjef/Downloads/VAV_CAPTIONS_NEW_CHAT_MASTER_PROMPT_V9_PRO_EDITOR_FOUNDATION.txt
1461	0.78	/Users/lordjef/Downloads/VAV_CAPTIONS_PATCH_C01_ENGINE_REGISTRY_COMMA_FIX.zip
1137	0.61	/Users/lordjef/Downloads/VAV_CAPTIONS_PATCH_C01_ENGINE_REGISTRY_COMMA_FIX/APPLY_ENGINE_REGISTRY_FIX.command
448	0.61	/Users/lordjef/Downloads/VAV_CAPTIONS_PATCH_C01_ENGINE_REGISTRY_COMMA_FIX/LEEME.txt
223	0.61	/Users/lordjef/Downloads/VAV_CAPTIONS_PATCH_C01_ENGINE_REGISTRY_COMMA_FIX/PATCH_MANIFEST.json
7936	0.77	/Users/lordjef/Downloads/VAV_CAPTIONS_PATCH_C01_FIX2_TYPECHECK_TAURI.zip
5686	0.60	/Users/lordjef/Downloads/VAV_CAPTIONS_PATCH_C01_FIX2_TYPECHECK_TAURI/APPLY_C01_FIX2.command
495	0.60	/Users/lordjef/Downloads/VAV_CAPTIONS_PATCH_C01_FIX2_TYPECHECK_TAURI/LEEME_PRIMERO.txt
722	0.60	/Users/lordjef/Downloads/VAV_CAPTIONS_PATCH_C01_FIX2_TYPECHECK_TAURI/PATCH_MANIFEST.json
3628682	0.69	/Users/lordjef/Downloads/VAV_CAPTIONS_PORTABLE_PRO_HANDOFF_V7.zip
2127	0.52	/Users/lordjef/Downloads/VAV_CAPTIONS_PORTABLE_PRO_HANDOFF_V7/00_LEEME_PRIMERO.txt
4875	0.52	/Users/lordjef/Downloads/VAV_CAPTIONS_PORTABLE_PRO_HANDOFF_V7/01_CREAR_HANDOFF_REPO_ACTUAL.command
7076	0.52	/Users/lordjef/Downloads/VAV_CAPTIONS_PORTABLE_PRO_HANDOFF_V7/01_CURRENT_STATE_V6.txt
13170	0.52	/Users/lordjef/Downloads/VAV_CAPTIONS_PORTABLE_PRO_HANDOFF_V7/02_VAV_CAPTIONS_ANY_CHAT_PRO_MASTER_PROMPT_V7.txt
1099	0.52	/Users/lordjef/Downloads/VAV_CAPTIONS_PORTABLE_PRO_HANDOFF_V7/02_VERIFICAR_ESTADO_ACTUAL.command
1386	0.52	/Users/lordjef/Downloads/VAV_CAPTIONS_PORTABLE_PRO_HANDOFF_V7/03_BACKUP_LOCAL_COMPLETO.command
763	0.52	/Users/lordjef/Downloads/VAV_CAPTIONS_PORTABLE_PRO_HANDOFF_V7/03_PRO_HARDENING_TARGET.txt
140	0.52	/Users/lordjef/Downloads/VAV_CAPTIONS_PORTABLE_PRO_HANDOFF_V7/04_EJECUTAR_VAV.command
762	0.52	/Users/lordjef/Downloads/VAV_CAPTIONS_PORTABLE_PRO_HANDOFF_V7/04_QUE_SUBIR_A_OTRO_CHAT.txt
720	0.52	/Users/lordjef/Downloads/VAV_CAPTIONS_PORTABLE_PRO_HANDOFF_V7/05_PLANTILLA_PARA_PEDIR_HOTFIX.txt
1276	0.52	/Users/lordjef/Downloads/VAV_CAPTIONS_PORTABLE_PRO_HANDOFF_V7/06_PLANTILLA_PARA_PEDIR_VERSION_PRO.txt
14869	0.52	/Users/lordjef/Downloads/VAV_CAPTIONS_PORTABLE_PRO_HANDOFF_V7/baseline_and_provenance/VAV_CAPTIONS_AUDIT_HANDOFF_REPO_V6.zip
49153	0.53	/Users/lordjef/Downloads/VAV_CAPTIONS_PORTABLE_PRO_HANDOFF_V7/baseline_and_provenance/VAV_CAPTIONS_FULL_ALPHA_END_TO_END_COMMANDS.zip
9503	0.53	/Users/lordjef/Downloads/VAV_CAPTIONS_PORTABLE_PRO_HANDOFF_V7/baseline_and_provenance/VAV_CAPTIONS_FULL_UPGRADE_MASTER_PROMPT.txt
13087	0.55	/Users/lordjef/Downloads/VAV_CAPTIONS_PORTABLE_PRO_HANDOFF_V7/baseline_and_provenance/VAV_CAPTIONS_INTERNAL_REPO_ARCHITECTURE_V1.zip
905550	0.55	/Users/lordjef/Downloads/VAV_CAPTIONS_PORTABLE_PRO_HANDOFF_V7/baseline_and_provenance/VAV_CAPTIONS_MASTER_CONTEXT_V10_CONTENT_MOTION_BRIDGE_READY_FOR_C01.zip
20750	0.55	/Users/lordjef/Downloads/VAV_CAPTIONS_PORTABLE_PRO_HANDOFF_V7/baseline_and_provenance/VAV_CAPTIONS_NEW_CHAT_MASTER_PROMPT_V10_CONTENT_MOTION_BRIDGE.txt
2645503	0.55	/Users/lordjef/Downloads/VAV_CAPTIONS_PORTABLE_PRO_HANDOFF_V7/baseline_and_provenance/VAV_CAPTIONS_UI_UX_REFERENCE_CANON_V3_DOCKABLE_DESKTOP.zip
512	0.52	/Users/lordjef/Downloads/VAV_CAPTIONS_PORTABLE_PRO_HANDOFF_V7/MANIFEST.json
6501	0.80	/Users/lordjef/Downloads/VAV_CAPTIONS_PRO_EDITOR_FOUNDATION_V1.zip
3056	0.64	/Users/lordjef/Downloads/VAV_CAPTIONS_PROMPT_SUBIDA_EN_DOS_PARTES_V10.txt
21186	0.65	/Users/lordjef/Downloads/VAV_CAPTIONS_ROADMAP_EXECUTION_PROMPT_V10.txt
2645503	0.81	/Users/lordjef/Downloads/VAV_CAPTIONS_UI_UX_REFERENCE_CANON_V3_DOCKABLE_DESKTOP.zip
18665	0.01	/Users/lordjef/Downloads/VAV_CAPTIONS_V12_1_RENDER_PROVIDER_HOTFIX.zip
14183	0.11	/Users/lordjef/Downloads/VAV_CONTEXT_AUDIT_PREUPDATE_V12.command
1593	0.00	/Users/lordjef/Downloads/VAV_CONTINUITY_INSTALL/VAV_UNIFIED_PRO_CONTINUITY_V13_READY_2026-08-28/02_ANY_CHAT_PRO/02_VAVMOTIONS_IMPLEMENTATION_START.txt
2986118	0.00	/Users/lordjef/Downloads/VAV_CONTINUITY_INSTALL/VAV_UNIFIED_PRO_CONTINUITY_V13_READY_2026-08-28/03_VAVMOTIONS/VAV_ECOSYSTEM_COMBINED_PRO_CHAT_CORE_V1.zip
66154344	0.00	/Users/lordjef/Downloads/VAV_CONTINUITY_INSTALL/VAV_UNIFIED_PRO_CONTINUITY_V13_READY_2026-08-28/03_VAVMOTIONS/VAVMOTIONS_OFFICIAL_REFERENCE_REPO_V1_2026-08-28.zip
653265	0.00	/Users/lordjef/Downloads/VAV_CONTINUITY_INSTALL/VAV_UNIFIED_PRO_CONTINUITY_V13_READY_2026-08-28/03_VAVMOTIONS/VAVMOTIONS_STANDALONE_ANY_CHAT_CORE_V1.zip
436	0.00	/Users/lordjef/Downloads/VAV_CONTINUITY_INSTALL/VAV_UNIFIED_PRO_CONTINUITY_V13_READY_2026-08-28/04_VAVCAPTIONS/00_READ_ME_CURRENT_CONTEXT.txt
2954	0.00	/Users/lordjef/Downloads/VAV_CONTINUITY_INSTALL/VAV_UNIFIED_PRO_CONTINUITY_V13_READY_2026-08-28/04_VAVCAPTIONS/MACHINE_STATE_20260827_214022(1).txt
1054	0.00	/Users/lordjef/Downloads/VAV_CONTINUITY_INSTALL/VAV_UNIFIED_PRO_CONTINUITY_V13_READY_2026-08-28/04_VAVCAPTIONS/PROVIDER_DISCOVERY_20260827_214022(1).json
8862	0.00	/Users/lordjef/Downloads/VAV_CONTINUITY_INSTALL/VAV_UNIFIED_PRO_CONTINUITY_V13_READY_2026-08-28/04_VAVCAPTIONS/VAV_CAPTIONS_ANY_CHAT_PRO_MASTER_PROMPT_V9(2).txt
13087	0.00	/Users/lordjef/Downloads/VAV_CONTINUITY_INSTALL/VAV_UNIFIED_PRO_CONTINUITY_V13_READY_2026-08-28/04_VAVCAPTIONS/VAV_CAPTIONS_INTERNAL_REPO_ARCHITECTURE_V1 (1)(1).zip
21186	0.00	/Users/lordjef/Downloads/VAV_CONTINUITY_INSTALL/VAV_UNIFIED_PRO_CONTINUITY_V13_READY_2026-08-28/04_VAVCAPTIONS/VAV_CAPTIONS_ROADMAP_EXECUTION_PROMPT_V10(2).txt
2645503	0.00	/Users/lordjef/Downloads/VAV_CONTINUITY_INSTALL/VAV_UNIFIED_PRO_CONTINUITY_V13_READY_2026-08-28/04_VAVCAPTIONS/VAV_CAPTIONS_UI_UX_REFERENCE_CANON_V3_DOCKABLE_DESKTOP(1).zip
2898035	0.00	/Users/lordjef/Downloads/VAV_CONTINUITY_INSTALL/VAV_UNIFIED_PRO_CONTINUITY_V13_READY_2026-08-28/04_VAVCAPTIONS/VAV_CURRENT_REPO_HANDOFF_20260827_212113(3).zip
12754	0.00	/Users/lordjef/Downloads/VAV_CONTINUITY_INSTALL/VAV_UNIFIED_PRO_CONTINUITY_V13_READY_2026-08-28/04_VAVCAPTIONS/VAV_HOTFIX_V7_2_VERIFY_20260827_210557(1).txt
2873993	0.00	/Users/lordjef/Downloads/VAV_CONTINUITY_INSTALL/VAV_UNIFIED_PRO_CONTINUITY_V13_READY_2026-08-28/04_VAVCAPTIONS/VAV_REPO_ACTUAL_CODIGO_20260827_214022(1).zip
1470	0.00	/Users/lordjef/Downloads/VAV_CONTINUITY_INSTALL/VAV_UNIFIED_PRO_CONTINUITY_V13_READY_2026-08-28/05_SHARED_VAV_CORE/00_UNIFIED_LOGIC_SUMMARY.txt
1034	0.00	/Users/lordjef/Downloads/VAV_CONTINUITY_INSTALL/VAV_UNIFIED_PRO_CONTINUITY_V13_READY_2026-08-28/05_SHARED_VAV_CORE/01_PRODUCT__00_PRODUCT_DEFINITION.txt
944	0.00	/Users/lordjef/Downloads/VAV_CONTINUITY_INSTALL/VAV_UNIFIED_PRO_CONTINUITY_V13_READY_2026-08-28/05_SHARED_VAV_CORE/02_ARCHITECTURE__00_SYSTEM_ARCHITECTURE.txt
880	0.00	/Users/lordjef/Downloads/VAV_CONTINUITY_INSTALL/VAV_UNIFIED_PRO_CONTINUITY_V13_READY_2026-08-28/05_SHARED_VAV_CORE/02_ARCHITECTURE__01_MONOREPO_TARGET.txt
877	0.00	/Users/lordjef/Downloads/VAV_CONTINUITY_INSTALL/VAV_UNIFIED_PRO_CONTINUITY_V13_READY_2026-08-28/05_SHARED_VAV_CORE/02_ARCHITECTURE__02_STANDALONE_REPO_MODE.txt
671	0.00	/Users/lordjef/Downloads/VAV_CONTINUITY_INSTALL/VAV_UNIFIED_PRO_CONTINUITY_V13_READY_2026-08-28/05_SHARED_VAV_CORE/02_ARCHITECTURE__03_PORTS_AND_ADAPTERS.txt
507	0.00	/Users/lordjef/Downloads/VAV_CONTINUITY_INSTALL/VAV_UNIFIED_PRO_CONTINUITY_V13_READY_2026-08-28/05_SHARED_VAV_CORE/03_DOMAIN_MODEL__00_VAV_PROJECT_GRAPH.txt
375	0.00	/Users/lordjef/Downloads/VAV_CONTINUITY_INSTALL/VAV_UNIFIED_PRO_CONTINUITY_V13_READY_2026-08-28/05_SHARED_VAV_CORE/03_DOMAIN_MODEL__10_VISUAL_OWNERSHIP.txt
628	0.00	/Users/lordjef/Downloads/VAV_CONTINUITY_INSTALL/VAV_UNIFIED_PRO_CONTINUITY_V13_READY_2026-08-28/05_SHARED_VAV_CORE/03_DOMAIN_MODEL__11_DEPENDENCY_GRAPH.txt
456	0.00	/Users/lordjef/Downloads/VAV_CONTINUITY_INSTALL/VAV_UNIFIED_PRO_CONTINUITY_V13_READY_2026-08-28/05_SHARED_VAV_CORE/03_DOMAIN_MODEL__12_PROVENANCE_LOCKS_HISTORY.txt
462	0.00	/Users/lordjef/Downloads/VAV_CONTINUITY_INSTALL/VAV_UNIFIED_PRO_CONTINUITY_V13_READY_2026-08-28/05_SHARED_VAV_CORE/04_PORTABLE_TXT__00_VPTC_OVERVIEW.txt
678	0.00	/Users/lordjef/Downloads/VAV_CONTINUITY_INSTALL/VAV_UNIFIED_PRO_CONTINUITY_V13_READY_2026-08-28/05_SHARED_VAV_CORE/04_PORTABLE_TXT__01_TXT_CLASSES.txt
514	0.00	/Users/lordjef/Downloads/VAV_CONTINUITY_INSTALL/VAV_UNIFIED_PRO_CONTINUITY_V13_READY_2026-08-28/05_SHARED_VAV_CORE/04_PORTABLE_TXT__03_DECLARATIVE_OPERATIONS.txt
554	0.00	/Users/lordjef/Downloads/VAV_CONTINUITY_INSTALL/VAV_UNIFIED_PRO_CONTINUITY_V13_READY_2026-08-28/05_SHARED_VAV_CORE/04_PORTABLE_TXT__21_TXT_TYPE_REGISTRY.txt
491	0.00	/Users/lordjef/Downloads/VAV_CONTINUITY_INSTALL/VAV_UNIFIED_PRO_CONTINUITY_V13_READY_2026-08-28/05_SHARED_VAV_CORE/05_MOTION_SYSTEM__00_MOTION_ENGINE_OVERVIEW.txt
647	0.00	/Users/lordjef/Downloads/VAV_CONTINUITY_INSTALL/VAV_UNIFIED_PRO_CONTINUITY_V13_READY_2026-08-28/05_SHARED_VAV_CORE/05_MOTION_SYSTEM__04_MOTION_PLUGIN_SYSTEM.txt
538	0.00	/Users/lordjef/Downloads/VAV_CONTINUITY_INSTALL/VAV_UNIFIED_PRO_CONTINUITY_V13_READY_2026-08-28/05_SHARED_VAV_CORE/05_MOTION_SYSTEM__06_SCENE_PARAMETRIC_EDITING.txt
459	0.00	/Users/lordjef/Downloads/VAV_CONTINUITY_INSTALL/VAV_UNIFIED_PRO_CONTINUITY_V13_READY_2026-08-28/05_SHARED_VAV_CORE/05_MOTION_SYSTEM__12_TIMELINE_PREVIEW_CONTEXT.txt
463	0.00	/Users/lordjef/Downloads/VAV_CONTINUITY_INSTALL/VAV_UNIFIED_PRO_CONTINUITY_V13_READY_2026-08-28/05_SHARED_VAV_CORE/06_VAVCAPTIONS_LEGO_BRIDGE__00_LEGO_PRINCIPLE.txt
563	0.00	/Users/lordjef/Downloads/VAV_CONTINUITY_INSTALL/VAV_UNIFIED_PRO_CONTINUITY_V13_READY_2026-08-28/05_SHARED_VAV_CORE/06_VAVCAPTIONS_LEGO_BRIDGE__03_CAPTION_POLICY_BY_MOTION.txt
542	0.00	/Users/lordjef/Downloads/VAV_CONTINUITY_INSTALL/VAV_UNIFIED_PRO_CONTINUITY_V13_READY_2026-08-28/05_SHARED_VAV_CORE/06_VAVCAPTIONS_LEGO_BRIDGE__06_COLLISION_RESOLUTION.txt
466	0.00	/Users/lordjef/Downloads/VAV_CONTINUITY_INSTALL/VAV_UNIFIED_PRO_CONTINUITY_V13_READY_2026-08-28/05_SHARED_VAV_CORE/06_VAVCAPTIONS_LEGO_BRIDGE__07_SHARED_SCENEMAP_ANALYSIS.txt
510	0.00	/Users/lordjef/Downloads/VAV_CONTINUITY_INSTALL/VAV_UNIFIED_PRO_CONTINUITY_V13_READY_2026-08-28/05_SHARED_VAV_CORE/07_APPLE_PLATFORM__00_APPLE_FIRST_PORTABLE_CORE.txt
816	0.00	/Users/lordjef/Downloads/VAV_CONTINUITY_INSTALL/VAV_UNIFIED_PRO_CONTINUITY_V13_READY_2026-08-28/05_SHARED_VAV_CORE/07_APPLE_PLATFORM__08_APPLE_CAPABILITY_PRIORITY_MATRIX.txt
344	0.00	/Users/lordjef/Downloads/VAV_CONTINUITY_INSTALL/VAV_UNIFIED_PRO_CONTINUITY_V13_READY_2026-08-28/05_SHARED_VAV_CORE/10_EXTERNAL_AI_BRIDGE__00_EXTERNAL_AI_MODE.txt
618	0.00	/Users/lordjef/Downloads/VAV_CONTINUITY_INSTALL/VAV_UNIFIED_PRO_CONTINUITY_V13_READY_2026-08-28/05_SHARED_VAV_CORE/11_AI_PROVIDER_V2__00_AI_PROVIDER_ARCHITECTURE.txt
9919488	0.00	/Users/lordjef/Downloads/VAV_CONTINUITY_INSTALL/VAV_UNIFIED_PRO_CONTINUITY_V13_READY_2026-08-28/06_REFERENCES/ABRAXAS_QVR_DEEP_REBUILD_V3_1(3).zip
666983	0.00	/Users/lordjef/Downloads/VAV_CONTINUITY_INSTALL/VAV_UNIFIED_PRO_CONTINUITY_V13_READY_2026-08-28/06_REFERENCES/ABRAXAS_R4_TXT_LIBRARY_ORGANIZED.zip
11274	0.00	/Users/lordjef/Downloads/VAV_CONTINUITY_INSTALL/VAV_UNIFIED_PRO_CONTINUITY_V13_READY_2026-08-28/06_REFERENCES/ABRAXAS_SPATIAL_MOTION_CAMERA_GRAMMAR_V3(3).zip
26839266	0.00	/Users/lordjef/Downloads/VAV_CONTINUITY_INSTALL/VAV_UNIFIED_PRO_CONTINUITY_V13_READY_2026-08-28/06_REFERENCES/VAV_ABRAXAS_STYLE_MINING_SYSTEM_V2_MERGED(2).zip
15952	0.00	/Users/lordjef/Downloads/VAV_CONTINUITY_INSTALL/VAV_UNIFIED_PRO_CONTINUITY_V13_READY_2026-08-28/06_REFERENCES/VAV_ABRAXAS_VIDEO_GRAMMAR_PREFERENCE_SYSTEM_V2(2).zip
15497	0.00	/Users/lordjef/Downloads/VAV_CONTINUITY_INSTALL/VAV_UNIFIED_PRO_CONTINUITY_V13_READY_2026-08-28/06_REFERENCES/VAV_CAPTION_MOTION_CRITERIA_FICHAS_V1(4).zip
2743	0.00	/Users/lordjef/Downloads/VAV_CONTINUITY_INSTALL/VAV_UNIFIED_PRO_CONTINUITY_V13_READY_2026-08-28/07_COMMANDS/01_CAPTURE_CURRENT_VAV_STATE.command
627	0.00	/Users/lordjef/Downloads/VAV_CONTINUITY_INSTALL/VAV_UNIFIED_PRO_CONTINUITY_V13_READY_2026-08-28/07_COMMANDS/03_VERIFY_HANDOFF.command
705	0.00	/Users/lordjef/Downloads/VAV_CONTINUITY_INSTALL/VAV_UNIFIED_PRO_CONTINUITY_V13_READY_2026-08-28/08_NEXT_CHAT_OUTPUT/01_CONTINUITY_UPDATE_RULE.txt
1673	0.06	/Users/lordjef/Downloads/VAV_CURRENT_STATE_V12.txt
2986118	0.05	/Users/lordjef/Downloads/VAV_ECOSYSTEM_COMBINED_PRO_CHAT_CORE_V1.zip
286665244	0.00	/Users/lordjef/Downloads/VAV_ECOSYSTEM_PRO_CHAT_HANDOFF_SHIM_CUTS_R1_2026-08-28.zip
4376	0.54	/Users/lordjef/Downloads/VAV_FULL_ALPHA_20260827_202803/01_APPLY_FULL_ALPHA.command
403	0.54	/Users/lordjef/Downloads/VAV_FULL_ALPHA_20260827_202803/02_VERIFY_FULL_ALPHA.command
148	0.54	/Users/lordjef/Downloads/VAV_FULL_ALPHA_20260827_202803/03_RUN_FULL_ALPHA.command
744	0.54	/Users/lordjef/Downloads/VAV_FULL_ALPHA_20260827_202803/04_ENGINE_SMOKE_TEST.command
943	0.54	/Users/lordjef/Downloads/VAV_FULL_ALPHA_20260827_202803/05_ROLLBACK_FULL_ALPHA.command
1030	0.54	/Users/lordjef/Downloads/VAV_FULL_ALPHA_20260827_202803/_smoke.mjs
850	0.54	/Users/lordjef/Downloads/VAV_FULL_ALPHA_20260827_202803/FULL_ALPHA_MANUAL_TEST_CHECKLIST.txt
527	0.54	/Users/lordjef/Downloads/VAV_FULL_ALPHA_20260827_202803/LEEME_PRIMERO.txt
327	0.54	/Users/lordjef/Downloads/VAV_FULL_ALPHA_20260827_202803/PATCH_MANIFEST.json
9503	0.54	/Users/lordjef/Downloads/VAV_FULL_ALPHA_20260827_202803/payload/docs/full-alpha/VAV_CAPTIONS_FULL_UPGRADE_MASTER_PROMPT.txt
9503	0.54	/Users/lordjef/Downloads/VAV_FULL_ALPHA_20260827_202803/VAV_CAPTIONS_FULL_UPGRADE_MASTER_PROMPT.txt
1800	0.52	/Users/lordjef/Downloads/VAV_HOTFIX_V7_1/00_LEEME_PRIMERO.txt
2080	0.52	/Users/lordjef/Downloads/VAV_HOTFIX_V7_1/01_APPLY_HOTFIX_V7_1.command
1115	0.52	/Users/lordjef/Downloads/VAV_HOTFIX_V7_1/02_VERIFY_HOTFIX_V7_1.command
562	0.52	/Users/lordjef/Downloads/VAV_HOTFIX_V7_1/03_ROLLBACK_HOTFIX_V7_1.command
140	0.52	/Users/lordjef/Downloads/VAV_HOTFIX_V7_1/04_RUN_VAV.command
718	0.52	/Users/lordjef/Downloads/VAV_HOTFIX_V7_1/MANIFEST.json
14606	0.52	/Users/lordjef/Downloads/VAV_HOTFIX_V7_1/VAV_CAPTIONS_ANY_CHAT_PRO_MASTER_PROMPT_V7_1.txt
1485	0.51	/Users/lordjef/Downloads/VAV_HOTFIX_V7_2/00_LEEME_PRIMERO.txt
1700	0.51	/Users/lordjef/Downloads/VAV_HOTFIX_V7_2/01_APPLY_HOTFIX_V7_2.command
1698	0.51	/Users/lordjef/Downloads/VAV_HOTFIX_V7_2/02_VERIFY_HOTFIX_V7_2.command
378	0.51	/Users/lordjef/Downloads/VAV_HOTFIX_V7_2/03_ROLLBACK_HOTFIX_V7_2.command
140	0.51	/Users/lordjef/Downloads/VAV_HOTFIX_V7_2/04_RUN_VAV.command
357	0.51	/Users/lordjef/Downloads/VAV_HOTFIX_V7_2/MANIFEST.json
16054	0.51	/Users/lordjef/Downloads/VAV_HOTFIX_V7_2/VAV_CAPTIONS_ANY_CHAT_PRO_MASTER_PROMPT_V7_2.txt
2052	0.00	/Users/lordjef/Downloads/VAV_NEXT_PRO_CHAT_FIRST_MESSAGE_SHIM_CUTS_R1.txt
1754	0.05	/Users/lordjef/Downloads/VAV_ORGANIZE_CONTINUITY_ON_DESKTOP.command
740	0.03	/Users/lordjef/Downloads/VAV_ORGANIZE_UNIVERSAL_CONTINUITY_V14.command
2127	0.52	/Users/lordjef/Downloads/VAV_PORTABLE_PRO_V7/00_LEEME_PRIMERO.txt
4875	0.52	/Users/lordjef/Downloads/VAV_PORTABLE_PRO_V7/01_CREAR_HANDOFF_REPO_ACTUAL.command
7076	0.52	/Users/lordjef/Downloads/VAV_PORTABLE_PRO_V7/01_CURRENT_STATE_V6.txt
13170	0.52	/Users/lordjef/Downloads/VAV_PORTABLE_PRO_V7/02_VAV_CAPTIONS_ANY_CHAT_PRO_MASTER_PROMPT_V7.txt
1099	0.52	/Users/lordjef/Downloads/VAV_PORTABLE_PRO_V7/02_VERIFICAR_ESTADO_ACTUAL.command
1386	0.52	/Users/lordjef/Downloads/VAV_PORTABLE_PRO_V7/03_BACKUP_LOCAL_COMPLETO.command
763	0.52	/Users/lordjef/Downloads/VAV_PORTABLE_PRO_V7/03_PRO_HARDENING_TARGET.txt
140	0.52	/Users/lordjef/Downloads/VAV_PORTABLE_PRO_V7/04_EJECUTAR_VAV.command
762	0.52	/Users/lordjef/Downloads/VAV_PORTABLE_PRO_V7/04_QUE_SUBIR_A_OTRO_CHAT.txt
720	0.52	/Users/lordjef/Downloads/VAV_PORTABLE_PRO_V7/05_PLANTILLA_PARA_PEDIR_HOTFIX.txt
1276	0.52	/Users/lordjef/Downloads/VAV_PORTABLE_PRO_V7/06_PLANTILLA_PARA_PEDIR_VERSION_PRO.txt
14869	0.52	/Users/lordjef/Downloads/VAV_PORTABLE_PRO_V7/baseline_and_provenance/VAV_CAPTIONS_AUDIT_HANDOFF_REPO_V6.zip
49153	0.53	/Users/lordjef/Downloads/VAV_PORTABLE_PRO_V7/baseline_and_provenance/VAV_CAPTIONS_FULL_ALPHA_END_TO_END_COMMANDS.zip
9503	0.53	/Users/lordjef/Downloads/VAV_PORTABLE_PRO_V7/baseline_and_provenance/VAV_CAPTIONS_FULL_UPGRADE_MASTER_PROMPT.txt
13087	0.55	/Users/lordjef/Downloads/VAV_PORTABLE_PRO_V7/baseline_and_provenance/VAV_CAPTIONS_INTERNAL_REPO_ARCHITECTURE_V1.zip
905550	0.55	/Users/lordjef/Downloads/VAV_PORTABLE_PRO_V7/baseline_and_provenance/VAV_CAPTIONS_MASTER_CONTEXT_V10_CONTENT_MOTION_BRIDGE_READY_FOR_C01.zip
20750	0.55	/Users/lordjef/Downloads/VAV_PORTABLE_PRO_V7/baseline_and_provenance/VAV_CAPTIONS_NEW_CHAT_MASTER_PROMPT_V10_CONTENT_MOTION_BRIDGE.txt
2645503	0.55	/Users/lordjef/Downloads/VAV_PORTABLE_PRO_V7/baseline_and_provenance/VAV_CAPTIONS_UI_UX_REFERENCE_CANON_V3_DOCKABLE_DESKTOP.zip
512	0.52	/Users/lordjef/Downloads/VAV_PORTABLE_PRO_V7/MANIFEST.json
6491542	0.05	/Users/lordjef/Downloads/VAV_PRO_CHAT_UPLOAD_STATIC_CORE_V13_READY.zip
10713	0.19	/Users/lordjef/Downloads/VAV_PROMPT_MAESTRO_ANALISIS_VIDEO_ABRAXAS_V2.txt
10925	0.22	/Users/lordjef/Downloads/VAV_PROMPT_MAESTRO_MINERIA_ESTILOS_ABRAXAS_V1.txt
1698	0.00	/Users/lordjef/Downloads/VAV_SHIM_CUTS_HANDOFF_R1/VAV_ECOSYSTEM_PRO_CHAT_HANDOFF_SHIM_CUTS_R1_2026-08-28/01_VAV_ECOSYSTEM/00_MAPA_DEL_SISTEMA.txt
1097	0.00	/Users/lordjef/Downloads/VAV_SHIM_CUTS_HANDOFF_R1/VAV_ECOSYSTEM_PRO_CHAT_HANDOFF_SHIM_CUTS_R1_2026-08-28/01_VAV_ECOSYSTEM/01_ORDENES_DE_EJECUCION_VALIDOS.txt
1025	0.00	/Users/lordjef/Downloads/VAV_SHIM_CUTS_HANDOFF_R1/VAV_ECOSYSTEM_PRO_CHAT_HANDOFF_SHIM_CUTS_R1_2026-08-28/01_VAV_ECOSYSTEM/02_LEGO_INTEGRATION_CONTRACT.txt
791	0.00	/Users/lordjef/Downloads/VAV_SHIM_CUTS_HANDOFF_R1/VAV_ECOSYSTEM_PRO_CHAT_HANDOFF_SHIM_CUTS_R1_2026-08-28/01_VAV_ECOSYSTEM/03_CONTENT_LIFECYCLE_Y_FICHAS.txt
571	0.00	/Users/lordjef/Downloads/VAV_SHIM_CUTS_HANDOFF_R1/VAV_ECOSYSTEM_PRO_CHAT_HANDOFF_SHIM_CUTS_R1_2026-08-28/01_VAV_ECOSYSTEM/04_DUAL_TIME_Y_TIME_MAPPING.txt
801	0.00	/Users/lordjef/Downloads/VAV_SHIM_CUTS_HANDOFF_R1/VAV_ECOSYSTEM_PRO_CHAT_HANDOFF_SHIM_CUTS_R1_2026-08-28/01_VAV_ECOSYSTEM/05_PORTABLE_TXT_PROTOCOL_RESUMEN.txt
766	0.00	/Users/lordjef/Downloads/VAV_SHIM_CUTS_HANDOFF_R1/VAV_ECOSYSTEM_PRO_CHAT_HANDOFF_SHIM_CUTS_R1_2026-08-28/02_VAVSHIM/00_QUE_ES_VAVSHIM.txt
645	0.00	/Users/lordjef/Downloads/VAV_SHIM_CUTS_HANDOFF_R1/VAV_ECOSYSTEM_PRO_CHAT_HANDOFF_SHIM_CUTS_R1_2026-08-28/02_VAVSHIM/01_MODOS_DE_TRABAJO.txt
818	0.00	/Users/lordjef/Downloads/VAV_SHIM_CUTS_HANDOFF_R1/VAV_ECOSYSTEM_PRO_CHAT_HANDOFF_SHIM_CUTS_R1_2026-08-28/02_VAVSHIM/02_PREPRODUCTION_FICHA_ENGINE.txt
1047	0.00	/Users/lordjef/Downloads/VAV_SHIM_CUTS_HANDOFF_R1/VAV_ECOSYSTEM_PRO_CHAT_HANDOFF_SHIM_CUTS_R1_2026-08-28/02_VAVSHIM/03_POST_CALL_RECONCILIATION_ENGINE.txt
719	0.00	/Users/lordjef/Downloads/VAV_SHIM_CUTS_HANDOFF_R1/VAV_ECOSYSTEM_PRO_CHAT_HANDOFF_SHIM_CUTS_R1_2026-08-28/02_VAVSHIM/04_SOURCE_DISCOVERY_PODCAST_ENGINE.txt
865	0.00	/Users/lordjef/Downloads/VAV_SHIM_CUTS_HANDOFF_R1/VAV_ECOSYSTEM_PRO_CHAT_HANDOFF_SHIM_CUTS_R1_2026-08-28/02_VAVSHIM/05_SCORING_Y_CANDIDATE_LOGIC.txt
850	0.00	/Users/lordjef/Downloads/VAV_SHIM_CUTS_HANDOFF_R1/VAV_ECOSYSTEM_PRO_CHAT_HANDOFF_SHIM_CUTS_R1_2026-08-28/02_VAVSHIM/06_FORMAT_CLASSIFICATION.txt
606	0.00	/Users/lordjef/Downloads/VAV_SHIM_CUTS_HANDOFF_R1/VAV_ECOSYSTEM_PRO_CHAT_HANDOFF_SHIM_CUTS_R1_2026-08-28/02_VAVSHIM/07_REVIEW_HTML_Y_NATIVE_OUTPUTS.txt
500	0.00	/Users/lordjef/Downloads/VAV_SHIM_CUTS_HANDOFF_R1/VAV_ECOSYSTEM_PRO_CHAT_HANDOFF_SHIM_CUTS_R1_2026-08-28/02_VAVSHIM/08_SHIM_AI_PROVIDER_CONTRACT.txt
570	0.00	/Users/lordjef/Downloads/VAV_SHIM_CUTS_HANDOFF_R1/VAV_ECOSYSTEM_PRO_CHAT_HANDOFF_SHIM_CUTS_R1_2026-08-28/02_VAVSHIM/09_SHIM_TO_VAV_HANDOFF.txt
609	0.00	/Users/lordjef/Downloads/VAV_SHIM_CUTS_HANDOFF_R1/VAV_ECOSYSTEM_PRO_CHAT_HANDOFF_SHIM_CUTS_R1_2026-08-28/03_VAVCUTS/00_QUE_ES_VAVCUTS.txt
507	0.00	/Users/lordjef/Downloads/VAV_SHIM_CUTS_HANDOFF_R1/VAV_ECOSYSTEM_PRO_CHAT_HANDOFF_SHIM_CUTS_R1_2026-08-28/03_VAVCUTS/01_LEGACY_HTML_IMPORTER.txt
375	0.00	/Users/lordjef/Downloads/VAV_SHIM_CUTS_HANDOFF_R1/VAV_ECOSYSTEM_PRO_CHAT_HANDOFF_SHIM_CUTS_R1_2026-08-28/03_VAVCUTS/02_PART_VS_DELIVERABLE.txt
424	0.00	/Users/lordjef/Downloads/VAV_SHIM_CUTS_HANDOFF_R1/VAV_ECOSYSTEM_PRO_CHAT_HANDOFF_SHIM_CUTS_R1_2026-08-28/03_VAVCUTS/03_CUTPLAN_ASSEMBLYPLAN.txt
509	0.00	/Users/lordjef/Downloads/VAV_SHIM_CUTS_HANDOFF_R1/VAV_ECOSYSTEM_PRO_CHAT_HANDOFF_SHIM_CUTS_R1_2026-08-28/03_VAVCUTS/04_MASTER_SELECTION_SOURCE_ALIGNMENT.txt
531	0.00	/Users/lordjef/Downloads/VAV_SHIM_CUTS_HANDOFF_R1/VAV_ECOSYSTEM_PRO_CHAT_HANDOFF_SHIM_CUTS_R1_2026-08-28/03_VAVCUTS/05_VIEWER_Y_PREVIEW.txt
363	0.00	/Users/lordjef/Downloads/VAV_SHIM_CUTS_HANDOFF_R1/VAV_ECOSYSTEM_PRO_CHAT_HANDOFF_SHIM_CUTS_R1_2026-08-28/03_VAVCUTS/06_ROUGH_Y_FINAL.txt
451	0.00	/Users/lordjef/Downloads/VAV_SHIM_CUTS_HANDOFF_R1/VAV_ECOSYSTEM_PRO_CHAT_HANDOFF_SHIM_CUTS_R1_2026-08-28/03_VAVCUTS/07_CAPTION_REMAP.txt
748	0.00	/Users/lordjef/Downloads/VAV_SHIM_CUTS_HANDOFF_R1/VAV_ECOSYSTEM_PRO_CHAT_HANDOFF_SHIM_CUTS_R1_2026-08-28/03_VAVCUTS/08_MOTION_PRODUCTION_PACK.txt
459	0.00	/Users/lordjef/Downloads/VAV_SHIM_CUTS_HANDOFF_R1/VAV_ECOSYSTEM_PRO_CHAT_HANDOFF_SHIM_CUTS_R1_2026-08-28/03_VAVCUTS/09_JOB_ENGINE_Y_CACHE.txt
682	0.00	/Users/lordjef/Downloads/VAV_SHIM_CUTS_HANDOFF_R1/VAV_ECOSYSTEM_PRO_CHAT_HANDOFF_SHIM_CUTS_R1_2026-08-28/03_VAVCUTS/10_QA_CRITICAL_GATES.txt
721	0.00	/Users/lordjef/Downloads/VAV_SHIM_CUTS_HANDOFF_R1/VAV_ECOSYSTEM_PRO_CHAT_HANDOFF_SHIM_CUTS_R1_2026-08-28/04_VAVCAPTIONS/00_ESTADO_REAL_V12.txt
546	0.00	/Users/lordjef/Downloads/VAV_SHIM_CUTS_HANDOFF_R1/VAV_ECOSYSTEM_PRO_CHAT_HANDOFF_SHIM_CUTS_R1_2026-08-28/04_VAVCAPTIONS/01_INTEGRACION_CON_SHIM_CUTS_MOTIONS.txt
664	0.00	/Users/lordjef/Downloads/VAV_SHIM_CUTS_HANDOFF_R1/VAV_ECOSYSTEM_PRO_CHAT_HANDOFF_SHIM_CUTS_R1_2026-08-28/05_VAVMOTIONS/00_CONTEXTO_DE_INTEGRACION.txt
340	0.00	/Users/lordjef/Downloads/VAV_SHIM_CUTS_HANDOFF_R1/VAV_ECOSYSTEM_PRO_CHAT_HANDOFF_SHIM_CUTS_R1_2026-08-28/07_AI_HANDOFFS/00_EXTERNAL_AI_PHILOSOPHY.txt
680	0.00	/Users/lordjef/Downloads/VAV_SHIM_CUTS_HANDOFF_R1/VAV_ECOSYSTEM_PRO_CHAT_HANDOFF_SHIM_CUTS_R1_2026-08-28/07_AI_HANDOFFS/01_SHIM_ANALYSIS_JOB_TEMPLATE.txt
605	0.00	/Users/lordjef/Downloads/VAV_SHIM_CUTS_HANDOFF_R1/VAV_ECOSYSTEM_PRO_CHAT_HANDOFF_SHIM_CUTS_R1_2026-08-28/07_AI_HANDOFFS/02_PREPOST_CALL_RECONCILIATION_JOB_TEMPLATE.txt
620	0.00	/Users/lordjef/Downloads/VAV_SHIM_CUTS_HANDOFF_R1/VAV_ECOSYSTEM_PRO_CHAT_HANDOFF_SHIM_CUTS_R1_2026-08-28/12_CONTINUITY_PROTOCOL/00_HOW_TO_UPDATE_THIS_HANDOFF.txt
7628	0.00	/Users/lordjef/Downloads/VAV_SHIM_CUTS_HANDOFF_R1/VAV_ECOSYSTEM_PRO_CHAT_HANDOFF_SHIM_CUTS_R1_2026-08-28/90_REFERENCE_SOURCE_PACKS/03_VISUAL_MOTION_CORE_V3.md
86385	0.00	/Users/lordjef/Downloads/VAV_SHIM_CUTS_HANDOFF_R1/VAV_ECOSYSTEM_PRO_CHAT_HANDOFF_SHIM_CUTS_R1_2026-08-28/90_REFERENCE_SOURCE_PACKS/ABRAXAS_CONTENT_LAB_v2.2_MAINTAINABLE_PACKAGE(3).zip
4934508	0.00	/Users/lordjef/Downloads/VAV_SHIM_CUTS_HANDOFF_R1/VAV_ECOSYSTEM_PRO_CHAT_HANDOFF_SHIM_CUTS_R1_2026-08-28/90_REFERENCE_SOURCE_PACKS/ABRAXAS_Universal_Content_Operations_A_v1.3.1.html
91433407	0.00	/Users/lordjef/Downloads/VAV_SHIM_CUTS_HANDOFF_R1/VAV_ECOSYSTEM_PRO_CHAT_HANDOFF_SHIM_CUTS_R1_2026-08-28/90_REFERENCE_SOURCE_PACKS/ABRAXAS_Universal_Content_Operations_A_v1.3.1_FULL_RELEASE.zip
63494	0.00	/Users/lordjef/Downloads/VAV_SHIM_CUTS_HANDOFF_R1/VAV_ECOSYSTEM_PRO_CHAT_HANDOFF_SHIM_CUTS_R1_2026-08-28/90_REFERENCE_SOURCE_PACKS/ABRAXAS_v1.1.1_CRITERIO_MAESTRO_DE_CALIDAD_CLIENTES(5).txt
66509	0.00	/Users/lordjef/Downloads/VAV_SHIM_CUTS_HANDOFF_R1/VAV_ECOSYSTEM_PRO_CHAT_HANDOFF_SHIM_CUTS_R1_2026-08-28/90_REFERENCE_SOURCE_PACKS/ABRAXAS_v1.1.1_DEFINICION_MAESTRA_PRODUCTO_Y_OPERACION(3).txt
2986118	0.00	/Users/lordjef/Downloads/VAV_SHIM_CUTS_HANDOFF_R1/VAV_ECOSYSTEM_PRO_CHAT_HANDOFF_SHIM_CUTS_R1_2026-08-28/90_REFERENCE_SOURCE_PACKS/VAV_ECOSYSTEM_COMBINED_PRO_CHAT_CORE_V1.zip
6491542	0.00	/Users/lordjef/Downloads/VAV_SHIM_CUTS_HANDOFF_R1/VAV_ECOSYSTEM_PRO_CHAT_HANDOFF_SHIM_CUTS_R1_2026-08-28/90_REFERENCE_SOURCE_PACKS/VAV_PRO_CHAT_UPLOAD_STATIC_CORE_V13_READY.zip
115380141	0.00	/Users/lordjef/Downloads/VAV_SHIM_CUTS_HANDOFF_R1/VAV_ECOSYSTEM_PRO_CHAT_HANDOFF_SHIM_CUTS_R1_2026-08-28/90_REFERENCE_SOURCE_PACKS/VAV_UNIFIED_PRO_CONTINUITY_V13_READY_2026-08-28.zip
66154344	0.00	/Users/lordjef/Downloads/VAV_SHIM_CUTS_HANDOFF_R1/VAV_ECOSYSTEM_PRO_CHAT_HANDOFF_SHIM_CUTS_R1_2026-08-28/90_REFERENCE_SOURCE_PACKS/VAVMOTIONS_OFFICIAL_REFERENCE_REPO_V1_2026-08-28.zip
653265	0.00	/Users/lordjef/Downloads/VAV_SHIM_CUTS_HANDOFF_R1/VAV_ECOSYSTEM_PRO_CHAT_HANDOFF_SHIM_CUTS_R1_2026-08-28/90_REFERENCE_SOURCE_PACKS/VAVMOTIONS_STANDALONE_ANY_CHAT_CORE_V1.zip
15518	0.00	/Users/lordjef/Downloads/VAV_SHIM_CUTS_HANDOFF_R1/VAV_ECOSYSTEM_PRO_CHAT_HANDOFF_SHIM_CUTS_R1_2026-08-28/MANIFEST.json
690	0.00	/Users/lordjef/Downloads/VAV_SHIM_CUTS_ORGANIZE_ON_DESKTOP (1).command
690	0.00	/Users/lordjef/Downloads/VAV_SHIM_CUTS_ORGANIZE_ON_DESKTOP.command
3648269	0.00	/Users/lordjef/Downloads/VAV_SHIM_CUTS_PRO_CHAT_CORE_R1.zip
19131	0.00	/Users/lordjef/Downloads/VAV_STORAGE_AUDIT_CLEANUP_V1.command
512	0.48	/Users/lordjef/Downloads/VAV_SUBIDA_LIGERA_V10/00_LEEME.txt
7490	0.48	/Users/lordjef/Downloads/VAV_SUBIDA_LIGERA_V10/01_CREAR_SUBIDA_LIGERA_DOS_PARTES.command
3056	0.48	/Users/lordjef/Downloads/VAV_SUBIDA_LIGERA_V10/02_PROMPT_SUBIDA_EN_DOS_PARTES_V10.txt
115380141	0.05	/Users/lordjef/Downloads/VAV_UNIFIED_PRO_CONTINUITY_V13_READY_2026-08-28.zip
82852616	0.03	/Users/lordjef/Downloads/VAV_UNIVERSAL_CONTINUITY_V14_2026-08-28.zip
691	0.00	/Users/lordjef/Downloads/VAV_UNIVERSAL_CONTINUITY_V14_INSTALL/VAV_UNIVERSAL_CONTINUITY_V14/02_MASTER_LOGIC/00_VAV_CORE_PRINCIPLES.txt
968	0.00	/Users/lordjef/Downloads/VAV_UNIVERSAL_CONTINUITY_V14_INSTALL/VAV_UNIVERSAL_CONTINUITY_V14/02_MASTER_LOGIC/04_ABRAXAS_VISUAL_GRAMMAR.txt
676	0.00	/Users/lordjef/Downloads/VAV_UNIVERSAL_CONTINUITY_V14_INSTALL/VAV_UNIVERSAL_CONTINUITY_V14/02_MASTER_LOGIC/05_CAPTION_HIERARCHY_AND_STYLE.txt
642	0.00	/Users/lordjef/Downloads/VAV_UNIVERSAL_CONTINUITY_V14_INSTALL/VAV_UNIVERSAL_CONTINUITY_V14/02_MASTER_LOGIC/06_MOTION_GRAMMAR.txt
1104	0.00	/Users/lordjef/Downloads/VAV_UNIVERSAL_CONTINUITY_V14_INSTALL/VAV_UNIVERSAL_CONTINUITY_V14/02_MASTER_LOGIC/07_VISION_SPATIAL_APPLE_STRATEGY.txt
614	0.00	/Users/lordjef/Downloads/VAV_UNIVERSAL_CONTINUITY_V14_INSTALL/VAV_UNIVERSAL_CONTINUITY_V14/02_MASTER_LOGIC/09_CAPTIONS_MOTIONS_OWNERSHIP.txt
539	0.00	/Users/lordjef/Downloads/VAV_UNIVERSAL_CONTINUITY_V14_INSTALL/VAV_UNIVERSAL_CONTINUITY_V14/02_MASTER_LOGIC/10_REMOTION_PARITY_GATE.txt
1082	0.00	/Users/lordjef/Downloads/VAV_UNIVERSAL_CONTINUITY_V14_INSTALL/VAV_UNIVERSAL_CONTINUITY_V14/03_CAPTIONS_ONLY/00_EXACT_FIRST_MESSAGE_CAPTIONS.txt
462	0.00	/Users/lordjef/Downloads/VAV_UNIVERSAL_CONTINUITY_V14_INSTALL/VAV_UNIVERSAL_CONTINUITY_V14/03_CAPTIONS_ONLY/01_CAPTIONS_NEXT_EXECUTIONS.txt
755	0.00	/Users/lordjef/Downloads/VAV_UNIVERSAL_CONTINUITY_V14_INSTALL/VAV_UNIVERSAL_CONTINUITY_V14/04_MOTIONS_ONLY/00_EXACT_FIRST_MESSAGE_MOTIONS.txt
456	0.00	/Users/lordjef/Downloads/VAV_UNIVERSAL_CONTINUITY_V14_INSTALL/VAV_UNIVERSAL_CONTINUITY_V14/04_MOTIONS_ONLY/01_MOTIONS_NEXT_EXECUTIONS.txt
6536512	0.00	/Users/lordjef/Downloads/VAV_UNIVERSAL_CONTINUITY_V14_INSTALL/VAV_UNIVERSAL_CONTINUITY_V14/06_REFERENCE_PACKS/VAV_CHAT_PRO_HANDOFF_LIVE_20260828_121921.zip
2986118	0.00	/Users/lordjef/Downloads/VAV_UNIVERSAL_CONTINUITY_V14_INSTALL/VAV_UNIVERSAL_CONTINUITY_V14/06_REFERENCE_PACKS/VAV_ECOSYSTEM_COMBINED_PRO_CHAT_CORE_V1.zip
6491542	0.00	/Users/lordjef/Downloads/VAV_UNIVERSAL_CONTINUITY_V14_INSTALL/VAV_UNIVERSAL_CONTINUITY_V14/06_REFERENCE_PACKS/VAV_PRO_CHAT_UPLOAD_STATIC_CORE_V13_READY.zip
66154344	0.00	/Users/lordjef/Downloads/VAV_UNIVERSAL_CONTINUITY_V14_INSTALL/VAV_UNIVERSAL_CONTINUITY_V14/06_REFERENCE_PACKS/VAVMOTIONS_OFFICIAL_REFERENCE_REPO_V1_2026-08-28.zip
619	0.00	/Users/lordjef/Downloads/VAV_UNIVERSAL_CONTINUITY_V14_INSTALL/VAV_UNIVERSAL_CONTINUITY_V14/06_REFERENCE_PACKS/VAVMOTIONS_OFFICIAL_VERIFICATION_REPORT.txt
653265	0.00	/Users/lordjef/Downloads/VAV_UNIVERSAL_CONTINUITY_V14_INSTALL/VAV_UNIVERSAL_CONTINUITY_V14/06_REFERENCE_PACKS/VAVMOTIONS_STANDALONE_ANY_CHAT_CORE_V1.zip
2212	0.00	/Users/lordjef/Downloads/VAV_UNIVERSAL_CONTINUITY_V14_INSTALL/VAV_UNIVERSAL_CONTINUITY_V14/07_COMMANDS/01_CAPTURE_CURRENT_VAV_STATE.command
1318	0.00	/Users/lordjef/Downloads/VAV_UNIVERSAL_CONTINUITY_V14_INSTALL/VAV_UNIVERSAL_CONTINUITY_V14/07_COMMANDS/02_BUILD_CAPTIONS_CHAT_PACK.command
1227	0.00	/Users/lordjef/Downloads/VAV_UNIVERSAL_CONTINUITY_V14_INSTALL/VAV_UNIVERSAL_CONTINUITY_V14/07_COMMANDS/03_BUILD_MOTIONS_CHAT_PACK.command
1371	0.00	/Users/lordjef/Downloads/VAV_UNIVERSAL_CONTINUITY_V14_INSTALL/VAV_UNIVERSAL_CONTINUITY_V14/07_COMMANDS/05_VERIFY_CONTINUITY_HUB.command
632	0.00	/Users/lordjef/Downloads/VAV_UNIVERSAL_CONTINUITY_V14_INSTALL/VAV_UNIVERSAL_CONTINUITY_V14/MANIFEST.json
4810	0.00	/Users/lordjef/Downloads/VAV_UNIVERSAL_CONTINUITY_V14_INSTALL/VAV_UNIVERSAL_CONTINUITY_V14/SHA256SUMS.txt
1080	0.00	/Users/lordjef/Downloads/VAV_UPDATE_V12/VAV_CAPTIONS_ABRAXAS_VISION_PARITY_V12/00_LEEME_PRIMERO.txt
1199	0.00	/Users/lordjef/Downloads/VAV_UPDATE_V12/VAV_CAPTIONS_ABRAXAS_VISION_PARITY_V12/00_RUN_EVERYTHING.command
2378	0.00	/Users/lordjef/Downloads/VAV_UPDATE_V12/VAV_CAPTIONS_ABRAXAS_VISION_PARITY_V12/01_PREFLIGHT.command
1561	0.00	/Users/lordjef/Downloads/VAV_UPDATE_V12/VAV_CAPTIONS_ABRAXAS_VISION_PARITY_V12/02_APPLY.command
394	0.00	/Users/lordjef/Downloads/VAV_UPDATE_V12/VAV_CAPTIONS_ABRAXAS_VISION_PARITY_V12/03_INSTALL_PROVIDERS.command
4985	0.00	/Users/lordjef/Downloads/VAV_UPDATE_V12/VAV_CAPTIONS_ABRAXAS_VISION_PARITY_V12/04_VERIFY.command
129	0.00	/Users/lordjef/Downloads/VAV_UPDATE_V12/VAV_CAPTIONS_ABRAXAS_VISION_PARITY_V12/05_RUN_VAV.command
2513	0.00	/Users/lordjef/Downloads/VAV_UPDATE_V12/VAV_CAPTIONS_ABRAXAS_VISION_PARITY_V12/06_PREPARE_NEXT_CHAT.command
7566	0.00	/Users/lordjef/Downloads/VAV_UPDATE_V12/VAV_CAPTIONS_ABRAXAS_VISION_PARITY_V12/BASELINE_FILES.tsv
65	0.00	/Users/lordjef/Downloads/VAV_UPDATE_V12/VAV_CAPTIONS_ABRAXAS_VISION_PARITY_V12/BASELINE_PNPM_LOCK_SHA256.txt
77640	0.00	/Users/lordjef/Downloads/VAV_UPDATE_V12/VAV_CAPTIONS_ABRAXAS_VISION_PARITY_V12/criteria_reference/03_QVR_DEEP_CARDS_V3_1(1).json
9919488	0.00	/Users/lordjef/Downloads/VAV_UPDATE_V12/VAV_CAPTIONS_ABRAXAS_VISION_PARITY_V12/criteria_reference/ABRAXAS_QVR_DEEP_REBUILD_V3_1(1).zip
11274	0.00	/Users/lordjef/Downloads/VAV_UPDATE_V12/VAV_CAPTIONS_ABRAXAS_VISION_PARITY_V12/criteria_reference/ABRAXAS_SPATIAL_MOTION_CAMERA_GRAMMAR_V3.zip
14655	0.02	/Users/lordjef/Downloads/VAV_UPDATE_V12/VAV_CAPTIONS_ABRAXAS_VISION_PARITY_V12/criteria_reference/VAV_ABRAXAS_STYLE_MINING_SYSTEM_V1.zip
26839266	0.00	/Users/lordjef/Downloads/VAV_UPDATE_V12/VAV_CAPTIONS_ABRAXAS_VISION_PARITY_V12/criteria_reference/VAV_ABRAXAS_STYLE_MINING_SYSTEM_V2_MERGED(1).zip
15952	0.01	/Users/lordjef/Downloads/VAV_UPDATE_V12/VAV_CAPTIONS_ABRAXAS_VISION_PARITY_V12/criteria_reference/VAV_ABRAXAS_VIDEO_GRAMMAR_PREFERENCE_SYSTEM_V2.zip
15497	0.02	/Users/lordjef/Downloads/VAV_UPDATE_V12/VAV_CAPTIONS_ABRAXAS_VISION_PARITY_V12/criteria_reference/VAV_CAPTION_MOTION_CRITERIA_FICHAS_V1.zip
13712	0.00	/Users/lordjef/Downloads/VAV_UPDATE_V12/VAV_CAPTIONS_ABRAXAS_VISION_PARITY_V12/criteria_reference/VAVMOTIONS_REFERENCE_SYSTEM_V1.zip
2224	0.00	/Users/lordjef/Downloads/VAV_UPDATE_V12/VAV_CAPTIONS_ABRAXAS_VISION_PARITY_V12/docs/ABRAXAS_IMPORT_AND_GRAMMAR_V12.md
2450	0.00	/Users/lordjef/Downloads/VAV_UPDATE_V12/VAV_CAPTIONS_ABRAXAS_VISION_PARITY_V12/docs/VAV_ROADMAP_V12.md
2207	0.00	/Users/lordjef/Downloads/VAV_UPDATE_V12/VAV_CAPTIONS_ABRAXAS_VISION_PARITY_V12/docs/VAV_VISION_SPATIAL_ROADMAP_V12.md
7526	0.00	/Users/lordjef/Downloads/VAV_UPDATE_V12/VAV_CAPTIONS_ABRAXAS_VISION_PARITY_V12/MANIFEST.json
855	0.00	/Users/lordjef/Downloads/VAV_UPDATE_V12/VAV_CAPTIONS_ABRAXAS_VISION_PARITY_V12/MODIFIED_FILES.txt
1420	0.00	/Users/lordjef/Downloads/VAV_UPDATE_V12/VAV_CAPTIONS_ABRAXAS_VISION_PARITY_V12/NEW_FILES.txt
1142	0.00	/Users/lordjef/Downloads/VAV_UPDATE_V12/VAV_CAPTIONS_ABRAXAS_VISION_PARITY_V12/payload/apps/captions-desktop/package.json
2224	0.00	/Users/lordjef/Downloads/VAV_UPDATE_V12/VAV_CAPTIONS_ABRAXAS_VISION_PARITY_V12/payload/docs/abraxas/ABRAXAS_IMPORT_AND_GRAMMAR_V12.md
2450	0.00	/Users/lordjef/Downloads/VAV_UPDATE_V12/VAV_CAPTIONS_ABRAXAS_VISION_PARITY_V12/payload/docs/roadmap/VAV_ROADMAP_V12.md
2207	0.00	/Users/lordjef/Downloads/VAV_UPDATE_V12/VAV_CAPTIONS_ABRAXAS_VISION_PARITY_V12/payload/docs/vision/VAV_VISION_SPATIAL_ROADMAP_V12.md
286	0.00	/Users/lordjef/Downloads/VAV_UPDATE_V12/VAV_CAPTIONS_ABRAXAS_VISION_PARITY_V12/payload/native/vav-vision-macos/BUILD.command
700	0.00	/Users/lordjef/Downloads/VAV_UPDATE_V12/VAV_CAPTIONS_ABRAXAS_VISION_PARITY_V12/payload/native/vav-vision-macos/README.md
132	0.00	/Users/lordjef/Downloads/VAV_UPDATE_V12/VAV_CAPTIONS_ABRAXAS_VISION_PARITY_V12/payload/packages/abraxas-import/package.json
135	0.00	/Users/lordjef/Downloads/VAV_UPDATE_V12/VAV_CAPTIONS_ABRAXAS_VISION_PARITY_V12/payload/packages/caption-hierarchy/package.json
198	0.00	/Users/lordjef/Downloads/VAV_UPDATE_V12/VAV_CAPTIONS_ABRAXAS_VISION_PARITY_V12/payload/packages/caption-motion/package.json
198	0.00	/Users/lordjef/Downloads/VAV_UPDATE_V12/VAV_CAPTIONS_ABRAXAS_VISION_PARITY_V12/payload/packages/caption-styles/package.json
668	0.00	/Users/lordjef/Downloads/VAV_UPDATE_V12/VAV_CAPTIONS_ABRAXAS_VISION_PARITY_V12/payload/packages/remotion-composition/package.json
9106	0.00	/Users/lordjef/Downloads/VAV_UPDATE_V12/VAV_CAPTIONS_ABRAXAS_VISION_PARITY_V12/payload/packages/remotion-composition/src/VavCaptionComposition.tsx
134	0.00	/Users/lordjef/Downloads/VAV_UPDATE_V12/VAV_CAPTIONS_ABRAXAS_VISION_PARITY_V12/payload/packages/vision-contracts/package.json
2063	0.00	/Users/lordjef/Downloads/VAV_UPDATE_V12/VAV_CAPTIONS_ABRAXAS_VISION_PARITY_V12/payload/README_VAV_PROGRESS.md
8670	0.00	/Users/lordjef/Downloads/VAV_UPDATE_V12/VAV_CAPTIONS_ABRAXAS_VISION_PARITY_V12/payload/scripts/providers/install-vision-providers-macos.command
684	0.00	/Users/lordjef/Downloads/VAV_UPDATE_V12/VAV_CAPTIONS_ABRAXAS_VISION_PARITY_V12/payload/services/local-engine/src/abraxas-registry.test.ts
4834	0.00	/Users/lordjef/Downloads/VAV_UPDATE_V12/VAV_CAPTIONS_ABRAXAS_VISION_PARITY_V12/payload/services/local-engine/src/abraxas-registry.ts
4884	0.00	/Users/lordjef/Downloads/VAV_UPDATE_V12/VAV_CAPTIONS_ABRAXAS_VISION_PARITY_V12/payload/services/local-engine/src/vision-capabilities.ts
1318	0.00	/Users/lordjef/Downloads/VAV_UPDATE_V12/VAV_CAPTIONS_ABRAXAS_VISION_PARITY_V12/payload/VAV_CONTINUITY_STATE.json
1115	0.00	/Users/lordjef/Downloads/VAV_UPDATE_V12/VAV_CAPTIONS_ABRAXAS_VISION_PARITY_V12/ROLLBACK.command
3661	0.00	/Users/lordjef/Downloads/VAV_UPDATE_V12/VAV_CAPTIONS_ABRAXAS_VISION_PARITY_V12/VAV_CAPTIONS_ANY_CHAT_PRO_MASTER_PROMPT_V12.txt
1673	0.00	/Users/lordjef/Downloads/VAV_UPDATE_V12/VAV_CAPTIONS_ABRAXAS_VISION_PARITY_V12/VAV_CURRENT_STATE_V12.txt
2036	0.00	/Users/lordjef/Downloads/VAV_V12_1_HOTFIX/VAV_CAPTIONS_V12_1_RENDER_PROVIDER_HOTFIX/00_LEEME_PRIMERO.txt
672	0.00	/Users/lordjef/Downloads/VAV_V12_1_HOTFIX/VAV_CAPTIONS_V12_1_RENDER_PROVIDER_HOTFIX/00_RUN_HOTFIX.command
912	0.00	/Users/lordjef/Downloads/VAV_V12_1_HOTFIX/VAV_CAPTIONS_V12_1_RENDER_PROVIDER_HOTFIX/01_APPLY.command
159	0.00	/Users/lordjef/Downloads/VAV_V12_1_HOTFIX/VAV_CAPTIONS_V12_1_RENDER_PROVIDER_HOTFIX/02_REPAIR_PROVIDERS.command
4469	0.00	/Users/lordjef/Downloads/VAV_V12_1_HOTFIX/VAV_CAPTIONS_V12_1_RENDER_PROVIDER_HOTFIX/03_VERIFY.command
712	0.00	/Users/lordjef/Downloads/VAV_V12_1_HOTFIX/VAV_CAPTIONS_V12_1_RENDER_PROVIDER_HOTFIX/04_REFRESH_CONTINUITY.command
444	0.00	/Users/lordjef/Downloads/VAV_V12_1_HOTFIX/VAV_CAPTIONS_V12_1_RENDER_PROVIDER_HOTFIX/MANIFEST.json
9576	0.00	/Users/lordjef/Downloads/VAV_V12_1_HOTFIX/VAV_CAPTIONS_V12_1_RENDER_PROVIDER_HOTFIX/payload/scripts/providers/install-vision-providers-macos.command
362	0.00	/Users/lordjef/Downloads/VAV_V12_1_HOTFIX/VAV_CAPTIONS_V12_1_RENDER_PROVIDER_HOTFIX/ROLLBACK.command
1298	0.00	/Users/lordjef/Downloads/VAV_V12_1_HOTFIX/VAV_CAPTIONS_V12_1_RENDER_PROVIDER_HOTFIX/SHA256SUMS.txt
10041	0.66	/Users/lordjef/Downloads/VAVCAPTIONS_ABRAXASOS_CONTINUITY_V9.zip
9097	0.66	/Users/lordjef/Downloads/VAVCAPTIONS_ABRAXASOS_ORGANIZER_V8.zip
1190	0.49	/Users/lordjef/Downloads/VAVCAPTIONS_CONTINUITY_V9/00_LEEME_PRIMERO.txt
11438	0.49	/Users/lordjef/Downloads/VAVCAPTIONS_CONTINUITY_V9/01_ORGANIZAR_TODO_VAVCAPTIONS_V9.command
1247	0.49	/Users/lordjef/Downloads/VAVCAPTIONS_CONTINUITY_V9/02_ESTRUCTURA_FINAL.txt
8862	0.49	/Users/lordjef/Downloads/VAVCAPTIONS_CONTINUITY_V9/VAV_CAPTIONS_ANY_CHAT_PRO_MASTER_PROMPT_V9.txt
945	0.50	/Users/lordjef/Downloads/VAVCAPTIONS_ORGANIZER_V8/00_LEEME_PRIMERO.txt
8577	0.50	/Users/lordjef/Downloads/VAVCAPTIONS_ORGANIZER_V8/01_ORGANIZAR_ABRAXASOS_VAVCAPTIONS.command
925	0.50	/Users/lordjef/Downloads/VAVCAPTIONS_ORGANIZER_V8/02_QUE_CREARA.txt
9116	0.50	/Users/lordjef/Downloads/VAVCAPTIONS_ORGANIZER_V8/VAV_CAPTIONS_ANY_CHAT_PRO_MASTER_PROMPT_V8_RENDER_PARITY.txt
5261	0.64	/Users/lordjef/Downloads/VAVCAPTIONS_PREPARAR_SUBIDA_LIGERA_V10.zip
66154344	0.05	/Users/lordjef/Downloads/VAVMOTIONS_OFFICIAL_REFERENCE_REPO_V1_2026-08-28.zip
13712	0.11	/Users/lordjef/Downloads/VAVMOTIONS_REFERENCE_SYSTEM_V1.zip
948	0.00	/Users/lordjef/Downloads/VAVMOTIONS_REFERENCE_SYSTEM_V1/00_README_VAVMOTIONS.txt
8990	0.00	/Users/lordjef/Downloads/VAVMOTIONS_REFERENCE_SYSTEM_V1/01_MOTION_FAMILY_REGISTRY.json
1183	0.00	/Users/lordjef/Downloads/VAVMOTIONS_REFERENCE_SYSTEM_V1/02_MOTION_CRITERIA_CURRENT.txt
969	0.00	/Users/lordjef/Downloads/VAVMOTIONS_REFERENCE_SYSTEM_V1/03_MOTION_PRIMITIVE_TAXONOMY.txt
897	0.00	/Users/lordjef/Downloads/VAVMOTIONS_REFERENCE_SYSTEM_V1/04_REMOTION_IMPLEMENTATION_GUIDE.txt
771	0.00	/Users/lordjef/Downloads/VAVMOTIONS_REFERENCE_SYSTEM_V1/05_SPATIAL_3D_MOTION_RULES.txt
832	0.00	/Users/lordjef/Downloads/VAVMOTIONS_REFERENCE_SYSTEM_V1/06_USAGE_BY_CONTENT_ROLE.txt
765	0.00	/Users/lordjef/Downloads/VAVMOTIONS_REFERENCE_SYSTEM_V1/07_DEPENDENCIES_AND_PROVIDERS.txt
1065	0.00	/Users/lordjef/Downloads/VAVMOTIONS_REFERENCE_SYSTEM_V1/08_IMPLEMENTATION_STATUS_MATRIX.txt
909	0.00	/Users/lordjef/Downloads/VAVMOTIONS_REFERENCE_SYSTEM_V1/09_VAVMOTIONS_ARCHITECTURE_ROADMAP.txt
8211	0.00	/Users/lordjef/Downloads/VAVMOTIONS_REFERENCE_SYSTEM_V1/10_VAVMOTIONS_REFERENCE_BOARD.html
913	0.00	/Users/lordjef/Downloads/VAVMOTIONS_REFERENCE_SYSTEM_V1/11_NEXT_CHAT_MASTER_PROMPT_VAVMOTIONS.txt
1743	0.00	/Users/lordjef/Downloads/VAVMOTIONS_REFERENCE_SYSTEM_V1/12_INSTALL_VAVMOTIONS_REFERENCE.command
653265	0.05	/Users/lordjef/Downloads/VAVMOTIONS_STANDALONE_ANY_CHAT_CORE_V1.zip
53742	14.61	/Users/lordjef/Downloads/VIDEO_CONTENT_AUTOMATION_PLAYBOOK_V8_MOTION_TREATMENT_V2_APPLE40M.zip
